ISO-10303-21;
HEADER;
/* Generated by software containing ST-Developer
 * from STEP Tools, Inc. (www.steptools.com) 
 */

FILE_DESCRIPTION(
/* description */ (''),
/* implementation_level */ '2;1');

FILE_NAME(
/* name */ 'Camera_Holder.step',
/* time_stamp */ '2026-05-16T18:23:00+02:00',
/* author */ (''),
/* organization */ (''),
/* preprocessor_version */ 'ST-DEVELOPER v20.1',
/* originating_system */ 'Autodesk Translation Framework v15.8.0.0',
/* authorisation */ '');

FILE_SCHEMA (('AUTOMOTIVE_DESIGN { 1 0 10303 214 3 1 1 }'));
ENDSEC;

DATA;
#10=MECHANICAL_DESIGN_GEOMETRIC_PRESENTATION_REPRESENTATION('',(#13),#2593);
#11=SHAPE_REPRESENTATION_RELATIONSHIP('SRR','None',#2600,#12);
#12=ADVANCED_BREP_SHAPE_REPRESENTATION('',(#14),#2592);
#13=STYLED_ITEM('',(#2609),#14);
#14=MANIFOLD_SOLID_BREP('Body1',#1486);
#15=B_SPLINE_CURVE_WITH_KNOTS('',3,(#2289,#2290,#2291,#2292,#2293,#2294,
#2295,#2296,#2297,#2298,#2299,#2300,#2301,#2302,#2303,#2304,#2305,#2306),
 .UNSPECIFIED.,.F.,.F.,(4,2,2,2,2,2,2,2,4),(11.036141902544,11.0685363975062,
11.4085418490648,11.7485473006233,12.1191737847401,12.4898002688568,12.9039947954227,
13.3181893219886,13.5967266843062),.UNSPECIFIED.);
#16=B_SPLINE_CURVE_WITH_KNOTS('',3,(#2310,#2311,#2312,#2313,#2314,#2315,
#2316,#2317),.UNSPECIFIED.,.F.,.F.,(4,2,2,4),(0.,1.01756059365514,2.03512118731027,
2.07114368383525),.UNSPECIFIED.);
#17=B_SPLINE_CURVE_WITH_KNOTS('',3,(#2320,#2321,#2322,#2323,#2324,#2325,
#2326,#2327,#2328,#2329),.UNSPECIFIED.,.F.,.F.,(4,2,2,2,4),(2.64171132212614,
2.91986878789079,3.19802625365545,3.53807441324772,3.87812257283998),
 .UNSPECIFIED.);
#18=B_SPLINE_CURVE_WITH_KNOTS('',3,(#2338,#2339,#2340,#2341,#2342,#2343,
#2344,#2345),.UNSPECIFIED.,.F.,.F.,(4,2,2,4),(22.39206108246,22.395533047503,
23.4130936194994,24.4306541914958),.UNSPECIFIED.);
#19=B_SPLINE_CURVE_WITH_KNOTS('',3,(#2353,#2354,#2355,#2356,#2357,#2358,
#2359,#2360,#2361,#2362,#2363,#2364,#2365,#2366,#2367,#2368,#2369,#2370),
 .UNSPECIFIED.,.F.,.F.,(4,2,2,2,2,2,2,2,4),(1.61247427885326,1.82232086912727,
2.23757513624013,2.65282940335299,3.02456521197345,3.39630102059392,3.73761043341156,
4.0789198462292,4.0991680063001),.UNSPECIFIED.);
#20=B_SPLINE_CURVE_WITH_KNOTS('',3,(#2408,#2409,#2410,#2411,#2412,#2413,
#2414,#2415),.UNSPECIFIED.,.F.,.F.,(4,2,2,4),(22.3595106494212,22.3955330301098,
23.4130935992897,24.4306541684695),.UNSPECIFIED.);
#21=B_SPLINE_CURVE_WITH_KNOTS('',3,(#2418,#2419,#2420,#2421,#2422,#2423,
#2424,#2425,#2426,#2427,#2428,#2429,#2430,#2431,#2432,#2433,#2434,#2435),
 .UNSPECIFIED.,.F.,.F.,(4,2,2,2,2,2,2,2,4),(1.54168066033308,1.82021802265068,
2.23441254921661,2.64860707578254,3.01923355989927,3.389860044016,3.72986549557455,
4.06987094713309,4.10226544209528),.UNSPECIFIED.);
#22=B_SPLINE_CURVE_WITH_KNOTS('',3,(#2438,#2439,#2440,#2441,#2442,#2443,
#2444,#2445,#2446,#2447),.UNSPECIFIED.,.F.,.F.,(4,2,2,2,4),(1.40530007141229,
1.74534823100456,2.08539639059682,2.36355385636148,2.64171132212614),
 .UNSPECIFIED.);
#23=B_SPLINE_CURVE_WITH_KNOTS('',3,(#2451,#2452,#2453,#2454,#2455,#2456,
#2457,#2458,#2459,#2460),.UNSPECIFIED.,.F.,.F.,(4,2,2,2,4),(0.,0.278278334689819,
0.556556669379639,0.894859683319862,1.23316269726009),.UNSPECIFIED.);
#24=B_SPLINE_CURVE_WITH_KNOTS('',3,(#2466,#2467,#2468,#2469,#2470,#2471,
#2472,#2473,#2474,#2475,#2476,#2477,#2478,#2479,#2480,#2481,#2482,#2483),
 .UNSPECIFIED.,.F.,.F.,(4,2,2,2,2,2,2,2,4),(11.1039258242973,11.1241739843682,
11.4654833971859,11.8067928100035,12.178528618624,12.5502644272444,12.9655186943573,
13.3807729614702,13.5906195517442),.UNSPECIFIED.);
#25=B_SPLINE_CURVE_WITH_KNOTS('',3,(#2487,#2488,#2489,#2490,#2491,#2492,
#2493,#2494),.UNSPECIFIED.,.F.,.F.,(4,2,2,4),(0.,1.01756056917983,2.03512113835966,
2.03859310344367),.UNSPECIFIED.);
#26=B_SPLINE_CURVE_WITH_KNOTS('',3,(#2522,#2523,#2524,#2525,#2526,#2527,
#2528,#2529,#2530,#2531),.UNSPECIFIED.,.F.,.F.,(4,2,2,2,4),(-1.23316269726009,
-0.894859683319863,-0.556556669379639,-0.27827833468982,0.),
 .UNSPECIFIED.);
#27=CYLINDRICAL_SURFACE('',#1540,30.);
#28=CYLINDRICAL_SURFACE('',#1553,23.55);
#29=CYLINDRICAL_SURFACE('',#1558,23.55);
#30=CYLINDRICAL_SURFACE('',#1562,35.);
#31=CYLINDRICAL_SURFACE('',#1564,45.0000004470348);
#32=CYLINDRICAL_SURFACE('',#1568,20.);
#33=CYLINDRICAL_SURFACE('',#1585,35.);
#34=CYLINDRICAL_SURFACE('',#1586,7.5);
#35=CYLINDRICAL_SURFACE('',#1587,30.);
#36=CYLINDRICAL_SURFACE('',#1588,35.);
#37=CYLINDRICAL_SURFACE('',#1596,45.);
#38=CYLINDRICAL_SURFACE('',#1600,35.);
#39=CYLINDRICAL_SURFACE('',#1601,30.);
#40=CYLINDRICAL_SURFACE('',#1603,30.);
#41=CYLINDRICAL_SURFACE('',#1608,2.117);
#42=CYLINDRICAL_SURFACE('',#1610,2.117);
#43=CYLINDRICAL_SURFACE('',#1612,2.117);
#44=CYLINDRICAL_SURFACE('',#1614,2.117);
#45=CYLINDRICAL_SURFACE('',#1616,20.);
#46=CYLINDRICAL_SURFACE('',#1619,20.);
#47=CYLINDRICAL_SURFACE('',#1621,15.);
#48=CYLINDRICAL_SURFACE('',#1622,7.5);
#49=CYLINDRICAL_SURFACE('',#1623,1.2645);
#50=CYLINDRICAL_SURFACE('',#1624,1.2645);
#51=CYLINDRICAL_SURFACE('',#1625,1.2645);
#52=CYLINDRICAL_SURFACE('',#1626,1.2645);
#53=CYLINDRICAL_SURFACE('',#1627,1.2645);
#54=CYLINDRICAL_SURFACE('',#1628,1.2645);
#55=CYLINDRICAL_SURFACE('',#1629,1.2645);
#56=CYLINDRICAL_SURFACE('',#1630,1.2645);
#57=FACE_BOUND('',#230,.T.);
#58=FACE_BOUND('',#231,.T.);
#59=FACE_BOUND('',#232,.T.);
#60=FACE_BOUND('',#233,.T.);
#61=FACE_BOUND('',#234,.T.);
#62=FACE_BOUND('',#246,.T.);
#63=FACE_BOUND('',#247,.T.);
#64=FACE_BOUND('',#248,.T.);
#65=FACE_BOUND('',#249,.T.);
#66=FACE_BOUND('',#250,.T.);
#67=FACE_BOUND('',#262,.T.);
#68=FACE_BOUND('',#269,.T.);
#69=FACE_BOUND('',#275,.T.);
#70=FACE_BOUND('',#276,.T.);
#71=FACE_BOUND('',#277,.T.);
#72=FACE_BOUND('',#278,.T.);
#73=FACE_BOUND('',#279,.T.);
#74=FACE_BOUND('',#280,.T.);
#75=FACE_BOUND('',#281,.T.);
#76=FACE_BOUND('',#282,.T.);
#77=FACE_BOUND('',#283,.T.);
#78=FACE_BOUND('',#284,.T.);
#79=FACE_BOUND('',#290,.T.);
#80=FACE_BOUND('',#291,.T.);
#81=FACE_BOUND('',#292,.T.);
#82=FACE_BOUND('',#293,.T.);
#83=FACE_BOUND('',#294,.T.);
#84=FACE_BOUND('',#310,.T.);
#85=FACE_BOUND('',#311,.T.);
#86=FACE_BOUND('',#312,.T.);
#87=FACE_BOUND('',#313,.T.);
#88=FACE_BOUND('',#314,.T.);
#89=FACE_BOUND('',#327,.T.);
#90=CIRCLE('',#1508,30.);
#91=CIRCLE('',#1509,1.2645);
#92=CIRCLE('',#1510,1.2645);
#93=CIRCLE('',#1511,1.2645);
#94=CIRCLE('',#1512,1.2645);
#95=CIRCLE('',#1516,30.);
#96=CIRCLE('',#1517,35.);
#97=CIRCLE('',#1518,35.);
#98=CIRCLE('',#1519,30.);
#99=CIRCLE('',#1520,30.);
#100=CIRCLE('',#1521,35.);
#101=CIRCLE('',#1522,35.);
#102=CIRCLE('',#1523,30.);
#103=CIRCLE('',#1532,30.);
#104=CIRCLE('',#1533,35.);
#105=CIRCLE('',#1534,1.2645);
#106=CIRCLE('',#1535,1.2645);
#107=CIRCLE('',#1536,1.2645);
#108=CIRCLE('',#1537,1.2645);
#109=CIRCLE('',#1541,30.);
#110=CIRCLE('',#1550,23.55);
#111=CIRCLE('',#1551,23.55);
#112=CIRCLE('',#1552,20.);
#113=CIRCLE('',#1554,23.55);
#114=CIRCLE('',#1559,23.55);
#115=CIRCLE('',#1561,45.0000004470348);
#116=CIRCLE('',#1563,35.);
#117=CIRCLE('',#1565,45.0000004470348);
#118=CIRCLE('',#1567,20.);
#119=CIRCLE('',#1569,20.);
#120=CIRCLE('',#1571,30.);
#121=CIRCLE('',#1572,30.);
#122=CIRCLE('',#1573,35.);
#123=CIRCLE('',#1574,35.);
#124=CIRCLE('',#1575,30.);
#125=CIRCLE('',#1576,35.);
#126=CIRCLE('',#1577,1.2645);
#127=CIRCLE('',#1578,1.2645);
#128=CIRCLE('',#1579,1.2645);
#129=CIRCLE('',#1580,1.2645);
#130=CIRCLE('',#1581,1.2645);
#131=CIRCLE('',#1582,1.2645);
#132=CIRCLE('',#1583,1.2645);
#133=CIRCLE('',#1584,1.2645);
#134=CIRCLE('',#1590,45.);
#135=CIRCLE('',#1591,15.);
#136=CIRCLE('',#1592,2.117);
#137=CIRCLE('',#1593,2.117);
#138=CIRCLE('',#1594,2.117);
#139=CIRCLE('',#1595,2.117);
#140=CIRCLE('',#1597,45.);
#141=CIRCLE('',#1599,20.);
#142=CIRCLE('',#1606,20.);
#143=CIRCLE('',#1609,2.117);
#144=CIRCLE('',#1611,2.117);
#145=CIRCLE('',#1613,2.117);
#146=CIRCLE('',#1615,2.117);
#147=CIRCLE('',#1618,15.);
#148=CIRCLE('',#1620,20.);
#149=FACE_OUTER_BOUND('',#222,.T.);
#150=FACE_OUTER_BOUND('',#223,.T.);
#151=FACE_OUTER_BOUND('',#224,.T.);
#152=FACE_OUTER_BOUND('',#225,.T.);
#153=FACE_OUTER_BOUND('',#226,.T.);
#154=FACE_OUTER_BOUND('',#227,.T.);
#155=FACE_OUTER_BOUND('',#228,.T.);
#156=FACE_OUTER_BOUND('',#229,.T.);
#157=FACE_OUTER_BOUND('',#235,.T.);
#158=FACE_OUTER_BOUND('',#236,.T.);
#159=FACE_OUTER_BOUND('',#237,.T.);
#160=FACE_OUTER_BOUND('',#238,.T.);
#161=FACE_OUTER_BOUND('',#239,.T.);
#162=FACE_OUTER_BOUND('',#240,.T.);
#163=FACE_OUTER_BOUND('',#241,.T.);
#164=FACE_OUTER_BOUND('',#242,.T.);
#165=FACE_OUTER_BOUND('',#243,.T.);
#166=FACE_OUTER_BOUND('',#244,.T.);
#167=FACE_OUTER_BOUND('',#245,.T.);
#168=FACE_OUTER_BOUND('',#251,.T.);
#169=FACE_OUTER_BOUND('',#252,.T.);
#170=FACE_OUTER_BOUND('',#253,.T.);
#171=FACE_OUTER_BOUND('',#254,.T.);
#172=FACE_OUTER_BOUND('',#255,.T.);
#173=FACE_OUTER_BOUND('',#256,.T.);
#174=FACE_OUTER_BOUND('',#257,.T.);
#175=FACE_OUTER_BOUND('',#258,.T.);
#176=FACE_OUTER_BOUND('',#259,.T.);
#177=FACE_OUTER_BOUND('',#260,.T.);
#178=FACE_OUTER_BOUND('',#261,.T.);
#179=FACE_OUTER_BOUND('',#263,.T.);
#180=FACE_OUTER_BOUND('',#264,.T.);
#181=FACE_OUTER_BOUND('',#265,.T.);
#182=FACE_OUTER_BOUND('',#266,.T.);
#183=FACE_OUTER_BOUND('',#267,.T.);
#184=FACE_OUTER_BOUND('',#268,.T.);
#185=FACE_OUTER_BOUND('',#270,.T.);
#186=FACE_OUTER_BOUND('',#271,.T.);
#187=FACE_OUTER_BOUND('',#272,.T.);
#188=FACE_OUTER_BOUND('',#273,.T.);
#189=FACE_OUTER_BOUND('',#274,.T.);
#190=FACE_OUTER_BOUND('',#285,.T.);
#191=FACE_OUTER_BOUND('',#286,.T.);
#192=FACE_OUTER_BOUND('',#287,.T.);
#193=FACE_OUTER_BOUND('',#288,.T.);
#194=FACE_OUTER_BOUND('',#289,.T.);
#195=FACE_OUTER_BOUND('',#295,.T.);
#196=FACE_OUTER_BOUND('',#296,.T.);
#197=FACE_OUTER_BOUND('',#297,.T.);
#198=FACE_OUTER_BOUND('',#298,.T.);
#199=FACE_OUTER_BOUND('',#299,.T.);
#200=FACE_OUTER_BOUND('',#300,.T.);
#201=FACE_OUTER_BOUND('',#301,.T.);
#202=FACE_OUTER_BOUND('',#302,.T.);
#203=FACE_OUTER_BOUND('',#303,.T.);
#204=FACE_OUTER_BOUND('',#304,.T.);
#205=FACE_OUTER_BOUND('',#305,.T.);
#206=FACE_OUTER_BOUND('',#306,.T.);
#207=FACE_OUTER_BOUND('',#307,.T.);
#208=FACE_OUTER_BOUND('',#308,.T.);
#209=FACE_OUTER_BOUND('',#309,.T.);
#210=FACE_OUTER_BOUND('',#315,.T.);
#211=FACE_OUTER_BOUND('',#316,.T.);
#212=FACE_OUTER_BOUND('',#317,.T.);
#213=FACE_OUTER_BOUND('',#318,.T.);
#214=FACE_OUTER_BOUND('',#319,.T.);
#215=FACE_OUTER_BOUND('',#320,.T.);
#216=FACE_OUTER_BOUND('',#321,.T.);
#217=FACE_OUTER_BOUND('',#322,.T.);
#218=FACE_OUTER_BOUND('',#323,.T.);
#219=FACE_OUTER_BOUND('',#324,.T.);
#220=FACE_OUTER_BOUND('',#325,.T.);
#221=FACE_OUTER_BOUND('',#326,.T.);
#222=EDGE_LOOP('',(#952,#953,#954,#955));
#223=EDGE_LOOP('',(#956,#957,#958,#959));
#224=EDGE_LOOP('',(#960,#961,#962,#963));
#225=EDGE_LOOP('',(#964,#965,#966,#967));
#226=EDGE_LOOP('',(#968,#969,#970,#971));
#227=EDGE_LOOP('',(#972,#973,#974,#975));
#228=EDGE_LOOP('',(#976,#977,#978,#979));
#229=EDGE_LOOP('',(#980,#981,#982,#983,#984,#985,#986,#987));
#230=EDGE_LOOP('',(#988));
#231=EDGE_LOOP('',(#989));
#232=EDGE_LOOP('',(#990,#991,#992,#993));
#233=EDGE_LOOP('',(#994));
#234=EDGE_LOOP('',(#995));
#235=EDGE_LOOP('',(#996,#997,#998,#999));
#236=EDGE_LOOP('',(#1000,#1001,#1002,#1003));
#237=EDGE_LOOP('',(#1004,#1005,#1006,#1007,#1008,#1009,#1010,#1011,#1012,
#1013,#1014,#1015,#1016,#1017,#1018,#1019,#1020,#1021,#1022,#1023,#1024,
#1025,#1026,#1027,#1028,#1029));
#238=EDGE_LOOP('',(#1030,#1031,#1032,#1033));
#239=EDGE_LOOP('',(#1034,#1035,#1036,#1037));
#240=EDGE_LOOP('',(#1038,#1039,#1040,#1041));
#241=EDGE_LOOP('',(#1042,#1043,#1044,#1045));
#242=EDGE_LOOP('',(#1046,#1047,#1048,#1049));
#243=EDGE_LOOP('',(#1050,#1051,#1052,#1053));
#244=EDGE_LOOP('',(#1054,#1055,#1056,#1057));
#245=EDGE_LOOP('',(#1058,#1059,#1060,#1061,#1062,#1063,#1064,#1065,#1066));
#246=EDGE_LOOP('',(#1067));
#247=EDGE_LOOP('',(#1068,#1069,#1070,#1071));
#248=EDGE_LOOP('',(#1072));
#249=EDGE_LOOP('',(#1073));
#250=EDGE_LOOP('',(#1074));
#251=EDGE_LOOP('',(#1075,#1076,#1077,#1078));
#252=EDGE_LOOP('',(#1079,#1080,#1081,#1082));
#253=EDGE_LOOP('',(#1083,#1084,#1085,#1086,#1087,#1088));
#254=EDGE_LOOP('',(#1089,#1090,#1091,#1092));
#255=EDGE_LOOP('',(#1093,#1094,#1095,#1096));
#256=EDGE_LOOP('',(#1097,#1098,#1099,#1100));
#257=EDGE_LOOP('',(#1101,#1102,#1103,#1104));
#258=EDGE_LOOP('',(#1105,#1106,#1107,#1108));
#259=EDGE_LOOP('',(#1109,#1110,#1111,#1112));
#260=EDGE_LOOP('',(#1113,#1114,#1115,#1116));
#261=EDGE_LOOP('',(#1117,#1118,#1119,#1120,#1121,#1122,#1123,#1124));
#262=EDGE_LOOP('',(#1125));
#263=EDGE_LOOP('',(#1126,#1127,#1128,#1129));
#264=EDGE_LOOP('',(#1130,#1131,#1132,#1133));
#265=EDGE_LOOP('',(#1134,#1135,#1136,#1137));
#266=EDGE_LOOP('',(#1138,#1139,#1140,#1141));
#267=EDGE_LOOP('',(#1142,#1143,#1144,#1145));
#268=EDGE_LOOP('',(#1146,#1147,#1148,#1149));
#269=EDGE_LOOP('',(#1150,#1151,#1152,#1153,#1154,#1155,#1156,#1157));
#270=EDGE_LOOP('',(#1158,#1159,#1160,#1161,#1162,#1163,#1164,#1165));
#271=EDGE_LOOP('',(#1166,#1167,#1168,#1169,#1170,#1171));
#272=EDGE_LOOP('',(#1172,#1173,#1174,#1175));
#273=EDGE_LOOP('',(#1176,#1177,#1178,#1179,#1180,#1181));
#274=EDGE_LOOP('',(#1182,#1183,#1184,#1185,#1186,#1187,#1188,#1189,#1190,
#1191,#1192,#1193));
#275=EDGE_LOOP('',(#1194));
#276=EDGE_LOOP('',(#1195));
#277=EDGE_LOOP('',(#1196));
#278=EDGE_LOOP('',(#1197));
#279=EDGE_LOOP('',(#1198));
#280=EDGE_LOOP('',(#1199));
#281=EDGE_LOOP('',(#1200));
#282=EDGE_LOOP('',(#1201));
#283=EDGE_LOOP('',(#1202,#1203,#1204,#1205));
#284=EDGE_LOOP('',(#1206,#1207,#1208,#1209));
#285=EDGE_LOOP('',(#1210,#1211,#1212,#1213,#1214,#1215,#1216,#1217));
#286=EDGE_LOOP('',(#1218,#1219,#1220,#1221));
#287=EDGE_LOOP('',(#1222,#1223,#1224,#1225));
#288=EDGE_LOOP('',(#1226,#1227,#1228,#1229,#1230,#1231,#1232,#1233,#1234,
#1235));
#289=EDGE_LOOP('',(#1236,#1237,#1238,#1239));
#290=EDGE_LOOP('',(#1240));
#291=EDGE_LOOP('',(#1241));
#292=EDGE_LOOP('',(#1242));
#293=EDGE_LOOP('',(#1243));
#294=EDGE_LOOP('',(#1244));
#295=EDGE_LOOP('',(#1245,#1246,#1247,#1248,#1249,#1250));
#296=EDGE_LOOP('',(#1251,#1252,#1253,#1254));
#297=EDGE_LOOP('',(#1255,#1256,#1257,#1258,#1259,#1260,#1261,#1262));
#298=EDGE_LOOP('',(#1263,#1264,#1265,#1266,#1267,#1268));
#299=EDGE_LOOP('',(#1269,#1270,#1271,#1272));
#300=EDGE_LOOP('',(#1273,#1274,#1275,#1276));
#301=EDGE_LOOP('',(#1277,#1278,#1279,#1280));
#302=EDGE_LOOP('',(#1281,#1282,#1283,#1284));
#303=EDGE_LOOP('',(#1285,#1286,#1287,#1288,#1289));
#304=EDGE_LOOP('',(#1290,#1291,#1292,#1293));
#305=EDGE_LOOP('',(#1294,#1295,#1296,#1297));
#306=EDGE_LOOP('',(#1298,#1299,#1300,#1301));
#307=EDGE_LOOP('',(#1302,#1303,#1304,#1305));
#308=EDGE_LOOP('',(#1306,#1307,#1308,#1309,#1310,#1311));
#309=EDGE_LOOP('',(#1312,#1313,#1314,#1315));
#310=EDGE_LOOP('',(#1316));
#311=EDGE_LOOP('',(#1317));
#312=EDGE_LOOP('',(#1318));
#313=EDGE_LOOP('',(#1319));
#314=EDGE_LOOP('',(#1320));
#315=EDGE_LOOP('',(#1321,#1322,#1323,#1324));
#316=EDGE_LOOP('',(#1325,#1326,#1327,#1328));
#317=EDGE_LOOP('',(#1329,#1330,#1331,#1332));
#318=EDGE_LOOP('',(#1333,#1334,#1335,#1336));
#319=EDGE_LOOP('',(#1337,#1338,#1339,#1340));
#320=EDGE_LOOP('',(#1341,#1342,#1343,#1344));
#321=EDGE_LOOP('',(#1345,#1346,#1347,#1348));
#322=EDGE_LOOP('',(#1349,#1350,#1351,#1352));
#323=EDGE_LOOP('',(#1353,#1354,#1355,#1356));
#324=EDGE_LOOP('',(#1357,#1358,#1359,#1360));
#325=EDGE_LOOP('',(#1361,#1362,#1363,#1364));
#326=EDGE_LOOP('',(#1365,#1366,#1367,#1368));
#327=EDGE_LOOP('',(#1369));
#328=LINE('',#2040,#466);
#329=LINE('',#2042,#467);
#330=LINE('',#2044,#468);
#331=LINE('',#2045,#469);
#332=LINE('',#2048,#470);
#333=LINE('',#2050,#471);
#334=LINE('',#2051,#472);
#335=LINE('',#2054,#473);
#336=LINE('',#2056,#474);
#337=LINE('',#2057,#475);
#338=LINE('',#2060,#476);
#339=LINE('',#2062,#477);
#340=LINE('',#2063,#478);
#341=LINE('',#2066,#479);
#342=LINE('',#2068,#480);
#343=LINE('',#2069,#481);
#344=LINE('',#2073,#482);
#345=LINE('',#2075,#483);
#346=LINE('',#2077,#484);
#347=LINE('',#2078,#485);
#348=LINE('',#2080,#486);
#349=LINE('',#2081,#487);
#350=LINE('',#2090,#488);
#351=LINE('',#2092,#489);
#352=LINE('',#2094,#490);
#353=LINE('',#2095,#491);
#354=LINE('',#2102,#492);
#355=LINE('',#2104,#493);
#356=LINE('',#2105,#494);
#357=LINE('',#2108,#495);
#358=LINE('',#2109,#496);
#359=LINE('',#2112,#497);
#360=LINE('',#2116,#498);
#361=LINE('',#2118,#499);
#362=LINE('',#2120,#500);
#363=LINE('',#2122,#501);
#364=LINE('',#2124,#502);
#365=LINE('',#2126,#503);
#366=LINE('',#2128,#504);
#367=LINE('',#2132,#505);
#368=LINE('',#2138,#506);
#369=LINE('',#2144,#507);
#370=LINE('',#2150,#508);
#371=LINE('',#2152,#509);
#372=LINE('',#2153,#510);
#373=LINE('',#2156,#511);
#374=LINE('',#2158,#512);
#375=LINE('',#2159,#513);
#376=LINE('',#2162,#514);
#377=LINE('',#2163,#515);
#378=LINE('',#2166,#516);
#379=LINE('',#2167,#517);
#380=LINE('',#2169,#518);
#381=LINE('',#2172,#519);
#382=LINE('',#2174,#520);
#383=LINE('',#2175,#521);
#384=LINE('',#2177,#522);
#385=LINE('',#2186,#523);
#386=LINE('',#2188,#524);
#387=LINE('',#2190,#525);
#388=LINE('',#2191,#526);
#389=LINE('',#2200,#527);
#390=LINE('',#2202,#528);
#391=LINE('',#2203,#529);
#392=LINE('',#2206,#530);
#393=LINE('',#2207,#531);
#394=LINE('',#2210,#532);
#395=LINE('',#2213,#533);
#396=LINE('',#2216,#534);
#397=LINE('',#2217,#535);
#398=LINE('',#2219,#536);
#399=LINE('',#2222,#537);
#400=LINE('',#2223,#538);
#401=LINE('',#2225,#539);
#402=LINE('',#2229,#540);
#403=LINE('',#2231,#541);
#404=LINE('',#2233,#542);
#405=LINE('',#2234,#543);
#406=LINE('',#2237,#544);
#407=LINE('',#2239,#545);
#408=LINE('',#2240,#546);
#409=LINE('',#2244,#547);
#410=LINE('',#2245,#548);
#411=LINE('',#2246,#549);
#412=LINE('',#2251,#550);
#413=LINE('',#2253,#551);
#414=LINE('',#2255,#552);
#415=LINE('',#2262,#553);
#416=LINE('',#2265,#554);
#417=LINE('',#2267,#555);
#418=LINE('',#2268,#556);
#419=LINE('',#2271,#557);
#420=LINE('',#2272,#558);
#421=LINE('',#2274,#559);
#422=LINE('',#2280,#560);
#423=LINE('',#2282,#561);
#424=LINE('',#2285,#562);
#425=LINE('',#2308,#563);
#426=LINE('',#2319,#564);
#427=LINE('',#2331,#565);
#428=LINE('',#2334,#566);
#429=LINE('',#2336,#567);
#430=LINE('',#2351,#568);
#431=LINE('',#2376,#569);
#432=LINE('',#2382,#570);
#433=LINE('',#2385,#571);
#434=LINE('',#2417,#572);
#435=LINE('',#2436,#573);
#436=LINE('',#2448,#574);
#437=LINE('',#2461,#575);
#438=LINE('',#2463,#576);
#439=LINE('',#2485,#577);
#440=LINE('',#2495,#578);
#441=LINE('',#2510,#579);
#442=LINE('',#2513,#580);
#443=LINE('',#2517,#581);
#444=LINE('',#2519,#582);
#445=LINE('',#2520,#583);
#446=LINE('',#2532,#584);
#447=LINE('',#2534,#585);
#448=LINE('',#2537,#586);
#449=LINE('',#2541,#587);
#450=LINE('',#2547,#588);
#451=LINE('',#2551,#589);
#452=LINE('',#2555,#590);
#453=LINE('',#2559,#591);
#454=LINE('',#2561,#592);
#455=LINE('',#2568,#593);
#456=LINE('',#2570,#594);
#457=LINE('',#2572,#595);
#458=LINE('',#2574,#596);
#459=LINE('',#2576,#597);
#460=LINE('',#2578,#598);
#461=LINE('',#2580,#599);
#462=LINE('',#2582,#600);
#463=LINE('',#2584,#601);
#464=LINE('',#2586,#602);
#465=LINE('',#2588,#603);
#466=VECTOR('',#1636,10.);
#467=VECTOR('',#1637,10.);
#468=VECTOR('',#1638,10.);
#469=VECTOR('',#1639,10.);
#470=VECTOR('',#1642,10.);
#471=VECTOR('',#1643,10.);
#472=VECTOR('',#1644,10.);
#473=VECTOR('',#1647,10.);
#474=VECTOR('',#1648,10.);
#475=VECTOR('',#1649,10.);
#476=VECTOR('',#1652,10.);
#477=VECTOR('',#1653,10.);
#478=VECTOR('',#1654,10.);
#479=VECTOR('',#1657,10.);
#480=VECTOR('',#1658,10.);
#481=VECTOR('',#1659,10.);
#482=VECTOR('',#1662,10.);
#483=VECTOR('',#1663,10.);
#484=VECTOR('',#1664,10.);
#485=VECTOR('',#1665,30.);
#486=VECTOR('',#1668,10.);
#487=VECTOR('',#1669,10.);
#488=VECTOR('',#1678,10.);
#489=VECTOR('',#1679,10.);
#490=VECTOR('',#1680,10.);
#491=VECTOR('',#1681,10.);
#492=VECTOR('',#1688,10.);
#493=VECTOR('',#1689,10.);
#494=VECTOR('',#1690,10.);
#495=VECTOR('',#1693,10.);
#496=VECTOR('',#1694,10.);
#497=VECTOR('',#1697,10.);
#498=VECTOR('',#1700,10.);
#499=VECTOR('',#1701,10.);
#500=VECTOR('',#1702,10.);
#501=VECTOR('',#1703,10.);
#502=VECTOR('',#1704,10.);
#503=VECTOR('',#1705,10.);
#504=VECTOR('',#1706,10.);
#505=VECTOR('',#1709,10.);
#506=VECTOR('',#1714,10.);
#507=VECTOR('',#1719,10.);
#508=VECTOR('',#1726,10.);
#509=VECTOR('',#1727,10.);
#510=VECTOR('',#1728,10.);
#511=VECTOR('',#1731,10.);
#512=VECTOR('',#1732,10.);
#513=VECTOR('',#1733,10.);
#514=VECTOR('',#1736,10.);
#515=VECTOR('',#1737,10.);
#516=VECTOR('',#1740,10.);
#517=VECTOR('',#1741,10.);
#518=VECTOR('',#1744,10.);
#519=VECTOR('',#1747,10.);
#520=VECTOR('',#1748,10.);
#521=VECTOR('',#1749,10.);
#522=VECTOR('',#1752,10.);
#523=VECTOR('',#1761,10.);
#524=VECTOR('',#1762,10.);
#525=VECTOR('',#1763,10.);
#526=VECTOR('',#1764,10.);
#527=VECTOR('',#1773,10.);
#528=VECTOR('',#1774,10.);
#529=VECTOR('',#1775,10.);
#530=VECTOR('',#1778,10.);
#531=VECTOR('',#1779,10.);
#532=VECTOR('',#1782,30.);
#533=VECTOR('',#1785,10.);
#534=VECTOR('',#1788,10.);
#535=VECTOR('',#1789,10.);
#536=VECTOR('',#1792,10.);
#537=VECTOR('',#1795,10.);
#538=VECTOR('',#1796,10.);
#539=VECTOR('',#1799,10.);
#540=VECTOR('',#1802,10.);
#541=VECTOR('',#1803,10.);
#542=VECTOR('',#1804,10.);
#543=VECTOR('',#1805,10.);
#544=VECTOR('',#1808,10.);
#545=VECTOR('',#1809,10.);
#546=VECTOR('',#1810,10.);
#547=VECTOR('',#1813,10.);
#548=VECTOR('',#1814,10.);
#549=VECTOR('',#1815,10.);
#550=VECTOR('',#1820,10.);
#551=VECTOR('',#1821,10.);
#552=VECTOR('',#1822,10.);
#553=VECTOR('',#1831,10.);
#554=VECTOR('',#1834,10.);
#555=VECTOR('',#1835,10.);
#556=VECTOR('',#1836,10.);
#557=VECTOR('',#1839,10.);
#558=VECTOR('',#1840,10.);
#559=VECTOR('',#1843,10.);
#560=VECTOR('',#1850,10.);
#561=VECTOR('',#1851,10.);
#562=VECTOR('',#1854,10.);
#563=VECTOR('',#1857,10.);
#564=VECTOR('',#1858,10.);
#565=VECTOR('',#1859,10.);
#566=VECTOR('',#1864,10.);
#567=VECTOR('',#1865,10.);
#568=VECTOR('',#1874,10.);
#569=VECTOR('',#1881,10.);
#570=VECTOR('',#1886,10.);
#571=VECTOR('',#1889,10.);
#572=VECTOR('',#1912,10.);
#573=VECTOR('',#1913,10.);
#574=VECTOR('',#1914,10.);
#575=VECTOR('',#1917,10.);
#576=VECTOR('',#1920,30.);
#577=VECTOR('',#1923,10.);
#578=VECTOR('',#1924,10.);
#579=VECTOR('',#1941,10.);
#580=VECTOR('',#1944,10.);
#581=VECTOR('',#1949,10.);
#582=VECTOR('',#1952,10.);
#583=VECTOR('',#1953,10.);
#584=VECTOR('',#1954,10.);
#585=VECTOR('',#1957,30.);
#586=VECTOR('',#1962,30.);
#587=VECTOR('',#1967,10.);
#588=VECTOR('',#1976,2.117);
#589=VECTOR('',#1981,2.117);
#590=VECTOR('',#1986,2.117);
#591=VECTOR('',#1991,2.117);
#592=VECTOR('',#1994,10.);
#593=VECTOR('',#2003,20.);
#594=VECTOR('',#2006,15.);
#595=VECTOR('',#2009,10.);
#596=VECTOR('',#2012,1.2645);
#597=VECTOR('',#2015,1.2645);
#598=VECTOR('',#2018,1.2645);
#599=VECTOR('',#2021,1.2645);
#600=VECTOR('',#2024,1.2645);
#601=VECTOR('',#2027,1.2645);
#602=VECTOR('',#2030,1.2645);
#603=VECTOR('',#2033,1.2645);
#604=VERTEX_POINT('',#2038);
#605=VERTEX_POINT('',#2039);
#606=VERTEX_POINT('',#2041);
#607=VERTEX_POINT('',#2043);
#608=VERTEX_POINT('',#2047);
#609=VERTEX_POINT('',#2049);
#610=VERTEX_POINT('',#2053);
#611=VERTEX_POINT('',#2055);
#612=VERTEX_POINT('',#2059);
#613=VERTEX_POINT('',#2061);
#614=VERTEX_POINT('',#2065);
#615=VERTEX_POINT('',#2067);
#616=VERTEX_POINT('',#2071);
#617=VERTEX_POINT('',#2072);
#618=VERTEX_POINT('',#2074);
#619=VERTEX_POINT('',#2076);
#620=VERTEX_POINT('',#2084);
#621=VERTEX_POINT('',#2086);
#622=VERTEX_POINT('',#2088);
#623=VERTEX_POINT('',#2089);
#624=VERTEX_POINT('',#2091);
#625=VERTEX_POINT('',#2093);
#626=VERTEX_POINT('',#2096);
#627=VERTEX_POINT('',#2098);
#628=VERTEX_POINT('',#2101);
#629=VERTEX_POINT('',#2103);
#630=VERTEX_POINT('',#2107);
#631=VERTEX_POINT('',#2111);
#632=VERTEX_POINT('',#2113);
#633=VERTEX_POINT('',#2115);
#634=VERTEX_POINT('',#2117);
#635=VERTEX_POINT('',#2119);
#636=VERTEX_POINT('',#2121);
#637=VERTEX_POINT('',#2123);
#638=VERTEX_POINT('',#2125);
#639=VERTEX_POINT('',#2127);
#640=VERTEX_POINT('',#2129);
#641=VERTEX_POINT('',#2131);
#642=VERTEX_POINT('',#2133);
#643=VERTEX_POINT('',#2135);
#644=VERTEX_POINT('',#2137);
#645=VERTEX_POINT('',#2139);
#646=VERTEX_POINT('',#2141);
#647=VERTEX_POINT('',#2143);
#648=VERTEX_POINT('',#2145);
#649=VERTEX_POINT('',#2149);
#650=VERTEX_POINT('',#2151);
#651=VERTEX_POINT('',#2155);
#652=VERTEX_POINT('',#2157);
#653=VERTEX_POINT('',#2161);
#654=VERTEX_POINT('',#2165);
#655=VERTEX_POINT('',#2171);
#656=VERTEX_POINT('',#2173);
#657=VERTEX_POINT('',#2179);
#658=VERTEX_POINT('',#2182);
#659=VERTEX_POINT('',#2184);
#660=VERTEX_POINT('',#2185);
#661=VERTEX_POINT('',#2187);
#662=VERTEX_POINT('',#2189);
#663=VERTEX_POINT('',#2192);
#664=VERTEX_POINT('',#2194);
#665=VERTEX_POINT('',#2196);
#666=VERTEX_POINT('',#2199);
#667=VERTEX_POINT('',#2201);
#668=VERTEX_POINT('',#2205);
#669=VERTEX_POINT('',#2209);
#670=VERTEX_POINT('',#2211);
#671=VERTEX_POINT('',#2215);
#672=VERTEX_POINT('',#2221);
#673=VERTEX_POINT('',#2227);
#674=VERTEX_POINT('',#2228);
#675=VERTEX_POINT('',#2230);
#676=VERTEX_POINT('',#2232);
#677=VERTEX_POINT('',#2236);
#678=VERTEX_POINT('',#2238);
#679=VERTEX_POINT('',#2242);
#680=VERTEX_POINT('',#2243);
#681=VERTEX_POINT('',#2248);
#682=VERTEX_POINT('',#2250);
#683=VERTEX_POINT('',#2252);
#684=VERTEX_POINT('',#2254);
#685=VERTEX_POINT('',#2257);
#686=VERTEX_POINT('',#2260);
#687=VERTEX_POINT('',#2264);
#688=VERTEX_POINT('',#2266);
#689=VERTEX_POINT('',#2270);
#690=VERTEX_POINT('',#2278);
#691=VERTEX_POINT('',#2279);
#692=VERTEX_POINT('',#2281);
#693=VERTEX_POINT('',#2283);
#694=VERTEX_POINT('',#2287);
#695=VERTEX_POINT('',#2288);
#696=VERTEX_POINT('',#2307);
#697=VERTEX_POINT('',#2309);
#698=VERTEX_POINT('',#2318);
#699=VERTEX_POINT('',#2330);
#700=VERTEX_POINT('',#2335);
#701=VERTEX_POINT('',#2337);
#702=VERTEX_POINT('',#2350);
#703=VERTEX_POINT('',#2352);
#704=VERTEX_POINT('',#2373);
#705=VERTEX_POINT('',#2375);
#706=VERTEX_POINT('',#2377);
#707=VERTEX_POINT('',#2379);
#708=VERTEX_POINT('',#2381);
#709=VERTEX_POINT('',#2384);
#710=VERTEX_POINT('',#2386);
#711=VERTEX_POINT('',#2389);
#712=VERTEX_POINT('',#2391);
#713=VERTEX_POINT('',#2393);
#714=VERTEX_POINT('',#2395);
#715=VERTEX_POINT('',#2397);
#716=VERTEX_POINT('',#2399);
#717=VERTEX_POINT('',#2401);
#718=VERTEX_POINT('',#2403);
#719=VERTEX_POINT('',#2406);
#720=VERTEX_POINT('',#2407);
#721=VERTEX_POINT('',#2416);
#722=VERTEX_POINT('',#2437);
#723=VERTEX_POINT('',#2450);
#724=VERTEX_POINT('',#2465);
#725=VERTEX_POINT('',#2484);
#726=VERTEX_POINT('',#2486);
#727=VERTEX_POINT('',#2498);
#728=VERTEX_POINT('',#2500);
#729=VERTEX_POINT('',#2502);
#730=VERTEX_POINT('',#2504);
#731=VERTEX_POINT('',#2506);
#732=VERTEX_POINT('',#2509);
#733=VERTEX_POINT('',#2511);
#734=VERTEX_POINT('',#2515);
#735=VERTEX_POINT('',#2521);
#736=VERTEX_POINT('',#2540);
#737=VERTEX_POINT('',#2545);
#738=VERTEX_POINT('',#2549);
#739=VERTEX_POINT('',#2553);
#740=VERTEX_POINT('',#2557);
#741=VERTEX_POINT('',#2563);
#742=VERTEX_POINT('',#2566);
#743=EDGE_CURVE('',#604,#605,#328,.T.);
#744=EDGE_CURVE('',#604,#606,#329,.T.);
#745=EDGE_CURVE('',#606,#607,#330,.T.);
#746=EDGE_CURVE('',#605,#607,#331,.T.);
#747=EDGE_CURVE('',#608,#604,#332,.T.);
#748=EDGE_CURVE('',#608,#609,#333,.T.);
#749=EDGE_CURVE('',#609,#606,#334,.T.);
#750=EDGE_CURVE('',#610,#608,#335,.T.);
#751=EDGE_CURVE('',#610,#611,#336,.T.);
#752=EDGE_CURVE('',#611,#609,#337,.T.);
#753=EDGE_CURVE('',#612,#610,#338,.T.);
#754=EDGE_CURVE('',#612,#613,#339,.T.);
#755=EDGE_CURVE('',#613,#611,#340,.T.);
#756=EDGE_CURVE('',#614,#612,#341,.T.);
#757=EDGE_CURVE('',#615,#614,#342,.T.);
#758=EDGE_CURVE('',#615,#613,#343,.T.);
#759=EDGE_CURVE('',#616,#617,#344,.T.);
#760=EDGE_CURVE('',#616,#618,#345,.T.);
#761=EDGE_CURVE('',#618,#619,#346,.T.);
#762=EDGE_CURVE('',#619,#617,#347,.T.);
#763=EDGE_CURVE('',#605,#616,#348,.T.);
#764=EDGE_CURVE('',#607,#618,#349,.T.);
#765=EDGE_CURVE('',#619,#615,#90,.T.);
#766=EDGE_CURVE('',#620,#620,#91,.T.);
#767=EDGE_CURVE('',#621,#621,#92,.T.);
#768=EDGE_CURVE('',#622,#623,#350,.T.);
#769=EDGE_CURVE('',#624,#622,#351,.T.);
#770=EDGE_CURVE('',#625,#624,#352,.T.);
#771=EDGE_CURVE('',#623,#625,#353,.T.);
#772=EDGE_CURVE('',#626,#626,#93,.T.);
#773=EDGE_CURVE('',#627,#627,#94,.T.);
#774=EDGE_CURVE('',#628,#624,#354,.T.);
#775=EDGE_CURVE('',#629,#628,#355,.T.);
#776=EDGE_CURVE('',#629,#625,#356,.T.);
#777=EDGE_CURVE('',#622,#630,#357,.T.);
#778=EDGE_CURVE('',#628,#630,#358,.T.);
#779=EDGE_CURVE('',#617,#631,#359,.T.);
#780=EDGE_CURVE('',#631,#632,#95,.F.);
#781=EDGE_CURVE('',#632,#633,#360,.T.);
#782=EDGE_CURVE('',#633,#634,#361,.T.);
#783=EDGE_CURVE('',#634,#635,#362,.T.);
#784=EDGE_CURVE('',#635,#636,#363,.T.);
#785=EDGE_CURVE('',#636,#637,#364,.T.);
#786=EDGE_CURVE('',#637,#638,#365,.T.);
#787=EDGE_CURVE('',#638,#639,#366,.T.);
#788=EDGE_CURVE('',#640,#639,#96,.T.);
#789=EDGE_CURVE('',#641,#640,#367,.T.);
#790=EDGE_CURVE('',#642,#641,#97,.T.);
#791=EDGE_CURVE('',#642,#643,#98,.F.);
#792=EDGE_CURVE('',#643,#644,#368,.T.);
#793=EDGE_CURVE('',#644,#645,#99,.F.);
#794=EDGE_CURVE('',#646,#645,#100,.T.);
#795=EDGE_CURVE('',#647,#646,#369,.T.);
#796=EDGE_CURVE('',#648,#647,#101,.T.);
#797=EDGE_CURVE('',#648,#614,#102,.F.);
#798=EDGE_CURVE('',#649,#632,#370,.T.);
#799=EDGE_CURVE('',#649,#650,#371,.T.);
#800=EDGE_CURVE('',#633,#650,#372,.T.);
#801=EDGE_CURVE('',#636,#651,#373,.T.);
#802=EDGE_CURVE('',#651,#652,#374,.T.);
#803=EDGE_CURVE('',#637,#652,#375,.T.);
#804=EDGE_CURVE('',#635,#653,#376,.T.);
#805=EDGE_CURVE('',#653,#651,#377,.T.);
#806=EDGE_CURVE('',#634,#654,#378,.T.);
#807=EDGE_CURVE('',#654,#653,#379,.T.);
#808=EDGE_CURVE('',#650,#654,#380,.T.);
#809=EDGE_CURVE('',#639,#655,#381,.T.);
#810=EDGE_CURVE('',#638,#656,#382,.T.);
#811=EDGE_CURVE('',#656,#655,#383,.T.);
#812=EDGE_CURVE('',#652,#656,#384,.T.);
#813=EDGE_CURVE('',#657,#649,#103,.T.);
#814=EDGE_CURVE('',#655,#657,#104,.T.);
#815=EDGE_CURVE('',#658,#658,#105,.T.);
#816=EDGE_CURVE('',#659,#660,#385,.T.);
#817=EDGE_CURVE('',#661,#659,#386,.T.);
#818=EDGE_CURVE('',#662,#661,#387,.T.);
#819=EDGE_CURVE('',#660,#662,#388,.T.);
#820=EDGE_CURVE('',#663,#663,#106,.T.);
#821=EDGE_CURVE('',#664,#664,#107,.T.);
#822=EDGE_CURVE('',#665,#665,#108,.T.);
#823=EDGE_CURVE('',#659,#666,#389,.T.);
#824=EDGE_CURVE('',#667,#666,#390,.T.);
#825=EDGE_CURVE('',#667,#661,#391,.T.);
#826=EDGE_CURVE('',#660,#668,#392,.T.);
#827=EDGE_CURVE('',#666,#668,#393,.T.);
#828=EDGE_CURVE('',#631,#669,#394,.T.);
#829=EDGE_CURVE('',#669,#670,#109,.T.);
#830=EDGE_CURVE('',#657,#670,#395,.T.);
#831=EDGE_CURVE('',#671,#629,#396,.T.);
#832=EDGE_CURVE('',#623,#671,#397,.T.);
#833=EDGE_CURVE('',#630,#671,#398,.T.);
#834=EDGE_CURVE('',#672,#662,#399,.T.);
#835=EDGE_CURVE('',#668,#672,#400,.T.);
#836=EDGE_CURVE('',#672,#667,#401,.T.);
#837=EDGE_CURVE('',#673,#674,#402,.T.);
#838=EDGE_CURVE('',#675,#673,#403,.T.);
#839=EDGE_CURVE('',#675,#676,#404,.T.);
#840=EDGE_CURVE('',#676,#674,#405,.T.);
#841=EDGE_CURVE('',#677,#675,#406,.T.);
#842=EDGE_CURVE('',#677,#678,#407,.T.);
#843=EDGE_CURVE('',#678,#676,#408,.T.);
#844=EDGE_CURVE('',#679,#680,#409,.T.);
#845=EDGE_CURVE('',#679,#678,#410,.T.);
#846=EDGE_CURVE('',#680,#677,#411,.T.);
#847=EDGE_CURVE('',#681,#679,#110,.T.);
#848=EDGE_CURVE('',#682,#681,#412,.T.);
#849=EDGE_CURVE('',#683,#682,#413,.T.);
#850=EDGE_CURVE('',#684,#683,#414,.T.);
#851=EDGE_CURVE('',#674,#684,#111,.T.);
#852=EDGE_CURVE('',#685,#685,#112,.T.);
#853=EDGE_CURVE('',#686,#680,#113,.T.);
#854=EDGE_CURVE('',#686,#681,#415,.T.);
#855=EDGE_CURVE('',#684,#687,#416,.T.);
#856=EDGE_CURVE('',#688,#683,#417,.T.);
#857=EDGE_CURVE('',#687,#688,#418,.T.);
#858=EDGE_CURVE('',#689,#686,#419,.T.);
#859=EDGE_CURVE('',#689,#682,#420,.T.);
#860=EDGE_CURVE('',#688,#689,#421,.T.);
#861=EDGE_CURVE('',#673,#687,#114,.T.);
#862=EDGE_CURVE('',#690,#691,#422,.T.);
#863=EDGE_CURVE('',#690,#692,#423,.F.);
#864=EDGE_CURVE('',#692,#693,#115,.F.);
#865=EDGE_CURVE('',#693,#691,#424,.F.);
#866=EDGE_CURVE('',#694,#695,#15,.T.);
#867=EDGE_CURVE('',#695,#696,#425,.T.);
#868=EDGE_CURVE('',#696,#697,#16,.T.);
#869=EDGE_CURVE('',#697,#698,#426,.T.);
#870=EDGE_CURVE('',#698,#646,#17,.T.);
#871=EDGE_CURVE('',#645,#699,#427,.T.);
#872=EDGE_CURVE('',#699,#694,#116,.T.);
#873=EDGE_CURVE('',#696,#693,#428,.T.);
#874=EDGE_CURVE('',#700,#692,#429,.T.);
#875=EDGE_CURVE('',#701,#700,#18,.T.);
#876=EDGE_CURVE('',#701,#697,#117,.F.);
#877=EDGE_CURVE('',#691,#695,#118,.T.);
#878=EDGE_CURVE('',#694,#702,#430,.T.);
#879=EDGE_CURVE('',#703,#702,#19,.T.);
#880=EDGE_CURVE('',#703,#690,#119,.T.);
#881=EDGE_CURVE('',#704,#699,#120,.T.);
#882=EDGE_CURVE('',#704,#705,#431,.T.);
#883=EDGE_CURVE('',#706,#705,#121,.T.);
#884=EDGE_CURVE('',#707,#706,#122,.T.);
#885=EDGE_CURVE('',#708,#707,#432,.T.);
#886=EDGE_CURVE('',#670,#708,#123,.T.);
#887=EDGE_CURVE('',#669,#709,#433,.T.);
#888=EDGE_CURVE('',#710,#709,#124,.T.);
#889=EDGE_CURVE('',#702,#710,#125,.T.);
#890=EDGE_CURVE('',#711,#711,#126,.F.);
#891=EDGE_CURVE('',#712,#712,#127,.F.);
#892=EDGE_CURVE('',#713,#713,#128,.F.);
#893=EDGE_CURVE('',#714,#714,#129,.F.);
#894=EDGE_CURVE('',#715,#715,#130,.F.);
#895=EDGE_CURVE('',#716,#716,#131,.F.);
#896=EDGE_CURVE('',#717,#717,#132,.F.);
#897=EDGE_CURVE('',#718,#718,#133,.F.);
#898=EDGE_CURVE('',#719,#720,#20,.T.);
#899=EDGE_CURVE('',#720,#721,#434,.T.);
#900=EDGE_CURVE('',#721,#707,#21,.T.);
#901=EDGE_CURVE('',#706,#642,#435,.T.);
#902=EDGE_CURVE('',#641,#722,#22,.T.);
#903=EDGE_CURVE('',#722,#719,#436,.T.);
#904=EDGE_CURVE('',#723,#640,#23,.T.);
#905=EDGE_CURVE('',#723,#722,#437,.T.);
#906=EDGE_CURVE('',#705,#643,#438,.T.);
#907=EDGE_CURVE('',#708,#724,#24,.T.);
#908=EDGE_CURVE('',#724,#725,#439,.T.);
#909=EDGE_CURVE('',#725,#726,#25,.T.);
#910=EDGE_CURVE('',#726,#723,#440,.T.);
#911=EDGE_CURVE('',#719,#726,#134,.F.);
#912=EDGE_CURVE('',#727,#727,#135,.T.);
#913=EDGE_CURVE('',#728,#728,#136,.T.);
#914=EDGE_CURVE('',#729,#729,#137,.T.);
#915=EDGE_CURVE('',#730,#730,#138,.T.);
#916=EDGE_CURVE('',#731,#731,#139,.T.);
#917=EDGE_CURVE('',#725,#732,#441,.T.);
#918=EDGE_CURVE('',#733,#732,#140,.F.);
#919=EDGE_CURVE('',#720,#733,#442,.T.);
#920=EDGE_CURVE('',#734,#724,#141,.T.);
#921=EDGE_CURVE('',#732,#734,#443,.F.);
#922=EDGE_CURVE('',#700,#703,#444,.T.);
#923=EDGE_CURVE('',#710,#648,#445,.T.);
#924=EDGE_CURVE('',#647,#735,#26,.T.);
#925=EDGE_CURVE('',#735,#701,#446,.T.);
#926=EDGE_CURVE('',#709,#619,#447,.T.);
#927=EDGE_CURVE('',#644,#704,#448,.T.);
#928=EDGE_CURVE('',#736,#733,#449,.F.);
#929=EDGE_CURVE('',#721,#736,#142,.T.);
#930=EDGE_CURVE('',#737,#737,#143,.T.);
#931=EDGE_CURVE('',#737,#731,#450,.T.);
#932=EDGE_CURVE('',#738,#738,#144,.T.);
#933=EDGE_CURVE('',#738,#730,#451,.T.);
#934=EDGE_CURVE('',#739,#739,#145,.T.);
#935=EDGE_CURVE('',#739,#729,#452,.T.);
#936=EDGE_CURVE('',#740,#740,#146,.T.);
#937=EDGE_CURVE('',#740,#728,#453,.T.);
#938=EDGE_CURVE('',#736,#734,#454,.T.);
#939=EDGE_CURVE('',#741,#741,#147,.T.);
#940=EDGE_CURVE('',#742,#742,#148,.T.);
#941=EDGE_CURVE('',#742,#685,#455,.T.);
#942=EDGE_CURVE('',#727,#741,#456,.T.);
#943=EDGE_CURVE('',#698,#735,#457,.T.);
#944=EDGE_CURVE('',#711,#621,#458,.T.);
#945=EDGE_CURVE('',#718,#620,#459,.T.);
#946=EDGE_CURVE('',#712,#626,#460,.T.);
#947=EDGE_CURVE('',#713,#627,#461,.T.);
#948=EDGE_CURVE('',#714,#665,#462,.T.);
#949=EDGE_CURVE('',#715,#658,#463,.T.);
#950=EDGE_CURVE('',#716,#664,#464,.T.);
#951=EDGE_CURVE('',#717,#663,#465,.T.);
#952=ORIENTED_EDGE('',*,*,#743,.F.);
#953=ORIENTED_EDGE('',*,*,#744,.T.);
#954=ORIENTED_EDGE('',*,*,#745,.T.);
#955=ORIENTED_EDGE('',*,*,#746,.F.);
#956=ORIENTED_EDGE('',*,*,#747,.F.);
#957=ORIENTED_EDGE('',*,*,#748,.T.);
#958=ORIENTED_EDGE('',*,*,#749,.T.);
#959=ORIENTED_EDGE('',*,*,#744,.F.);
#960=ORIENTED_EDGE('',*,*,#750,.F.);
#961=ORIENTED_EDGE('',*,*,#751,.T.);
#962=ORIENTED_EDGE('',*,*,#752,.T.);
#963=ORIENTED_EDGE('',*,*,#748,.F.);
#964=ORIENTED_EDGE('',*,*,#753,.F.);
#965=ORIENTED_EDGE('',*,*,#754,.T.);
#966=ORIENTED_EDGE('',*,*,#755,.T.);
#967=ORIENTED_EDGE('',*,*,#751,.F.);
#968=ORIENTED_EDGE('',*,*,#756,.F.);
#969=ORIENTED_EDGE('',*,*,#757,.F.);
#970=ORIENTED_EDGE('',*,*,#758,.T.);
#971=ORIENTED_EDGE('',*,*,#754,.F.);
#972=ORIENTED_EDGE('',*,*,#759,.F.);
#973=ORIENTED_EDGE('',*,*,#760,.T.);
#974=ORIENTED_EDGE('',*,*,#761,.T.);
#975=ORIENTED_EDGE('',*,*,#762,.T.);
#976=ORIENTED_EDGE('',*,*,#763,.F.);
#977=ORIENTED_EDGE('',*,*,#746,.T.);
#978=ORIENTED_EDGE('',*,*,#764,.T.);
#979=ORIENTED_EDGE('',*,*,#760,.F.);
#980=ORIENTED_EDGE('',*,*,#764,.F.);
#981=ORIENTED_EDGE('',*,*,#745,.F.);
#982=ORIENTED_EDGE('',*,*,#749,.F.);
#983=ORIENTED_EDGE('',*,*,#752,.F.);
#984=ORIENTED_EDGE('',*,*,#755,.F.);
#985=ORIENTED_EDGE('',*,*,#758,.F.);
#986=ORIENTED_EDGE('',*,*,#765,.F.);
#987=ORIENTED_EDGE('',*,*,#761,.F.);
#988=ORIENTED_EDGE('',*,*,#766,.F.);
#989=ORIENTED_EDGE('',*,*,#767,.F.);
#990=ORIENTED_EDGE('',*,*,#768,.F.);
#991=ORIENTED_EDGE('',*,*,#769,.F.);
#992=ORIENTED_EDGE('',*,*,#770,.F.);
#993=ORIENTED_EDGE('',*,*,#771,.F.);
#994=ORIENTED_EDGE('',*,*,#772,.F.);
#995=ORIENTED_EDGE('',*,*,#773,.F.);
#996=ORIENTED_EDGE('',*,*,#770,.T.);
#997=ORIENTED_EDGE('',*,*,#774,.F.);
#998=ORIENTED_EDGE('',*,*,#775,.F.);
#999=ORIENTED_EDGE('',*,*,#776,.T.);
#1000=ORIENTED_EDGE('',*,*,#769,.T.);
#1001=ORIENTED_EDGE('',*,*,#777,.T.);
#1002=ORIENTED_EDGE('',*,*,#778,.F.);
#1003=ORIENTED_EDGE('',*,*,#774,.T.);
#1004=ORIENTED_EDGE('',*,*,#756,.T.);
#1005=ORIENTED_EDGE('',*,*,#753,.T.);
#1006=ORIENTED_EDGE('',*,*,#750,.T.);
#1007=ORIENTED_EDGE('',*,*,#747,.T.);
#1008=ORIENTED_EDGE('',*,*,#743,.T.);
#1009=ORIENTED_EDGE('',*,*,#763,.T.);
#1010=ORIENTED_EDGE('',*,*,#759,.T.);
#1011=ORIENTED_EDGE('',*,*,#779,.T.);
#1012=ORIENTED_EDGE('',*,*,#780,.T.);
#1013=ORIENTED_EDGE('',*,*,#781,.T.);
#1014=ORIENTED_EDGE('',*,*,#782,.T.);
#1015=ORIENTED_EDGE('',*,*,#783,.T.);
#1016=ORIENTED_EDGE('',*,*,#784,.T.);
#1017=ORIENTED_EDGE('',*,*,#785,.T.);
#1018=ORIENTED_EDGE('',*,*,#786,.T.);
#1019=ORIENTED_EDGE('',*,*,#787,.T.);
#1020=ORIENTED_EDGE('',*,*,#788,.F.);
#1021=ORIENTED_EDGE('',*,*,#789,.F.);
#1022=ORIENTED_EDGE('',*,*,#790,.F.);
#1023=ORIENTED_EDGE('',*,*,#791,.T.);
#1024=ORIENTED_EDGE('',*,*,#792,.T.);
#1025=ORIENTED_EDGE('',*,*,#793,.T.);
#1026=ORIENTED_EDGE('',*,*,#794,.F.);
#1027=ORIENTED_EDGE('',*,*,#795,.F.);
#1028=ORIENTED_EDGE('',*,*,#796,.F.);
#1029=ORIENTED_EDGE('',*,*,#797,.T.);
#1030=ORIENTED_EDGE('',*,*,#798,.F.);
#1031=ORIENTED_EDGE('',*,*,#799,.T.);
#1032=ORIENTED_EDGE('',*,*,#800,.F.);
#1033=ORIENTED_EDGE('',*,*,#781,.F.);
#1034=ORIENTED_EDGE('',*,*,#785,.F.);
#1035=ORIENTED_EDGE('',*,*,#801,.T.);
#1036=ORIENTED_EDGE('',*,*,#802,.T.);
#1037=ORIENTED_EDGE('',*,*,#803,.F.);
#1038=ORIENTED_EDGE('',*,*,#784,.F.);
#1039=ORIENTED_EDGE('',*,*,#804,.T.);
#1040=ORIENTED_EDGE('',*,*,#805,.T.);
#1041=ORIENTED_EDGE('',*,*,#801,.F.);
#1042=ORIENTED_EDGE('',*,*,#783,.F.);
#1043=ORIENTED_EDGE('',*,*,#806,.T.);
#1044=ORIENTED_EDGE('',*,*,#807,.T.);
#1045=ORIENTED_EDGE('',*,*,#804,.F.);
#1046=ORIENTED_EDGE('',*,*,#782,.F.);
#1047=ORIENTED_EDGE('',*,*,#800,.T.);
#1048=ORIENTED_EDGE('',*,*,#808,.T.);
#1049=ORIENTED_EDGE('',*,*,#806,.F.);
#1050=ORIENTED_EDGE('',*,*,#809,.F.);
#1051=ORIENTED_EDGE('',*,*,#787,.F.);
#1052=ORIENTED_EDGE('',*,*,#810,.T.);
#1053=ORIENTED_EDGE('',*,*,#811,.T.);
#1054=ORIENTED_EDGE('',*,*,#786,.F.);
#1055=ORIENTED_EDGE('',*,*,#803,.T.);
#1056=ORIENTED_EDGE('',*,*,#812,.T.);
#1057=ORIENTED_EDGE('',*,*,#810,.F.);
#1058=ORIENTED_EDGE('',*,*,#813,.F.);
#1059=ORIENTED_EDGE('',*,*,#814,.F.);
#1060=ORIENTED_EDGE('',*,*,#811,.F.);
#1061=ORIENTED_EDGE('',*,*,#812,.F.);
#1062=ORIENTED_EDGE('',*,*,#802,.F.);
#1063=ORIENTED_EDGE('',*,*,#805,.F.);
#1064=ORIENTED_EDGE('',*,*,#807,.F.);
#1065=ORIENTED_EDGE('',*,*,#808,.F.);
#1066=ORIENTED_EDGE('',*,*,#799,.F.);
#1067=ORIENTED_EDGE('',*,*,#815,.F.);
#1068=ORIENTED_EDGE('',*,*,#816,.F.);
#1069=ORIENTED_EDGE('',*,*,#817,.F.);
#1070=ORIENTED_EDGE('',*,*,#818,.F.);
#1071=ORIENTED_EDGE('',*,*,#819,.F.);
#1072=ORIENTED_EDGE('',*,*,#820,.F.);
#1073=ORIENTED_EDGE('',*,*,#821,.F.);
#1074=ORIENTED_EDGE('',*,*,#822,.F.);
#1075=ORIENTED_EDGE('',*,*,#817,.T.);
#1076=ORIENTED_EDGE('',*,*,#823,.T.);
#1077=ORIENTED_EDGE('',*,*,#824,.F.);
#1078=ORIENTED_EDGE('',*,*,#825,.T.);
#1079=ORIENTED_EDGE('',*,*,#816,.T.);
#1080=ORIENTED_EDGE('',*,*,#826,.T.);
#1081=ORIENTED_EDGE('',*,*,#827,.F.);
#1082=ORIENTED_EDGE('',*,*,#823,.F.);
#1083=ORIENTED_EDGE('',*,*,#813,.T.);
#1084=ORIENTED_EDGE('',*,*,#798,.T.);
#1085=ORIENTED_EDGE('',*,*,#780,.F.);
#1086=ORIENTED_EDGE('',*,*,#828,.T.);
#1087=ORIENTED_EDGE('',*,*,#829,.T.);
#1088=ORIENTED_EDGE('',*,*,#830,.F.);
#1089=ORIENTED_EDGE('',*,*,#771,.T.);
#1090=ORIENTED_EDGE('',*,*,#776,.F.);
#1091=ORIENTED_EDGE('',*,*,#831,.F.);
#1092=ORIENTED_EDGE('',*,*,#832,.F.);
#1093=ORIENTED_EDGE('',*,*,#768,.T.);
#1094=ORIENTED_EDGE('',*,*,#832,.T.);
#1095=ORIENTED_EDGE('',*,*,#833,.F.);
#1096=ORIENTED_EDGE('',*,*,#777,.F.);
#1097=ORIENTED_EDGE('',*,*,#819,.T.);
#1098=ORIENTED_EDGE('',*,*,#834,.F.);
#1099=ORIENTED_EDGE('',*,*,#835,.F.);
#1100=ORIENTED_EDGE('',*,*,#826,.F.);
#1101=ORIENTED_EDGE('',*,*,#818,.T.);
#1102=ORIENTED_EDGE('',*,*,#825,.F.);
#1103=ORIENTED_EDGE('',*,*,#836,.F.);
#1104=ORIENTED_EDGE('',*,*,#834,.T.);
#1105=ORIENTED_EDGE('',*,*,#837,.F.);
#1106=ORIENTED_EDGE('',*,*,#838,.F.);
#1107=ORIENTED_EDGE('',*,*,#839,.T.);
#1108=ORIENTED_EDGE('',*,*,#840,.T.);
#1109=ORIENTED_EDGE('',*,*,#841,.F.);
#1110=ORIENTED_EDGE('',*,*,#842,.T.);
#1111=ORIENTED_EDGE('',*,*,#843,.T.);
#1112=ORIENTED_EDGE('',*,*,#839,.F.);
#1113=ORIENTED_EDGE('',*,*,#844,.F.);
#1114=ORIENTED_EDGE('',*,*,#845,.T.);
#1115=ORIENTED_EDGE('',*,*,#842,.F.);
#1116=ORIENTED_EDGE('',*,*,#846,.F.);
#1117=ORIENTED_EDGE('',*,*,#847,.F.);
#1118=ORIENTED_EDGE('',*,*,#848,.F.);
#1119=ORIENTED_EDGE('',*,*,#849,.F.);
#1120=ORIENTED_EDGE('',*,*,#850,.F.);
#1121=ORIENTED_EDGE('',*,*,#851,.F.);
#1122=ORIENTED_EDGE('',*,*,#840,.F.);
#1123=ORIENTED_EDGE('',*,*,#843,.F.);
#1124=ORIENTED_EDGE('',*,*,#845,.F.);
#1125=ORIENTED_EDGE('',*,*,#852,.T.);
#1126=ORIENTED_EDGE('',*,*,#844,.T.);
#1127=ORIENTED_EDGE('',*,*,#853,.F.);
#1128=ORIENTED_EDGE('',*,*,#854,.T.);
#1129=ORIENTED_EDGE('',*,*,#847,.T.);
#1130=ORIENTED_EDGE('',*,*,#855,.F.);
#1131=ORIENTED_EDGE('',*,*,#850,.T.);
#1132=ORIENTED_EDGE('',*,*,#856,.F.);
#1133=ORIENTED_EDGE('',*,*,#857,.F.);
#1134=ORIENTED_EDGE('',*,*,#854,.F.);
#1135=ORIENTED_EDGE('',*,*,#858,.F.);
#1136=ORIENTED_EDGE('',*,*,#859,.T.);
#1137=ORIENTED_EDGE('',*,*,#848,.T.);
#1138=ORIENTED_EDGE('',*,*,#860,.F.);
#1139=ORIENTED_EDGE('',*,*,#856,.T.);
#1140=ORIENTED_EDGE('',*,*,#849,.T.);
#1141=ORIENTED_EDGE('',*,*,#859,.F.);
#1142=ORIENTED_EDGE('',*,*,#837,.T.);
#1143=ORIENTED_EDGE('',*,*,#851,.T.);
#1144=ORIENTED_EDGE('',*,*,#855,.T.);
#1145=ORIENTED_EDGE('',*,*,#861,.F.);
#1146=ORIENTED_EDGE('',*,*,#862,.F.);
#1147=ORIENTED_EDGE('',*,*,#863,.T.);
#1148=ORIENTED_EDGE('',*,*,#864,.T.);
#1149=ORIENTED_EDGE('',*,*,#865,.T.);
#1150=ORIENTED_EDGE('',*,*,#838,.T.);
#1151=ORIENTED_EDGE('',*,*,#861,.T.);
#1152=ORIENTED_EDGE('',*,*,#857,.T.);
#1153=ORIENTED_EDGE('',*,*,#860,.T.);
#1154=ORIENTED_EDGE('',*,*,#858,.T.);
#1155=ORIENTED_EDGE('',*,*,#853,.T.);
#1156=ORIENTED_EDGE('',*,*,#846,.T.);
#1157=ORIENTED_EDGE('',*,*,#841,.T.);
#1158=ORIENTED_EDGE('',*,*,#866,.T.);
#1159=ORIENTED_EDGE('',*,*,#867,.T.);
#1160=ORIENTED_EDGE('',*,*,#868,.T.);
#1161=ORIENTED_EDGE('',*,*,#869,.T.);
#1162=ORIENTED_EDGE('',*,*,#870,.T.);
#1163=ORIENTED_EDGE('',*,*,#794,.T.);
#1164=ORIENTED_EDGE('',*,*,#871,.T.);
#1165=ORIENTED_EDGE('',*,*,#872,.T.);
#1166=ORIENTED_EDGE('',*,*,#868,.F.);
#1167=ORIENTED_EDGE('',*,*,#873,.T.);
#1168=ORIENTED_EDGE('',*,*,#864,.F.);
#1169=ORIENTED_EDGE('',*,*,#874,.F.);
#1170=ORIENTED_EDGE('',*,*,#875,.F.);
#1171=ORIENTED_EDGE('',*,*,#876,.T.);
#1172=ORIENTED_EDGE('',*,*,#867,.F.);
#1173=ORIENTED_EDGE('',*,*,#877,.F.);
#1174=ORIENTED_EDGE('',*,*,#865,.F.);
#1175=ORIENTED_EDGE('',*,*,#873,.F.);
#1176=ORIENTED_EDGE('',*,*,#866,.F.);
#1177=ORIENTED_EDGE('',*,*,#878,.T.);
#1178=ORIENTED_EDGE('',*,*,#879,.F.);
#1179=ORIENTED_EDGE('',*,*,#880,.T.);
#1180=ORIENTED_EDGE('',*,*,#862,.T.);
#1181=ORIENTED_EDGE('',*,*,#877,.T.);
#1182=ORIENTED_EDGE('',*,*,#872,.F.);
#1183=ORIENTED_EDGE('',*,*,#881,.F.);
#1184=ORIENTED_EDGE('',*,*,#882,.T.);
#1185=ORIENTED_EDGE('',*,*,#883,.F.);
#1186=ORIENTED_EDGE('',*,*,#884,.F.);
#1187=ORIENTED_EDGE('',*,*,#885,.F.);
#1188=ORIENTED_EDGE('',*,*,#886,.F.);
#1189=ORIENTED_EDGE('',*,*,#829,.F.);
#1190=ORIENTED_EDGE('',*,*,#887,.T.);
#1191=ORIENTED_EDGE('',*,*,#888,.F.);
#1192=ORIENTED_EDGE('',*,*,#889,.F.);
#1193=ORIENTED_EDGE('',*,*,#878,.F.);
#1194=ORIENTED_EDGE('',*,*,#890,.T.);
#1195=ORIENTED_EDGE('',*,*,#891,.T.);
#1196=ORIENTED_EDGE('',*,*,#892,.T.);
#1197=ORIENTED_EDGE('',*,*,#893,.T.);
#1198=ORIENTED_EDGE('',*,*,#894,.T.);
#1199=ORIENTED_EDGE('',*,*,#895,.T.);
#1200=ORIENTED_EDGE('',*,*,#896,.T.);
#1201=ORIENTED_EDGE('',*,*,#897,.T.);
#1202=ORIENTED_EDGE('',*,*,#836,.T.);
#1203=ORIENTED_EDGE('',*,*,#824,.T.);
#1204=ORIENTED_EDGE('',*,*,#827,.T.);
#1205=ORIENTED_EDGE('',*,*,#835,.T.);
#1206=ORIENTED_EDGE('',*,*,#775,.T.);
#1207=ORIENTED_EDGE('',*,*,#778,.T.);
#1208=ORIENTED_EDGE('',*,*,#833,.T.);
#1209=ORIENTED_EDGE('',*,*,#831,.T.);
#1210=ORIENTED_EDGE('',*,*,#898,.T.);
#1211=ORIENTED_EDGE('',*,*,#899,.T.);
#1212=ORIENTED_EDGE('',*,*,#900,.T.);
#1213=ORIENTED_EDGE('',*,*,#884,.T.);
#1214=ORIENTED_EDGE('',*,*,#901,.T.);
#1215=ORIENTED_EDGE('',*,*,#790,.T.);
#1216=ORIENTED_EDGE('',*,*,#902,.T.);
#1217=ORIENTED_EDGE('',*,*,#903,.T.);
#1218=ORIENTED_EDGE('',*,*,#902,.F.);
#1219=ORIENTED_EDGE('',*,*,#789,.T.);
#1220=ORIENTED_EDGE('',*,*,#904,.F.);
#1221=ORIENTED_EDGE('',*,*,#905,.T.);
#1222=ORIENTED_EDGE('',*,*,#901,.F.);
#1223=ORIENTED_EDGE('',*,*,#883,.T.);
#1224=ORIENTED_EDGE('',*,*,#906,.T.);
#1225=ORIENTED_EDGE('',*,*,#791,.F.);
#1226=ORIENTED_EDGE('',*,*,#814,.T.);
#1227=ORIENTED_EDGE('',*,*,#830,.T.);
#1228=ORIENTED_EDGE('',*,*,#886,.T.);
#1229=ORIENTED_EDGE('',*,*,#907,.T.);
#1230=ORIENTED_EDGE('',*,*,#908,.T.);
#1231=ORIENTED_EDGE('',*,*,#909,.T.);
#1232=ORIENTED_EDGE('',*,*,#910,.T.);
#1233=ORIENTED_EDGE('',*,*,#904,.T.);
#1234=ORIENTED_EDGE('',*,*,#788,.T.);
#1235=ORIENTED_EDGE('',*,*,#809,.T.);
#1236=ORIENTED_EDGE('',*,*,#903,.F.);
#1237=ORIENTED_EDGE('',*,*,#905,.F.);
#1238=ORIENTED_EDGE('',*,*,#910,.F.);
#1239=ORIENTED_EDGE('',*,*,#911,.F.);
#1240=ORIENTED_EDGE('',*,*,#912,.T.);
#1241=ORIENTED_EDGE('',*,*,#913,.T.);
#1242=ORIENTED_EDGE('',*,*,#914,.T.);
#1243=ORIENTED_EDGE('',*,*,#915,.T.);
#1244=ORIENTED_EDGE('',*,*,#916,.T.);
#1245=ORIENTED_EDGE('',*,*,#898,.F.);
#1246=ORIENTED_EDGE('',*,*,#911,.T.);
#1247=ORIENTED_EDGE('',*,*,#909,.F.);
#1248=ORIENTED_EDGE('',*,*,#917,.T.);
#1249=ORIENTED_EDGE('',*,*,#918,.F.);
#1250=ORIENTED_EDGE('',*,*,#919,.F.);
#1251=ORIENTED_EDGE('',*,*,#908,.F.);
#1252=ORIENTED_EDGE('',*,*,#920,.F.);
#1253=ORIENTED_EDGE('',*,*,#921,.F.);
#1254=ORIENTED_EDGE('',*,*,#917,.F.);
#1255=ORIENTED_EDGE('',*,*,#875,.T.);
#1256=ORIENTED_EDGE('',*,*,#922,.T.);
#1257=ORIENTED_EDGE('',*,*,#879,.T.);
#1258=ORIENTED_EDGE('',*,*,#889,.T.);
#1259=ORIENTED_EDGE('',*,*,#923,.T.);
#1260=ORIENTED_EDGE('',*,*,#796,.T.);
#1261=ORIENTED_EDGE('',*,*,#924,.T.);
#1262=ORIENTED_EDGE('',*,*,#925,.T.);
#1263=ORIENTED_EDGE('',*,*,#757,.T.);
#1264=ORIENTED_EDGE('',*,*,#797,.F.);
#1265=ORIENTED_EDGE('',*,*,#923,.F.);
#1266=ORIENTED_EDGE('',*,*,#888,.T.);
#1267=ORIENTED_EDGE('',*,*,#926,.T.);
#1268=ORIENTED_EDGE('',*,*,#765,.T.);
#1269=ORIENTED_EDGE('',*,*,#922,.F.);
#1270=ORIENTED_EDGE('',*,*,#874,.T.);
#1271=ORIENTED_EDGE('',*,*,#863,.F.);
#1272=ORIENTED_EDGE('',*,*,#880,.F.);
#1273=ORIENTED_EDGE('',*,*,#871,.F.);
#1274=ORIENTED_EDGE('',*,*,#793,.F.);
#1275=ORIENTED_EDGE('',*,*,#927,.T.);
#1276=ORIENTED_EDGE('',*,*,#881,.T.);
#1277=ORIENTED_EDGE('',*,*,#927,.F.);
#1278=ORIENTED_EDGE('',*,*,#792,.F.);
#1279=ORIENTED_EDGE('',*,*,#906,.F.);
#1280=ORIENTED_EDGE('',*,*,#882,.F.);
#1281=ORIENTED_EDGE('',*,*,#899,.F.);
#1282=ORIENTED_EDGE('',*,*,#919,.T.);
#1283=ORIENTED_EDGE('',*,*,#928,.F.);
#1284=ORIENTED_EDGE('',*,*,#929,.F.);
#1285=ORIENTED_EDGE('',*,*,#828,.F.);
#1286=ORIENTED_EDGE('',*,*,#779,.F.);
#1287=ORIENTED_EDGE('',*,*,#762,.F.);
#1288=ORIENTED_EDGE('',*,*,#926,.F.);
#1289=ORIENTED_EDGE('',*,*,#887,.F.);
#1290=ORIENTED_EDGE('',*,*,#930,.F.);
#1291=ORIENTED_EDGE('',*,*,#931,.T.);
#1292=ORIENTED_EDGE('',*,*,#916,.F.);
#1293=ORIENTED_EDGE('',*,*,#931,.F.);
#1294=ORIENTED_EDGE('',*,*,#932,.F.);
#1295=ORIENTED_EDGE('',*,*,#933,.T.);
#1296=ORIENTED_EDGE('',*,*,#915,.F.);
#1297=ORIENTED_EDGE('',*,*,#933,.F.);
#1298=ORIENTED_EDGE('',*,*,#934,.F.);
#1299=ORIENTED_EDGE('',*,*,#935,.T.);
#1300=ORIENTED_EDGE('',*,*,#914,.F.);
#1301=ORIENTED_EDGE('',*,*,#935,.F.);
#1302=ORIENTED_EDGE('',*,*,#936,.F.);
#1303=ORIENTED_EDGE('',*,*,#937,.T.);
#1304=ORIENTED_EDGE('',*,*,#913,.F.);
#1305=ORIENTED_EDGE('',*,*,#937,.F.);
#1306=ORIENTED_EDGE('',*,*,#900,.F.);
#1307=ORIENTED_EDGE('',*,*,#929,.T.);
#1308=ORIENTED_EDGE('',*,*,#938,.T.);
#1309=ORIENTED_EDGE('',*,*,#920,.T.);
#1310=ORIENTED_EDGE('',*,*,#907,.F.);
#1311=ORIENTED_EDGE('',*,*,#885,.T.);
#1312=ORIENTED_EDGE('',*,*,#938,.F.);
#1313=ORIENTED_EDGE('',*,*,#928,.T.);
#1314=ORIENTED_EDGE('',*,*,#918,.T.);
#1315=ORIENTED_EDGE('',*,*,#921,.T.);
#1316=ORIENTED_EDGE('',*,*,#930,.T.);
#1317=ORIENTED_EDGE('',*,*,#932,.T.);
#1318=ORIENTED_EDGE('',*,*,#934,.T.);
#1319=ORIENTED_EDGE('',*,*,#936,.T.);
#1320=ORIENTED_EDGE('',*,*,#939,.T.);
#1321=ORIENTED_EDGE('',*,*,#940,.F.);
#1322=ORIENTED_EDGE('',*,*,#941,.T.);
#1323=ORIENTED_EDGE('',*,*,#852,.F.);
#1324=ORIENTED_EDGE('',*,*,#941,.F.);
#1325=ORIENTED_EDGE('',*,*,#912,.F.);
#1326=ORIENTED_EDGE('',*,*,#942,.T.);
#1327=ORIENTED_EDGE('',*,*,#939,.F.);
#1328=ORIENTED_EDGE('',*,*,#942,.F.);
#1329=ORIENTED_EDGE('',*,*,#870,.F.);
#1330=ORIENTED_EDGE('',*,*,#943,.T.);
#1331=ORIENTED_EDGE('',*,*,#924,.F.);
#1332=ORIENTED_EDGE('',*,*,#795,.T.);
#1333=ORIENTED_EDGE('',*,*,#890,.F.);
#1334=ORIENTED_EDGE('',*,*,#944,.T.);
#1335=ORIENTED_EDGE('',*,*,#767,.T.);
#1336=ORIENTED_EDGE('',*,*,#944,.F.);
#1337=ORIENTED_EDGE('',*,*,#897,.F.);
#1338=ORIENTED_EDGE('',*,*,#945,.T.);
#1339=ORIENTED_EDGE('',*,*,#766,.T.);
#1340=ORIENTED_EDGE('',*,*,#945,.F.);
#1341=ORIENTED_EDGE('',*,*,#891,.F.);
#1342=ORIENTED_EDGE('',*,*,#946,.T.);
#1343=ORIENTED_EDGE('',*,*,#772,.T.);
#1344=ORIENTED_EDGE('',*,*,#946,.F.);
#1345=ORIENTED_EDGE('',*,*,#892,.F.);
#1346=ORIENTED_EDGE('',*,*,#947,.T.);
#1347=ORIENTED_EDGE('',*,*,#773,.T.);
#1348=ORIENTED_EDGE('',*,*,#947,.F.);
#1349=ORIENTED_EDGE('',*,*,#893,.F.);
#1350=ORIENTED_EDGE('',*,*,#948,.T.);
#1351=ORIENTED_EDGE('',*,*,#822,.T.);
#1352=ORIENTED_EDGE('',*,*,#948,.F.);
#1353=ORIENTED_EDGE('',*,*,#894,.F.);
#1354=ORIENTED_EDGE('',*,*,#949,.T.);
#1355=ORIENTED_EDGE('',*,*,#815,.T.);
#1356=ORIENTED_EDGE('',*,*,#949,.F.);
#1357=ORIENTED_EDGE('',*,*,#895,.F.);
#1358=ORIENTED_EDGE('',*,*,#950,.T.);
#1359=ORIENTED_EDGE('',*,*,#821,.T.);
#1360=ORIENTED_EDGE('',*,*,#950,.F.);
#1361=ORIENTED_EDGE('',*,*,#896,.F.);
#1362=ORIENTED_EDGE('',*,*,#951,.T.);
#1363=ORIENTED_EDGE('',*,*,#820,.T.);
#1364=ORIENTED_EDGE('',*,*,#951,.F.);
#1365=ORIENTED_EDGE('',*,*,#869,.F.);
#1366=ORIENTED_EDGE('',*,*,#876,.F.);
#1367=ORIENTED_EDGE('',*,*,#925,.F.);
#1368=ORIENTED_EDGE('',*,*,#943,.F.);
#1369=ORIENTED_EDGE('',*,*,#940,.T.);
#1370=PLANE('',#1500);
#1371=PLANE('',#1501);
#1372=PLANE('',#1502);
#1373=PLANE('',#1503);
#1374=PLANE('',#1504);
#1375=PLANE('',#1505);
#1376=PLANE('',#1506);
#1377=PLANE('',#1507);
#1378=PLANE('',#1513);
#1379=PLANE('',#1514);
#1380=PLANE('',#1515);
#1381=PLANE('',#1524);
#1382=PLANE('',#1525);
#1383=PLANE('',#1526);
#1384=PLANE('',#1527);
#1385=PLANE('',#1528);
#1386=PLANE('',#1529);
#1387=PLANE('',#1530);
#1388=PLANE('',#1531);
#1389=PLANE('',#1538);
#1390=PLANE('',#1539);
#1391=PLANE('',#1542);
#1392=PLANE('',#1543);
#1393=PLANE('',#1544);
#1394=PLANE('',#1545);
#1395=PLANE('',#1546);
#1396=PLANE('',#1547);
#1397=PLANE('',#1548);
#1398=PLANE('',#1549);
#1399=PLANE('',#1555);
#1400=PLANE('',#1556);
#1401=PLANE('',#1557);
#1402=PLANE('',#1560);
#1403=PLANE('',#1566);
#1404=PLANE('',#1570);
#1405=PLANE('',#1589);
#1406=PLANE('',#1598);
#1407=PLANE('',#1602);
#1408=PLANE('',#1604);
#1409=PLANE('',#1605);
#1410=PLANE('',#1607);
#1411=PLANE('',#1617);
#1412=PLANE('',#1631);
#1413=ADVANCED_FACE('',(#149),#1370,.F.);
#1414=ADVANCED_FACE('',(#150),#1371,.F.);
#1415=ADVANCED_FACE('',(#151),#1372,.F.);
#1416=ADVANCED_FACE('',(#152),#1373,.F.);
#1417=ADVANCED_FACE('',(#153),#1374,.F.);
#1418=ADVANCED_FACE('',(#154),#1375,.F.);
#1419=ADVANCED_FACE('',(#155),#1376,.F.);
#1420=ADVANCED_FACE('',(#156,#57,#58,#59,#60,#61),#1377,.T.);
#1421=ADVANCED_FACE('',(#157),#1378,.F.);
#1422=ADVANCED_FACE('',(#158),#1379,.F.);
#1423=ADVANCED_FACE('',(#159),#1380,.F.);
#1424=ADVANCED_FACE('',(#160),#1381,.F.);
#1425=ADVANCED_FACE('',(#161),#1382,.F.);
#1426=ADVANCED_FACE('',(#162),#1383,.F.);
#1427=ADVANCED_FACE('',(#163),#1384,.F.);
#1428=ADVANCED_FACE('',(#164),#1385,.F.);
#1429=ADVANCED_FACE('',(#165),#1386,.F.);
#1430=ADVANCED_FACE('',(#166),#1387,.F.);
#1431=ADVANCED_FACE('',(#167,#62,#63,#64,#65,#66),#1388,.T.);
#1432=ADVANCED_FACE('',(#168),#1389,.F.);
#1433=ADVANCED_FACE('',(#169),#1390,.F.);
#1434=ADVANCED_FACE('',(#170),#27,.F.);
#1435=ADVANCED_FACE('',(#171),#1391,.F.);
#1436=ADVANCED_FACE('',(#172),#1392,.F.);
#1437=ADVANCED_FACE('',(#173),#1393,.F.);
#1438=ADVANCED_FACE('',(#174),#1394,.F.);
#1439=ADVANCED_FACE('',(#175),#1395,.F.);
#1440=ADVANCED_FACE('',(#176),#1396,.F.);
#1441=ADVANCED_FACE('',(#177),#1397,.F.);
#1442=ADVANCED_FACE('',(#178,#67),#1398,.F.);
#1443=ADVANCED_FACE('',(#179),#28,.F.);
#1444=ADVANCED_FACE('',(#180),#1399,.F.);
#1445=ADVANCED_FACE('',(#181),#1400,.F.);
#1446=ADVANCED_FACE('',(#182),#1401,.F.);
#1447=ADVANCED_FACE('',(#183),#29,.F.);
#1448=ADVANCED_FACE('',(#184,#68),#1402,.T.);
#1449=ADVANCED_FACE('',(#185),#30,.T.);
#1450=ADVANCED_FACE('',(#186),#31,.T.);
#1451=ADVANCED_FACE('',(#187),#1403,.T.);
#1452=ADVANCED_FACE('',(#188),#32,.T.);
#1453=ADVANCED_FACE('',(#189,#69,#70,#71,#72,#73,#74,#75,#76,#77,#78),#1404,
 .T.);
#1454=ADVANCED_FACE('',(#190),#33,.T.);
#1455=ADVANCED_FACE('',(#191),#34,.F.);
#1456=ADVANCED_FACE('',(#192),#35,.F.);
#1457=ADVANCED_FACE('',(#193),#36,.T.);
#1458=ADVANCED_FACE('',(#194,#79,#80,#81,#82,#83),#1405,.F.);
#1459=ADVANCED_FACE('',(#195),#37,.T.);
#1460=ADVANCED_FACE('',(#196),#1406,.T.);
#1461=ADVANCED_FACE('',(#197),#38,.T.);
#1462=ADVANCED_FACE('',(#198),#39,.F.);
#1463=ADVANCED_FACE('',(#199),#1407,.T.);
#1464=ADVANCED_FACE('',(#200),#40,.F.);
#1465=ADVANCED_FACE('',(#201),#1408,.F.);
#1466=ADVANCED_FACE('',(#202),#1409,.T.);
#1467=ADVANCED_FACE('',(#203),#1410,.F.);
#1468=ADVANCED_FACE('',(#204),#41,.F.);
#1469=ADVANCED_FACE('',(#205),#42,.F.);
#1470=ADVANCED_FACE('',(#206),#43,.F.);
#1471=ADVANCED_FACE('',(#207),#44,.F.);
#1472=ADVANCED_FACE('',(#208),#45,.T.);
#1473=ADVANCED_FACE('',(#209,#84,#85,#86,#87,#88),#1411,.T.);
#1474=ADVANCED_FACE('',(#210),#46,.F.);
#1475=ADVANCED_FACE('',(#211),#47,.F.);
#1476=ADVANCED_FACE('',(#212),#48,.F.);
#1477=ADVANCED_FACE('',(#213),#49,.F.);
#1478=ADVANCED_FACE('',(#214),#50,.F.);
#1479=ADVANCED_FACE('',(#215),#51,.F.);
#1480=ADVANCED_FACE('',(#216),#52,.F.);
#1481=ADVANCED_FACE('',(#217),#53,.F.);
#1482=ADVANCED_FACE('',(#218),#54,.F.);
#1483=ADVANCED_FACE('',(#219),#55,.F.);
#1484=ADVANCED_FACE('',(#220),#56,.F.);
#1485=ADVANCED_FACE('',(#221,#89),#1412,.F.);
#1486=CLOSED_SHELL('',(#1413,#1414,#1415,#1416,#1417,#1418,#1419,#1420,
#1421,#1422,#1423,#1424,#1425,#1426,#1427,#1428,#1429,#1430,#1431,#1432,
#1433,#1434,#1435,#1436,#1437,#1438,#1439,#1440,#1441,#1442,#1443,#1444,
#1445,#1446,#1447,#1448,#1449,#1450,#1451,#1452,#1453,#1454,#1455,#1456,
#1457,#1458,#1459,#1460,#1461,#1462,#1463,#1464,#1465,#1466,#1467,#1468,
#1469,#1470,#1471,#1472,#1473,#1474,#1475,#1476,#1477,#1478,#1479,#1480,
#1481,#1482,#1483,#1484,#1485));
#1487=DERIVED_UNIT_ELEMENT(#1489,1.);
#1488=DERIVED_UNIT_ELEMENT(#2595,-3.);
#1489=(
MASS_UNIT()
NAMED_UNIT(*)
SI_UNIT(.KILO.,.GRAM.)
);
#1490=DERIVED_UNIT((#1487,#1488));
#1491=MEASURE_REPRESENTATION_ITEM('density measure',
POSITIVE_RATIO_MEASURE(7850.),#1490);
#1492=PROPERTY_DEFINITION_REPRESENTATION(#1497,#1494);
#1493=PROPERTY_DEFINITION_REPRESENTATION(#1498,#1495);
#1494=REPRESENTATION('material name',(#1496),#2592);
#1495=REPRESENTATION('density',(#1491),#2592);
#1496=DESCRIPTIVE_REPRESENTATION_ITEM('Steel','Steel');
#1497=PROPERTY_DEFINITION('material property','material name',#2602);
#1498=PROPERTY_DEFINITION('material property','density of part',#2602);
#1499=AXIS2_PLACEMENT_3D('',#2036,#1632,#1633);
#1500=AXIS2_PLACEMENT_3D('',#2037,#1634,#1635);
#1501=AXIS2_PLACEMENT_3D('',#2046,#1640,#1641);
#1502=AXIS2_PLACEMENT_3D('',#2052,#1645,#1646);
#1503=AXIS2_PLACEMENT_3D('',#2058,#1650,#1651);
#1504=AXIS2_PLACEMENT_3D('',#2064,#1655,#1656);
#1505=AXIS2_PLACEMENT_3D('',#2070,#1660,#1661);
#1506=AXIS2_PLACEMENT_3D('',#2079,#1666,#1667);
#1507=AXIS2_PLACEMENT_3D('',#2082,#1670,#1671);
#1508=AXIS2_PLACEMENT_3D('',#2083,#1672,#1673);
#1509=AXIS2_PLACEMENT_3D('',#2085,#1674,#1675);
#1510=AXIS2_PLACEMENT_3D('',#2087,#1676,#1677);
#1511=AXIS2_PLACEMENT_3D('',#2097,#1682,#1683);
#1512=AXIS2_PLACEMENT_3D('',#2099,#1684,#1685);
#1513=AXIS2_PLACEMENT_3D('',#2100,#1686,#1687);
#1514=AXIS2_PLACEMENT_3D('',#2106,#1691,#1692);
#1515=AXIS2_PLACEMENT_3D('',#2110,#1695,#1696);
#1516=AXIS2_PLACEMENT_3D('',#2114,#1698,#1699);
#1517=AXIS2_PLACEMENT_3D('',#2130,#1707,#1708);
#1518=AXIS2_PLACEMENT_3D('',#2134,#1710,#1711);
#1519=AXIS2_PLACEMENT_3D('',#2136,#1712,#1713);
#1520=AXIS2_PLACEMENT_3D('',#2140,#1715,#1716);
#1521=AXIS2_PLACEMENT_3D('',#2142,#1717,#1718);
#1522=AXIS2_PLACEMENT_3D('',#2146,#1720,#1721);
#1523=AXIS2_PLACEMENT_3D('',#2147,#1722,#1723);
#1524=AXIS2_PLACEMENT_3D('',#2148,#1724,#1725);
#1525=AXIS2_PLACEMENT_3D('',#2154,#1729,#1730);
#1526=AXIS2_PLACEMENT_3D('',#2160,#1734,#1735);
#1527=AXIS2_PLACEMENT_3D('',#2164,#1738,#1739);
#1528=AXIS2_PLACEMENT_3D('',#2168,#1742,#1743);
#1529=AXIS2_PLACEMENT_3D('',#2170,#1745,#1746);
#1530=AXIS2_PLACEMENT_3D('',#2176,#1750,#1751);
#1531=AXIS2_PLACEMENT_3D('',#2178,#1753,#1754);
#1532=AXIS2_PLACEMENT_3D('',#2180,#1755,#1756);
#1533=AXIS2_PLACEMENT_3D('',#2181,#1757,#1758);
#1534=AXIS2_PLACEMENT_3D('',#2183,#1759,#1760);
#1535=AXIS2_PLACEMENT_3D('',#2193,#1765,#1766);
#1536=AXIS2_PLACEMENT_3D('',#2195,#1767,#1768);
#1537=AXIS2_PLACEMENT_3D('',#2197,#1769,#1770);
#1538=AXIS2_PLACEMENT_3D('',#2198,#1771,#1772);
#1539=AXIS2_PLACEMENT_3D('',#2204,#1776,#1777);
#1540=AXIS2_PLACEMENT_3D('',#2208,#1780,#1781);
#1541=AXIS2_PLACEMENT_3D('',#2212,#1783,#1784);
#1542=AXIS2_PLACEMENT_3D('',#2214,#1786,#1787);
#1543=AXIS2_PLACEMENT_3D('',#2218,#1790,#1791);
#1544=AXIS2_PLACEMENT_3D('',#2220,#1793,#1794);
#1545=AXIS2_PLACEMENT_3D('',#2224,#1797,#1798);
#1546=AXIS2_PLACEMENT_3D('',#2226,#1800,#1801);
#1547=AXIS2_PLACEMENT_3D('',#2235,#1806,#1807);
#1548=AXIS2_PLACEMENT_3D('',#2241,#1811,#1812);
#1549=AXIS2_PLACEMENT_3D('',#2247,#1816,#1817);
#1550=AXIS2_PLACEMENT_3D('',#2249,#1818,#1819);
#1551=AXIS2_PLACEMENT_3D('',#2256,#1823,#1824);
#1552=AXIS2_PLACEMENT_3D('',#2258,#1825,#1826);
#1553=AXIS2_PLACEMENT_3D('',#2259,#1827,#1828);
#1554=AXIS2_PLACEMENT_3D('',#2261,#1829,#1830);
#1555=AXIS2_PLACEMENT_3D('',#2263,#1832,#1833);
#1556=AXIS2_PLACEMENT_3D('',#2269,#1837,#1838);
#1557=AXIS2_PLACEMENT_3D('',#2273,#1841,#1842);
#1558=AXIS2_PLACEMENT_3D('',#2275,#1844,#1845);
#1559=AXIS2_PLACEMENT_3D('',#2276,#1846,#1847);
#1560=AXIS2_PLACEMENT_3D('',#2277,#1848,#1849);
#1561=AXIS2_PLACEMENT_3D('',#2284,#1852,#1853);
#1562=AXIS2_PLACEMENT_3D('',#2286,#1855,#1856);
#1563=AXIS2_PLACEMENT_3D('',#2332,#1860,#1861);
#1564=AXIS2_PLACEMENT_3D('',#2333,#1862,#1863);
#1565=AXIS2_PLACEMENT_3D('',#2346,#1866,#1867);
#1566=AXIS2_PLACEMENT_3D('',#2347,#1868,#1869);
#1567=AXIS2_PLACEMENT_3D('',#2348,#1870,#1871);
#1568=AXIS2_PLACEMENT_3D('',#2349,#1872,#1873);
#1569=AXIS2_PLACEMENT_3D('',#2371,#1875,#1876);
#1570=AXIS2_PLACEMENT_3D('',#2372,#1877,#1878);
#1571=AXIS2_PLACEMENT_3D('',#2374,#1879,#1880);
#1572=AXIS2_PLACEMENT_3D('',#2378,#1882,#1883);
#1573=AXIS2_PLACEMENT_3D('',#2380,#1884,#1885);
#1574=AXIS2_PLACEMENT_3D('',#2383,#1887,#1888);
#1575=AXIS2_PLACEMENT_3D('',#2387,#1890,#1891);
#1576=AXIS2_PLACEMENT_3D('',#2388,#1892,#1893);
#1577=AXIS2_PLACEMENT_3D('',#2390,#1894,#1895);
#1578=AXIS2_PLACEMENT_3D('',#2392,#1896,#1897);
#1579=AXIS2_PLACEMENT_3D('',#2394,#1898,#1899);
#1580=AXIS2_PLACEMENT_3D('',#2396,#1900,#1901);
#1581=AXIS2_PLACEMENT_3D('',#2398,#1902,#1903);
#1582=AXIS2_PLACEMENT_3D('',#2400,#1904,#1905);
#1583=AXIS2_PLACEMENT_3D('',#2402,#1906,#1907);
#1584=AXIS2_PLACEMENT_3D('',#2404,#1908,#1909);
#1585=AXIS2_PLACEMENT_3D('',#2405,#1910,#1911);
#1586=AXIS2_PLACEMENT_3D('',#2449,#1915,#1916);
#1587=AXIS2_PLACEMENT_3D('',#2462,#1918,#1919);
#1588=AXIS2_PLACEMENT_3D('',#2464,#1921,#1922);
#1589=AXIS2_PLACEMENT_3D('',#2496,#1925,#1926);
#1590=AXIS2_PLACEMENT_3D('',#2497,#1927,#1928);
#1591=AXIS2_PLACEMENT_3D('',#2499,#1929,#1930);
#1592=AXIS2_PLACEMENT_3D('',#2501,#1931,#1932);
#1593=AXIS2_PLACEMENT_3D('',#2503,#1933,#1934);
#1594=AXIS2_PLACEMENT_3D('',#2505,#1935,#1936);
#1595=AXIS2_PLACEMENT_3D('',#2507,#1937,#1938);
#1596=AXIS2_PLACEMENT_3D('',#2508,#1939,#1940);
#1597=AXIS2_PLACEMENT_3D('',#2512,#1942,#1943);
#1598=AXIS2_PLACEMENT_3D('',#2514,#1945,#1946);
#1599=AXIS2_PLACEMENT_3D('',#2516,#1947,#1948);
#1600=AXIS2_PLACEMENT_3D('',#2518,#1950,#1951);
#1601=AXIS2_PLACEMENT_3D('',#2533,#1955,#1956);
#1602=AXIS2_PLACEMENT_3D('',#2535,#1958,#1959);
#1603=AXIS2_PLACEMENT_3D('',#2536,#1960,#1961);
#1604=AXIS2_PLACEMENT_3D('',#2538,#1963,#1964);
#1605=AXIS2_PLACEMENT_3D('',#2539,#1965,#1966);
#1606=AXIS2_PLACEMENT_3D('',#2542,#1968,#1969);
#1607=AXIS2_PLACEMENT_3D('',#2543,#1970,#1971);
#1608=AXIS2_PLACEMENT_3D('',#2544,#1972,#1973);
#1609=AXIS2_PLACEMENT_3D('',#2546,#1974,#1975);
#1610=AXIS2_PLACEMENT_3D('',#2548,#1977,#1978);
#1611=AXIS2_PLACEMENT_3D('',#2550,#1979,#1980);
#1612=AXIS2_PLACEMENT_3D('',#2552,#1982,#1983);
#1613=AXIS2_PLACEMENT_3D('',#2554,#1984,#1985);
#1614=AXIS2_PLACEMENT_3D('',#2556,#1987,#1988);
#1615=AXIS2_PLACEMENT_3D('',#2558,#1989,#1990);
#1616=AXIS2_PLACEMENT_3D('',#2560,#1992,#1993);
#1617=AXIS2_PLACEMENT_3D('',#2562,#1995,#1996);
#1618=AXIS2_PLACEMENT_3D('',#2564,#1997,#1998);
#1619=AXIS2_PLACEMENT_3D('',#2565,#1999,#2000);
#1620=AXIS2_PLACEMENT_3D('',#2567,#2001,#2002);
#1621=AXIS2_PLACEMENT_3D('',#2569,#2004,#2005);
#1622=AXIS2_PLACEMENT_3D('',#2571,#2007,#2008);
#1623=AXIS2_PLACEMENT_3D('',#2573,#2010,#2011);
#1624=AXIS2_PLACEMENT_3D('',#2575,#2013,#2014);
#1625=AXIS2_PLACEMENT_3D('',#2577,#2016,#2017);
#1626=AXIS2_PLACEMENT_3D('',#2579,#2019,#2020);
#1627=AXIS2_PLACEMENT_3D('',#2581,#2022,#2023);
#1628=AXIS2_PLACEMENT_3D('',#2583,#2025,#2026);
#1629=AXIS2_PLACEMENT_3D('',#2585,#2028,#2029);
#1630=AXIS2_PLACEMENT_3D('',#2587,#2031,#2032);
#1631=AXIS2_PLACEMENT_3D('',#2589,#2034,#2035);
#1632=DIRECTION('axis',(0.,0.,1.));
#1633=DIRECTION('refdir',(1.,0.,0.));
#1634=DIRECTION('center_axis',(-1.,0.,0.));
#1635=DIRECTION('ref_axis',(0.,-1.,0.));
#1636=DIRECTION('',(0.,-1.,0.));
#1637=DIRECTION('',(0.,0.,1.));
#1638=DIRECTION('',(0.,-1.,0.));
#1639=DIRECTION('',(0.,0.,1.));
#1640=DIRECTION('center_axis',(0.,1.,0.));
#1641=DIRECTION('ref_axis',(-1.,0.,0.));
#1642=DIRECTION('',(-1.,0.,0.));
#1643=DIRECTION('',(0.,0.,1.));
#1644=DIRECTION('',(-1.,0.,0.));
#1645=DIRECTION('center_axis',(1.,0.,0.));
#1646=DIRECTION('ref_axis',(0.,1.,0.));
#1647=DIRECTION('',(0.,1.,0.));
#1648=DIRECTION('',(0.,0.,1.));
#1649=DIRECTION('',(0.,1.,0.));
#1650=DIRECTION('center_axis',(0.,-1.,0.));
#1651=DIRECTION('ref_axis',(1.,0.,0.));
#1652=DIRECTION('',(1.,0.,0.));
#1653=DIRECTION('',(0.,0.,1.));
#1654=DIRECTION('',(1.,0.,0.));
#1655=DIRECTION('center_axis',(1.,0.,0.));
#1656=DIRECTION('ref_axis',(0.,1.,0.));
#1657=DIRECTION('',(0.,1.,0.));
#1658=DIRECTION('',(0.,0.,-1.));
#1659=DIRECTION('',(0.,1.,0.));
#1660=DIRECTION('center_axis',(-1.,0.,0.));
#1661=DIRECTION('ref_axis',(0.,-1.,0.));
#1662=DIRECTION('',(0.,-1.,0.));
#1663=DIRECTION('',(0.,0.,1.));
#1664=DIRECTION('',(0.,-1.,0.));
#1665=DIRECTION('',(0.,0.,-1.));
#1666=DIRECTION('center_axis',(0.,-1.,0.));
#1667=DIRECTION('ref_axis',(1.,0.,0.));
#1668=DIRECTION('',(1.,0.,0.));
#1669=DIRECTION('',(1.,0.,0.));
#1670=DIRECTION('center_axis',(0.,0.,-1.));
#1671=DIRECTION('ref_axis',(1.,0.,0.));
#1672=DIRECTION('center_axis',(0.,0.,-1.));
#1673=DIRECTION('ref_axis',(0.984397424267216,0.17595940184051,0.));
#1674=DIRECTION('center_axis',(0.,0.,-1.));
#1675=DIRECTION('ref_axis',(1.,0.,0.));
#1676=DIRECTION('center_axis',(0.,0.,-1.));
#1677=DIRECTION('ref_axis',(1.,0.,0.));
#1678=DIRECTION('',(0.,1.,0.));
#1679=DIRECTION('',(-1.,0.,0.));
#1680=DIRECTION('',(0.,-1.,0.));
#1681=DIRECTION('',(1.,0.,0.));
#1682=DIRECTION('center_axis',(0.,0.,-1.));
#1683=DIRECTION('ref_axis',(1.,0.,0.));
#1684=DIRECTION('center_axis',(0.,0.,-1.));
#1685=DIRECTION('ref_axis',(1.,0.,0.));
#1686=DIRECTION('center_axis',(1.,0.,0.));
#1687=DIRECTION('ref_axis',(0.,0.,-1.));
#1688=DIRECTION('',(0.,0.,-1.));
#1689=DIRECTION('',(0.,-1.,0.));
#1690=DIRECTION('',(0.,0.,-1.));
#1691=DIRECTION('center_axis',(0.,-1.,0.));
#1692=DIRECTION('ref_axis',(0.,0.,-1.));
#1693=DIRECTION('',(0.,0.,1.));
#1694=DIRECTION('',(-1.,0.,0.));
#1695=DIRECTION('center_axis',(0.,0.,1.));
#1696=DIRECTION('ref_axis',(1.,0.,0.));
#1697=DIRECTION('',(-1.,0.,0.));
#1698=DIRECTION('center_axis',(0.,0.,-1.));
#1699=DIRECTION('ref_axis',(-0.984397424267216,0.17595940184051,0.));
#1700=DIRECTION('',(0.,1.,0.));
#1701=DIRECTION('',(1.,0.,0.));
#1702=DIRECTION('',(0.,1.,0.));
#1703=DIRECTION('',(-1.,0.,0.));
#1704=DIRECTION('',(0.,-1.,0.));
#1705=DIRECTION('',(1.,0.,0.));
#1706=DIRECTION('',(0.,-1.,0.));
#1707=DIRECTION('center_axis',(0.,0.,1.));
#1708=DIRECTION('ref_axis',(0.436077074563525,-0.899909320454077,0.));
#1709=DIRECTION('',(0.,-1.,0.));
#1710=DIRECTION('center_axis',(0.,0.,1.));
#1711=DIRECTION('ref_axis',(0.439246252297204,0.898366701209957,0.));
#1712=DIRECTION('center_axis',(0.,0.,-1.));
#1713=DIRECTION('ref_axis',(-0.986470561919582,-0.163938495985729,0.));
#1714=DIRECTION('',(1.,0.,0.));
#1715=DIRECTION('center_axis',(0.,0.,-1.));
#1716=DIRECTION('ref_axis',(0.986470561919582,-0.163938495985729,0.));
#1717=DIRECTION('center_axis',(0.,0.,1.));
#1718=DIRECTION('ref_axis',(-0.439246252297204,0.898366701209957,0.));
#1719=DIRECTION('',(0.,1.,0.));
#1720=DIRECTION('center_axis',(0.,0.,1.));
#1721=DIRECTION('ref_axis',(-0.436077074563525,-0.899909320454076,0.));
#1722=DIRECTION('center_axis',(0.,0.,-1.));
#1723=DIRECTION('ref_axis',(0.984397424267216,0.17595940184051,0.));
#1724=DIRECTION('center_axis',(1.,0.,0.));
#1725=DIRECTION('ref_axis',(0.,1.,0.));
#1726=DIRECTION('',(0.,0.,-1.));
#1727=DIRECTION('',(0.,1.,0.));
#1728=DIRECTION('',(0.,0.,1.));
#1729=DIRECTION('center_axis',(-1.,0.,0.));
#1730=DIRECTION('ref_axis',(0.,-1.,0.));
#1731=DIRECTION('',(0.,0.,1.));
#1732=DIRECTION('',(0.,-1.,0.));
#1733=DIRECTION('',(0.,0.,1.));
#1734=DIRECTION('center_axis',(0.,1.,0.));
#1735=DIRECTION('ref_axis',(-1.,0.,0.));
#1736=DIRECTION('',(0.,0.,1.));
#1737=DIRECTION('',(-1.,0.,0.));
#1738=DIRECTION('center_axis',(1.,0.,0.));
#1739=DIRECTION('ref_axis',(0.,1.,0.));
#1740=DIRECTION('',(0.,0.,1.));
#1741=DIRECTION('',(0.,1.,0.));
#1742=DIRECTION('center_axis',(0.,-1.,0.));
#1743=DIRECTION('ref_axis',(1.,0.,0.));
#1744=DIRECTION('',(1.,0.,0.));
#1745=DIRECTION('center_axis',(-1.,0.,0.));
#1746=DIRECTION('ref_axis',(0.,-1.,0.));
#1747=DIRECTION('',(0.,0.,1.));
#1748=DIRECTION('',(0.,0.,1.));
#1749=DIRECTION('',(0.,-1.,0.));
#1750=DIRECTION('center_axis',(0.,-1.,0.));
#1751=DIRECTION('ref_axis',(1.,0.,0.));
#1752=DIRECTION('',(1.,0.,0.));
#1753=DIRECTION('center_axis',(0.,0.,-1.));
#1754=DIRECTION('ref_axis',(1.,0.,0.));
#1755=DIRECTION('center_axis',(0.,0.,-1.));
#1756=DIRECTION('ref_axis',(-0.984397424267216,0.17595940184051,0.));
#1757=DIRECTION('center_axis',(0.,0.,1.));
#1758=DIRECTION('ref_axis',(0.436077074563525,-0.899909320454077,0.));
#1759=DIRECTION('center_axis',(0.,0.,-1.));
#1760=DIRECTION('ref_axis',(1.,0.,0.));
#1761=DIRECTION('',(0.,-1.,0.));
#1762=DIRECTION('',(1.,0.,0.));
#1763=DIRECTION('',(0.,1.,0.));
#1764=DIRECTION('',(-1.,0.,0.));
#1765=DIRECTION('center_axis',(0.,0.,-1.));
#1766=DIRECTION('ref_axis',(1.,0.,0.));
#1767=DIRECTION('center_axis',(0.,0.,-1.));
#1768=DIRECTION('ref_axis',(1.,0.,0.));
#1769=DIRECTION('center_axis',(0.,0.,-1.));
#1770=DIRECTION('ref_axis',(1.,0.,0.));
#1771=DIRECTION('center_axis',(0.,1.,0.));
#1772=DIRECTION('ref_axis',(0.,0.,1.));
#1773=DIRECTION('',(0.,0.,1.));
#1774=DIRECTION('',(1.,0.,0.));
#1775=DIRECTION('',(0.,0.,-1.));
#1776=DIRECTION('center_axis',(1.,0.,0.));
#1777=DIRECTION('ref_axis',(0.,0.,-1.));
#1778=DIRECTION('',(0.,0.,1.));
#1779=DIRECTION('',(0.,-1.,0.));
#1780=DIRECTION('center_axis',(0.,0.,-1.));
#1781=DIRECTION('ref_axis',(-0.984397424267216,0.17595940184051,0.));
#1782=DIRECTION('',(0.,0.,1.));
#1783=DIRECTION('center_axis',(0.,0.,1.));
#1784=DIRECTION('ref_axis',(-0.984397424267216,0.17595940184051,0.));
#1785=DIRECTION('',(0.,0.,1.));
#1786=DIRECTION('center_axis',(0.,1.,0.));
#1787=DIRECTION('ref_axis',(0.,0.,1.));
#1788=DIRECTION('',(1.,0.,0.));
#1789=DIRECTION('',(0.,0.,1.));
#1790=DIRECTION('center_axis',(-1.,0.,0.));
#1791=DIRECTION('ref_axis',(0.,0.,1.));
#1792=DIRECTION('',(0.,1.,0.));
#1793=DIRECTION('center_axis',(0.,-1.,0.));
#1794=DIRECTION('ref_axis',(0.,0.,-1.));
#1795=DIRECTION('',(0.,0.,-1.));
#1796=DIRECTION('',(-1.,0.,0.));
#1797=DIRECTION('center_axis',(-1.,0.,0.));
#1798=DIRECTION('ref_axis',(0.,0.,1.));
#1799=DIRECTION('',(0.,1.,0.));
#1800=DIRECTION('center_axis',(0.,-1.,0.));
#1801=DIRECTION('ref_axis',(0.,0.,1.));
#1802=DIRECTION('',(-1.,0.,0.));
#1803=DIRECTION('',(0.,0.,1.));
#1804=DIRECTION('',(-1.,0.,0.));
#1805=DIRECTION('',(0.,0.,1.));
#1806=DIRECTION('center_axis',(0.,0.,-1.));
#1807=DIRECTION('ref_axis',(0.,-1.,0.));
#1808=DIRECTION('',(0.,-1.,0.));
#1809=DIRECTION('',(-1.,0.,0.));
#1810=DIRECTION('',(0.,-1.,0.));
#1811=DIRECTION('center_axis',(0.,1.,0.));
#1812=DIRECTION('ref_axis',(0.,0.,-1.));
#1813=DIRECTION('',(1.,0.,0.));
#1814=DIRECTION('',(0.,0.,-1.));
#1815=DIRECTION('',(0.,0.,-1.));
#1816=DIRECTION('center_axis',(-1.,0.,0.));
#1817=DIRECTION('ref_axis',(0.,1.,0.));
#1818=DIRECTION('center_axis',(-1.,0.,0.));
#1819=DIRECTION('ref_axis',(0.,1.,0.));
#1820=DIRECTION('',(0.,0.,-1.));
#1821=DIRECTION('',(0.,1.,0.));
#1822=DIRECTION('',(0.,0.,1.));
#1823=DIRECTION('center_axis',(-1.,0.,0.));
#1824=DIRECTION('ref_axis',(0.,1.,0.));
#1825=DIRECTION('center_axis',(-1.,0.,0.));
#1826=DIRECTION('ref_axis',(0.,-1.,0.));
#1827=DIRECTION('center_axis',(-1.,0.,0.));
#1828=DIRECTION('ref_axis',(0.,1.,0.));
#1829=DIRECTION('center_axis',(-1.,0.,0.));
#1830=DIRECTION('ref_axis',(0.,1.,0.));
#1831=DIRECTION('',(-1.,0.,0.));
#1832=DIRECTION('center_axis',(0.,-1.,0.));
#1833=DIRECTION('ref_axis',(0.,0.,1.));
#1834=DIRECTION('',(1.,0.,0.));
#1835=DIRECTION('',(-1.,0.,0.));
#1836=DIRECTION('',(0.,0.,1.));
#1837=DIRECTION('center_axis',(0.,1.,0.));
#1838=DIRECTION('ref_axis',(0.,0.,-1.));
#1839=DIRECTION('',(0.,0.,-1.));
#1840=DIRECTION('',(-1.,0.,0.));
#1841=DIRECTION('center_axis',(0.,0.,1.));
#1842=DIRECTION('ref_axis',(0.,1.,0.));
#1843=DIRECTION('',(0.,1.,0.));
#1844=DIRECTION('center_axis',(-1.,0.,0.));
#1845=DIRECTION('ref_axis',(0.,-1.,-1.22464679914735E-16));
#1846=DIRECTION('center_axis',(-1.,0.,0.));
#1847=DIRECTION('ref_axis',(0.,1.,0.));
#1848=DIRECTION('center_axis',(1.,0.,0.));
#1849=DIRECTION('ref_axis',(0.,1.,0.));
#1850=DIRECTION('',(0.,1.,0.));
#1851=DIRECTION('',(0.,0.,1.));
#1852=DIRECTION('center_axis',(-1.,0.,0.));
#1853=DIRECTION('ref_axis',(0.,1.,0.));
#1854=DIRECTION('',(0.,0.,-1.));
#1855=DIRECTION('center_axis',(0.,0.,1.));
#1856=DIRECTION('ref_axis',(-0.439246252297204,0.898366701209957,0.));
#1857=DIRECTION('',(0.,0.,-1.));
#1858=DIRECTION('',(0.,0.,1.));
#1859=DIRECTION('',(0.,0.,1.));
#1860=DIRECTION('center_axis',(0.,0.,-1.));
#1861=DIRECTION('ref_axis',(-0.439246252297204,0.898366701209957,0.));
#1862=DIRECTION('center_axis',(1.,0.,0.));
#1863=DIRECTION('ref_axis',(0.,1.,0.));
#1864=DIRECTION('',(1.,0.,0.));
#1865=DIRECTION('',(1.,0.,0.));
#1866=DIRECTION('center_axis',(-1.,0.,0.));
#1867=DIRECTION('ref_axis',(0.,1.,0.));
#1868=DIRECTION('center_axis',(0.,1.,0.));
#1869=DIRECTION('ref_axis',(-1.,0.,0.));
#1870=DIRECTION('center_axis',(0.,-1.,0.));
#1871=DIRECTION('ref_axis',(0.707106781186547,0.,0.707106781186547));
#1872=DIRECTION('center_axis',(0.,1.,0.));
#1873=DIRECTION('ref_axis',(0.707106781186547,0.,0.707106781186547));
#1874=DIRECTION('',(0.,-1.,0.));
#1875=DIRECTION('center_axis',(0.,1.,0.));
#1876=DIRECTION('ref_axis',(0.707106781186547,0.,0.707106781186547));
#1877=DIRECTION('center_axis',(0.,0.,1.));
#1878=DIRECTION('ref_axis',(1.,0.,0.));
#1879=DIRECTION('center_axis',(0.,0.,1.));
#1880=DIRECTION('ref_axis',(0.986470561919582,-0.163938495985729,0.));
#1881=DIRECTION('',(-1.,0.,0.));
#1882=DIRECTION('center_axis',(0.,0.,1.));
#1883=DIRECTION('ref_axis',(-0.986470561919582,-0.163938495985729,0.));
#1884=DIRECTION('center_axis',(0.,0.,-1.));
#1885=DIRECTION('ref_axis',(0.439246252297204,0.898366701209957,0.));
#1886=DIRECTION('',(0.,1.,0.));
#1887=DIRECTION('center_axis',(0.,0.,-1.));
#1888=DIRECTION('ref_axis',(0.436077074563525,-0.899909320454077,0.));
#1889=DIRECTION('',(1.,0.,0.));
#1890=DIRECTION('center_axis',(0.,0.,1.));
#1891=DIRECTION('ref_axis',(0.984397424267216,0.17595940184051,0.));
#1892=DIRECTION('center_axis',(0.,0.,-1.));
#1893=DIRECTION('ref_axis',(-0.436077074563525,-0.899909320454076,0.));
#1894=DIRECTION('center_axis',(0.,0.,1.));
#1895=DIRECTION('ref_axis',(1.,0.,0.));
#1896=DIRECTION('center_axis',(0.,0.,1.));
#1897=DIRECTION('ref_axis',(1.,0.,0.));
#1898=DIRECTION('center_axis',(0.,0.,1.));
#1899=DIRECTION('ref_axis',(1.,0.,0.));
#1900=DIRECTION('center_axis',(0.,0.,1.));
#1901=DIRECTION('ref_axis',(1.,0.,0.));
#1902=DIRECTION('center_axis',(0.,0.,1.));
#1903=DIRECTION('ref_axis',(1.,0.,0.));
#1904=DIRECTION('center_axis',(0.,0.,1.));
#1905=DIRECTION('ref_axis',(1.,0.,0.));
#1906=DIRECTION('center_axis',(0.,0.,1.));
#1907=DIRECTION('ref_axis',(1.,0.,0.));
#1908=DIRECTION('center_axis',(0.,0.,1.));
#1909=DIRECTION('ref_axis',(1.,0.,0.));
#1910=DIRECTION('center_axis',(0.,0.,-1.));
#1911=DIRECTION('ref_axis',(0.439246252297204,0.898366701209957,0.));
#1912=DIRECTION('',(0.,0.,1.));
#1913=DIRECTION('',(0.,0.,-1.));
#1914=DIRECTION('',(0.,0.,-1.));
#1915=DIRECTION('center_axis',(0.,1.,0.));
#1916=DIRECTION('ref_axis',(-0.707106781186547,0.,0.707106781186547));
#1917=DIRECTION('',(0.,1.,0.));
#1918=DIRECTION('center_axis',(0.,0.,1.));
#1919=DIRECTION('ref_axis',(-0.986470561919582,-0.163938495985729,0.));
#1920=DIRECTION('',(0.,0.,-1.));
#1921=DIRECTION('center_axis',(0.,0.,1.));
#1922=DIRECTION('ref_axis',(0.436077074563525,-0.899909320454077,0.));
#1923=DIRECTION('',(0.,0.,-1.));
#1924=DIRECTION('',(0.,0.,1.));
#1925=DIRECTION('center_axis',(-1.,0.,0.));
#1926=DIRECTION('ref_axis',(0.,-1.,0.));
#1927=DIRECTION('center_axis',(1.,0.,0.));
#1928=DIRECTION('ref_axis',(0.,-1.,0.));
#1929=DIRECTION('center_axis',(-1.,0.,0.));
#1930=DIRECTION('ref_axis',(0.,1.,0.));
#1931=DIRECTION('center_axis',(-1.,0.,0.));
#1932=DIRECTION('ref_axis',(0.,-1.,0.));
#1933=DIRECTION('center_axis',(-1.,0.,0.));
#1934=DIRECTION('ref_axis',(0.,-1.,0.));
#1935=DIRECTION('center_axis',(-1.,0.,0.));
#1936=DIRECTION('ref_axis',(0.,-1.,0.));
#1937=DIRECTION('center_axis',(-1.,0.,0.));
#1938=DIRECTION('ref_axis',(0.,-1.,0.));
#1939=DIRECTION('center_axis',(-1.,0.,0.));
#1940=DIRECTION('ref_axis',(0.,-1.,0.));
#1941=DIRECTION('',(-1.,0.,0.));
#1942=DIRECTION('center_axis',(1.,0.,0.));
#1943=DIRECTION('ref_axis',(0.,-1.,0.));
#1944=DIRECTION('',(-1.,0.,0.));
#1945=DIRECTION('center_axis',(0.,-1.,0.));
#1946=DIRECTION('ref_axis',(1.,0.,0.));
#1947=DIRECTION('center_axis',(0.,1.,0.));
#1948=DIRECTION('ref_axis',(-0.707106781186548,0.,0.707106781186547));
#1949=DIRECTION('',(0.,0.,-1.));
#1950=DIRECTION('center_axis',(0.,0.,-1.));
#1951=DIRECTION('ref_axis',(-0.436077074563525,-0.899909320454076,0.));
#1952=DIRECTION('',(0.,0.,1.));
#1953=DIRECTION('',(0.,0.,-1.));
#1954=DIRECTION('',(0.,0.,-1.));
#1955=DIRECTION('center_axis',(0.,0.,1.));
#1956=DIRECTION('ref_axis',(0.984397424267216,0.17595940184051,0.));
#1957=DIRECTION('',(0.,0.,-1.));
#1958=DIRECTION('center_axis',(0.,-1.,0.));
#1959=DIRECTION('ref_axis',(1.,0.,0.));
#1960=DIRECTION('center_axis',(0.,0.,-1.));
#1961=DIRECTION('ref_axis',(0.986470561919582,-0.163938495985729,0.));
#1962=DIRECTION('',(0.,0.,1.));
#1963=DIRECTION('center_axis',(0.,-1.,0.));
#1964=DIRECTION('ref_axis',(1.,0.,0.));
#1965=DIRECTION('center_axis',(0.,1.,0.));
#1966=DIRECTION('ref_axis',(-1.,0.,0.));
#1967=DIRECTION('',(0.,0.,1.));
#1968=DIRECTION('center_axis',(0.,-1.,0.));
#1969=DIRECTION('ref_axis',(-0.707106781186548,0.,0.707106781186547));
#1970=DIRECTION('center_axis',(0.,1.,0.));
#1971=DIRECTION('ref_axis',(-1.,0.,0.));
#1972=DIRECTION('center_axis',(1.,0.,0.));
#1973=DIRECTION('ref_axis',(0.,-1.,0.));
#1974=DIRECTION('center_axis',(1.,0.,0.));
#1975=DIRECTION('ref_axis',(0.,-1.,0.));
#1976=DIRECTION('',(1.,0.,0.));
#1977=DIRECTION('center_axis',(1.,0.,0.));
#1978=DIRECTION('ref_axis',(0.,-1.,0.));
#1979=DIRECTION('center_axis',(1.,0.,0.));
#1980=DIRECTION('ref_axis',(0.,-1.,0.));
#1981=DIRECTION('',(1.,0.,0.));
#1982=DIRECTION('center_axis',(1.,0.,0.));
#1983=DIRECTION('ref_axis',(0.,-1.,0.));
#1984=DIRECTION('center_axis',(1.,0.,0.));
#1985=DIRECTION('ref_axis',(0.,-1.,0.));
#1986=DIRECTION('',(1.,0.,0.));
#1987=DIRECTION('center_axis',(1.,0.,0.));
#1988=DIRECTION('ref_axis',(0.,-1.,0.));
#1989=DIRECTION('center_axis',(1.,0.,0.));
#1990=DIRECTION('ref_axis',(0.,-1.,0.));
#1991=DIRECTION('',(1.,0.,0.));
#1992=DIRECTION('center_axis',(0.,1.,0.));
#1993=DIRECTION('ref_axis',(-0.707106781186548,0.,0.707106781186547));
#1994=DIRECTION('',(0.,-1.,0.));
#1995=DIRECTION('center_axis',(-1.,0.,0.));
#1996=DIRECTION('ref_axis',(0.,-1.,0.));
#1997=DIRECTION('center_axis',(1.,0.,0.));
#1998=DIRECTION('ref_axis',(0.,1.,0.));
#1999=DIRECTION('center_axis',(1.,0.,0.));
#2000=DIRECTION('ref_axis',(0.,-1.,0.));
#2001=DIRECTION('center_axis',(1.,0.,0.));
#2002=DIRECTION('ref_axis',(0.,-1.,0.));
#2003=DIRECTION('',(1.,0.,0.));
#2004=DIRECTION('center_axis',(-1.,0.,0.));
#2005=DIRECTION('ref_axis',(0.,1.,0.));
#2006=DIRECTION('',(-1.,0.,0.));
#2007=DIRECTION('center_axis',(0.,1.,0.));
#2008=DIRECTION('ref_axis',(0.707106781186547,0.,0.707106781186547));
#2009=DIRECTION('',(0.,-1.,0.));
#2010=DIRECTION('center_axis',(0.,0.,-1.));
#2011=DIRECTION('ref_axis',(1.,0.,0.));
#2012=DIRECTION('',(0.,0.,-1.));
#2013=DIRECTION('center_axis',(0.,0.,-1.));
#2014=DIRECTION('ref_axis',(1.,0.,0.));
#2015=DIRECTION('',(0.,0.,-1.));
#2016=DIRECTION('center_axis',(0.,0.,-1.));
#2017=DIRECTION('ref_axis',(1.,0.,0.));
#2018=DIRECTION('',(0.,0.,-1.));
#2019=DIRECTION('center_axis',(0.,0.,-1.));
#2020=DIRECTION('ref_axis',(1.,0.,0.));
#2021=DIRECTION('',(0.,0.,-1.));
#2022=DIRECTION('center_axis',(0.,0.,-1.));
#2023=DIRECTION('ref_axis',(1.,0.,0.));
#2024=DIRECTION('',(0.,0.,-1.));
#2025=DIRECTION('center_axis',(0.,0.,-1.));
#2026=DIRECTION('ref_axis',(1.,0.,0.));
#2027=DIRECTION('',(0.,0.,-1.));
#2028=DIRECTION('center_axis',(0.,0.,-1.));
#2029=DIRECTION('ref_axis',(1.,0.,0.));
#2030=DIRECTION('',(0.,0.,-1.));
#2031=DIRECTION('center_axis',(0.,0.,-1.));
#2032=DIRECTION('ref_axis',(1.,0.,0.));
#2033=DIRECTION('',(0.,0.,-1.));
#2034=DIRECTION('center_axis',(1.,0.,0.));
#2035=DIRECTION('ref_axis',(0.,1.,0.));
#2036=CARTESIAN_POINT('',(0.,0.,0.));
#2037=CARTESIAN_POINT('Origin',(60.0000008940697,40.0000005960464,10.0000001490116));
#2038=CARTESIAN_POINT('',(60.0000008940697,40.0000005960464,10.0000001490116));
#2039=CARTESIAN_POINT('',(60.0000008940697,15.0000002235174,10.0000001490116));
#2040=CARTESIAN_POINT('',(60.0000008940697,20.0000002980232,10.0000001490116));
#2041=CARTESIAN_POINT('',(60.0000008940697,40.0000005960464,15.0000001490116));
#2042=CARTESIAN_POINT('',(60.0000008940697,40.0000005960464,10.0000001490116));
#2043=CARTESIAN_POINT('',(60.0000008940697,15.0000002235174,15.0000001490116));
#2044=CARTESIAN_POINT('',(60.0000008940697,15.0000002235174,15.0000001490116));
#2045=CARTESIAN_POINT('',(60.0000008940697,15.0000002235174,10.0000001490116));
#2046=CARTESIAN_POINT('Origin',(88.0000013113022,40.0000005960464,10.0000001490116));
#2047=CARTESIAN_POINT('',(88.0000013113022,40.0000005960464,10.0000001490116));
#2048=CARTESIAN_POINT('',(44.0000006556511,40.0000005960464,10.0000001490116));
#2049=CARTESIAN_POINT('',(88.0000013113022,40.0000005960464,15.0000001490116));
#2050=CARTESIAN_POINT('',(88.0000013113022,40.0000005960464,10.0000001490116));
#2051=CARTESIAN_POINT('',(60.0000008940697,40.0000005960464,15.0000001490116));
#2052=CARTESIAN_POINT('Origin',(88.0000013113022,15.0000002235174,10.0000001490116));
#2053=CARTESIAN_POINT('',(88.0000013113022,15.0000002235174,10.0000001490116));
#2054=CARTESIAN_POINT('',(88.0000013113022,7.50000011175871,10.0000001490116));
#2055=CARTESIAN_POINT('',(88.0000013113022,15.0000002235174,15.0000001490116));
#2056=CARTESIAN_POINT('',(88.0000013113022,15.0000002235174,10.0000001490116));
#2057=CARTESIAN_POINT('',(88.0000013113022,40.0000005960464,15.0000001490116));
#2058=CARTESIAN_POINT('Origin',(85.0000012665987,15.0000002235174,10.0000001490116));
#2059=CARTESIAN_POINT('',(85.0000012665987,15.0000002235174,10.0000001490116));
#2060=CARTESIAN_POINT('',(42.5000006332994,15.0000002235174,10.0000001490116));
#2061=CARTESIAN_POINT('',(85.0000012665987,15.0000002235174,15.0000001490116));
#2062=CARTESIAN_POINT('',(85.0000012665987,15.0000002235174,10.0000001490116));
#2063=CARTESIAN_POINT('',(88.0000013113022,15.0000002235174,15.0000001490116));
#2064=CARTESIAN_POINT('Origin',(85.0000012665987,0.0828073988400968,10.0000001490116));
#2065=CARTESIAN_POINT('',(85.0000012665987,0.0828073988400968,10.0000001490116));
#2066=CARTESIAN_POINT('',(85.0000012665987,0.0414036994200484,10.0000001490116));
#2067=CARTESIAN_POINT('',(85.0000012665987,0.0828073988400968,15.0000001490116));
#2068=CARTESIAN_POINT('',(85.0000012665987,0.0828073988400924,5.00000007450581));
#2069=CARTESIAN_POINT('',(85.0000012665987,15.0000002235174,15.0000001490116));
#2070=CARTESIAN_POINT('Origin',(62.9680772719835,15.0000002235174,10.0000001490116));
#2071=CARTESIAN_POINT('',(62.9680772719835,15.0000002235174,10.0000001490116));
#2072=CARTESIAN_POINT('',(62.9680772719835,9.7212179447847,10.0000001490116));
#2073=CARTESIAN_POINT('',(62.9680772719835,7.50000011175871,10.0000001490116));
#2074=CARTESIAN_POINT('',(62.9680772719835,15.0000002235174,15.0000001490116));
#2075=CARTESIAN_POINT('',(62.9680772719835,15.0000002235174,10.0000001490116));
#2076=CARTESIAN_POINT('',(62.9680772719835,9.72121794478471,15.0000001490116));
#2077=CARTESIAN_POINT('',(62.9680772719835,-1.00000001490116,15.0000001490116));
#2078=CARTESIAN_POINT('',(62.9680772719835,9.7212179447847,5.00000007450581));
#2079=CARTESIAN_POINT('Origin',(60.0000008940697,15.0000002235174,10.0000001490116));
#2080=CARTESIAN_POINT('',(30.0000004470348,15.0000002235174,10.0000001490116));
#2081=CARTESIAN_POINT('',(88.0000013113022,15.0000002235174,15.0000001490116));
#2082=CARTESIAN_POINT('Origin',(74.0000011026859,20.0414039974433,15.0000001490116));
#2083=CARTESIAN_POINT('Origin',(62.9680772719835,-20.2787820552153,15.0000001490116));
#2084=CARTESIAN_POINT('',(83.4055011175871,37.,15.0000001490116));
#2085=CARTESIAN_POINT('Origin',(84.6700011175871,37.,15.0000001490116));
#2086=CARTESIAN_POINT('',(62.4055011175871,37.,15.0000001490116));
#2087=CARTESIAN_POINT('Origin',(63.6700011175871,37.,15.0000001490116));
#2088=CARTESIAN_POINT('',(67.0000011175871,18.,15.0000001490116));
#2089=CARTESIAN_POINT('',(67.0000011175871,31.,15.0000001490116));
#2090=CARTESIAN_POINT('',(67.0000011175871,20.0207019987216,15.0000001490116));
#2091=CARTESIAN_POINT('',(81.5000011175871,18.,15.0000001490116));
#2092=CARTESIAN_POINT('',(76.7500011101365,18.,15.0000001490116));
#2093=CARTESIAN_POINT('',(81.5000011175871,31.,15.0000001490116));
#2094=CARTESIAN_POINT('',(81.5000011175871,24.5207019987216,15.0000001490116));
#2095=CARTESIAN_POINT('',(72.2500011101365,31.,15.0000001490116));
#2096=CARTESIAN_POINT('',(83.4055011175871,24.5,15.0000001490116));
#2097=CARTESIAN_POINT('Origin',(84.6700011175871,24.5,15.0000001490116));
#2098=CARTESIAN_POINT('',(62.4055011175871,24.5,15.0000001490116));
#2099=CARTESIAN_POINT('Origin',(63.6700011175871,24.5,15.0000001490116));
#2100=CARTESIAN_POINT('Origin',(81.5000011175871,29.,15.));
#2101=CARTESIAN_POINT('',(81.5000011175871,18.,17.5));
#2102=CARTESIAN_POINT('',(81.5000011175871,18.,15.));
#2103=CARTESIAN_POINT('',(81.5000011175871,31.,17.5));
#2104=CARTESIAN_POINT('',(81.5000011175871,29.5,17.5));
#2105=CARTESIAN_POINT('',(81.5000011175871,31.,15.));
#2106=CARTESIAN_POINT('Origin',(79.5000011175871,18.,15.));
#2107=CARTESIAN_POINT('',(67.0000011175871,18.,17.5));
#2108=CARTESIAN_POINT('',(67.0000011175871,18.,15.));
#2109=CARTESIAN_POINT('',(64.7500005587935,18.,17.5));
#2110=CARTESIAN_POINT('Origin',(0.,0.,10.0000001490116));
#2111=CARTESIAN_POINT('',(37.0319227280165,9.7212179447847,10.0000001490116));
#2112=CARTESIAN_POINT('',(46.25,9.7212179447847,10.0000001490116));
#2113=CARTESIAN_POINT('',(35.0000005215406,9.65232704797081,10.0000001490116));
#2114=CARTESIAN_POINT('Origin',(37.0319227280165,-20.2787820552153,10.0000001490116));
#2115=CARTESIAN_POINT('',(35.0000005215406,15.0000002235174,10.0000001490116));
#2116=CARTESIAN_POINT('',(35.0000005215406,-3.50000005215406,10.0000001490116));
#2117=CARTESIAN_POINT('',(38.0000005662441,15.0000002235174,10.0000001490116));
#2118=CARTESIAN_POINT('',(17.5000002607703,15.0000002235174,10.0000001490116));
#2119=CARTESIAN_POINT('',(38.0000005662441,40.0000005960464,10.0000001490116));
#2120=CARTESIAN_POINT('',(38.0000005662441,7.50000011175871,10.0000001490116));
#2121=CARTESIAN_POINT('',(10.0000001490116,40.0000005960464,10.0000001490116));
#2122=CARTESIAN_POINT('',(19.0000002831221,40.0000005960464,10.0000001490116));
#2123=CARTESIAN_POINT('',(10.0000001490116,15.0000002235174,10.0000001490116));
#2124=CARTESIAN_POINT('',(10.0000001490116,20.0000002980232,10.0000001490116));
#2125=CARTESIAN_POINT('',(13.0000001937151,15.0000002235174,10.0000001490116));
#2126=CARTESIAN_POINT('',(5.00000007450581,15.0000002235174,10.0000001490116));
#2127=CARTESIAN_POINT('',(13.0000001937151,-2.29049564426743,10.0000001490116));
#2128=CARTESIAN_POINT('',(13.0000001937151,7.50000011175871,10.0000001490116));
#2129=CARTESIAN_POINT('',(7.5,-7.63041267514645,10.0000001490116));
#2130=CARTESIAN_POINT('Origin',(-13.9839543706718,20.,10.0000001490116));
#2131=CARTESIAN_POINT('',(7.5,67.4575621244979,10.0000001490116));
#2132=CARTESIAN_POINT('',(7.5,15.,10.0000001490116));
#2133=CARTESIAN_POINT('',(13.4178644558829,61.4943910890002,10.0000001490116));
#2134=CARTESIAN_POINT('Origin',(-14.2044300127724,40.,10.0000001490116));
#2135=CARTESIAN_POINT('',(37.0941168575875,49.9181548795719,10.0000001490116));
#2136=CARTESIAN_POINT('Origin',(37.0941168575875,79.9181548795719,10.0000001490116));
#2137=CARTESIAN_POINT('',(62.9058831424125,49.9181548795719,10.0000001490116));
#2138=CARTESIAN_POINT('',(3.75,49.9181548795719,10.0000001490116));
#2139=CARTESIAN_POINT('',(86.5821355441171,61.4943910890002,10.0000001490116));
#2140=CARTESIAN_POINT('Origin',(62.9058831424125,79.9181548795719,10.0000001490116));
#2141=CARTESIAN_POINT('',(92.5,67.4575621244979,10.0000001490116));
#2142=CARTESIAN_POINT('Origin',(114.204430012772,40.,10.0000001490116));
#2143=CARTESIAN_POINT('',(92.5,-7.63041267514644,10.0000001490116));
#2144=CARTESIAN_POINT('',(92.5,15.0000002235174,10.0000001490116));
#2145=CARTESIAN_POINT('',(86.5138667021473,-1.68857495280823,10.0000001490116));
#2146=CARTESIAN_POINT('Origin',(113.983954370672,20.,10.0000001490116));
#2147=CARTESIAN_POINT('Origin',(62.9680772719835,-20.2787820552153,10.0000001490116));
#2148=CARTESIAN_POINT('Origin',(35.0000005215406,-7.00000010430813,10.0000001490116));
#2149=CARTESIAN_POINT('',(35.0000005215406,9.65232704797081,15.0000001490116));
#2150=CARTESIAN_POINT('',(35.0000005215406,9.65232704797081,5.00000007450581));
#2151=CARTESIAN_POINT('',(35.0000005215406,15.0000002235174,15.0000001490116));
#2152=CARTESIAN_POINT('',(35.0000005215406,-7.00000010430813,15.0000001490116));
#2153=CARTESIAN_POINT('',(35.0000005215406,15.0000002235174,10.0000001490116));
#2154=CARTESIAN_POINT('Origin',(10.0000001490116,40.0000005960464,10.0000001490116));
#2155=CARTESIAN_POINT('',(10.0000001490116,40.0000005960464,15.0000001490116));
#2156=CARTESIAN_POINT('',(10.0000001490116,40.0000005960464,10.0000001490116));
#2157=CARTESIAN_POINT('',(10.0000001490116,15.0000002235174,15.0000001490116));
#2158=CARTESIAN_POINT('',(10.0000001490116,15.0000002235174,15.0000001490116));
#2159=CARTESIAN_POINT('',(10.0000001490116,15.0000002235174,10.0000001490116));
#2160=CARTESIAN_POINT('Origin',(38.0000005662441,40.0000005960464,10.0000001490116));
#2161=CARTESIAN_POINT('',(38.0000005662441,40.0000005960464,15.0000001490116));
#2162=CARTESIAN_POINT('',(38.0000005662441,40.0000005960464,10.0000001490116));
#2163=CARTESIAN_POINT('',(10.0000001490116,40.0000005960464,15.0000001490116));
#2164=CARTESIAN_POINT('Origin',(38.0000005662441,15.0000002235174,10.0000001490116));
#2165=CARTESIAN_POINT('',(38.0000005662441,15.0000002235174,15.0000001490116));
#2166=CARTESIAN_POINT('',(38.0000005662441,15.0000002235174,10.0000001490116));
#2167=CARTESIAN_POINT('',(38.0000005662441,40.0000005960464,15.0000001490116));
#2168=CARTESIAN_POINT('Origin',(35.0000005215406,15.0000002235174,10.0000001490116));
#2169=CARTESIAN_POINT('',(38.0000005662441,15.0000002235174,15.0000001490116));
#2170=CARTESIAN_POINT('Origin',(13.0000001937151,15.0000002235174,10.0000001490116));
#2171=CARTESIAN_POINT('',(13.0000001937151,-2.29049564426743,15.0000001490116));
#2172=CARTESIAN_POINT('',(13.0000001937151,-2.29049564426743,5.00000007450581));
#2173=CARTESIAN_POINT('',(13.0000001937151,15.0000002235174,15.0000001490116));
#2174=CARTESIAN_POINT('',(13.0000001937151,15.0000002235174,10.0000001490116));
#2175=CARTESIAN_POINT('',(13.0000001937151,15.0000002235174,15.0000001490116));
#2176=CARTESIAN_POINT('Origin',(10.0000001490116,15.0000002235174,10.0000001490116));
#2177=CARTESIAN_POINT('',(38.0000005662441,15.0000002235174,15.0000001490116));
#2178=CARTESIAN_POINT('Origin',(24.0000003576279,16.5000002458692,15.0000001490116));
#2179=CARTESIAN_POINT('',(13.4861332978527,-1.68857495280823,15.0000001490116));
#2180=CARTESIAN_POINT('Origin',(37.0319227280165,-20.2787820552153,15.0000001490116));
#2181=CARTESIAN_POINT('Origin',(-13.9839543706718,20.,15.0000001490116));
#2182=CARTESIAN_POINT('',(33.405500372529,37.,15.0000001490116));
#2183=CARTESIAN_POINT('Origin',(34.670000372529,37.,15.0000001490116));
#2184=CARTESIAN_POINT('',(31.500000372529,31.,15.0000001490116));
#2185=CARTESIAN_POINT('',(31.500000372529,18.,15.0000001490116));
#2186=CARTESIAN_POINT('',(31.500000372529,22.7500001229346,15.0000001490116));
#2187=CARTESIAN_POINT('',(17.000000372529,31.,15.0000001490116));
#2188=CARTESIAN_POINT('',(22.2500003650785,31.,15.0000001490116));
#2189=CARTESIAN_POINT('',(17.000000372529,18.,15.0000001490116));
#2190=CARTESIAN_POINT('',(17.000000372529,18.2500001229346,15.0000001490116));
#2191=CARTESIAN_POINT('',(26.7500003650784,18.,15.0000001490116));
#2192=CARTESIAN_POINT('',(12.4055001245321,24.5,15.0000001490116));
#2193=CARTESIAN_POINT('Origin',(13.670000372529,24.5,15.0000001490116));
#2194=CARTESIAN_POINT('',(12.405500372529,37.,15.0000001490116));
#2195=CARTESIAN_POINT('Origin',(13.670000372529,37.,15.0000001490116));
#2196=CARTESIAN_POINT('',(33.405500372529,24.5,15.0000001490116));
#2197=CARTESIAN_POINT('Origin',(34.670000372529,24.5,15.0000001490116));
#2198=CARTESIAN_POINT('Origin',(20.500000372529,31.,15.));
#2199=CARTESIAN_POINT('',(31.500000372529,31.,17.5));
#2200=CARTESIAN_POINT('',(31.500000372529,31.,15.));
#2201=CARTESIAN_POINT('',(17.000000372529,31.,17.5));
#2202=CARTESIAN_POINT('',(39.7500001862645,31.,17.5));
#2203=CARTESIAN_POINT('',(17.000000372529,31.,15.));
#2204=CARTESIAN_POINT('Origin',(31.500000372529,29.,15.));
#2205=CARTESIAN_POINT('',(31.500000372529,18.,17.5));
#2206=CARTESIAN_POINT('',(31.500000372529,18.,15.));
#2207=CARTESIAN_POINT('',(31.500000372529,25.,17.5));
#2208=CARTESIAN_POINT('Origin',(37.0319227280165,-20.2787820552153,5.00000007450581));
#2209=CARTESIAN_POINT('',(37.0319227280165,9.7212179447847,17.5));
#2210=CARTESIAN_POINT('',(37.0319227280165,9.7212179447847,5.00000007450581));
#2211=CARTESIAN_POINT('',(13.4861332978527,-1.68857495280823,17.5));
#2212=CARTESIAN_POINT('Origin',(37.0319227280165,-20.2787820552153,17.5));
#2213=CARTESIAN_POINT('',(13.4861332978527,-1.68857495280823,5.00000007450581));
#2214=CARTESIAN_POINT('Origin',(70.5000011175871,31.,15.));
#2215=CARTESIAN_POINT('',(67.0000011175871,31.,17.5));
#2216=CARTESIAN_POINT('',(60.2500005587935,31.,17.5));
#2217=CARTESIAN_POINT('',(67.0000011175871,31.,15.));
#2218=CARTESIAN_POINT('Origin',(67.0000011175871,20.,15.));
#2219=CARTESIAN_POINT('',(67.0000011175871,29.5,17.5));
#2220=CARTESIAN_POINT('Origin',(29.500000372529,18.,15.));
#2221=CARTESIAN_POINT('',(17.000000372529,18.,17.5));
#2222=CARTESIAN_POINT('',(17.000000372529,18.,15.));
#2223=CARTESIAN_POINT('',(39.7500001862645,18.,17.5));
#2224=CARTESIAN_POINT('Origin',(17.000000372529,20.,15.));
#2225=CARTESIAN_POINT('',(17.000000372529,25.,17.5));
#2226=CARTESIAN_POINT('Origin',(115.,25.000000372529,-61.0000009089708));
#2227=CARTESIAN_POINT('',(115.,25.000000372529,-58.0130946041481));
#2228=CARTESIAN_POINT('',(103.,25.000000372529,-58.0130946041481));
#2229=CARTESIAN_POINT('',(109.,25.000000372529,-58.0130946041481));
#2230=CARTESIAN_POINT('',(115.,25.000000372529,-61.0000009089708));
#2231=CARTESIAN_POINT('',(115.,25.000000372529,-41.7500005662441));
#2232=CARTESIAN_POINT('',(103.,25.000000372529,-61.0000009089708));
#2233=CARTESIAN_POINT('',(115.,25.000000372529,-61.0000009089708));
#2234=CARTESIAN_POINT('',(103.,25.000000372529,-57.0000008493662));
#2235=CARTESIAN_POINT('Origin',(115.,35.0000005215406,-61.0000009089708));
#2236=CARTESIAN_POINT('',(115.,35.0000005215406,-61.0000009089708));
#2237=CARTESIAN_POINT('',(115.,32.5000004842877,-61.0000009089708));
#2238=CARTESIAN_POINT('',(103.,35.0000005215406,-61.0000009089708));
#2239=CARTESIAN_POINT('',(115.,35.0000005215406,-61.0000009089708));
#2240=CARTESIAN_POINT('',(103.,25.000000372529,-61.0000009089708));
#2241=CARTESIAN_POINT('Origin',(115.,35.0000005215406,-57.0000008493662));
#2242=CARTESIAN_POINT('',(103.,35.0000005215406,-58.0130946041481));
#2243=CARTESIAN_POINT('',(115.,35.0000005215406,-58.0130946041481));
#2244=CARTESIAN_POINT('',(109.,35.0000005215406,-58.0130946041481));
#2245=CARTESIAN_POINT('',(103.,35.0000005215406,-61.0000009089708));
#2246=CARTESIAN_POINT('',(115.,35.0000005215406,-39.7500005364418));
#2247=CARTESIAN_POINT('Origin',(103.,30.0000004470348,-35.0000005215406));
#2248=CARTESIAN_POINT('',(103.,35.0000005215406,-11.9869064389332));
#2249=CARTESIAN_POINT('Origin',(103.,30.0000004470348,-35.0000005215406));
#2250=CARTESIAN_POINT('',(103.,35.0000005215406,-9.00000013411045));
#2251=CARTESIAN_POINT('',(103.,35.0000005215406,-9.00000013411045));
#2252=CARTESIAN_POINT('',(103.,25.000000372529,-9.00000013411045));
#2253=CARTESIAN_POINT('',(103.,25.000000372529,-9.00000013411045));
#2254=CARTESIAN_POINT('',(103.,25.000000372529,-11.9869064389332));
#2255=CARTESIAN_POINT('',(103.,25.000000372529,-13.0000001937151));
#2256=CARTESIAN_POINT('Origin',(103.,30.0000004470348,-35.0000005215406));
#2257=CARTESIAN_POINT('',(103.,50.0000004470348,-35.0000005215406));
#2258=CARTESIAN_POINT('Origin',(103.,30.0000004470348,-35.0000005215406));
#2259=CARTESIAN_POINT('Origin',(109.,30.0000004470348,-35.0000005215406));
#2260=CARTESIAN_POINT('',(115.,35.0000005215406,-11.9869064389332));
#2261=CARTESIAN_POINT('Origin',(115.,30.0000004470348,-35.0000005215406));
#2262=CARTESIAN_POINT('',(109.,35.0000005215406,-11.9869064389332));
#2263=CARTESIAN_POINT('Origin',(115.,25.000000372529,-13.0000001937151));
#2264=CARTESIAN_POINT('',(115.,25.000000372529,-11.9869064389332));
#2265=CARTESIAN_POINT('',(109.,25.000000372529,-11.9869064389332));
#2266=CARTESIAN_POINT('',(115.,25.000000372529,-9.00000013411045));
#2267=CARTESIAN_POINT('',(115.,25.000000372529,-9.00000013411045));
#2268=CARTESIAN_POINT('',(115.,25.000000372529,-17.7500002086163));
#2269=CARTESIAN_POINT('Origin',(115.,35.0000005215406,-9.00000013411045));
#2270=CARTESIAN_POINT('',(115.,35.0000005215406,-9.00000013411045));
#2271=CARTESIAN_POINT('',(115.,35.0000005215406,-15.7500001788139));
#2272=CARTESIAN_POINT('',(115.,35.0000005215406,-9.00000013411045));
#2273=CARTESIAN_POINT('Origin',(115.,25.000000372529,-9.00000013411045));
#2274=CARTESIAN_POINT('',(115.,27.5000004097819,-9.00000013411045));
#2275=CARTESIAN_POINT('Origin',(109.,30.0000004470348,-35.0000005215406));
#2276=CARTESIAN_POINT('Origin',(115.,30.0000004470348,-35.0000005215406));
#2277=CARTESIAN_POINT('Origin',(115.,30.0000004470348,-22.5000002235174));
#2278=CARTESIAN_POINT('',(115.,-15.,-2.5));
#2279=CARTESIAN_POINT('',(115.,75.,-2.5));
#2280=CARTESIAN_POINT('',(115.,30.0000002235174,-2.5));
#2281=CARTESIAN_POINT('',(115.,-15.,-30.));
#2282=CARTESIAN_POINT('',(115.,-15.,-11.2500001117587));
#2283=CARTESIAN_POINT('',(115.,75.0000008940697,-30.));
#2284=CARTESIAN_POINT('Origin',(115.,30.0000004470348,-30.));
#2285=CARTESIAN_POINT('',(115.,75.,-11.2500001117587));
#2286=CARTESIAN_POINT('Origin',(114.204430012772,40.,5.00000007450581));
#2287=CARTESIAN_POINT('',(95.,69.2607222720924,17.5));
#2288=CARTESIAN_POINT('',(114.204430012772,75.,3.08478897403704));
#2289=CARTESIAN_POINT('Ctrl Pts',(95.,69.2607222720924,17.5));
#2290=CARTESIAN_POINT('Ctrl Pts',(95.0969427271113,69.3243478313232,17.5));
#2291=CARTESIAN_POINT('Ctrl Pts',(95.194190891226,69.3874844582236,17.4992950728375));
#2292=CARTESIAN_POINT('Ctrl Pts',(96.3153391043496,70.1074800369998,17.4829403911818));
#2293=CARTESIAN_POINT('Ctrl Pts',(97.3711395346731,70.7087899038307,17.3876362376004));
#2294=CARTESIAN_POINT('Ctrl Pts',(99.475390786548,71.7717618193701,17.0220709747172));
#2295=CARTESIAN_POINT('Ctrl Pts',(100.52372185227,72.2335551539203,16.751502364486));
#2296=CARTESIAN_POINT('Ctrl Pts',(102.625468971965,73.0501223751214,16.0255801186354));
#2297=CARTESIAN_POINT('Ctrl Pts',(103.811116422877,73.441950313895,15.5020984062095));
#2298=CARTESIAN_POINT('Ctrl Pts',(106.081000853368,74.0645696523737,14.2009802795229));
#2299=CARTESIAN_POINT('Ctrl Pts',(107.164242430573,74.2975184952729,13.4226408948042));
#2300=CARTESIAN_POINT('Ctrl Pts',(109.124593436851,74.6453363212188,11.7256231802972));
#2301=CARTESIAN_POINT('Ctrl Pts',(110.10065939334,74.7693997168435,10.6918525555666));
#2302=CARTESIAN_POINT('Ctrl Pts',(111.827672843199,74.9299744523405,8.40340840158463));
#2303=CARTESIAN_POINT('Ctrl Pts',(112.578705182129,74.967462359493,7.14886753280319));
#2304=CARTESIAN_POINT('Ctrl Pts',(113.590645700892,74.9969850737486,4.93927328640513));
#2305=CARTESIAN_POINT('Ctrl Pts',(113.932546558264,75.,4.01971539614761));
#2306=CARTESIAN_POINT('Ctrl Pts',(114.204430012772,75.,3.08478897403705));
#2307=CARTESIAN_POINT('',(114.204430012772,75.0000008940697,-30.));
#2308=CARTESIAN_POINT('',(114.204430012772,75.,5.00000007450581));
#2309=CARTESIAN_POINT('',(100.,71.9880316370397,-46.1865770631199));
#2310=CARTESIAN_POINT('Ctrl Pts',(114.204430012772,75.,-30.));
#2311=CARTESIAN_POINT('Ctrl Pts',(111.960919777545,75.,-32.5439014786097));
#2312=CARTESIAN_POINT('Ctrl Pts',(109.620477994432,74.7815533877589,-35.1974457722961));
#2313=CARTESIAN_POINT('Ctrl Pts',(104.912031409565,73.8292831719849,-40.5543783621788));
#2314=CARTESIAN_POINT('Ctrl Pts',(102.544055353571,73.0957212593004,-43.2578384400624));
#2315=CARTESIAN_POINT('Ctrl Pts',(100.162594403707,72.0598617475489,-45.9993171616508));
#2316=CARTESIAN_POINT('Ctrl Pts',(100.081253942037,72.0241128172141,-46.0929823696508));
#2317=CARTESIAN_POINT('Ctrl Pts',(100.,71.9880316370397,-46.1865770631199));
#2318=CARTESIAN_POINT('',(100.,71.9880316370397,2.50000014901161));
#2319=CARTESIAN_POINT('',(100.,71.9880316370397,5.00000007450581));
#2320=CARTESIAN_POINT('Ctrl Pts',(100.,71.9880316370396,2.50000014901161));
#2321=CARTESIAN_POINT('Ctrl Pts',(100.,71.9880316370396,3.42719170156048));
#2322=CARTESIAN_POINT('Ctrl Pts',(99.8167111771278,71.9085079859075,4.41074025191049));
#2323=CARTESIAN_POINT('Ctrl Pts',(99.0927176271601,71.572068237237,6.20422134058958));
#2324=CARTESIAN_POINT('Ctrl Pts',(98.5527084784022,71.3126304604334,7.0139606686769));
#2325=CARTESIAN_POINT('Ctrl Pts',(97.2217122030521,70.6148755776424,8.42392926049425));
#2326=CARTESIAN_POINT('Ctrl Pts',(96.3054856099459,70.0985519055605,9.04538716562007));
#2327=CARTESIAN_POINT('Ctrl Pts',(94.3880917974261,68.8722667849697,9.83204720020817));
#2328=CARTESIAN_POINT('Ctrl Pts',(93.3892279492691,68.1604717893401,10.0000001490116));
#2329=CARTESIAN_POINT('Ctrl Pts',(92.5,67.4575621244979,10.0000001490116));
#2330=CARTESIAN_POINT('',(86.5821355441171,61.4943910890002,17.5));
#2331=CARTESIAN_POINT('',(86.5821355441171,61.4943910890002,5.00000007450581));
#2332=CARTESIAN_POINT('Origin',(114.204430012772,40.,17.5));
#2333=CARTESIAN_POINT('Origin',(100.,30.0000004470348,-30.));
#2334=CARTESIAN_POINT('',(100.,75.0000008940697,-30.));
#2335=CARTESIAN_POINT('',(113.983954370672,-15.,-30.));
#2336=CARTESIAN_POINT('',(100.,-15.,-30.));
#2337=CARTESIAN_POINT('',(100.,-12.085027975038,-45.9326841099188));
#2338=CARTESIAN_POINT('Ctrl Pts',(100.,-12.085027975038,-45.9326841099188));
#2339=CARTESIAN_POINT('Ctrl Pts',(100.007846298977,-12.0884477098424,-45.9236511286931));
#2340=CARTESIAN_POINT('Ctrl Pts',(100.015693377351,-12.0918643571192,-45.9146175259542));
#2341=CARTESIAN_POINT('Ctrl Pts',(102.323578639373,-13.0957208615936,-43.2578368529953));
#2342=CARTESIAN_POINT('Ctrl Pts',(104.691554415655,-13.8292827352505,-40.5543766411716));
#2343=CARTESIAN_POINT('Ctrl Pts',(109.399999130658,-14.7815528995191,-35.1974426376249));
#2344=CARTESIAN_POINT('Ctrl Pts',(111.740444195734,-15.,-32.5439014355192));
#2345=CARTESIAN_POINT('Ctrl Pts',(113.983954370672,-15.,-30.));
#2346=CARTESIAN_POINT('Origin',(100.,30.0000004470348,-30.));
#2347=CARTESIAN_POINT('Origin',(100.,75.,0.));
#2348=CARTESIAN_POINT('Origin',(95.,75.,-2.5));
#2349=CARTESIAN_POINT('Origin',(95.,30.0000002235174,-2.5));
#2350=CARTESIAN_POINT('',(95.,-9.4042424907062,17.5));
#2351=CARTESIAN_POINT('',(95.,30.0000002235174,17.5));
#2352=CARTESIAN_POINT('',(113.983954370672,-15.,3.79360599753843));
#2353=CARTESIAN_POINT('Ctrl Pts',(113.983954370672,-15.,3.79360599753843));
#2354=CARTESIAN_POINT('Ctrl Pts',(113.752688801655,-15.,4.49119256578657));
#2355=CARTESIAN_POINT('Ctrl Pts',(113.482263334218,-14.9977531030129,5.17774462303358));
#2356=CARTESIAN_POINT('Ctrl Pts',(112.567185143259,-14.9765991832232,7.17035038864168));
#2357=CARTESIAN_POINT('Ctrl Pts',(111.812668140291,-14.9434387493206,8.42702178537323));
#2358=CARTESIAN_POINT('Ctrl Pts',(110.077527335131,-14.7922149828789,10.718690723049));
#2359=CARTESIAN_POINT('Ctrl Pts',(109.096814563893,-14.6731712803605,11.7535561001865));
#2360=CARTESIAN_POINT('Ctrl Pts',(107.126327576505,-14.3346013316518,13.4518657412241));
#2361=CARTESIAN_POINT('Ctrl Pts',(106.037174578652,-14.1063815309371,14.2303743196688));
#2362=CARTESIAN_POINT('Ctrl Pts',(103.75470994095,-13.4926727782073,15.5299666907809));
#2363=CARTESIAN_POINT('Ctrl Pts',(102.562381089912,-13.1050073927562,16.0517475768677));
#2364=CARTESIAN_POINT('Ctrl Pts',(100.447730189131,-12.294669087444,16.7734569189867));
#2365=CARTESIAN_POINT('Ctrl Pts',(99.3926436919445,-11.8354327245747,17.0411797367433));
#2366=CARTESIAN_POINT('Ctrl Pts',(97.2751119342627,-10.7768697005,17.3991680673669));
#2367=CARTESIAN_POINT('Ctrl Pts',(96.2127842223088,-10.1774123630053,17.4897423950922));
#2368=CARTESIAN_POINT('Ctrl Pts',(95.1218555559759,-9.48264701121967,17.4997221007587));
#2369=CARTESIAN_POINT('Ctrl Pts',(95.0608699354667,-9.44354131222183,17.5));
#2370=CARTESIAN_POINT('Ctrl Pts',(95.,-9.4042424907062,17.5));
#2371=CARTESIAN_POINT('Origin',(95.,-15.,-2.5));
#2372=CARTESIAN_POINT('Origin',(50.,30.,17.5));
#2373=CARTESIAN_POINT('',(62.9058831424125,49.9181548795719,17.5));
#2374=CARTESIAN_POINT('Origin',(62.9058831424125,79.9181548795719,17.5));
#2375=CARTESIAN_POINT('',(37.0941168575875,49.9181548795719,17.5));
#2376=CARTESIAN_POINT('',(28.75,49.9181548795719,17.5));
#2377=CARTESIAN_POINT('',(13.4178644558829,61.4943910890002,17.5));
#2378=CARTESIAN_POINT('Origin',(37.0941168575875,79.9181548795719,17.5));
#2379=CARTESIAN_POINT('',(5.,69.2607222720924,17.5));
#2380=CARTESIAN_POINT('Origin',(-14.2044300127724,40.,17.5));
#2381=CARTESIAN_POINT('',(5.,-9.40424249070621,17.5));
#2382=CARTESIAN_POINT('',(5.,30.,17.5));
#2383=CARTESIAN_POINT('Origin',(-13.9839543706718,20.,17.5));
#2384=CARTESIAN_POINT('',(62.9680772719835,9.7212179447847,17.5));
#2385=CARTESIAN_POINT('',(71.25,9.7212179447847,17.5));
#2386=CARTESIAN_POINT('',(86.5138667021473,-1.68857495280823,17.5));
#2387=CARTESIAN_POINT('Origin',(62.9680772719835,-20.2787820552153,17.5));
#2388=CARTESIAN_POINT('Origin',(113.983954370672,20.,17.5));
#2389=CARTESIAN_POINT('',(62.4055011175871,37.,17.5));
#2390=CARTESIAN_POINT('Origin',(63.6700011175871,37.,17.5));
#2391=CARTESIAN_POINT('',(83.4055011175871,24.5,17.5));
#2392=CARTESIAN_POINT('Origin',(84.6700011175871,24.5,17.5));
#2393=CARTESIAN_POINT('',(62.4055011175871,24.5,17.5));
#2394=CARTESIAN_POINT('Origin',(63.6700011175871,24.5,17.5));
#2395=CARTESIAN_POINT('',(33.405500372529,24.5,17.5));
#2396=CARTESIAN_POINT('Origin',(34.670000372529,24.5,17.5));
#2397=CARTESIAN_POINT('',(33.405500372529,37.,17.5));
#2398=CARTESIAN_POINT('Origin',(34.670000372529,37.,17.5));
#2399=CARTESIAN_POINT('',(12.405500372529,37.,17.5));
#2400=CARTESIAN_POINT('Origin',(13.670000372529,37.,17.5));
#2401=CARTESIAN_POINT('',(12.405500372529,24.5,17.5));
#2402=CARTESIAN_POINT('Origin',(13.670000372529,24.5,17.5));
#2403=CARTESIAN_POINT('',(83.4055011175871,37.,17.5));
#2404=CARTESIAN_POINT('Origin',(84.6700011175871,37.,17.5));
#2405=CARTESIAN_POINT('Origin',(-14.2044300127724,40.,5.00000007450581));
#2406=CARTESIAN_POINT('',(0.,71.9880316370379,-46.1865746607214));
#2407=CARTESIAN_POINT('',(-14.2044300127724,75.,-30.));
#2408=CARTESIAN_POINT('Ctrl Pts',(2.4369048445827E-12,71.9880316370386,
-46.1865746607195));
#2409=CARTESIAN_POINT('Ctrl Pts',(-0.0812536741092251,72.0241126982397,
-46.0929802609799));
#2410=CARTESIAN_POINT('Ctrl Pts',(-0.162593867149046,72.0598615117353,-45.9993153470567));
#2411=CARTESIAN_POINT('Ctrl Pts',(-2.54405428173711,73.0957208616792,-43.257836785583));
#2412=CARTESIAN_POINT('Ctrl Pts',(-4.91203005789264,73.8292827352821,-40.5543765879739));
#2413=CARTESIAN_POINT('Ctrl Pts',(-9.62047477273323,74.7815528995099,-35.1974426118478));
#2414=CARTESIAN_POINT('Ctrl Pts',(-11.9609198377764,75.,-32.5439014229496));
#2415=CARTESIAN_POINT('Ctrl Pts',(-14.2044300127724,75.,-30.));
#2416=CARTESIAN_POINT('',(-14.2044300127724,75.,3.08478897403704));
#2417=CARTESIAN_POINT('',(-14.2044300127724,75.,5.00000007450581));
#2418=CARTESIAN_POINT('Ctrl Pts',(-14.2044300127724,75.,3.08478897403704));
#2419=CARTESIAN_POINT('Ctrl Pts',(-13.9325465582639,75.,4.01971539614759));
#2420=CARTESIAN_POINT('Ctrl Pts',(-13.5906457008917,74.9969850737486,4.93927328640512));
#2421=CARTESIAN_POINT('Ctrl Pts',(-12.5787051821293,74.967462359493,7.14886753280318));
#2422=CARTESIAN_POINT('Ctrl Pts',(-11.8276728431988,74.9299744523405,8.40340840158463));
#2423=CARTESIAN_POINT('Ctrl Pts',(-10.1006593933397,74.7693997168435,10.6918525555666));
#2424=CARTESIAN_POINT('Ctrl Pts',(-9.12459343685073,74.6453363212188,11.7256231802972));
#2425=CARTESIAN_POINT('Ctrl Pts',(-7.16424243057299,74.2975184952729,13.4226408948042));
#2426=CARTESIAN_POINT('Ctrl Pts',(-6.08100085336754,74.0645696523737,14.200980279523));
#2427=CARTESIAN_POINT('Ctrl Pts',(-3.81111642287686,73.441950313895,15.5020984062095));
#2428=CARTESIAN_POINT('Ctrl Pts',(-2.62546897196461,73.0501223751214,16.0255801186354));
#2429=CARTESIAN_POINT('Ctrl Pts',(-0.523721852269729,72.2335551539203,16.751502364486));
#2430=CARTESIAN_POINT('Ctrl Pts',(0.524609213451992,71.7717618193701,17.0220709747172));
#2431=CARTESIAN_POINT('Ctrl Pts',(2.62886046532683,70.7087899038307,17.3876362376004));
#2432=CARTESIAN_POINT('Ctrl Pts',(3.68466089565035,70.1074800369998,17.4829403911818));
#2433=CARTESIAN_POINT('Ctrl Pts',(4.80580910877402,69.3874844582236,17.4992950728375));
#2434=CARTESIAN_POINT('Ctrl Pts',(4.90305727288864,69.3243478313232,17.5));
#2435=CARTESIAN_POINT('Ctrl Pts',(5.,69.2607222720924,17.5));
#2436=CARTESIAN_POINT('',(13.4178644558829,61.4943910890002,5.00000007450581));
#2437=CARTESIAN_POINT('',(0.,71.9880316370397,2.50000014901161));
#2438=CARTESIAN_POINT('Ctrl Pts',(7.5,67.4575621244979,10.0000001490116));
#2439=CARTESIAN_POINT('Ctrl Pts',(6.61077205073087,68.1604717893401,10.0000001490116));
#2440=CARTESIAN_POINT('Ctrl Pts',(5.61190820257388,68.8722667849697,9.83204720020817));
#2441=CARTESIAN_POINT('Ctrl Pts',(3.69451439005408,70.0985519055605,9.04538716562007));
#2442=CARTESIAN_POINT('Ctrl Pts',(2.77828779694791,70.6148755776424,8.42392926049424));
#2443=CARTESIAN_POINT('Ctrl Pts',(1.44729152159779,71.3126304604334,7.01396066867689));
#2444=CARTESIAN_POINT('Ctrl Pts',(0.907282372839917,71.572068237237,6.20422134058957));
#2445=CARTESIAN_POINT('Ctrl Pts',(0.183288822872215,71.9085079859075,4.41074025191048));
#2446=CARTESIAN_POINT('Ctrl Pts',(-6.05436515235623E-16,71.9880316370397,
3.42719170156047));
#2447=CARTESIAN_POINT('Ctrl Pts',(-4.5102810375397E-16,71.9880316370397,
2.50000014901161));
#2448=CARTESIAN_POINT('',(0.,71.9880316370397,5.00000007450581));
#2449=CARTESIAN_POINT('Origin',(7.5,15.,2.50000014901161));
#2450=CARTESIAN_POINT('',(0.,-12.085027975038,2.50000014901161));
#2451=CARTESIAN_POINT('Ctrl Pts',(-4.85722573273506E-16,-12.085027975038,
2.50000014901161));
#2452=CARTESIAN_POINT('Ctrl Pts',(-5.62960326880252E-16,-12.085027975038,
3.42759459797768));
#2453=CARTESIAN_POINT('Ctrl Pts',(0.183427594605968,-12.0069391123748,4.41177782310861));
#2454=CARTESIAN_POINT('Ctrl Pts',(0.908652121665197,-11.6760026447662,6.20691924386991));
#2455=CARTESIAN_POINT('Ctrl Pts',(1.44978379459266,-11.4206384066412,7.0176813063233));
#2456=CARTESIAN_POINT('Ctrl Pts',(2.78090029668944,-10.7345856098507,8.42537444320439));
#2457=CARTESIAN_POINT('Ctrl Pts',(3.69525930888341,-10.2278975904162,9.04566571040344));
#2458=CARTESIAN_POINT('Ctrl Pts',(5.61082762650647,-9.02283444127171,9.83163093859081));
#2459=CARTESIAN_POINT('Ctrl Pts',(6.60976648719865,-8.32261139085621,10.0000001490116));
#2460=CARTESIAN_POINT('Ctrl Pts',(7.5,-7.63041267514645,10.0000001490116));
#2461=CARTESIAN_POINT('',(0.,15.,2.50000014901161));
#2462=CARTESIAN_POINT('Origin',(37.0941168575875,79.9181548795719,5.00000007450581));
#2463=CARTESIAN_POINT('',(37.0941168575875,49.9181548795719,5.00000007450581));
#2464=CARTESIAN_POINT('Origin',(-13.9839543706718,20.,5.00000007450581));
#2465=CARTESIAN_POINT('',(-13.9839543706718,-15.,3.79360599753847));
#2466=CARTESIAN_POINT('Ctrl Pts',(5.,-9.40424249070621,17.5));
#2467=CARTESIAN_POINT('Ctrl Pts',(4.93913006453335,-9.44354131222184,17.5));
#2468=CARTESIAN_POINT('Ctrl Pts',(4.87814444402411,-9.48264701121969,17.4997221007587));
#2469=CARTESIAN_POINT('Ctrl Pts',(3.7872157776912,-10.1774123630053,17.4897423950922));
#2470=CARTESIAN_POINT('Ctrl Pts',(2.7248880657373,-10.7768697005,17.3991680673669));
#2471=CARTESIAN_POINT('Ctrl Pts',(0.607356308055486,-11.8354327245747,17.0411797367433));
#2472=CARTESIAN_POINT('Ctrl Pts',(-0.447730189131331,-12.294669087444,16.7734569189867));
#2473=CARTESIAN_POINT('Ctrl Pts',(-2.56238108991189,-13.1050073927562,16.0517475768677));
#2474=CARTESIAN_POINT('Ctrl Pts',(-3.7547099409498,-13.4926727782073,15.5299666907809));
#2475=CARTESIAN_POINT('Ctrl Pts',(-6.03717457865188,-14.1063815309371,14.2303743196688));
#2476=CARTESIAN_POINT('Ctrl Pts',(-7.12632757650465,-14.3346013316519,13.4518657412241));
#2477=CARTESIAN_POINT('Ctrl Pts',(-9.09681456389255,-14.6731712803605,11.7535561001865));
#2478=CARTESIAN_POINT('Ctrl Pts',(-10.0775273351309,-14.792214982879,10.718690723049));
#2479=CARTESIAN_POINT('Ctrl Pts',(-11.8126681402911,-14.9434387493206,8.42702178537322));
#2480=CARTESIAN_POINT('Ctrl Pts',(-12.5671851432593,-14.9765991832232,7.17035038864168));
#2481=CARTESIAN_POINT('Ctrl Pts',(-13.4822633342181,-14.9977531030129,5.17774462303359));
#2482=CARTESIAN_POINT('Ctrl Pts',(-13.7526888016546,-15.,4.4911925657866));
#2483=CARTESIAN_POINT('Ctrl Pts',(-13.9839543706718,-15.,3.79360599753847));
#2484=CARTESIAN_POINT('',(-13.9839543706718,-15.,-30.));
#2485=CARTESIAN_POINT('',(-13.9839543706718,-15.,5.00000007450581));
#2486=CARTESIAN_POINT('',(0.,-12.085027975038,-45.9326840281313));
#2487=CARTESIAN_POINT('Ctrl Pts',(-13.9839543706718,-15.,-30.));
#2488=CARTESIAN_POINT('Ctrl Pts',(-11.7404441956758,-15.,-32.5439014229496));
#2489=CARTESIAN_POINT('Ctrl Pts',(-9.39999913063261,-14.7815528995099,-35.1974426118478));
#2490=CARTESIAN_POINT('Ctrl Pts',(-4.69155441579203,-13.8292827352821,-40.5543765879739));
#2491=CARTESIAN_POINT('Ctrl Pts',(-2.32357863963646,-13.0957208616792,-43.2578367855829));
#2492=CARTESIAN_POINT('Ctrl Pts',(-0.0156933775794722,-12.0918643572187,
-45.9146174440029));
#2493=CARTESIAN_POINT('Ctrl Pts',(-0.00784629909076028,-12.0884477098922,
-45.9236510468237));
#2494=CARTESIAN_POINT('Ctrl Pts',(3.26170352770295E-15,-12.085027975038,
-45.9326840281313));
#2495=CARTESIAN_POINT('',(0.,-12.085027975038,5.00000007450581));
#2496=CARTESIAN_POINT('Origin',(0.,30.,-22.5));
#2497=CARTESIAN_POINT('Origin',(0.,30.,-30.));
#2498=CARTESIAN_POINT('',(0.,15.0000004470348,-35.0000005215406));
#2499=CARTESIAN_POINT('Origin',(0.,30.0000004470348,-35.0000005215406));
#2500=CARTESIAN_POINT('',(0.,7.1170004470542,-60.0000005215213));
#2501=CARTESIAN_POINT('Origin',(0.,5.0000004470542,-60.0000005215213));
#2502=CARTESIAN_POINT('',(0.,57.1170004470155,-60.0000005215213));
#2503=CARTESIAN_POINT('Origin',(0.,55.0000004470155,-60.0000005215213));
#2504=CARTESIAN_POINT('',(0.,7.11700044705419,-10.00000052156));
#2505=CARTESIAN_POINT('Origin',(0.,5.00000044705419,-10.00000052156));
#2506=CARTESIAN_POINT('',(0.,57.1170004470155,-10.00000052156));
#2507=CARTESIAN_POINT('Origin',(0.,55.0000004470155,-10.00000052156));
#2508=CARTESIAN_POINT('Origin',(0.,30.,-30.));
#2509=CARTESIAN_POINT('',(-15.,-15.,-30.));
#2510=CARTESIAN_POINT('',(0.,-15.,-30.));
#2511=CARTESIAN_POINT('',(-15.,75.,-30.));
#2512=CARTESIAN_POINT('Origin',(-15.,30.,-30.));
#2513=CARTESIAN_POINT('',(0.,75.,-30.));
#2514=CARTESIAN_POINT('Origin',(0.,-15.,0.));
#2515=CARTESIAN_POINT('',(-15.,-15.,-2.5));
#2516=CARTESIAN_POINT('Origin',(5.,-15.,-2.5));
#2517=CARTESIAN_POINT('',(-15.,-15.,-11.25));
#2518=CARTESIAN_POINT('Origin',(113.983954370672,20.,5.00000007450581));
#2519=CARTESIAN_POINT('',(113.983954370672,-15.,5.00000007450581));
#2520=CARTESIAN_POINT('',(86.5138667021473,-1.68857495280824,5.00000007450581));
#2521=CARTESIAN_POINT('',(100.,-12.085027975038,2.50000014901161));
#2522=CARTESIAN_POINT('Ctrl Pts',(92.5,-7.63041267514644,10.0000001490116));
#2523=CARTESIAN_POINT('Ctrl Pts',(93.3902335128013,-8.3226113908562,10.0000001490116));
#2524=CARTESIAN_POINT('Ctrl Pts',(94.3891723734935,-9.02283444127169,9.83163093859081));
#2525=CARTESIAN_POINT('Ctrl Pts',(96.3047406911166,-10.2278975904162,9.04566571040345));
#2526=CARTESIAN_POINT('Ctrl Pts',(97.2190997033105,-10.7345856098507,8.42537444320439));
#2527=CARTESIAN_POINT('Ctrl Pts',(98.5502162054073,-11.4206384066411,7.0176813063233));
#2528=CARTESIAN_POINT('Ctrl Pts',(99.0913478783348,-11.6760026447662,6.20691924386993));
#2529=CARTESIAN_POINT('Ctrl Pts',(99.816572405394,-12.0069391123748,4.41177782310863));
#2530=CARTESIAN_POINT('Ctrl Pts',(100.,-12.085027975038,3.42759459797768));
#2531=CARTESIAN_POINT('Ctrl Pts',(100.,-12.085027975038,2.50000014901161));
#2532=CARTESIAN_POINT('',(100.,-12.085027975038,5.00000007450581));
#2533=CARTESIAN_POINT('Origin',(62.9680772719835,-20.2787820552153,5.00000007450581));
#2534=CARTESIAN_POINT('',(62.9680772719835,9.7212179447847,5.00000007450581));
#2535=CARTESIAN_POINT('Origin',(0.,-15.,0.));
#2536=CARTESIAN_POINT('Origin',(62.9058831424125,79.9181548795719,5.00000007450581));
#2537=CARTESIAN_POINT('',(62.9058831424125,49.9181548795719,5.00000007450581));
#2538=CARTESIAN_POINT('Origin',(7.5,49.9181548795719,10.0000001490116));
#2539=CARTESIAN_POINT('Origin',(100.,75.,0.));
#2540=CARTESIAN_POINT('',(-15.,75.,-2.5));
#2541=CARTESIAN_POINT('',(-15.,75.,-11.25));
#2542=CARTESIAN_POINT('Origin',(5.,75.,-2.5));
#2543=CARTESIAN_POINT('Origin',(92.5,9.7212179447847,10.0000001490116));
#2544=CARTESIAN_POINT('Origin',(0.,55.0000004470155,-10.00000052156));
#2545=CARTESIAN_POINT('',(-15.,57.1170004470155,-10.00000052156));
#2546=CARTESIAN_POINT('Origin',(-15.,55.0000004470155,-10.00000052156));
#2547=CARTESIAN_POINT('',(0.,57.1170004470155,-10.00000052156));
#2548=CARTESIAN_POINT('Origin',(0.,5.00000044705419,-10.00000052156));
#2549=CARTESIAN_POINT('',(-15.,7.11700044705419,-10.00000052156));
#2550=CARTESIAN_POINT('Origin',(-15.,5.00000044705419,-10.00000052156));
#2551=CARTESIAN_POINT('',(0.,7.11700044705419,-10.00000052156));
#2552=CARTESIAN_POINT('Origin',(0.,55.0000004470155,-60.0000005215213));
#2553=CARTESIAN_POINT('',(-15.,57.1170004470155,-60.0000005215213));
#2554=CARTESIAN_POINT('Origin',(-15.,55.0000004470155,-60.0000005215213));
#2555=CARTESIAN_POINT('',(0.,57.1170004470155,-60.0000005215213));
#2556=CARTESIAN_POINT('Origin',(0.,5.0000004470542,-60.0000005215213));
#2557=CARTESIAN_POINT('',(-15.,7.1170004470542,-60.0000005215213));
#2558=CARTESIAN_POINT('Origin',(-15.,5.0000004470542,-60.0000005215213));
#2559=CARTESIAN_POINT('',(0.,7.1170004470542,-60.0000005215213));
#2560=CARTESIAN_POINT('Origin',(5.,30.,-2.5));
#2561=CARTESIAN_POINT('',(-15.,30.,-2.5));
#2562=CARTESIAN_POINT('Origin',(-15.,30.,-22.5));
#2563=CARTESIAN_POINT('',(-15.,15.0000004470348,-35.0000005215406));
#2564=CARTESIAN_POINT('Origin',(-15.,30.0000004470348,-35.0000005215406));
#2565=CARTESIAN_POINT('Origin',(110.,30.0000004470348,-35.0000005215406));
#2566=CARTESIAN_POINT('',(100.,50.0000004470348,-35.0000005215406));
#2567=CARTESIAN_POINT('Origin',(100.,30.0000004470348,-35.0000005215406));
#2568=CARTESIAN_POINT('',(110.,50.0000004470348,-35.0000005215406));
#2569=CARTESIAN_POINT('Origin',(-7.5,30.0000004470348,-35.0000005215406));
#2570=CARTESIAN_POINT('',(-7.5,15.0000004470348,-35.0000005215406));
#2571=CARTESIAN_POINT('Origin',(92.5,15.0000002235174,2.50000014901161));
#2572=CARTESIAN_POINT('',(100.,15.0000002235174,2.50000014901161));
#2573=CARTESIAN_POINT('Origin',(63.6700011175871,37.,2.5));
#2574=CARTESIAN_POINT('',(62.4055011175871,37.,2.5));
#2575=CARTESIAN_POINT('Origin',(84.6700011175871,37.,2.5));
#2576=CARTESIAN_POINT('',(83.4055011175871,37.,2.5));
#2577=CARTESIAN_POINT('Origin',(84.6700011175871,24.5,2.5));
#2578=CARTESIAN_POINT('',(83.4055011175871,24.5,2.5));
#2579=CARTESIAN_POINT('Origin',(63.6700011175871,24.5,2.5));
#2580=CARTESIAN_POINT('',(62.4055011175871,24.5,2.5));
#2581=CARTESIAN_POINT('Origin',(34.670000372529,24.5,2.5));
#2582=CARTESIAN_POINT('',(33.405500372529,24.5,2.5));
#2583=CARTESIAN_POINT('Origin',(34.670000372529,37.,2.5));
#2584=CARTESIAN_POINT('',(33.405500372529,37.,2.5));
#2585=CARTESIAN_POINT('Origin',(13.670000372529,37.,2.5));
#2586=CARTESIAN_POINT('',(12.405500372529,37.,2.5));
#2587=CARTESIAN_POINT('Origin',(13.670000372529,24.5,12.5));
#2588=CARTESIAN_POINT('',(12.405500372529,24.5,12.5));
#2589=CARTESIAN_POINT('Origin',(100.,30.0000004470348,-22.5000002235174));
#2590=UNCERTAINTY_MEASURE_WITH_UNIT(LENGTH_MEASURE(0.01),#2594,
'DISTANCE_ACCURACY_VALUE',
'Maximum model space distance between geometric entities at asserted c
onnectivities');
#2591=UNCERTAINTY_MEASURE_WITH_UNIT(LENGTH_MEASURE(0.01),#2594,
'DISTANCE_ACCURACY_VALUE',
'Maximum model space distance between geometric entities at asserted c
onnectivities');
#2592=(
GEOMETRIC_REPRESENTATION_CONTEXT(3)
GLOBAL_UNCERTAINTY_ASSIGNED_CONTEXT((#2590))
GLOBAL_UNIT_ASSIGNED_CONTEXT((#2594,#2596,#2597))
REPRESENTATION_CONTEXT('','3D')
);
#2593=(
GEOMETRIC_REPRESENTATION_CONTEXT(3)
GLOBAL_UNCERTAINTY_ASSIGNED_CONTEXT((#2591))
GLOBAL_UNIT_ASSIGNED_CONTEXT((#2594,#2596,#2597))
REPRESENTATION_CONTEXT('','3D')
);
#2594=(
LENGTH_UNIT()
NAMED_UNIT(*)
SI_UNIT(.MILLI.,.METRE.)
);
#2595=(
LENGTH_UNIT()
NAMED_UNIT(*)
SI_UNIT($,.METRE.)
);
#2596=(
NAMED_UNIT(*)
PLANE_ANGLE_UNIT()
SI_UNIT($,.RADIAN.)
);
#2597=(
NAMED_UNIT(*)
SI_UNIT($,.STERADIAN.)
SOLID_ANGLE_UNIT()
);
#2598=SHAPE_DEFINITION_REPRESENTATION(#2599,#2600);
#2599=PRODUCT_DEFINITION_SHAPE('',$,#2602);
#2600=SHAPE_REPRESENTATION('',(#1499),#2592);
#2601=PRODUCT_DEFINITION_CONTEXT('part definition',#2606,'design');
#2602=PRODUCT_DEFINITION('Camera_Holder','Camera_Holder v1',#2603,#2601);
#2603=PRODUCT_DEFINITION_FORMATION('',$,#2608);
#2604=PRODUCT_RELATED_PRODUCT_CATEGORY('Camera_Holder v1',
'Camera_Holder v1',(#2608));
#2605=APPLICATION_PROTOCOL_DEFINITION('international standard',
'automotive_design',2009,#2606);
#2606=APPLICATION_CONTEXT(
'Core Data for Automotive Mechanical Design Process');
#2607=PRODUCT_CONTEXT('part definition',#2606,'mechanical');
#2608=PRODUCT('Camera_Holder','Camera_Holder v1',$,(#2607));
#2609=PRESENTATION_STYLE_ASSIGNMENT((#2610));
#2610=SURFACE_STYLE_USAGE(.BOTH.,#2611);
#2611=SURFACE_SIDE_STYLE('',(#2612));
#2612=SURFACE_STYLE_FILL_AREA(#2613);
#2613=FILL_AREA_STYLE('Steel - Satin',(#2614));
#2614=FILL_AREA_STYLE_COLOUR('Steel - Satin',#2615);
#2615=COLOUR_RGB('Steel - Satin',0.627450980392157,0.627450980392157,0.627450980392157);
ENDSEC;
END-ISO-10303-21;
