ISO-10303-21;
HEADER;
/* Generated by software containing ST-Developer
 * from STEP Tools, Inc. (www.steptools.com) 
 */

FILE_DESCRIPTION(
/* description */ (''),
/* implementation_level */ '2;1');

FILE_NAME(
/* name */ 'Microphone_mount.step',
/* time_stamp */ '2026-05-16T18:22:19+02:00',
/* author */ (''),
/* organization */ (''),
/* preprocessor_version */ 'ST-DEVELOPER v20.1',
/* originating_system */ 'Autodesk Translation Framework v15.8.0.0',
/* authorisation */ '');

FILE_SCHEMA (('AUTOMOTIVE_DESIGN { 1 0 10303 214 3 1 1 }'));
ENDSEC;

DATA;
#10=MECHANICAL_DESIGN_GEOMETRIC_PRESENTATION_REPRESENTATION('',(#20,#21),
#5815);
#11=SHAPE_REPRESENTATION_RELATIONSHIP('SRR','None',#5821,#12);
#12=ADVANCED_BREP_SHAPE_REPRESENTATION('',(#3240,#13),#5814);
#13=MANIFOLD_SOLID_BREP('Raspberry_Mount',#3239);
#14=(
BOUNDED_SURFACE()
B_SPLINE_SURFACE(5,1,((#5293,#5294),(#5295,#5296),(#5297,#5298),(#5299,
#5300),(#5301,#5302),(#5303,#5304),(#5305,#5306),(#5307,#5308),(#5309,#5310),
(#5311,#5312),(#5313,#5314),(#5315,#5316),(#5317,#5318),(#5319,#5320),(#5321,
#5322),(#5323,#5324),(#5325,#5326),(#5327,#5328),(#5329,#5330),(#5331,#5332),
(#5333,#5334),(#5335,#5336),(#5337,#5338),(#5339,#5340),(#5341,#5342),(#5343,
#5344),(#5345,#5346),(#5347,#5348),(#5349,#5350),(#5351,#5352),(#5353,#5354),
(#5355,#5356),(#5357,#5358),(#5359,#5360),(#5361,#5362),(#5363,#5364),(#5365,
#5366),(#5367,#5368),(#5369,#5370),(#5371,#5372)),.UNSPECIFIED.,.F.,.F.,
 .F.)
B_SPLINE_SURFACE_WITH_KNOTS((6,1,1,1,1,1,1,1,1,1,1,1,1,1,1,1,1,1,1,1,1,
1,1,1,1,1,1,1,1,1,1,1,1,1,1,6),(2,2),(-1.,-0.971428571428572,-0.942857142857143,
-0.914285714285714,-0.885714285714286,-0.857142857142857,-0.828571428571429,
-0.8,-0.771428571428572,-0.742857142857143,-0.714285714285714,-0.685714285714286,
-0.657142857142857,-0.628571428571429,-0.6,-0.571428571428572,-0.542857142857143,
-0.514285714285714,-0.485714285714286,-0.457142857142857,-0.428571428571429,
-0.4,-0.371428571428571,-0.342857142857143,-0.314285714285714,-0.285714285714286,
-0.257142857142857,-0.228571428571429,-0.2,-0.171428571428571,-0.142857142857143,
-0.114285714285714,-0.0857142857142857,-0.0571428571428571,-0.0285714285714286,
0.),(0.,1.4),.UNSPECIFIED.)
GEOMETRIC_REPRESENTATION_ITEM()
RATIONAL_B_SPLINE_SURFACE(((1.,1.),(1.,1.),(1.,1.),(1.,1.),(1.,1.),(1.,
1.),(1.,1.),(1.,1.),(1.,1.),(1.,1.),(1.,1.),(1.,1.),(1.,1.),(1.,1.),(1.,
1.),(1.,1.),(1.,1.),(1.,1.),(1.,1.),(1.,1.),(1.,1.),(1.,1.),(1.,1.),(1.,
1.),(1.,1.),(1.,1.),(1.,1.),(1.,1.),(1.,1.),(1.,1.),(1.,1.),(1.,1.),(1.,
1.),(1.,1.),(1.,1.),(1.,1.),(1.,1.),(1.,1.),(1.,1.),(1.,1.)))
REPRESENTATION_ITEM('')
SURFACE()
);
#15=(
BOUNDED_SURFACE()
B_SPLINE_SURFACE(5,1,((#5658,#5659),(#5660,#5661),(#5662,#5663),(#5664,
#5665),(#5666,#5667),(#5668,#5669),(#5670,#5671),(#5672,#5673),(#5674,#5675),
(#5676,#5677),(#5678,#5679),(#5680,#5681),(#5682,#5683),(#5684,#5685),(#5686,
#5687)),.UNSPECIFIED.,.F.,.F.,.F.)
B_SPLINE_SURFACE_WITH_KNOTS((6,1,1,1,1,1,1,1,1,1,6),(2,2),(-1.,-0.9,-0.8,
-0.7,-0.6,-0.5,-0.4,-0.3,-0.2,-0.1,0.),(0.,1.3),.UNSPECIFIED.)
GEOMETRIC_REPRESENTATION_ITEM()
RATIONAL_B_SPLINE_SURFACE(((1.,1.),(1.,1.),(1.,1.),(1.,1.),(1.,1.),(1.,
1.),(1.,1.),(1.,1.),(1.,1.),(1.,1.),(1.,1.),(1.,1.),(1.,1.),(1.,1.),(1.,
1.)))
REPRESENTATION_ITEM('')
SURFACE()
);
#16=(
BOUNDED_SURFACE()
B_SPLINE_SURFACE(5,1,((#5707,#5708),(#5709,#5710),(#5711,#5712),(#5713,
#5714),(#5715,#5716),(#5717,#5718),(#5719,#5720),(#5721,#5722),(#5723,#5724),
(#5725,#5726),(#5727,#5728),(#5729,#5730),(#5731,#5732),(#5733,#5734),(#5735,
#5736)),.UNSPECIFIED.,.F.,.F.,.F.)
B_SPLINE_SURFACE_WITH_KNOTS((6,1,1,1,1,1,1,1,1,1,6),(2,2),(-1.,-0.9,-0.8,
-0.7,-0.6,-0.5,-0.4,-0.3,-0.2,-0.1,0.),(0.,1.2),.UNSPECIFIED.)
GEOMETRIC_REPRESENTATION_ITEM()
RATIONAL_B_SPLINE_SURFACE(((1.,1.),(1.,1.),(1.,1.),(1.,1.),(1.,1.),(1.,
1.),(1.,1.),(1.,1.),(1.,1.),(1.,1.),(1.,1.),(1.,1.),(1.,1.),(1.,1.),(1.,
1.)))
REPRESENTATION_ITEM('')
SURFACE()
);
#17=(
BOUNDED_CURVE()
B_SPLINE_CURVE(5,(#5150,#5151,#5152,#5153,#5154,#5155,#5156,#5157,#5158,
#5159,#5160,#5161,#5162,#5163,#5164),.UNSPECIFIED.,.F.,.F.)
B_SPLINE_CURVE_WITH_KNOTS((6,1,1,1,1,1,1,1,1,1,6),(-1.,-0.9,-0.8,-0.7,-0.6,
-0.5,-0.4,-0.3,-0.2,-0.1,0.),.UNSPECIFIED.)
CURVE()
GEOMETRIC_REPRESENTATION_ITEM()
RATIONAL_B_SPLINE_CURVE((1.,1.,1.,1.,1.,1.,1.,1.,1.,1.,1.,1.,1.,1.,1.))
REPRESENTATION_ITEM('')
);
#18=(
BOUNDED_CURVE()
B_SPLINE_CURVE(5,(#5166,#5167,#5168,#5169,#5170,#5171,#5172,#5173,#5174,
#5175,#5176,#5177,#5178,#5179,#5180),.UNSPECIFIED.,.F.,.F.)
B_SPLINE_CURVE_WITH_KNOTS((6,1,1,1,1,1,1,1,1,1,6),(-1.,-0.9,-0.8,-0.7,-0.6,
-0.5,-0.4,-0.3,-0.2,-0.1,0.),.UNSPECIFIED.)
CURVE()
GEOMETRIC_REPRESENTATION_ITEM()
RATIONAL_B_SPLINE_CURVE((1.,1.,1.,1.,1.,1.,1.,1.,1.,1.,1.,1.,1.,1.,1.))
REPRESENTATION_ITEM('')
);
#19=(
BOUNDED_CURVE()
B_SPLINE_CURVE(5,(#5188,#5189,#5190,#5191,#5192,#5193,#5194,#5195,#5196,
#5197,#5198,#5199,#5200,#5201,#5202,#5203,#5204,#5205,#5206,#5207,#5208,
#5209,#5210,#5211,#5212,#5213,#5214,#5215,#5216,#5217,#5218,#5219,#5220,
#5221,#5222,#5223,#5224,#5225,#5226,#5227),.UNSPECIFIED.,.F.,.F.)
B_SPLINE_CURVE_WITH_KNOTS((6,1,1,1,1,1,1,1,1,1,1,1,1,1,1,1,1,1,1,1,1,1,
1,1,1,1,1,1,1,1,1,1,1,1,1,6),(-1.,-0.971428571428572,-0.942857142857143,
-0.914285714285714,-0.885714285714286,-0.857142857142857,-0.828571428571429,
-0.8,-0.771428571428572,-0.742857142857143,-0.714285714285714,-0.685714285714286,
-0.657142857142857,-0.628571428571429,-0.6,-0.571428571428572,-0.542857142857143,
-0.514285714285714,-0.485714285714286,-0.457142857142857,-0.428571428571429,
-0.4,-0.371428571428571,-0.342857142857143,-0.314285714285714,-0.285714285714286,
-0.257142857142857,-0.228571428571429,-0.2,-0.171428571428571,-0.142857142857143,
-0.114285714285714,-0.0857142857142857,-0.0571428571428571,-0.0285714285714286,
0.),.UNSPECIFIED.)
CURVE()
GEOMETRIC_REPRESENTATION_ITEM()
RATIONAL_B_SPLINE_CURVE((1.,1.,1.,1.,1.,1.,1.,1.,1.,1.,1.,1.,1.,1.,1.,1.,
1.,1.,1.,1.,1.,1.,1.,1.,1.,1.,1.,1.,1.,1.,1.,1.,1.,1.,1.,1.,1.,1.,1.,1.))
REPRESENTATION_ITEM('')
);
#20=STYLED_ITEM('',(#5831),#3240);
#21=STYLED_ITEM('',(#5831),#13);
#22=ELLIPSE('',#3352,43.8570660024464,15.);
#23=ELLIPSE('',#3355,43.8570660024464,15.);
#24=B_SPLINE_CURVE_WITH_KNOTS('',3,(#4551,#4552,#4553,#4554,#4555,#4556,
#4557,#4558,#4559,#4560,#4561,#4562,#4563,#4564,#4565,#4566,#4567,#4568),
 .UNSPECIFIED.,.F.,.F.,(4,2,2,2,2,2,2,2,4),(0.,0.0847528146310605,0.169505629262121,
0.254508847970144,0.339512066678167,0.424416542782286,0.509321018886404,
0.594063952954013,0.678806887021623),.UNSPECIFIED.);
#25=B_SPLINE_CURVE_WITH_KNOTS('',3,(#4569,#4570,#4571,#4572,#4573,#4574,
#4575,#4576,#4577,#4578,#4579,#4580,#4581,#4582,#4583,#4584,#4585,#4586),
 .UNSPECIFIED.,.F.,.F.,(4,2,2,2,2,2,2,2,4),(0.678806887021623,0.763549821089233,
0.848292755156843,0.933197231260961,1.01810170736508,1.1031049260731,1.18810814478113,
1.27286095941219,1.35761377404325),.UNSPECIFIED.);
#26=B_SPLINE_CURVE_WITH_KNOTS('',3,(#4592,#4593,#4594,#4595,#4596,#4597,
#4598,#4599,#4600,#4601,#4602,#4603,#4604,#4605,#4606,#4607,#4608,#4609),
 .UNSPECIFIED.,.F.,.F.,(4,2,2,2,2,2,2,2,4),(0.,0.0753344959686748,0.15066899193735,
0.226245348350804,0.301821704764259,0.377311550373893,0.452801395983528,
0.528127233010808,0.603453070038088),.UNSPECIFIED.);
#27=B_SPLINE_CURVE_WITH_KNOTS('',3,(#4610,#4611,#4612,#4613,#4614,#4615,
#4616,#4617,#4618,#4619,#4620,#4621,#4622,#4623,#4624,#4625,#4626,#4627),
 .UNSPECIFIED.,.F.,.F.,(4,2,2,2,2,2,2,2,4),(0.603453070038088,0.678778907065368,
0.754104744092648,0.829594589702283,0.905084435311918,0.980660791725372,
1.05623714813883,1.1315716441075,1.20690614007618),.UNSPECIFIED.);
#28=B_SPLINE_CURVE_WITH_KNOTS('',3,(#4636,#4637,#4638,#4639,#4640,#4641,
#4642,#4643,#4644,#4645,#4646,#4647,#4648,#4649,#4650,#4651,#4652,#4653),
 .UNSPECIFIED.,.F.,.F.,(4,2,2,2,2,2,2,2,4),(0.,0.0839632468602965,0.167926493720593,
0.270657813880752,0.373389134040912,0.477632540264041,0.581875946487171,
0.666053168640431,0.750230390793691),.UNSPECIFIED.);
#29=B_SPLINE_CURVE_WITH_KNOTS('',3,(#4654,#4655,#4656,#4657,#4658,#4659,
#4660,#4661,#4662,#4663,#4664,#4665,#4666,#4667,#4668,#4669,#4670,#4671),
 .UNSPECIFIED.,.F.,.F.,(4,2,2,2,2,2,2,2,4),(0.750230390793691,0.834407612946952,
0.918584835100212,1.02282824132334,1.12707164754647,1.22980296770663,1.33253428786679,
1.41649753472709,1.50046078158738),.UNSPECIFIED.);
#30=B_SPLINE_CURVE_WITH_KNOTS('',3,(#4677,#4678,#4679,#4680,#4681,#4682,
#4683,#4684,#4685,#4686,#4687,#4688,#4689,#4690,#4691,#4692,#4693,#4694),
 .UNSPECIFIED.,.F.,.F.,(4,2,2,2,2,2,2,2,4),(0.,0.0745639176926418,0.149127835385284,
0.242915597430209,0.336703359475134,0.431925917197741,0.527148474920348,
0.601922931581865,0.676697388243383),.UNSPECIFIED.);
#31=B_SPLINE_CURVE_WITH_KNOTS('',3,(#4695,#4696,#4697,#4698,#4699,#4700,
#4701,#4702,#4703,#4704,#4705,#4706,#4707,#4708,#4709,#4710,#4711,#4712),
 .UNSPECIFIED.,.F.,.F.,(4,2,2,2,2,2,2,2,4),(0.676697388243383,0.756468252346981,
0.83623911645058,0.92652278487182,1.01680645329306,1.10613539054476,1.19546432779645,
1.27452369044954,1.35358305310262),.UNSPECIFIED.);
#32=B_SPLINE_CURVE_WITH_KNOTS('',3,(#5247,#5248,#5249,#5250),
 .UNSPECIFIED.,.F.,.F.,(4,4),(-1.26174255599338,-1.25983670473095),
 .UNSPECIFIED.);
#33=B_SPLINE_CURVE_WITH_KNOTS('',3,(#5251,#5252,#5253,#5254,#5255,#5256,
#5257,#5258,#5259,#5260,#5261,#5262,#5263,#5264,#5265,#5266,#5267,#5268,
#5269,#5270,#5271,#5272,#5273,#5274,#5275,#5276,#5277,#5278,#5279,#5280,
#5281,#5282,#5283,#5284,#5285,#5286,#5287,#5288),.UNSPECIFIED.,.F.,.F.,
(4,2,2,2,2,2,2,2,2,2,2,2,2,2,2,2,2,2,4),(-1.25983670473095,-1.2001944129179,
-1.12069067988011,-1.05783067585724,-0.977746536283622,-0.917820308049911,
-0.862382187181618,-0.782624463625073,-0.703454792549492,-0.631604129506565,
-0.567064861200236,-0.493551928921336,-0.413403449359631,-0.353562274916839,
-0.298287223939917,-0.218106268655719,-0.151173598221275,-0.0793095113396389,
0.),.UNSPECIFIED.);
#34=B_SPLINE_CURVE_WITH_KNOTS('',3,(#5375,#5376,#5377,#5378,#5379,#5380,
#5381,#5382,#5383,#5384,#5385,#5386,#5387,#5388,#5389,#5390,#5391,#5392,
#5393,#5394,#5395,#5396,#5397,#5398,#5399,#5400,#5401,#5402,#5403,#5404,
#5405,#5406,#5407,#5408,#5409,#5410,#5411,#5412,#5413,#5414,#5415,#5416,
#5417,#5418,#5419,#5420,#5421,#5422,#5423,#5424,#5425,#5426,#5427,#5428,
#5429,#5430,#5431,#5432,#5433,#5434,#5435,#5436,#5437,#5438,#5439,#5440,
#5441,#5442,#5443,#5444,#5445,#5446,#5447,#5448,#5449,#5450,#5451,#5452,
#5453,#5454,#5455,#5456,#5457,#5458,#5459,#5460,#5461,#5462,#5463,#5464,
#5465,#5466,#5467,#5468,#5469,#5470,#5471,#5472,#5473,#5474,#5475,#5476,
#5477,#5478,#5479,#5480,#5481,#5482,#5483,#5484,#5485,#5486,#5487,#5488,
#5489,#5490,#5491,#5492,#5493,#5494,#5495,#5496,#5497,#5498,#5499,#5500,
#5501,#5502,#5503,#5504,#5505,#5506,#5507),.UNSPECIFIED.,.F.,.F.,(4,3,3,
3,3,3,3,3,3,3,3,3,3,3,3,3,3,3,3,3,3,3,3,3,3,3,3,3,3,3,3,3,3,3,3,3,3,3,3,
3,3,3,3,3,4),(0.,0.00338228703705338,0.00606656550866216,0.00874761207831024,
0.0109283159189089,0.0126733592615269,0.0142206388506432,0.0157006097869961,
0.0172080369696146,0.018898976087984,0.0211576199187375,0.0229467059564403,
0.0244172867556293,0.025800805068985,0.0271675601556842,0.0285697746497403,
0.030047606360313,0.0315977157787433,0.0333250531491895,0.0351802887377757,
0.0375879102198034,0.0397978738477235,0.0416559850328415,0.0434544765757061,
0.0452525766559581,0.047027742150452,0.0487875599697122,0.0505327576672499,
0.0522594741840375,0.0539722286292811,0.0556673299762802,0.0573461557114311,
0.0591625176813338,0.0611544743728619,0.0634210643939382,0.0662944247484302,
0.068424557668455,0.0703016647843711,0.0721296247491567,0.0740640039397688,
0.0760783417154779,0.0781909995366962,0.0805598876132794,0.0831959236725026,
0.0864079472298742),.UNSPECIFIED.);
#35=B_SPLINE_CURVE_WITH_KNOTS('',3,(#5524,#5525,#5526,#5527,#5528,#5529,
#5530,#5531,#5532,#5533,#5534,#5535,#5536,#5537,#5538,#5539,#5540,#5541,
#5542),.UNSPECIFIED.,.F.,.F.,(4,3,3,3,3,3,4),(5.94107007145186E-7,0.0577180962325618,
0.131063513657605,0.179522296774954,0.233783142817749,0.294459000971605,
0.351099765932735),.UNSPECIFIED.);
#36=B_SPLINE_CURVE_WITH_KNOTS('',3,(#5544,#5545,#5546,#5547,#5548,#5549,
#5550,#5551,#5552,#5553,#5554,#5555,#5556,#5557,#5558,#5559,#5560,#5561,
#5562,#5563,#5564,#5565,#5566,#5567,#5568,#5569,#5570,#5571,#5572,#5573,
#5574,#5575,#5576,#5577,#5578,#5579,#5580,#5581,#5582,#5583,#5584,#5585,
#5586),.UNSPECIFIED.,.F.,.F.,(4,3,3,3,3,3,3,3,3,3,3,3,3,3,4),(0.,0.0319623778564723,
0.0660693007466551,0.107187582985263,0.152250607651263,0.182147969550551,
0.209712543428104,0.237234193962594,0.267715407939256,0.313752887762229,
0.352237610899988,0.386388926785943,0.419286317995425,0.451456771716154,
0.467691780313264),.UNSPECIFIED.);
#37=B_SPLINE_CURVE_WITH_KNOTS('',3,(#5634,#5635,#5636,#5637,#5638,#5639,
#5640,#5641,#5642,#5643,#5644,#5645,#5646,#5647,#5648,#5649,#5650,#5651,
#5652,#5653),.UNSPECIFIED.,.F.,.F.,(4,2,2,2,2,2,2,2,2,4),(-0.977064209346717,
-0.890315072997926,-0.769556940727009,-0.674952269785384,-0.596817625711286,
-0.530504319173511,-0.467118273025687,-0.399258747518673,-0.31781965120478,
-0.286651639085067),.UNSPECIFIED.);
#38=B_SPLINE_CURVE_WITH_KNOTS('',3,(#5654,#5655,#5656,#5657),
 .UNSPECIFIED.,.F.,.F.,(4,4),(-0.022702889438343,0.),.UNSPECIFIED.);
#39=B_SPLINE_CURVE_WITH_KNOTS('',3,(#5691,#5692,#5693,#5694,#5695,#5696,
#5697,#5698,#5699,#5700,#5701,#5702,#5703,#5704,#5705,#5706),
 .UNSPECIFIED.,.F.,.F.,(4,2,2,2,2,2,2,4),(-0.444715490662993,-0.402400764237687,
-0.318148359280069,-0.259413168100112,-0.210206663793665,-0.158615696174972,
-0.0914294191234841,-0.0225317981788768),.UNSPECIFIED.);
#40=B_SPLINE_CURVE_WITH_KNOTS('',3,(#5737,#5738,#5739,#5740,#5741,#5742,
#5743,#5744),.UNSPECIFIED.,.F.,.F.,(4,2,2,4),(-0.286833328846725,-0.227820756683814,
-0.110084404756267,0.),.UNSPECIFIED.);
#41=CYLINDRICAL_SURFACE('',#3304,2.25);
#42=CYLINDRICAL_SURFACE('',#3305,2.);
#43=CYLINDRICAL_SURFACE('',#3309,2.25);
#44=CYLINDRICAL_SURFACE('',#3310,2.);
#45=CYLINDRICAL_SURFACE('',#3323,15.);
#46=CYLINDRICAL_SURFACE('',#3332,15.);
#47=CYLINDRICAL_SURFACE('',#3351,15.);
#48=CYLINDRICAL_SURFACE('',#3354,15.);
#49=CYLINDRICAL_SURFACE('',#3368,15.);
#50=CYLINDRICAL_SURFACE('',#3377,15.);
#51=CYLINDRICAL_SURFACE('',#3393,95.);
#52=CYLINDRICAL_SURFACE('',#3394,100.);
#53=CYLINDRICAL_SURFACE('',#3403,1.666);
#54=CYLINDRICAL_SURFACE('',#3407,2.);
#55=CYLINDRICAL_SURFACE('',#3425,2.);
#56=CYLINDRICAL_SURFACE('',#3427,1.666);
#57=CYLINDRICAL_SURFACE('',#3431,2.);
#58=CYLINDRICAL_SURFACE('',#3438,1.35000000000002);
#59=CYLINDRICAL_SURFACE('',#3440,1.6);
#60=CYLINDRICAL_SURFACE('',#3441,1.6);
#61=CYLINDRICAL_SURFACE('',#3442,1.35000000000002);
#62=CYLINDRICAL_SURFACE('',#3447,2.89999999999999);
#63=CYLINDRICAL_SURFACE('',#3450,1.35);
#64=CYLINDRICAL_SURFACE('',#3452,2.89999999999999);
#65=CYLINDRICAL_SURFACE('',#3455,2.89999999999999);
#66=CYLINDRICAL_SURFACE('',#3458,1.35);
#67=CYLINDRICAL_SURFACE('',#3460,2.89999999999999);
#68=FACE_BOUND('',#387,.T.);
#69=FACE_BOUND('',#389,.T.);
#70=FACE_BOUND('',#393,.T.);
#71=FACE_BOUND('',#453,.T.);
#72=FACE_BOUND('',#454,.T.);
#73=FACE_BOUND('',#455,.T.);
#74=FACE_BOUND('',#456,.T.);
#75=FACE_BOUND('',#462,.T.);
#76=FACE_BOUND('',#463,.T.);
#77=FACE_BOUND('',#464,.T.);
#78=FACE_BOUND('',#465,.T.);
#79=FACE_BOUND('',#473,.T.);
#80=FACE_BOUND('',#474,.T.);
#81=FACE_BOUND('',#476,.T.);
#82=FACE_BOUND('',#477,.T.);
#83=FACE_BOUND('',#482,.T.);
#84=FACE_BOUND('',#483,.T.);
#85=FACE_BOUND('',#484,.T.);
#86=FACE_BOUND('',#485,.T.);
#87=FACE_BOUND('',#490,.T.);
#88=FACE_BOUND('',#492,.T.);
#89=FACE_BOUND('',#495,.T.);
#90=FACE_BOUND('',#496,.T.);
#91=FACE_BOUND('',#497,.T.);
#92=FACE_BOUND('',#498,.T.);
#93=FACE_BOUND('',#501,.T.);
#94=FACE_BOUND('',#503,.T.);
#95=FACE_BOUND('',#513,.T.);
#96=FACE_BOUND('',#527,.T.);
#97=FACE_BOUND('',#531,.T.);
#98=FACE_BOUND('',#534,.T.);
#99=FACE_BOUND('',#538,.T.);
#100=CIRCLE('',#3299,100.);
#101=CIRCLE('',#3300,95.);
#102=CIRCLE('',#3302,2.25);
#103=CIRCLE('',#3303,2.);
#104=CIRCLE('',#3307,2.25);
#105=CIRCLE('',#3308,2.);
#106=CIRCLE('',#3312,15.);
#107=CIRCLE('',#3320,15.);
#108=CIRCLE('',#3324,15.);
#109=CIRCLE('',#3329,15.);
#110=CIRCLE('',#3333,15.);
#111=CIRCLE('',#3338,15.);
#112=CIRCLE('',#3353,15.);
#113=CIRCLE('',#3356,15.);
#114=CIRCLE('',#3369,15.);
#115=CIRCLE('',#3378,15.);
#116=CIRCLE('',#3380,100.);
#117=CIRCLE('',#3386,95.);
#118=CIRCLE('',#3399,2.89999999999999);
#119=CIRCLE('',#3400,2.89999999999999);
#120=CIRCLE('',#3401,2.89999999999999);
#121=CIRCLE('',#3402,2.89999999999999);
#122=CIRCLE('',#3404,1.666);
#123=CIRCLE('',#3405,1.666);
#124=CIRCLE('',#3408,2.);
#125=CIRCLE('',#3412,1.35000000000002);
#126=CIRCLE('',#3413,1.6);
#127=CIRCLE('',#3414,1.6);
#128=CIRCLE('',#3415,1.35000000000002);
#129=CIRCLE('',#3418,1.6);
#130=CIRCLE('',#3419,1.35);
#131=CIRCLE('',#3421,1.6);
#132=CIRCLE('',#3422,1.35);
#133=CIRCLE('',#3426,2.);
#134=CIRCLE('',#3428,1.666);
#135=CIRCLE('',#3429,1.666);
#136=CIRCLE('',#3432,2.);
#137=CIRCLE('',#3439,1.35000000000002);
#138=CIRCLE('',#3443,1.35000000000002);
#139=CIRCLE('',#3448,2.89999999999999);
#140=CIRCLE('',#3451,1.35);
#141=CIRCLE('',#3453,2.89999999999999);
#142=CIRCLE('',#3456,2.89999999999999);
#143=CIRCLE('',#3459,1.35);
#144=CIRCLE('',#3461,2.89999999999999);
#145=ORIENTED_CLOSED_SHELL('',*,#3230,.F.);
#146=ORIENTED_CLOSED_SHELL('',*,#3231,.F.);
#147=ORIENTED_CLOSED_SHELL('',*,#3232,.F.);
#148=ORIENTED_CLOSED_SHELL('',*,#3233,.F.);
#149=ORIENTED_CLOSED_SHELL('',*,#3234,.F.);
#150=ORIENTED_CLOSED_SHELL('',*,#3235,.F.);
#151=ORIENTED_CLOSED_SHELL('',*,#3236,.F.);
#152=ORIENTED_CLOSED_SHELL('',*,#3237,.F.);
#153=FACE_OUTER_BOUND('',#330,.T.);
#154=FACE_OUTER_BOUND('',#331,.T.);
#155=FACE_OUTER_BOUND('',#332,.T.);
#156=FACE_OUTER_BOUND('',#333,.T.);
#157=FACE_OUTER_BOUND('',#334,.T.);
#158=FACE_OUTER_BOUND('',#335,.T.);
#159=FACE_OUTER_BOUND('',#336,.T.);
#160=FACE_OUTER_BOUND('',#337,.T.);
#161=FACE_OUTER_BOUND('',#338,.T.);
#162=FACE_OUTER_BOUND('',#339,.T.);
#163=FACE_OUTER_BOUND('',#340,.T.);
#164=FACE_OUTER_BOUND('',#341,.T.);
#165=FACE_OUTER_BOUND('',#342,.T.);
#166=FACE_OUTER_BOUND('',#343,.T.);
#167=FACE_OUTER_BOUND('',#344,.T.);
#168=FACE_OUTER_BOUND('',#345,.T.);
#169=FACE_OUTER_BOUND('',#346,.T.);
#170=FACE_OUTER_BOUND('',#347,.T.);
#171=FACE_OUTER_BOUND('',#348,.T.);
#172=FACE_OUTER_BOUND('',#349,.T.);
#173=FACE_OUTER_BOUND('',#350,.T.);
#174=FACE_OUTER_BOUND('',#351,.T.);
#175=FACE_OUTER_BOUND('',#352,.T.);
#176=FACE_OUTER_BOUND('',#353,.T.);
#177=FACE_OUTER_BOUND('',#354,.T.);
#178=FACE_OUTER_BOUND('',#355,.T.);
#179=FACE_OUTER_BOUND('',#356,.T.);
#180=FACE_OUTER_BOUND('',#357,.T.);
#181=FACE_OUTER_BOUND('',#358,.T.);
#182=FACE_OUTER_BOUND('',#359,.T.);
#183=FACE_OUTER_BOUND('',#360,.T.);
#184=FACE_OUTER_BOUND('',#361,.T.);
#185=FACE_OUTER_BOUND('',#362,.T.);
#186=FACE_OUTER_BOUND('',#363,.T.);
#187=FACE_OUTER_BOUND('',#364,.T.);
#188=FACE_OUTER_BOUND('',#365,.T.);
#189=FACE_OUTER_BOUND('',#366,.T.);
#190=FACE_OUTER_BOUND('',#367,.T.);
#191=FACE_OUTER_BOUND('',#368,.T.);
#192=FACE_OUTER_BOUND('',#369,.T.);
#193=FACE_OUTER_BOUND('',#370,.T.);
#194=FACE_OUTER_BOUND('',#371,.T.);
#195=FACE_OUTER_BOUND('',#372,.T.);
#196=FACE_OUTER_BOUND('',#373,.T.);
#197=FACE_OUTER_BOUND('',#374,.T.);
#198=FACE_OUTER_BOUND('',#375,.T.);
#199=FACE_OUTER_BOUND('',#376,.T.);
#200=FACE_OUTER_BOUND('',#377,.T.);
#201=FACE_OUTER_BOUND('',#378,.T.);
#202=FACE_OUTER_BOUND('',#379,.T.);
#203=FACE_OUTER_BOUND('',#380,.T.);
#204=FACE_OUTER_BOUND('',#381,.T.);
#205=FACE_OUTER_BOUND('',#382,.T.);
#206=FACE_OUTER_BOUND('',#383,.T.);
#207=FACE_OUTER_BOUND('',#384,.T.);
#208=FACE_OUTER_BOUND('',#385,.T.);
#209=FACE_OUTER_BOUND('',#386,.T.);
#210=FACE_OUTER_BOUND('',#388,.T.);
#211=FACE_OUTER_BOUND('',#390,.T.);
#212=FACE_OUTER_BOUND('',#391,.T.);
#213=FACE_OUTER_BOUND('',#392,.T.);
#214=FACE_OUTER_BOUND('',#394,.T.);
#215=FACE_OUTER_BOUND('',#395,.T.);
#216=FACE_OUTER_BOUND('',#396,.T.);
#217=FACE_OUTER_BOUND('',#397,.T.);
#218=FACE_OUTER_BOUND('',#398,.T.);
#219=FACE_OUTER_BOUND('',#399,.T.);
#220=FACE_OUTER_BOUND('',#400,.T.);
#221=FACE_OUTER_BOUND('',#401,.T.);
#222=FACE_OUTER_BOUND('',#402,.T.);
#223=FACE_OUTER_BOUND('',#403,.T.);
#224=FACE_OUTER_BOUND('',#404,.T.);
#225=FACE_OUTER_BOUND('',#405,.T.);
#226=FACE_OUTER_BOUND('',#406,.T.);
#227=FACE_OUTER_BOUND('',#407,.T.);
#228=FACE_OUTER_BOUND('',#408,.T.);
#229=FACE_OUTER_BOUND('',#409,.T.);
#230=FACE_OUTER_BOUND('',#410,.T.);
#231=FACE_OUTER_BOUND('',#411,.T.);
#232=FACE_OUTER_BOUND('',#412,.T.);
#233=FACE_OUTER_BOUND('',#413,.T.);
#234=FACE_OUTER_BOUND('',#414,.T.);
#235=FACE_OUTER_BOUND('',#415,.T.);
#236=FACE_OUTER_BOUND('',#416,.T.);
#237=FACE_OUTER_BOUND('',#417,.T.);
#238=FACE_OUTER_BOUND('',#418,.T.);
#239=FACE_OUTER_BOUND('',#419,.T.);
#240=FACE_OUTER_BOUND('',#420,.T.);
#241=FACE_OUTER_BOUND('',#421,.T.);
#242=FACE_OUTER_BOUND('',#422,.T.);
#243=FACE_OUTER_BOUND('',#423,.T.);
#244=FACE_OUTER_BOUND('',#424,.T.);
#245=FACE_OUTER_BOUND('',#425,.T.);
#246=FACE_OUTER_BOUND('',#426,.T.);
#247=FACE_OUTER_BOUND('',#427,.T.);
#248=FACE_OUTER_BOUND('',#428,.T.);
#249=FACE_OUTER_BOUND('',#429,.T.);
#250=FACE_OUTER_BOUND('',#430,.T.);
#251=FACE_OUTER_BOUND('',#431,.T.);
#252=FACE_OUTER_BOUND('',#432,.T.);
#253=FACE_OUTER_BOUND('',#433,.T.);
#254=FACE_OUTER_BOUND('',#434,.T.);
#255=FACE_OUTER_BOUND('',#435,.T.);
#256=FACE_OUTER_BOUND('',#436,.T.);
#257=FACE_OUTER_BOUND('',#437,.T.);
#258=FACE_OUTER_BOUND('',#438,.T.);
#259=FACE_OUTER_BOUND('',#439,.T.);
#260=FACE_OUTER_BOUND('',#440,.T.);
#261=FACE_OUTER_BOUND('',#441,.T.);
#262=FACE_OUTER_BOUND('',#442,.T.);
#263=FACE_OUTER_BOUND('',#443,.T.);
#264=FACE_OUTER_BOUND('',#444,.T.);
#265=FACE_OUTER_BOUND('',#445,.T.);
#266=FACE_OUTER_BOUND('',#446,.T.);
#267=FACE_OUTER_BOUND('',#447,.T.);
#268=FACE_OUTER_BOUND('',#448,.T.);
#269=FACE_OUTER_BOUND('',#449,.T.);
#270=FACE_OUTER_BOUND('',#450,.T.);
#271=FACE_OUTER_BOUND('',#451,.T.);
#272=FACE_OUTER_BOUND('',#452,.T.);
#273=FACE_OUTER_BOUND('',#457,.T.);
#274=FACE_OUTER_BOUND('',#458,.T.);
#275=FACE_OUTER_BOUND('',#459,.T.);
#276=FACE_OUTER_BOUND('',#460,.T.);
#277=FACE_OUTER_BOUND('',#461,.T.);
#278=FACE_OUTER_BOUND('',#466,.T.);
#279=FACE_OUTER_BOUND('',#467,.T.);
#280=FACE_OUTER_BOUND('',#468,.T.);
#281=FACE_OUTER_BOUND('',#469,.T.);
#282=FACE_OUTER_BOUND('',#470,.T.);
#283=FACE_OUTER_BOUND('',#471,.T.);
#284=FACE_OUTER_BOUND('',#472,.T.);
#285=FACE_OUTER_BOUND('',#475,.T.);
#286=FACE_OUTER_BOUND('',#478,.T.);
#287=FACE_OUTER_BOUND('',#479,.T.);
#288=FACE_OUTER_BOUND('',#480,.T.);
#289=FACE_OUTER_BOUND('',#481,.T.);
#290=FACE_OUTER_BOUND('',#486,.T.);
#291=FACE_OUTER_BOUND('',#487,.T.);
#292=FACE_OUTER_BOUND('',#488,.T.);
#293=FACE_OUTER_BOUND('',#489,.T.);
#294=FACE_OUTER_BOUND('',#491,.T.);
#295=FACE_OUTER_BOUND('',#493,.T.);
#296=FACE_OUTER_BOUND('',#494,.T.);
#297=FACE_OUTER_BOUND('',#499,.T.);
#298=FACE_OUTER_BOUND('',#500,.T.);
#299=FACE_OUTER_BOUND('',#502,.T.);
#300=FACE_OUTER_BOUND('',#504,.T.);
#301=FACE_OUTER_BOUND('',#505,.T.);
#302=FACE_OUTER_BOUND('',#506,.T.);
#303=FACE_OUTER_BOUND('',#507,.T.);
#304=FACE_OUTER_BOUND('',#508,.T.);
#305=FACE_OUTER_BOUND('',#509,.T.);
#306=FACE_OUTER_BOUND('',#510,.T.);
#307=FACE_OUTER_BOUND('',#511,.T.);
#308=FACE_OUTER_BOUND('',#512,.T.);
#309=FACE_OUTER_BOUND('',#514,.T.);
#310=FACE_OUTER_BOUND('',#515,.T.);
#311=FACE_OUTER_BOUND('',#516,.T.);
#312=FACE_OUTER_BOUND('',#517,.T.);
#313=FACE_OUTER_BOUND('',#518,.T.);
#314=FACE_OUTER_BOUND('',#519,.T.);
#315=FACE_OUTER_BOUND('',#520,.T.);
#316=FACE_OUTER_BOUND('',#521,.T.);
#317=FACE_OUTER_BOUND('',#522,.T.);
#318=FACE_OUTER_BOUND('',#523,.T.);
#319=FACE_OUTER_BOUND('',#524,.T.);
#320=FACE_OUTER_BOUND('',#525,.T.);
#321=FACE_OUTER_BOUND('',#526,.T.);
#322=FACE_OUTER_BOUND('',#528,.T.);
#323=FACE_OUTER_BOUND('',#529,.T.);
#324=FACE_OUTER_BOUND('',#530,.T.);
#325=FACE_OUTER_BOUND('',#532,.T.);
#326=FACE_OUTER_BOUND('',#533,.T.);
#327=FACE_OUTER_BOUND('',#535,.T.);
#328=FACE_OUTER_BOUND('',#536,.T.);
#329=FACE_OUTER_BOUND('',#537,.T.);
#330=EDGE_LOOP('',(#2024,#2025,#2026,#2027));
#331=EDGE_LOOP('',(#2028,#2029,#2030,#2031));
#332=EDGE_LOOP('',(#2032,#2033,#2034,#2035,#2036));
#333=EDGE_LOOP('',(#2037,#2038,#2039,#2040));
#334=EDGE_LOOP('',(#2041,#2042,#2043,#2044,#2045));
#335=EDGE_LOOP('',(#2046,#2047,#2048,#2049));
#336=EDGE_LOOP('',(#2050,#2051,#2052,#2053));
#337=EDGE_LOOP('',(#2054,#2055,#2056,#2057));
#338=EDGE_LOOP('',(#2058,#2059,#2060,#2061));
#339=EDGE_LOOP('',(#2062,#2063,#2064,#2065,#2066));
#340=EDGE_LOOP('',(#2067,#2068,#2069,#2070));
#341=EDGE_LOOP('',(#2071,#2072,#2073,#2074,#2075));
#342=EDGE_LOOP('',(#2076,#2077,#2078,#2079));
#343=EDGE_LOOP('',(#2080,#2081,#2082,#2083));
#344=EDGE_LOOP('',(#2084,#2085,#2086,#2087));
#345=EDGE_LOOP('',(#2088,#2089,#2090,#2091,#2092));
#346=EDGE_LOOP('',(#2093,#2094,#2095,#2096));
#347=EDGE_LOOP('',(#2097,#2098,#2099,#2100,#2101));
#348=EDGE_LOOP('',(#2102,#2103,#2104,#2105));
#349=EDGE_LOOP('',(#2106,#2107,#2108,#2109));
#350=EDGE_LOOP('',(#2110,#2111,#2112,#2113));
#351=EDGE_LOOP('',(#2114,#2115,#2116,#2117));
#352=EDGE_LOOP('',(#2118,#2119,#2120,#2121));
#353=EDGE_LOOP('',(#2122,#2123,#2124,#2125,#2126));
#354=EDGE_LOOP('',(#2127,#2128,#2129,#2130));
#355=EDGE_LOOP('',(#2131,#2132,#2133,#2134,#2135));
#356=EDGE_LOOP('',(#2136,#2137,#2138,#2139));
#357=EDGE_LOOP('',(#2140,#2141,#2142,#2143));
#358=EDGE_LOOP('',(#2144,#2145,#2146,#2147));
#359=EDGE_LOOP('',(#2148,#2149,#2150,#2151,#2152));
#360=EDGE_LOOP('',(#2153,#2154,#2155,#2156));
#361=EDGE_LOOP('',(#2157,#2158,#2159,#2160,#2161));
#362=EDGE_LOOP('',(#2162,#2163,#2164,#2165));
#363=EDGE_LOOP('',(#2166,#2167,#2168,#2169));
#364=EDGE_LOOP('',(#2170,#2171,#2172,#2173));
#365=EDGE_LOOP('',(#2174,#2175,#2176,#2177));
#366=EDGE_LOOP('',(#2178,#2179,#2180,#2181));
#367=EDGE_LOOP('',(#2182,#2183,#2184,#2185));
#368=EDGE_LOOP('',(#2186,#2187,#2188,#2189,#2190));
#369=EDGE_LOOP('',(#2191,#2192,#2193,#2194));
#370=EDGE_LOOP('',(#2195,#2196,#2197,#2198,#2199));
#371=EDGE_LOOP('',(#2200,#2201,#2202,#2203));
#372=EDGE_LOOP('',(#2204,#2205,#2206,#2207));
#373=EDGE_LOOP('',(#2208,#2209,#2210,#2211,#2212));
#374=EDGE_LOOP('',(#2213,#2214,#2215,#2216));
#375=EDGE_LOOP('',(#2217,#2218,#2219,#2220,#2221));
#376=EDGE_LOOP('',(#2222,#2223,#2224,#2225));
#377=EDGE_LOOP('',(#2226,#2227,#2228,#2229));
#378=EDGE_LOOP('',(#2230,#2231,#2232,#2233));
#379=EDGE_LOOP('',(#2234,#2235,#2236,#2237));
#380=EDGE_LOOP('',(#2238,#2239,#2240,#2241));
#381=EDGE_LOOP('',(#2242,#2243,#2244,#2245));
#382=EDGE_LOOP('',(#2246,#2247,#2248,#2249,#2250));
#383=EDGE_LOOP('',(#2251,#2252,#2253,#2254));
#384=EDGE_LOOP('',(#2255,#2256,#2257,#2258,#2259));
#385=EDGE_LOOP('',(#2260,#2261,#2262,#2263));
#386=EDGE_LOOP('',(#2264));
#387=EDGE_LOOP('',(#2265));
#388=EDGE_LOOP('',(#2266));
#389=EDGE_LOOP('',(#2267));
#390=EDGE_LOOP('',(#2268,#2269,#2270,#2271,#2272));
#391=EDGE_LOOP('',(#2273,#2274,#2275,#2276,#2277));
#392=EDGE_LOOP('',(#2278));
#393=EDGE_LOOP('',(#2279));
#394=EDGE_LOOP('',(#2280,#2281,#2282,#2283,#2284));
#395=EDGE_LOOP('',(#2285,#2286,#2287,#2288,#2289));
#396=EDGE_LOOP('',(#2290,#2291,#2292,#2293,#2294,#2295,#2296,#2297,#2298,
#2299,#2300,#2301,#2302));
#397=EDGE_LOOP('',(#2303,#2304,#2305,#2306));
#398=EDGE_LOOP('',(#2307,#2308,#2309,#2310));
#399=EDGE_LOOP('',(#2311,#2312,#2313,#2314));
#400=EDGE_LOOP('',(#2315,#2316,#2317,#2318));
#401=EDGE_LOOP('',(#2319,#2320,#2321,#2322));
#402=EDGE_LOOP('',(#2323,#2324,#2325,#2326,#2327,#2328,#2329,#2330));
#403=EDGE_LOOP('',(#2331,#2332,#2333,#2334,#2335,#2336,#2337,#2338,#2339,
#2340,#2341,#2342,#2343));
#404=EDGE_LOOP('',(#2344,#2345,#2346,#2347));
#405=EDGE_LOOP('',(#2348,#2349,#2350,#2351));
#406=EDGE_LOOP('',(#2352,#2353,#2354,#2355));
#407=EDGE_LOOP('',(#2356,#2357,#2358,#2359));
#408=EDGE_LOOP('',(#2360,#2361,#2362,#2363));
#409=EDGE_LOOP('',(#2364,#2365,#2366,#2367));
#410=EDGE_LOOP('',(#2368,#2369,#2370,#2371,#2372,#2373,#2374,#2375,#2376,
#2377,#2378,#2379,#2380));
#411=EDGE_LOOP('',(#2381,#2382,#2383,#2384));
#412=EDGE_LOOP('',(#2385,#2386,#2387,#2388));
#413=EDGE_LOOP('',(#2389,#2390,#2391,#2392));
#414=EDGE_LOOP('',(#2393,#2394,#2395,#2396));
#415=EDGE_LOOP('',(#2397,#2398,#2399,#2400));
#416=EDGE_LOOP('',(#2401,#2402,#2403,#2404));
#417=EDGE_LOOP('',(#2405,#2406,#2407,#2408,#2409,#2410,#2411,#2412,#2413,
#2414,#2415,#2416,#2417));
#418=EDGE_LOOP('',(#2418,#2419,#2420,#2421));
#419=EDGE_LOOP('',(#2422,#2423,#2424,#2425));
#420=EDGE_LOOP('',(#2426,#2427,#2428,#2429));
#421=EDGE_LOOP('',(#2430,#2431,#2432,#2433,#2434,#2435));
#422=EDGE_LOOP('',(#2436,#2437,#2438,#2439));
#423=EDGE_LOOP('',(#2440,#2441,#2442,#2443,#2444,#2445));
#424=EDGE_LOOP('',(#2446,#2447,#2448,#2449));
#425=EDGE_LOOP('',(#2450,#2451,#2452,#2453));
#426=EDGE_LOOP('',(#2454,#2455,#2456,#2457));
#427=EDGE_LOOP('',(#2458,#2459,#2460,#2461));
#428=EDGE_LOOP('',(#2462,#2463,#2464,#2465,#2466,#2467));
#429=EDGE_LOOP('',(#2468,#2469,#2470,#2471));
#430=EDGE_LOOP('',(#2472,#2473,#2474));
#431=EDGE_LOOP('',(#2475,#2476,#2477));
#432=EDGE_LOOP('',(#2478,#2479,#2480,#2481,#2482,#2483));
#433=EDGE_LOOP('',(#2484,#2485,#2486,#2487));
#434=EDGE_LOOP('',(#2488,#2489,#2490,#2491));
#435=EDGE_LOOP('',(#2492,#2493,#2494,#2495));
#436=EDGE_LOOP('',(#2496,#2497,#2498,#2499));
#437=EDGE_LOOP('',(#2500,#2501,#2502,#2503,#2504,#2505));
#438=EDGE_LOOP('',(#2506,#2507,#2508,#2509,#2510,#2511,#2512,#2513,#2514));
#439=EDGE_LOOP('',(#2515,#2516,#2517,#2518));
#440=EDGE_LOOP('',(#2519,#2520,#2521,#2522));
#441=EDGE_LOOP('',(#2523,#2524,#2525,#2526));
#442=EDGE_LOOP('',(#2527,#2528,#2529,#2530));
#443=EDGE_LOOP('',(#2531,#2532,#2533,#2534));
#444=EDGE_LOOP('',(#2535,#2536,#2537,#2538));
#445=EDGE_LOOP('',(#2539,#2540,#2541,#2542));
#446=EDGE_LOOP('',(#2543,#2544,#2545,#2546));
#447=EDGE_LOOP('',(#2547,#2548,#2549,#2550));
#448=EDGE_LOOP('',(#2551,#2552,#2553,#2554));
#449=EDGE_LOOP('',(#2555,#2556,#2557,#2558));
#450=EDGE_LOOP('',(#2559,#2560,#2561,#2562));
#451=EDGE_LOOP('',(#2563,#2564,#2565,#2566));
#452=EDGE_LOOP('',(#2567));
#453=EDGE_LOOP('',(#2568,#2569,#2570,#2571,#2572,#2573,#2574,#2575,#2576,
#2577,#2578,#2579,#2580));
#454=EDGE_LOOP('',(#2581,#2582,#2583,#2584,#2585,#2586,#2587,#2588,#2589,
#2590,#2591,#2592,#2593));
#455=EDGE_LOOP('',(#2594,#2595,#2596,#2597,#2598,#2599,#2600,#2601,#2602,
#2603,#2604,#2605,#2606));
#456=EDGE_LOOP('',(#2607,#2608,#2609,#2610,#2611,#2612,#2613,#2614,#2615,
#2616,#2617,#2618,#2619));
#457=EDGE_LOOP('',(#2620,#2621,#2622,#2623));
#458=EDGE_LOOP('',(#2624,#2625,#2626,#2627,#2628,#2629,#2630,#2631));
#459=EDGE_LOOP('',(#2632,#2633,#2634,#2635));
#460=EDGE_LOOP('',(#2636,#2637,#2638,#2639,#2640,#2641,#2642,#2643,#2644));
#461=EDGE_LOOP('',(#2645));
#462=EDGE_LOOP('',(#2646,#2647,#2648,#2649));
#463=EDGE_LOOP('',(#2650,#2651,#2652,#2653));
#464=EDGE_LOOP('',(#2654,#2655,#2656,#2657));
#465=EDGE_LOOP('',(#2658,#2659,#2660,#2661));
#466=EDGE_LOOP('',(#2662,#2663,#2664,#2665,#2666,#2667));
#467=EDGE_LOOP('',(#2668,#2669,#2670,#2671));
#468=EDGE_LOOP('',(#2672,#2673,#2674,#2675));
#469=EDGE_LOOP('',(#2676,#2677,#2678,#2679));
#470=EDGE_LOOP('',(#2680,#2681,#2682,#2683));
#471=EDGE_LOOP('',(#2684,#2685,#2686,#2687));
#472=EDGE_LOOP('',(#2688,#2689,#2690,#2691));
#473=EDGE_LOOP('',(#2692,#2693));
#474=EDGE_LOOP('',(#2694,#2695));
#475=EDGE_LOOP('',(#2696,#2697,#2698,#2699));
#476=EDGE_LOOP('',(#2700,#2701));
#477=EDGE_LOOP('',(#2702,#2703));
#478=EDGE_LOOP('',(#2704,#2705,#2706,#2707));
#479=EDGE_LOOP('',(#2708,#2709,#2710,#2711));
#480=EDGE_LOOP('',(#2712,#2713,#2714,#2715));
#481=EDGE_LOOP('',(#2716,#2717,#2718,#2719,#2720,#2721,#2722,#2723,#2724,
#2725,#2726,#2727,#2728,#2729));
#482=EDGE_LOOP('',(#2730));
#483=EDGE_LOOP('',(#2731));
#484=EDGE_LOOP('',(#2732));
#485=EDGE_LOOP('',(#2733));
#486=EDGE_LOOP('',(#2734,#2735,#2736,#2737));
#487=EDGE_LOOP('',(#2738));
#488=EDGE_LOOP('',(#2739,#2740,#2741,#2742,#2743));
#489=EDGE_LOOP('',(#2744));
#490=EDGE_LOOP('',(#2745));
#491=EDGE_LOOP('',(#2746,#2747,#2748,#2749));
#492=EDGE_LOOP('',(#2750,#2751));
#493=EDGE_LOOP('',(#2752,#2753,#2754,#2755,#2756,#2757,#2758));
#494=EDGE_LOOP('',(#2759,#2760,#2761,#2762,#2763,#2764,#2765,#2766,#2767,
#2768,#2769,#2770));
#495=EDGE_LOOP('',(#2771));
#496=EDGE_LOOP('',(#2772));
#497=EDGE_LOOP('',(#2773));
#498=EDGE_LOOP('',(#2774));
#499=EDGE_LOOP('',(#2775,#2776,#2777,#2778));
#500=EDGE_LOOP('',(#2779));
#501=EDGE_LOOP('',(#2780));
#502=EDGE_LOOP('',(#2781));
#503=EDGE_LOOP('',(#2782));
#504=EDGE_LOOP('',(#2783,#2784,#2785,#2786));
#505=EDGE_LOOP('',(#2787,#2788,#2789,#2790));
#506=EDGE_LOOP('',(#2791,#2792,#2793,#2794,#2795));
#507=EDGE_LOOP('',(#2796,#2797,#2798,#2799,#2800,#2801,#2802));
#508=EDGE_LOOP('',(#2803,#2804,#2805,#2806,#2807,#2808,#2809));
#509=EDGE_LOOP('',(#2810,#2811,#2812,#2813));
#510=EDGE_LOOP('',(#2814));
#511=EDGE_LOOP('',(#2815,#2816,#2817,#2818,#2819));
#512=EDGE_LOOP('',(#2820,#2821));
#513=EDGE_LOOP('',(#2822));
#514=EDGE_LOOP('',(#2823,#2824,#2825,#2826,#2827,#2828));
#515=EDGE_LOOP('',(#2829,#2830,#2831,#2832));
#516=EDGE_LOOP('',(#2833,#2834,#2835,#2836,#2837));
#517=EDGE_LOOP('',(#2838,#2839,#2840,#2841));
#518=EDGE_LOOP('',(#2842,#2843,#2844,#2845));
#519=EDGE_LOOP('',(#2846,#2847,#2848,#2849));
#520=EDGE_LOOP('',(#2850,#2851,#2852,#2853));
#521=EDGE_LOOP('',(#2854,#2855,#2856,#2857));
#522=EDGE_LOOP('',(#2858,#2859,#2860,#2861,#2862,#2863,#2864,#2865));
#523=EDGE_LOOP('',(#2866,#2867,#2868,#2869));
#524=EDGE_LOOP('',(#2870,#2871,#2872,#2873));
#525=EDGE_LOOP('',(#2874,#2875,#2876,#2877));
#526=EDGE_LOOP('',(#2878));
#527=EDGE_LOOP('',(#2879));
#528=EDGE_LOOP('',(#2880,#2881,#2882,#2883));
#529=EDGE_LOOP('',(#2884,#2885,#2886,#2887));
#530=EDGE_LOOP('',(#2888));
#531=EDGE_LOOP('',(#2889));
#532=EDGE_LOOP('',(#2890,#2891,#2892,#2893));
#533=EDGE_LOOP('',(#2894));
#534=EDGE_LOOP('',(#2895));
#535=EDGE_LOOP('',(#2896,#2897,#2898,#2899));
#536=EDGE_LOOP('',(#2900,#2901,#2902,#2903));
#537=EDGE_LOOP('',(#2904));
#538=EDGE_LOOP('',(#2905));
#539=LINE('',#4285,#913);
#540=LINE('',#4287,#914);
#541=LINE('',#4289,#915);
#542=LINE('',#4290,#916);
#543=LINE('',#4293,#917);
#544=LINE('',#4295,#918);
#545=LINE('',#4296,#919);
#546=LINE('',#4299,#920);
#547=LINE('',#4301,#921);
#548=LINE('',#4302,#922);
#549=LINE('',#4305,#923);
#550=LINE('',#4306,#924);
#551=LINE('',#4309,#925);
#552=LINE('',#4310,#926);
#553=LINE('',#4312,#927);
#554=LINE('',#4317,#928);
#555=LINE('',#4319,#929);
#556=LINE('',#4321,#930);
#557=LINE('',#4322,#931);
#558=LINE('',#4325,#932);
#559=LINE('',#4327,#933);
#560=LINE('',#4328,#934);
#561=LINE('',#4331,#935);
#562=LINE('',#4333,#936);
#563=LINE('',#4334,#937);
#564=LINE('',#4337,#938);
#565=LINE('',#4338,#939);
#566=LINE('',#4341,#940);
#567=LINE('',#4342,#941);
#568=LINE('',#4344,#942);
#569=LINE('',#4349,#943);
#570=LINE('',#4351,#944);
#571=LINE('',#4353,#945);
#572=LINE('',#4354,#946);
#573=LINE('',#4357,#947);
#574=LINE('',#4359,#948);
#575=LINE('',#4361,#949);
#576=LINE('',#4362,#950);
#577=LINE('',#4365,#951);
#578=LINE('',#4366,#952);
#579=LINE('',#4369,#953);
#580=LINE('',#4371,#954);
#581=LINE('',#4372,#955);
#582=LINE('',#4374,#956);
#583=LINE('',#4376,#957);
#584=LINE('',#4381,#958);
#585=LINE('',#4383,#959);
#586=LINE('',#4385,#960);
#587=LINE('',#4386,#961);
#588=LINE('',#4389,#962);
#589=LINE('',#4391,#963);
#590=LINE('',#4392,#964);
#591=LINE('',#4395,#965);
#592=LINE('',#4397,#966);
#593=LINE('',#4398,#967);
#594=LINE('',#4401,#968);
#595=LINE('',#4402,#969);
#596=LINE('',#4405,#970);
#597=LINE('',#4406,#971);
#598=LINE('',#4408,#972);
#599=LINE('',#4413,#973);
#600=LINE('',#4415,#974);
#601=LINE('',#4417,#975);
#602=LINE('',#4418,#976);
#603=LINE('',#4421,#977);
#604=LINE('',#4423,#978);
#605=LINE('',#4425,#979);
#606=LINE('',#4426,#980);
#607=LINE('',#4429,#981);
#608=LINE('',#4430,#982);
#609=LINE('',#4433,#983);
#610=LINE('',#4435,#984);
#611=LINE('',#4436,#985);
#612=LINE('',#4438,#986);
#613=LINE('',#4440,#987);
#614=LINE('',#4445,#988);
#615=LINE('',#4447,#989);
#616=LINE('',#4449,#990);
#617=LINE('',#4450,#991);
#618=LINE('',#4453,#992);
#619=LINE('',#4455,#993);
#620=LINE('',#4456,#994);
#621=LINE('',#4459,#995);
#622=LINE('',#4461,#996);
#623=LINE('',#4462,#997);
#624=LINE('',#4465,#998);
#625=LINE('',#4466,#999);
#626=LINE('',#4469,#1000);
#627=LINE('',#4470,#1001);
#628=LINE('',#4472,#1002);
#629=LINE('',#4477,#1003);
#630=LINE('',#4479,#1004);
#631=LINE('',#4481,#1005);
#632=LINE('',#4482,#1006);
#633=LINE('',#4485,#1007);
#634=LINE('',#4487,#1008);
#635=LINE('',#4489,#1009);
#636=LINE('',#4490,#1010);
#637=LINE('',#4493,#1011);
#638=LINE('',#4494,#1012);
#639=LINE('',#4497,#1013);
#640=LINE('',#4499,#1014);
#641=LINE('',#4500,#1015);
#642=LINE('',#4502,#1016);
#643=LINE('',#4504,#1017);
#644=LINE('',#4509,#1018);
#645=LINE('',#4511,#1019);
#646=LINE('',#4513,#1020);
#647=LINE('',#4514,#1021);
#648=LINE('',#4517,#1022);
#649=LINE('',#4519,#1023);
#650=LINE('',#4520,#1024);
#651=LINE('',#4523,#1025);
#652=LINE('',#4525,#1026);
#653=LINE('',#4526,#1027);
#654=LINE('',#4529,#1028);
#655=LINE('',#4530,#1029);
#656=LINE('',#4533,#1030);
#657=LINE('',#4534,#1031);
#658=LINE('',#4536,#1032);
#659=LINE('',#4587,#1033);
#660=LINE('',#4590,#1034);
#661=LINE('',#4672,#1035);
#662=LINE('',#4675,#1036);
#663=LINE('',#4716,#1037);
#664=LINE('',#4720,#1038);
#665=LINE('',#4722,#1039);
#666=LINE('',#4724,#1040);
#667=LINE('',#4726,#1041);
#668=LINE('',#4728,#1042);
#669=LINE('',#4730,#1043);
#670=LINE('',#4732,#1044);
#671=LINE('',#4734,#1045);
#672=LINE('',#4736,#1046);
#673=LINE('',#4738,#1047);
#674=LINE('',#4739,#1048);
#675=LINE('',#4742,#1049);
#676=LINE('',#4744,#1050);
#677=LINE('',#4745,#1051);
#678=LINE('',#4748,#1052);
#679=LINE('',#4749,#1053);
#680=LINE('',#4752,#1054);
#681=LINE('',#4753,#1055);
#682=LINE('',#4756,#1056);
#683=LINE('',#4757,#1057);
#684=LINE('',#4760,#1058);
#685=LINE('',#4761,#1059);
#686=LINE('',#4764,#1060);
#687=LINE('',#4766,#1061);
#688=LINE('',#4768,#1062);
#689=LINE('',#4770,#1063);
#690=LINE('',#4772,#1064);
#691=LINE('',#4773,#1065);
#692=LINE('',#4777,#1066);
#693=LINE('',#4779,#1067);
#694=LINE('',#4781,#1068);
#695=LINE('',#4783,#1069);
#696=LINE('',#4785,#1070);
#697=LINE('',#4787,#1071);
#698=LINE('',#4789,#1072);
#699=LINE('',#4791,#1073);
#700=LINE('',#4793,#1074);
#701=LINE('',#4795,#1075);
#702=LINE('',#4797,#1076);
#703=LINE('',#4799,#1077);
#704=LINE('',#4803,#1078);
#705=LINE('',#4805,#1079);
#706=LINE('',#4806,#1080);
#707=LINE('',#4809,#1081);
#708=LINE('',#4810,#1082);
#709=LINE('',#4813,#1083);
#710=LINE('',#4817,#1084);
#711=LINE('',#4818,#1085);
#712=LINE('',#4821,#1086);
#713=LINE('',#4822,#1087);
#714=LINE('',#4825,#1088);
#715=LINE('',#4826,#1089);
#716=LINE('',#4830,#1090);
#717=LINE('',#4832,#1091);
#718=LINE('',#4834,#1092);
#719=LINE('',#4836,#1093);
#720=LINE('',#4838,#1094);
#721=LINE('',#4840,#1095);
#722=LINE('',#4842,#1096);
#723=LINE('',#4844,#1097);
#724=LINE('',#4846,#1098);
#725=LINE('',#4848,#1099);
#726=LINE('',#4850,#1100);
#727=LINE('',#4852,#1101);
#728=LINE('',#4856,#1102);
#729=LINE('',#4858,#1103);
#730=LINE('',#4859,#1104);
#731=LINE('',#4862,#1105);
#732=LINE('',#4863,#1106);
#733=LINE('',#4866,#1107);
#734=LINE('',#4870,#1108);
#735=LINE('',#4871,#1109);
#736=LINE('',#4874,#1110);
#737=LINE('',#4875,#1111);
#738=LINE('',#4878,#1112);
#739=LINE('',#4879,#1113);
#740=LINE('',#4883,#1114);
#741=LINE('',#4887,#1115);
#742=LINE('',#4889,#1116);
#743=LINE('',#4891,#1117);
#744=LINE('',#4893,#1118);
#745=LINE('',#4895,#1119);
#746=LINE('',#4897,#1120);
#747=LINE('',#4899,#1121);
#748=LINE('',#4901,#1122);
#749=LINE('',#4903,#1123);
#750=LINE('',#4905,#1124);
#751=LINE('',#4906,#1125);
#752=LINE('',#4909,#1126);
#753=LINE('',#4911,#1127);
#754=LINE('',#4912,#1128);
#755=LINE('',#4915,#1129);
#756=LINE('',#4916,#1130);
#757=LINE('',#4919,#1131);
#758=LINE('',#4920,#1132);
#759=LINE('',#4923,#1133);
#760=LINE('',#4925,#1134);
#761=LINE('',#4927,#1135);
#762=LINE('',#4928,#1136);
#763=LINE('',#4931,#1137);
#764=LINE('',#4932,#1138);
#765=LINE('',#4935,#1139);
#766=LINE('',#4937,#1140);
#767=LINE('',#4939,#1141);
#768=LINE('',#4940,#1142);
#769=LINE('',#4943,#1143);
#770=LINE('',#4944,#1144);
#771=LINE('',#4947,#1145);
#772=LINE('',#4948,#1146);
#773=LINE('',#4951,#1147);
#774=LINE('',#4952,#1148);
#775=LINE('',#4955,#1149);
#776=LINE('',#4956,#1150);
#777=LINE('',#4959,#1151);
#778=LINE('',#4961,#1152);
#779=LINE('',#4963,#1153);
#780=LINE('',#4964,#1154);
#781=LINE('',#4967,#1155);
#782=LINE('',#4968,#1156);
#783=LINE('',#4975,#1157);
#784=LINE('',#4981,#1158);
#785=LINE('',#4984,#1159);
#786=LINE('',#4986,#1160);
#787=LINE('',#4988,#1161);
#788=LINE('',#4989,#1162);
#789=LINE('',#4992,#1163);
#790=LINE('',#4993,#1164);
#791=LINE('',#4996,#1165);
#792=LINE('',#4997,#1166);
#793=LINE('',#5000,#1167);
#794=LINE('',#5001,#1168);
#795=LINE('',#5004,#1169);
#796=LINE('',#5005,#1170);
#797=LINE('',#5008,#1171);
#798=LINE('',#5010,#1172);
#799=LINE('',#5011,#1173);
#800=LINE('',#5014,#1174);
#801=LINE('',#5016,#1175);
#802=LINE('',#5017,#1176);
#803=LINE('',#5018,#1177);
#804=LINE('',#5021,#1178);
#805=LINE('',#5022,#1179);
#806=LINE('',#5025,#1180);
#807=LINE('',#5026,#1181);
#808=LINE('',#5029,#1182);
#809=LINE('',#5030,#1183);
#810=LINE('',#5033,#1184);
#811=LINE('',#5034,#1185);
#812=LINE('',#5037,#1186);
#813=LINE('',#5041,#1187);
#814=LINE('',#5042,#1188);
#815=LINE('',#5044,#1189);
#816=LINE('',#5048,#1190);
#817=LINE('',#5049,#1191);
#818=LINE('',#5050,#1192);
#819=LINE('',#5053,#1193);
#820=LINE('',#5055,#1194);
#821=LINE('',#5056,#1195);
#822=LINE('',#5059,#1196);
#823=LINE('',#5060,#1197);
#824=LINE('',#5063,#1198);
#825=LINE('',#5064,#1199);
#826=LINE('',#5067,#1200);
#827=LINE('',#5068,#1201);
#828=LINE('',#5075,#1202);
#829=LINE('',#5076,#1203);
#830=LINE('',#5078,#1204);
#831=LINE('',#5079,#1205);
#832=LINE('',#5080,#1206);
#833=LINE('',#5082,#1207);
#834=LINE('',#5083,#1208);
#835=LINE('',#5085,#1209);
#836=LINE('',#5088,#1210);
#837=LINE('',#5090,#1211);
#838=LINE('',#5091,#1212);
#839=LINE('',#5093,#1213);
#840=LINE('',#5096,#1214);
#841=LINE('',#5097,#1215);
#842=LINE('',#5101,#1216);
#843=LINE('',#5102,#1217);
#844=LINE('',#5103,#1218);
#845=LINE('',#5105,#1219);
#846=LINE('',#5106,#1220);
#847=LINE('',#5107,#1221);
#848=LINE('',#5109,#1222);
#849=LINE('',#5116,#1223);
#850=LINE('',#5118,#1224);
#851=LINE('',#5122,#1225);
#852=LINE('',#5124,#1226);
#853=LINE('',#5126,#1227);
#854=LINE('',#5127,#1228);
#855=LINE('',#5130,#1229);
#856=LINE('',#5132,#1230);
#857=LINE('',#5133,#1231);
#858=LINE('',#5136,#1232);
#859=LINE('',#5137,#1233);
#860=LINE('',#5140,#1234);
#861=LINE('',#5142,#1235);
#862=LINE('',#5144,#1236);
#863=LINE('',#5146,#1237);
#864=LINE('',#5148,#1238);
#865=LINE('',#5182,#1239);
#866=LINE('',#5184,#1240);
#867=LINE('',#5186,#1241);
#868=LINE('',#5228,#1242);
#869=LINE('',#5241,#1243);
#870=LINE('',#5290,#1244);
#871=LINE('',#5508,#1245);
#872=LINE('',#5509,#1246);
#873=LINE('',#5512,#1247);
#874=LINE('',#5514,#1248);
#875=LINE('',#5515,#1249);
#876=LINE('',#5518,#1250);
#877=LINE('',#5520,#1251);
#878=LINE('',#5522,#1252);
#879=LINE('',#5588,#1253);
#880=LINE('',#5590,#1254);
#881=LINE('',#5592,#1255);
#882=LINE('',#5594,#1256);
#883=LINE('',#5595,#1257);
#884=LINE('',#5605,#1258);
#885=LINE('',#5617,#1259);
#886=LINE('',#5618,#1260);
#887=LINE('',#5621,#1261);
#888=LINE('',#5623,#1262);
#889=LINE('',#5624,#1263);
#890=LINE('',#5628,#1264);
#891=LINE('',#5632,#1265);
#892=LINE('',#5688,#1266);
#893=LINE('',#5690,#1267);
#894=LINE('',#5745,#1268);
#895=LINE('',#5750,#1269);
#896=LINE('',#5758,#1270);
#897=LINE('',#5760,#1271);
#898=LINE('',#5761,#1272);
#899=LINE('',#5763,#1273);
#900=LINE('',#5764,#1274);
#901=LINE('',#5766,#1275);
#902=LINE('',#5771,#1276);
#903=LINE('',#5773,#1277);
#904=LINE('',#5775,#1278);
#905=LINE('',#5779,#1279);
#906=LINE('',#5781,#1280);
#907=LINE('',#5786,#1281);
#908=LINE('',#5791,#1282);
#909=LINE('',#5795,#1283);
#910=LINE('',#5800,#1284);
#911=LINE('',#5805,#1285);
#912=LINE('',#5809,#1286);
#913=VECTOR('',#3467,10.);
#914=VECTOR('',#3468,10.);
#915=VECTOR('',#3469,10.);
#916=VECTOR('',#3470,10.);
#917=VECTOR('',#3473,10.);
#918=VECTOR('',#3474,10.);
#919=VECTOR('',#3475,10.);
#920=VECTOR('',#3478,10.);
#921=VECTOR('',#3479,10.);
#922=VECTOR('',#3480,10.);
#923=VECTOR('',#3483,10.);
#924=VECTOR('',#3484,10.);
#925=VECTOR('',#3487,10.);
#926=VECTOR('',#3488,10.);
#927=VECTOR('',#3491,10.);
#928=VECTOR('',#3496,10.);
#929=VECTOR('',#3497,10.);
#930=VECTOR('',#3498,10.);
#931=VECTOR('',#3499,10.);
#932=VECTOR('',#3502,10.);
#933=VECTOR('',#3503,10.);
#934=VECTOR('',#3504,10.);
#935=VECTOR('',#3507,10.);
#936=VECTOR('',#3508,10.);
#937=VECTOR('',#3509,10.);
#938=VECTOR('',#3512,10.);
#939=VECTOR('',#3513,10.);
#940=VECTOR('',#3516,10.);
#941=VECTOR('',#3517,10.);
#942=VECTOR('',#3520,10.);
#943=VECTOR('',#3525,10.);
#944=VECTOR('',#3526,10.);
#945=VECTOR('',#3527,10.);
#946=VECTOR('',#3528,10.);
#947=VECTOR('',#3531,10.);
#948=VECTOR('',#3532,10.);
#949=VECTOR('',#3533,10.);
#950=VECTOR('',#3534,10.);
#951=VECTOR('',#3537,10.);
#952=VECTOR('',#3538,10.);
#953=VECTOR('',#3541,10.);
#954=VECTOR('',#3542,10.);
#955=VECTOR('',#3543,10.);
#956=VECTOR('',#3546,10.);
#957=VECTOR('',#3549,10.);
#958=VECTOR('',#3554,10.);
#959=VECTOR('',#3555,10.);
#960=VECTOR('',#3556,10.);
#961=VECTOR('',#3557,10.);
#962=VECTOR('',#3560,10.);
#963=VECTOR('',#3561,10.);
#964=VECTOR('',#3562,10.);
#965=VECTOR('',#3565,10.);
#966=VECTOR('',#3566,10.);
#967=VECTOR('',#3567,10.);
#968=VECTOR('',#3570,10.);
#969=VECTOR('',#3571,10.);
#970=VECTOR('',#3574,10.);
#971=VECTOR('',#3575,10.);
#972=VECTOR('',#3578,10.);
#973=VECTOR('',#3583,10.);
#974=VECTOR('',#3584,10.);
#975=VECTOR('',#3585,10.);
#976=VECTOR('',#3586,10.);
#977=VECTOR('',#3589,10.);
#978=VECTOR('',#3590,10.);
#979=VECTOR('',#3591,10.);
#980=VECTOR('',#3592,10.);
#981=VECTOR('',#3595,10.);
#982=VECTOR('',#3596,10.);
#983=VECTOR('',#3599,10.);
#984=VECTOR('',#3600,10.);
#985=VECTOR('',#3601,10.);
#986=VECTOR('',#3604,10.);
#987=VECTOR('',#3607,10.);
#988=VECTOR('',#3612,10.);
#989=VECTOR('',#3613,10.);
#990=VECTOR('',#3614,10.);
#991=VECTOR('',#3615,10.);
#992=VECTOR('',#3618,10.);
#993=VECTOR('',#3619,10.);
#994=VECTOR('',#3620,10.);
#995=VECTOR('',#3623,10.);
#996=VECTOR('',#3624,10.);
#997=VECTOR('',#3625,10.);
#998=VECTOR('',#3628,10.);
#999=VECTOR('',#3629,10.);
#1000=VECTOR('',#3632,10.);
#1001=VECTOR('',#3633,10.);
#1002=VECTOR('',#3636,10.);
#1003=VECTOR('',#3641,10.);
#1004=VECTOR('',#3642,10.);
#1005=VECTOR('',#3643,10.);
#1006=VECTOR('',#3644,10.);
#1007=VECTOR('',#3647,10.);
#1008=VECTOR('',#3648,10.);
#1009=VECTOR('',#3649,10.);
#1010=VECTOR('',#3650,10.);
#1011=VECTOR('',#3653,10.);
#1012=VECTOR('',#3654,10.);
#1013=VECTOR('',#3657,10.);
#1014=VECTOR('',#3658,10.);
#1015=VECTOR('',#3659,10.);
#1016=VECTOR('',#3662,10.);
#1017=VECTOR('',#3665,10.);
#1018=VECTOR('',#3670,10.);
#1019=VECTOR('',#3671,10.);
#1020=VECTOR('',#3672,10.);
#1021=VECTOR('',#3673,10.);
#1022=VECTOR('',#3676,10.);
#1023=VECTOR('',#3677,10.);
#1024=VECTOR('',#3678,10.);
#1025=VECTOR('',#3681,10.);
#1026=VECTOR('',#3682,10.);
#1027=VECTOR('',#3683,10.);
#1028=VECTOR('',#3686,10.);
#1029=VECTOR('',#3687,10.);
#1030=VECTOR('',#3690,10.);
#1031=VECTOR('',#3691,10.);
#1032=VECTOR('',#3694,10.);
#1033=VECTOR('',#3711,2.25);
#1034=VECTOR('',#3714,2.);
#1035=VECTOR('',#3723,2.25);
#1036=VECTOR('',#3726,2.);
#1037=VECTOR('',#3729,10.);
#1038=VECTOR('',#3732,10.);
#1039=VECTOR('',#3733,10.);
#1040=VECTOR('',#3734,10.);
#1041=VECTOR('',#3735,10.);
#1042=VECTOR('',#3736,10.);
#1043=VECTOR('',#3737,10.);
#1044=VECTOR('',#3738,10.);
#1045=VECTOR('',#3739,10.);
#1046=VECTOR('',#3740,10.);
#1047=VECTOR('',#3741,10.);
#1048=VECTOR('',#3742,10.);
#1049=VECTOR('',#3745,10.);
#1050=VECTOR('',#3746,10.);
#1051=VECTOR('',#3747,10.);
#1052=VECTOR('',#3750,10.);
#1053=VECTOR('',#3751,10.);
#1054=VECTOR('',#3754,10.);
#1055=VECTOR('',#3755,10.);
#1056=VECTOR('',#3758,10.);
#1057=VECTOR('',#3759,10.);
#1058=VECTOR('',#3762,10.);
#1059=VECTOR('',#3763,10.);
#1060=VECTOR('',#3766,10.);
#1061=VECTOR('',#3767,10.);
#1062=VECTOR('',#3768,10.);
#1063=VECTOR('',#3769,10.);
#1064=VECTOR('',#3770,10.);
#1065=VECTOR('',#3771,10.);
#1066=VECTOR('',#3774,10.);
#1067=VECTOR('',#3775,10.);
#1068=VECTOR('',#3776,10.);
#1069=VECTOR('',#3777,10.);
#1070=VECTOR('',#3778,10.);
#1071=VECTOR('',#3779,10.);
#1072=VECTOR('',#3780,10.);
#1073=VECTOR('',#3781,10.);
#1074=VECTOR('',#3782,10.);
#1075=VECTOR('',#3783,10.);
#1076=VECTOR('',#3784,10.);
#1077=VECTOR('',#3785,10.);
#1078=VECTOR('',#3790,10.);
#1079=VECTOR('',#3791,10.);
#1080=VECTOR('',#3792,10.);
#1081=VECTOR('',#3795,10.);
#1082=VECTOR('',#3796,10.);
#1083=VECTOR('',#3799,10.);
#1084=VECTOR('',#3804,10.);
#1085=VECTOR('',#3805,10.);
#1086=VECTOR('',#3808,10.);
#1087=VECTOR('',#3809,10.);
#1088=VECTOR('',#3812,10.);
#1089=VECTOR('',#3813,10.);
#1090=VECTOR('',#3816,10.);
#1091=VECTOR('',#3817,10.);
#1092=VECTOR('',#3818,10.);
#1093=VECTOR('',#3819,10.);
#1094=VECTOR('',#3820,10.);
#1095=VECTOR('',#3821,10.);
#1096=VECTOR('',#3822,10.);
#1097=VECTOR('',#3823,10.);
#1098=VECTOR('',#3824,10.);
#1099=VECTOR('',#3825,10.);
#1100=VECTOR('',#3826,10.);
#1101=VECTOR('',#3827,10.);
#1102=VECTOR('',#3832,10.);
#1103=VECTOR('',#3833,10.);
#1104=VECTOR('',#3834,10.);
#1105=VECTOR('',#3837,10.);
#1106=VECTOR('',#3838,10.);
#1107=VECTOR('',#3841,10.);
#1108=VECTOR('',#3846,10.);
#1109=VECTOR('',#3847,10.);
#1110=VECTOR('',#3850,10.);
#1111=VECTOR('',#3851,10.);
#1112=VECTOR('',#3854,10.);
#1113=VECTOR('',#3855,10.);
#1114=VECTOR('',#3858,10.);
#1115=VECTOR('',#3861,10.);
#1116=VECTOR('',#3862,10.);
#1117=VECTOR('',#3863,10.);
#1118=VECTOR('',#3864,10.);
#1119=VECTOR('',#3865,10.);
#1120=VECTOR('',#3866,10.);
#1121=VECTOR('',#3867,10.);
#1122=VECTOR('',#3868,10.);
#1123=VECTOR('',#3869,10.);
#1124=VECTOR('',#3870,10.);
#1125=VECTOR('',#3871,10.);
#1126=VECTOR('',#3874,10.);
#1127=VECTOR('',#3875,10.);
#1128=VECTOR('',#3876,10.);
#1129=VECTOR('',#3879,10.);
#1130=VECTOR('',#3880,10.);
#1131=VECTOR('',#3883,10.);
#1132=VECTOR('',#3884,10.);
#1133=VECTOR('',#3887,10.);
#1134=VECTOR('',#3888,10.);
#1135=VECTOR('',#3889,10.);
#1136=VECTOR('',#3890,10.);
#1137=VECTOR('',#3893,10.);
#1138=VECTOR('',#3894,10.);
#1139=VECTOR('',#3897,10.);
#1140=VECTOR('',#3898,10.);
#1141=VECTOR('',#3899,10.);
#1142=VECTOR('',#3900,10.);
#1143=VECTOR('',#3903,10.);
#1144=VECTOR('',#3904,10.);
#1145=VECTOR('',#3907,10.);
#1146=VECTOR('',#3908,10.);
#1147=VECTOR('',#3911,10.);
#1148=VECTOR('',#3912,10.);
#1149=VECTOR('',#3915,10.);
#1150=VECTOR('',#3916,10.);
#1151=VECTOR('',#3919,10.);
#1152=VECTOR('',#3920,10.);
#1153=VECTOR('',#3921,10.);
#1154=VECTOR('',#3922,10.);
#1155=VECTOR('',#3925,10.);
#1156=VECTOR('',#3926,10.);
#1157=VECTOR('',#3933,10.);
#1158=VECTOR('',#3938,10.);
#1159=VECTOR('',#3943,10.);
#1160=VECTOR('',#3944,10.);
#1161=VECTOR('',#3945,10.);
#1162=VECTOR('',#3946,10.);
#1163=VECTOR('',#3949,10.);
#1164=VECTOR('',#3950,10.);
#1165=VECTOR('',#3953,10.);
#1166=VECTOR('',#3954,10.);
#1167=VECTOR('',#3957,10.);
#1168=VECTOR('',#3958,10.);
#1169=VECTOR('',#3961,10.);
#1170=VECTOR('',#3962,10.);
#1171=VECTOR('',#3965,10.);
#1172=VECTOR('',#3966,10.);
#1173=VECTOR('',#3967,10.);
#1174=VECTOR('',#3970,10.);
#1175=VECTOR('',#3971,10.);
#1176=VECTOR('',#3972,10.);
#1177=VECTOR('',#3973,10.);
#1178=VECTOR('',#3976,10.);
#1179=VECTOR('',#3977,10.);
#1180=VECTOR('',#3980,10.);
#1181=VECTOR('',#3981,10.);
#1182=VECTOR('',#3984,10.);
#1183=VECTOR('',#3985,10.);
#1184=VECTOR('',#3988,10.);
#1185=VECTOR('',#3989,10.);
#1186=VECTOR('',#3992,10.);
#1187=VECTOR('',#3997,10.);
#1188=VECTOR('',#3998,10.);
#1189=VECTOR('',#4001,10.);
#1190=VECTOR('',#4004,10.);
#1191=VECTOR('',#4005,10.);
#1192=VECTOR('',#4006,10.);
#1193=VECTOR('',#4009,10.);
#1194=VECTOR('',#4010,10.);
#1195=VECTOR('',#4011,10.);
#1196=VECTOR('',#4014,10.);
#1197=VECTOR('',#4015,10.);
#1198=VECTOR('',#4018,10.);
#1199=VECTOR('',#4019,10.);
#1200=VECTOR('',#4022,10.);
#1201=VECTOR('',#4023,10.);
#1202=VECTOR('',#4032,10.);
#1203=VECTOR('',#4033,10.);
#1204=VECTOR('',#4034,10.);
#1205=VECTOR('',#4035,10.);
#1206=VECTOR('',#4036,10.);
#1207=VECTOR('',#4037,10.);
#1208=VECTOR('',#4038,10.);
#1209=VECTOR('',#4041,10.);
#1210=VECTOR('',#4044,10.);
#1211=VECTOR('',#4045,10.);
#1212=VECTOR('',#4046,10.);
#1213=VECTOR('',#4049,10.);
#1214=VECTOR('',#4052,10.);
#1215=VECTOR('',#4053,10.);
#1216=VECTOR('',#4058,10.);
#1217=VECTOR('',#4059,10.);
#1218=VECTOR('',#4060,10.);
#1219=VECTOR('',#4061,10.);
#1220=VECTOR('',#4062,10.);
#1221=VECTOR('',#4063,10.);
#1222=VECTOR('',#4066,10.);
#1223=VECTOR('',#4079,95.);
#1224=VECTOR('',#4082,100.);
#1225=VECTOR('',#4085,10.);
#1226=VECTOR('',#4086,10.);
#1227=VECTOR('',#4087,10.);
#1228=VECTOR('',#4088,10.);
#1229=VECTOR('',#4091,10.);
#1230=VECTOR('',#4092,10.);
#1231=VECTOR('',#4093,10.);
#1232=VECTOR('',#4096,10.);
#1233=VECTOR('',#4097,10.);
#1234=VECTOR('',#4100,10.);
#1235=VECTOR('',#4101,10.);
#1236=VECTOR('',#4102,10.);
#1237=VECTOR('',#4103,10.);
#1238=VECTOR('',#4104,10.);
#1239=VECTOR('',#4105,10.);
#1240=VECTOR('',#4106,10.);
#1241=VECTOR('',#4107,10.);
#1242=VECTOR('',#4108,10.);
#1243=VECTOR('',#4121,1.666);
#1244=VECTOR('',#4128,2.);
#1245=VECTOR('',#4133,10.);
#1246=VECTOR('',#4134,10.);
#1247=VECTOR('',#4137,10.);
#1248=VECTOR('',#4138,10.);
#1249=VECTOR('',#4139,10.);
#1250=VECTOR('',#4142,10.);
#1251=VECTOR('',#4143,10.);
#1252=VECTOR('',#4144,10.);
#1253=VECTOR('',#4145,10.);
#1254=VECTOR('',#4146,10.);
#1255=VECTOR('',#4147,10.);
#1256=VECTOR('',#4148,10.);
#1257=VECTOR('',#4149,10.);
#1258=VECTOR('',#4160,10.);
#1259=VECTOR('',#4175,10.);
#1260=VECTOR('',#4176,10.);
#1261=VECTOR('',#4179,10.);
#1262=VECTOR('',#4180,10.);
#1263=VECTOR('',#4181,10.);
#1264=VECTOR('',#4184,10.);
#1265=VECTOR('',#4187,10.);
#1266=VECTOR('',#4188,10.);
#1267=VECTOR('',#4189,10.);
#1268=VECTOR('',#4190,10.);
#1269=VECTOR('',#4195,1.666);
#1270=VECTOR('',#4208,10.);
#1271=VECTOR('',#4209,10.);
#1272=VECTOR('',#4210,10.);
#1273=VECTOR('',#4213,10.);
#1274=VECTOR('',#4214,10.);
#1275=VECTOR('',#4217,10.);
#1276=VECTOR('',#4224,1.35000000000002);
#1277=VECTOR('',#4227,1.6);
#1278=VECTOR('',#4230,1.6);
#1279=VECTOR('',#4235,1.35000000000002);
#1280=VECTOR('',#4238,10.);
#1281=VECTOR('',#4245,2.89999999999999);
#1282=VECTOR('',#4252,1.35);
#1283=VECTOR('',#4257,2.89999999999999);
#1284=VECTOR('',#4264,2.89999999999999);
#1285=VECTOR('',#4271,1.35);
#1286=VECTOR('',#4276,2.89999999999999);
#1287=VERTEX_POINT('',#4283);
#1288=VERTEX_POINT('',#4284);
#1289=VERTEX_POINT('',#4286);
#1290=VERTEX_POINT('',#4288);
#1291=VERTEX_POINT('',#4292);
#1292=VERTEX_POINT('',#4294);
#1293=VERTEX_POINT('',#4298);
#1294=VERTEX_POINT('',#4300);
#1295=VERTEX_POINT('',#4304);
#1296=VERTEX_POINT('',#4308);
#1297=VERTEX_POINT('',#4315);
#1298=VERTEX_POINT('',#4316);
#1299=VERTEX_POINT('',#4318);
#1300=VERTEX_POINT('',#4320);
#1301=VERTEX_POINT('',#4324);
#1302=VERTEX_POINT('',#4326);
#1303=VERTEX_POINT('',#4330);
#1304=VERTEX_POINT('',#4332);
#1305=VERTEX_POINT('',#4336);
#1306=VERTEX_POINT('',#4340);
#1307=VERTEX_POINT('',#4347);
#1308=VERTEX_POINT('',#4348);
#1309=VERTEX_POINT('',#4350);
#1310=VERTEX_POINT('',#4352);
#1311=VERTEX_POINT('',#4356);
#1312=VERTEX_POINT('',#4358);
#1313=VERTEX_POINT('',#4360);
#1314=VERTEX_POINT('',#4364);
#1315=VERTEX_POINT('',#4368);
#1316=VERTEX_POINT('',#4370);
#1317=VERTEX_POINT('',#4379);
#1318=VERTEX_POINT('',#4380);
#1319=VERTEX_POINT('',#4382);
#1320=VERTEX_POINT('',#4384);
#1321=VERTEX_POINT('',#4388);
#1322=VERTEX_POINT('',#4390);
#1323=VERTEX_POINT('',#4394);
#1324=VERTEX_POINT('',#4396);
#1325=VERTEX_POINT('',#4400);
#1326=VERTEX_POINT('',#4404);
#1327=VERTEX_POINT('',#4411);
#1328=VERTEX_POINT('',#4412);
#1329=VERTEX_POINT('',#4414);
#1330=VERTEX_POINT('',#4416);
#1331=VERTEX_POINT('',#4420);
#1332=VERTEX_POINT('',#4422);
#1333=VERTEX_POINT('',#4424);
#1334=VERTEX_POINT('',#4428);
#1335=VERTEX_POINT('',#4432);
#1336=VERTEX_POINT('',#4434);
#1337=VERTEX_POINT('',#4443);
#1338=VERTEX_POINT('',#4444);
#1339=VERTEX_POINT('',#4446);
#1340=VERTEX_POINT('',#4448);
#1341=VERTEX_POINT('',#4452);
#1342=VERTEX_POINT('',#4454);
#1343=VERTEX_POINT('',#4458);
#1344=VERTEX_POINT('',#4460);
#1345=VERTEX_POINT('',#4464);
#1346=VERTEX_POINT('',#4468);
#1347=VERTEX_POINT('',#4475);
#1348=VERTEX_POINT('',#4476);
#1349=VERTEX_POINT('',#4478);
#1350=VERTEX_POINT('',#4480);
#1351=VERTEX_POINT('',#4484);
#1352=VERTEX_POINT('',#4486);
#1353=VERTEX_POINT('',#4488);
#1354=VERTEX_POINT('',#4492);
#1355=VERTEX_POINT('',#4496);
#1356=VERTEX_POINT('',#4498);
#1357=VERTEX_POINT('',#4507);
#1358=VERTEX_POINT('',#4508);
#1359=VERTEX_POINT('',#4510);
#1360=VERTEX_POINT('',#4512);
#1361=VERTEX_POINT('',#4516);
#1362=VERTEX_POINT('',#4518);
#1363=VERTEX_POINT('',#4522);
#1364=VERTEX_POINT('',#4524);
#1365=VERTEX_POINT('',#4528);
#1366=VERTEX_POINT('',#4532);
#1367=VERTEX_POINT('',#4539);
#1368=VERTEX_POINT('',#4541);
#1369=VERTEX_POINT('',#4544);
#1370=VERTEX_POINT('',#4546);
#1371=VERTEX_POINT('',#4549);
#1372=VERTEX_POINT('',#4550);
#1373=VERTEX_POINT('',#4589);
#1374=VERTEX_POINT('',#4591);
#1375=VERTEX_POINT('',#4629);
#1376=VERTEX_POINT('',#4631);
#1377=VERTEX_POINT('',#4634);
#1378=VERTEX_POINT('',#4635);
#1379=VERTEX_POINT('',#4674);
#1380=VERTEX_POINT('',#4676);
#1381=VERTEX_POINT('',#4714);
#1382=VERTEX_POINT('',#4715);
#1383=VERTEX_POINT('',#4717);
#1384=VERTEX_POINT('',#4719);
#1385=VERTEX_POINT('',#4721);
#1386=VERTEX_POINT('',#4723);
#1387=VERTEX_POINT('',#4725);
#1388=VERTEX_POINT('',#4727);
#1389=VERTEX_POINT('',#4729);
#1390=VERTEX_POINT('',#4731);
#1391=VERTEX_POINT('',#4733);
#1392=VERTEX_POINT('',#4735);
#1393=VERTEX_POINT('',#4737);
#1394=VERTEX_POINT('',#4741);
#1395=VERTEX_POINT('',#4743);
#1396=VERTEX_POINT('',#4747);
#1397=VERTEX_POINT('',#4751);
#1398=VERTEX_POINT('',#4755);
#1399=VERTEX_POINT('',#4759);
#1400=VERTEX_POINT('',#4763);
#1401=VERTEX_POINT('',#4765);
#1402=VERTEX_POINT('',#4767);
#1403=VERTEX_POINT('',#4769);
#1404=VERTEX_POINT('',#4771);
#1405=VERTEX_POINT('',#4775);
#1406=VERTEX_POINT('',#4776);
#1407=VERTEX_POINT('',#4778);
#1408=VERTEX_POINT('',#4780);
#1409=VERTEX_POINT('',#4782);
#1410=VERTEX_POINT('',#4784);
#1411=VERTEX_POINT('',#4786);
#1412=VERTEX_POINT('',#4788);
#1413=VERTEX_POINT('',#4790);
#1414=VERTEX_POINT('',#4792);
#1415=VERTEX_POINT('',#4794);
#1416=VERTEX_POINT('',#4796);
#1417=VERTEX_POINT('',#4798);
#1418=VERTEX_POINT('',#4802);
#1419=VERTEX_POINT('',#4804);
#1420=VERTEX_POINT('',#4808);
#1421=VERTEX_POINT('',#4812);
#1422=VERTEX_POINT('',#4816);
#1423=VERTEX_POINT('',#4820);
#1424=VERTEX_POINT('',#4824);
#1425=VERTEX_POINT('',#4828);
#1426=VERTEX_POINT('',#4829);
#1427=VERTEX_POINT('',#4831);
#1428=VERTEX_POINT('',#4833);
#1429=VERTEX_POINT('',#4835);
#1430=VERTEX_POINT('',#4837);
#1431=VERTEX_POINT('',#4839);
#1432=VERTEX_POINT('',#4841);
#1433=VERTEX_POINT('',#4843);
#1434=VERTEX_POINT('',#4845);
#1435=VERTEX_POINT('',#4847);
#1436=VERTEX_POINT('',#4849);
#1437=VERTEX_POINT('',#4851);
#1438=VERTEX_POINT('',#4855);
#1439=VERTEX_POINT('',#4857);
#1440=VERTEX_POINT('',#4861);
#1441=VERTEX_POINT('',#4865);
#1442=VERTEX_POINT('',#4869);
#1443=VERTEX_POINT('',#4873);
#1444=VERTEX_POINT('',#4877);
#1445=VERTEX_POINT('',#4881);
#1446=VERTEX_POINT('',#4882);
#1447=VERTEX_POINT('',#4884);
#1448=VERTEX_POINT('',#4886);
#1449=VERTEX_POINT('',#4888);
#1450=VERTEX_POINT('',#4890);
#1451=VERTEX_POINT('',#4892);
#1452=VERTEX_POINT('',#4894);
#1453=VERTEX_POINT('',#4896);
#1454=VERTEX_POINT('',#4898);
#1455=VERTEX_POINT('',#4900);
#1456=VERTEX_POINT('',#4902);
#1457=VERTEX_POINT('',#4904);
#1458=VERTEX_POINT('',#4908);
#1459=VERTEX_POINT('',#4910);
#1460=VERTEX_POINT('',#4914);
#1461=VERTEX_POINT('',#4918);
#1462=VERTEX_POINT('',#4922);
#1463=VERTEX_POINT('',#4924);
#1464=VERTEX_POINT('',#4926);
#1465=VERTEX_POINT('',#4930);
#1466=VERTEX_POINT('',#4934);
#1467=VERTEX_POINT('',#4936);
#1468=VERTEX_POINT('',#4938);
#1469=VERTEX_POINT('',#4942);
#1470=VERTEX_POINT('',#4946);
#1471=VERTEX_POINT('',#4950);
#1472=VERTEX_POINT('',#4954);
#1473=VERTEX_POINT('',#4958);
#1474=VERTEX_POINT('',#4960);
#1475=VERTEX_POINT('',#4962);
#1476=VERTEX_POINT('',#4966);
#1477=VERTEX_POINT('',#4970);
#1478=VERTEX_POINT('',#4971);
#1479=VERTEX_POINT('',#4973);
#1480=VERTEX_POINT('',#4977);
#1481=VERTEX_POINT('',#4978);
#1482=VERTEX_POINT('',#4980);
#1483=VERTEX_POINT('',#4985);
#1484=VERTEX_POINT('',#4987);
#1485=VERTEX_POINT('',#4991);
#1486=VERTEX_POINT('',#4995);
#1487=VERTEX_POINT('',#4999);
#1488=VERTEX_POINT('',#5003);
#1489=VERTEX_POINT('',#5007);
#1490=VERTEX_POINT('',#5009);
#1491=VERTEX_POINT('',#5013);
#1492=VERTEX_POINT('',#5015);
#1493=VERTEX_POINT('',#5020);
#1494=VERTEX_POINT('',#5024);
#1495=VERTEX_POINT('',#5028);
#1496=VERTEX_POINT('',#5032);
#1497=VERTEX_POINT('',#5036);
#1498=VERTEX_POINT('',#5040);
#1499=VERTEX_POINT('',#5046);
#1500=VERTEX_POINT('',#5047);
#1501=VERTEX_POINT('',#5052);
#1502=VERTEX_POINT('',#5054);
#1503=VERTEX_POINT('',#5058);
#1504=VERTEX_POINT('',#5062);
#1505=VERTEX_POINT('',#5066);
#1506=VERTEX_POINT('',#5072);
#1507=VERTEX_POINT('',#5074);
#1508=VERTEX_POINT('',#5077);
#1509=VERTEX_POINT('',#5081);
#1510=VERTEX_POINT('',#5087);
#1511=VERTEX_POINT('',#5089);
#1512=VERTEX_POINT('',#5095);
#1513=VERTEX_POINT('',#5099);
#1514=VERTEX_POINT('',#5104);
#1515=VERTEX_POINT('',#5120);
#1516=VERTEX_POINT('',#5121);
#1517=VERTEX_POINT('',#5123);
#1518=VERTEX_POINT('',#5125);
#1519=VERTEX_POINT('',#5129);
#1520=VERTEX_POINT('',#5131);
#1521=VERTEX_POINT('',#5135);
#1522=VERTEX_POINT('',#5139);
#1523=VERTEX_POINT('',#5141);
#1524=VERTEX_POINT('',#5143);
#1525=VERTEX_POINT('',#5145);
#1526=VERTEX_POINT('',#5147);
#1527=VERTEX_POINT('',#5149);
#1528=VERTEX_POINT('',#5165);
#1529=VERTEX_POINT('',#5181);
#1530=VERTEX_POINT('',#5183);
#1531=VERTEX_POINT('',#5185);
#1532=VERTEX_POINT('',#5187);
#1533=VERTEX_POINT('',#5229);
#1534=VERTEX_POINT('',#5231);
#1535=VERTEX_POINT('',#5233);
#1536=VERTEX_POINT('',#5235);
#1537=VERTEX_POINT('',#5238);
#1538=VERTEX_POINT('',#5240);
#1539=VERTEX_POINT('',#5245);
#1540=VERTEX_POINT('',#5246);
#1541=VERTEX_POINT('',#5289);
#1542=VERTEX_POINT('',#5373);
#1543=VERTEX_POINT('',#5374);
#1544=VERTEX_POINT('',#5511);
#1545=VERTEX_POINT('',#5513);
#1546=VERTEX_POINT('',#5517);
#1547=VERTEX_POINT('',#5519);
#1548=VERTEX_POINT('',#5521);
#1549=VERTEX_POINT('',#5523);
#1550=VERTEX_POINT('',#5543);
#1551=VERTEX_POINT('',#5587);
#1552=VERTEX_POINT('',#5589);
#1553=VERTEX_POINT('',#5591);
#1554=VERTEX_POINT('',#5593);
#1555=VERTEX_POINT('',#5596);
#1556=VERTEX_POINT('',#5598);
#1557=VERTEX_POINT('',#5600);
#1558=VERTEX_POINT('',#5602);
#1559=VERTEX_POINT('',#5607);
#1560=VERTEX_POINT('',#5609);
#1561=VERTEX_POINT('',#5612);
#1562=VERTEX_POINT('',#5614);
#1563=VERTEX_POINT('',#5620);
#1564=VERTEX_POINT('',#5622);
#1565=VERTEX_POINT('',#5626);
#1566=VERTEX_POINT('',#5627);
#1567=VERTEX_POINT('',#5629);
#1568=VERTEX_POINT('',#5631);
#1569=VERTEX_POINT('',#5633);
#1570=VERTEX_POINT('',#5689);
#1571=VERTEX_POINT('',#5747);
#1572=VERTEX_POINT('',#5749);
#1573=VERTEX_POINT('',#5757);
#1574=VERTEX_POINT('',#5759);
#1575=VERTEX_POINT('',#5769);
#1576=VERTEX_POINT('',#5777);
#1577=VERTEX_POINT('',#5785);
#1578=VERTEX_POINT('',#5790);
#1579=VERTEX_POINT('',#5794);
#1580=VERTEX_POINT('',#5799);
#1581=VERTEX_POINT('',#5804);
#1582=VERTEX_POINT('',#5808);
#1583=EDGE_CURVE('',#1287,#1288,#539,.T.);
#1584=EDGE_CURVE('',#1288,#1289,#540,.T.);
#1585=EDGE_CURVE('',#1289,#1290,#541,.T.);
#1586=EDGE_CURVE('',#1290,#1287,#542,.T.);
#1587=EDGE_CURVE('',#1291,#1290,#543,.T.);
#1588=EDGE_CURVE('',#1292,#1289,#544,.T.);
#1589=EDGE_CURVE('',#1291,#1292,#545,.T.);
#1590=EDGE_CURVE('',#1293,#1287,#546,.T.);
#1591=EDGE_CURVE('',#1291,#1294,#547,.T.);
#1592=EDGE_CURVE('',#1294,#1293,#548,.T.);
#1593=EDGE_CURVE('',#1295,#1288,#549,.T.);
#1594=EDGE_CURVE('',#1295,#1293,#550,.T.);
#1595=EDGE_CURVE('',#1295,#1296,#551,.T.);
#1596=EDGE_CURVE('',#1296,#1292,#552,.T.);
#1597=EDGE_CURVE('',#1294,#1296,#553,.T.);
#1598=EDGE_CURVE('',#1297,#1298,#554,.T.);
#1599=EDGE_CURVE('',#1299,#1298,#555,.T.);
#1600=EDGE_CURVE('',#1299,#1300,#556,.T.);
#1601=EDGE_CURVE('',#1297,#1300,#557,.T.);
#1602=EDGE_CURVE('',#1301,#1299,#558,.T.);
#1603=EDGE_CURVE('',#1301,#1302,#559,.T.);
#1604=EDGE_CURVE('',#1300,#1302,#560,.T.);
#1605=EDGE_CURVE('',#1302,#1303,#561,.T.);
#1606=EDGE_CURVE('',#1304,#1303,#562,.T.);
#1607=EDGE_CURVE('',#1297,#1304,#563,.T.);
#1608=EDGE_CURVE('',#1305,#1304,#564,.T.);
#1609=EDGE_CURVE('',#1298,#1305,#565,.T.);
#1610=EDGE_CURVE('',#1306,#1305,#566,.T.);
#1611=EDGE_CURVE('',#1301,#1306,#567,.T.);
#1612=EDGE_CURVE('',#1303,#1306,#568,.T.);
#1613=EDGE_CURVE('',#1307,#1308,#569,.T.);
#1614=EDGE_CURVE('',#1308,#1309,#570,.T.);
#1615=EDGE_CURVE('',#1309,#1310,#571,.T.);
#1616=EDGE_CURVE('',#1310,#1307,#572,.T.);
#1617=EDGE_CURVE('',#1311,#1309,#573,.T.);
#1618=EDGE_CURVE('',#1312,#1308,#574,.T.);
#1619=EDGE_CURVE('',#1312,#1313,#575,.T.);
#1620=EDGE_CURVE('',#1313,#1311,#576,.T.);
#1621=EDGE_CURVE('',#1314,#1310,#577,.T.);
#1622=EDGE_CURVE('',#1314,#1311,#578,.T.);
#1623=EDGE_CURVE('',#1315,#1307,#579,.T.);
#1624=EDGE_CURVE('',#1314,#1316,#580,.T.);
#1625=EDGE_CURVE('',#1316,#1315,#581,.T.);
#1626=EDGE_CURVE('',#1312,#1315,#582,.T.);
#1627=EDGE_CURVE('',#1316,#1313,#583,.T.);
#1628=EDGE_CURVE('',#1317,#1318,#584,.T.);
#1629=EDGE_CURVE('',#1319,#1318,#585,.T.);
#1630=EDGE_CURVE('',#1319,#1320,#586,.T.);
#1631=EDGE_CURVE('',#1317,#1320,#587,.T.);
#1632=EDGE_CURVE('',#1321,#1319,#588,.T.);
#1633=EDGE_CURVE('',#1321,#1322,#589,.T.);
#1634=EDGE_CURVE('',#1320,#1322,#590,.T.);
#1635=EDGE_CURVE('',#1322,#1323,#591,.T.);
#1636=EDGE_CURVE('',#1324,#1323,#592,.T.);
#1637=EDGE_CURVE('',#1317,#1324,#593,.T.);
#1638=EDGE_CURVE('',#1325,#1324,#594,.T.);
#1639=EDGE_CURVE('',#1318,#1325,#595,.T.);
#1640=EDGE_CURVE('',#1326,#1325,#596,.T.);
#1641=EDGE_CURVE('',#1321,#1326,#597,.T.);
#1642=EDGE_CURVE('',#1323,#1326,#598,.T.);
#1643=EDGE_CURVE('',#1327,#1328,#599,.T.);
#1644=EDGE_CURVE('',#1328,#1329,#600,.T.);
#1645=EDGE_CURVE('',#1329,#1330,#601,.T.);
#1646=EDGE_CURVE('',#1330,#1327,#602,.T.);
#1647=EDGE_CURVE('',#1331,#1329,#603,.T.);
#1648=EDGE_CURVE('',#1332,#1328,#604,.T.);
#1649=EDGE_CURVE('',#1332,#1333,#605,.T.);
#1650=EDGE_CURVE('',#1333,#1331,#606,.T.);
#1651=EDGE_CURVE('',#1334,#1330,#607,.T.);
#1652=EDGE_CURVE('',#1334,#1331,#608,.T.);
#1653=EDGE_CURVE('',#1335,#1327,#609,.T.);
#1654=EDGE_CURVE('',#1334,#1336,#610,.T.);
#1655=EDGE_CURVE('',#1336,#1335,#611,.T.);
#1656=EDGE_CURVE('',#1332,#1335,#612,.T.);
#1657=EDGE_CURVE('',#1336,#1333,#613,.T.);
#1658=EDGE_CURVE('',#1337,#1338,#614,.T.);
#1659=EDGE_CURVE('',#1339,#1338,#615,.T.);
#1660=EDGE_CURVE('',#1339,#1340,#616,.T.);
#1661=EDGE_CURVE('',#1337,#1340,#617,.T.);
#1662=EDGE_CURVE('',#1340,#1341,#618,.T.);
#1663=EDGE_CURVE('',#1342,#1339,#619,.T.);
#1664=EDGE_CURVE('',#1342,#1341,#620,.T.);
#1665=EDGE_CURVE('',#1337,#1343,#621,.T.);
#1666=EDGE_CURVE('',#1344,#1343,#622,.T.);
#1667=EDGE_CURVE('',#1338,#1344,#623,.T.);
#1668=EDGE_CURVE('',#1345,#1344,#624,.T.);
#1669=EDGE_CURVE('',#1342,#1345,#625,.T.);
#1670=EDGE_CURVE('',#1346,#1345,#626,.T.);
#1671=EDGE_CURVE('',#1341,#1346,#627,.T.);
#1672=EDGE_CURVE('',#1343,#1346,#628,.T.);
#1673=EDGE_CURVE('',#1347,#1348,#629,.T.);
#1674=EDGE_CURVE('',#1348,#1349,#630,.T.);
#1675=EDGE_CURVE('',#1349,#1350,#631,.T.);
#1676=EDGE_CURVE('',#1350,#1347,#632,.T.);
#1677=EDGE_CURVE('',#1351,#1349,#633,.T.);
#1678=EDGE_CURVE('',#1352,#1348,#634,.T.);
#1679=EDGE_CURVE('',#1352,#1353,#635,.T.);
#1680=EDGE_CURVE('',#1353,#1351,#636,.T.);
#1681=EDGE_CURVE('',#1354,#1350,#637,.T.);
#1682=EDGE_CURVE('',#1354,#1351,#638,.T.);
#1683=EDGE_CURVE('',#1355,#1347,#639,.T.);
#1684=EDGE_CURVE('',#1354,#1356,#640,.T.);
#1685=EDGE_CURVE('',#1356,#1355,#641,.T.);
#1686=EDGE_CURVE('',#1352,#1355,#642,.T.);
#1687=EDGE_CURVE('',#1356,#1353,#643,.T.);
#1688=EDGE_CURVE('',#1357,#1358,#644,.T.);
#1689=EDGE_CURVE('',#1359,#1358,#645,.T.);
#1690=EDGE_CURVE('',#1359,#1360,#646,.T.);
#1691=EDGE_CURVE('',#1357,#1360,#647,.T.);
#1692=EDGE_CURVE('',#1361,#1359,#648,.T.);
#1693=EDGE_CURVE('',#1361,#1362,#649,.T.);
#1694=EDGE_CURVE('',#1360,#1362,#650,.T.);
#1695=EDGE_CURVE('',#1357,#1363,#651,.T.);
#1696=EDGE_CURVE('',#1364,#1363,#652,.T.);
#1697=EDGE_CURVE('',#1358,#1364,#653,.T.);
#1698=EDGE_CURVE('',#1365,#1364,#654,.T.);
#1699=EDGE_CURVE('',#1361,#1365,#655,.T.);
#1700=EDGE_CURVE('',#1366,#1365,#656,.T.);
#1701=EDGE_CURVE('',#1362,#1366,#657,.T.);
#1702=EDGE_CURVE('',#1363,#1366,#658,.T.);
#1703=EDGE_CURVE('',#1367,#1367,#100,.T.);
#1704=EDGE_CURVE('',#1368,#1368,#101,.T.);
#1705=EDGE_CURVE('',#1369,#1369,#102,.T.);
#1706=EDGE_CURVE('',#1370,#1370,#103,.T.);
#1707=EDGE_CURVE('',#1371,#1372,#24,.T.);
#1708=EDGE_CURVE('',#1372,#1371,#25,.T.);
#1709=EDGE_CURVE('',#1372,#1369,#659,.T.);
#1710=EDGE_CURVE('',#1370,#1373,#660,.T.);
#1711=EDGE_CURVE('',#1374,#1373,#26,.T.);
#1712=EDGE_CURVE('',#1373,#1374,#27,.T.);
#1713=EDGE_CURVE('',#1375,#1375,#104,.T.);
#1714=EDGE_CURVE('',#1376,#1376,#105,.T.);
#1715=EDGE_CURVE('',#1377,#1378,#28,.T.);
#1716=EDGE_CURVE('',#1378,#1377,#29,.T.);
#1717=EDGE_CURVE('',#1378,#1375,#661,.T.);
#1718=EDGE_CURVE('',#1376,#1379,#662,.T.);
#1719=EDGE_CURVE('',#1380,#1379,#30,.T.);
#1720=EDGE_CURVE('',#1379,#1380,#31,.T.);
#1721=EDGE_CURVE('',#1381,#1382,#663,.T.);
#1722=EDGE_CURVE('',#1383,#1381,#106,.T.);
#1723=EDGE_CURVE('',#1384,#1383,#664,.T.);
#1724=EDGE_CURVE('',#1385,#1384,#665,.T.);
#1725=EDGE_CURVE('',#1386,#1385,#666,.T.);
#1726=EDGE_CURVE('',#1387,#1386,#667,.T.);
#1727=EDGE_CURVE('',#1388,#1387,#668,.T.);
#1728=EDGE_CURVE('',#1389,#1388,#669,.T.);
#1729=EDGE_CURVE('',#1390,#1389,#670,.T.);
#1730=EDGE_CURVE('',#1391,#1390,#671,.T.);
#1731=EDGE_CURVE('',#1392,#1391,#672,.T.);
#1732=EDGE_CURVE('',#1393,#1392,#673,.T.);
#1733=EDGE_CURVE('',#1382,#1393,#674,.T.);
#1734=EDGE_CURVE('',#1382,#1394,#675,.T.);
#1735=EDGE_CURVE('',#1395,#1394,#676,.T.);
#1736=EDGE_CURVE('',#1381,#1395,#677,.T.);
#1737=EDGE_CURVE('',#1393,#1396,#678,.T.);
#1738=EDGE_CURVE('',#1394,#1396,#679,.T.);
#1739=EDGE_CURVE('',#1392,#1397,#680,.T.);
#1740=EDGE_CURVE('',#1396,#1397,#681,.T.);
#1741=EDGE_CURVE('',#1391,#1398,#682,.T.);
#1742=EDGE_CURVE('',#1397,#1398,#683,.T.);
#1743=EDGE_CURVE('',#1390,#1399,#684,.T.);
#1744=EDGE_CURVE('',#1398,#1399,#685,.T.);
#1745=EDGE_CURVE('',#1389,#1400,#686,.T.);
#1746=EDGE_CURVE('',#1400,#1401,#687,.T.);
#1747=EDGE_CURVE('',#1401,#1402,#688,.T.);
#1748=EDGE_CURVE('',#1403,#1402,#689,.T.);
#1749=EDGE_CURVE('',#1404,#1403,#690,.T.);
#1750=EDGE_CURVE('',#1399,#1404,#691,.T.);
#1751=EDGE_CURVE('',#1405,#1406,#692,.T.);
#1752=EDGE_CURVE('',#1407,#1405,#693,.T.);
#1753=EDGE_CURVE('',#1408,#1407,#694,.T.);
#1754=EDGE_CURVE('',#1409,#1408,#695,.T.);
#1755=EDGE_CURVE('',#1410,#1409,#696,.T.);
#1756=EDGE_CURVE('',#1411,#1410,#697,.T.);
#1757=EDGE_CURVE('',#1412,#1411,#698,.T.);
#1758=EDGE_CURVE('',#1413,#1412,#699,.T.);
#1759=EDGE_CURVE('',#1414,#1413,#700,.T.);
#1760=EDGE_CURVE('',#1415,#1414,#701,.T.);
#1761=EDGE_CURVE('',#1416,#1415,#702,.T.);
#1762=EDGE_CURVE('',#1417,#1416,#703,.T.);
#1763=EDGE_CURVE('',#1406,#1417,#107,.T.);
#1764=EDGE_CURVE('',#1405,#1418,#704,.T.);
#1765=EDGE_CURVE('',#1419,#1418,#705,.T.);
#1766=EDGE_CURVE('',#1407,#1419,#706,.T.);
#1767=EDGE_CURVE('',#1406,#1420,#707,.T.);
#1768=EDGE_CURVE('',#1418,#1420,#708,.T.);
#1769=EDGE_CURVE('',#1417,#1421,#709,.T.);
#1770=EDGE_CURVE('',#1420,#1421,#108,.T.);
#1771=EDGE_CURVE('',#1416,#1422,#710,.T.);
#1772=EDGE_CURVE('',#1421,#1422,#711,.T.);
#1773=EDGE_CURVE('',#1415,#1423,#712,.T.);
#1774=EDGE_CURVE('',#1422,#1423,#713,.T.);
#1775=EDGE_CURVE('',#1414,#1424,#714,.T.);
#1776=EDGE_CURVE('',#1423,#1424,#715,.T.);
#1777=EDGE_CURVE('',#1425,#1426,#716,.T.);
#1778=EDGE_CURVE('',#1427,#1425,#717,.T.);
#1779=EDGE_CURVE('',#1428,#1427,#718,.T.);
#1780=EDGE_CURVE('',#1429,#1428,#719,.T.);
#1781=EDGE_CURVE('',#1430,#1429,#720,.T.);
#1782=EDGE_CURVE('',#1431,#1430,#721,.T.);
#1783=EDGE_CURVE('',#1432,#1431,#722,.T.);
#1784=EDGE_CURVE('',#1433,#1432,#723,.T.);
#1785=EDGE_CURVE('',#1434,#1433,#724,.T.);
#1786=EDGE_CURVE('',#1435,#1434,#725,.T.);
#1787=EDGE_CURVE('',#1436,#1435,#726,.T.);
#1788=EDGE_CURVE('',#1437,#1436,#727,.T.);
#1789=EDGE_CURVE('',#1426,#1437,#109,.T.);
#1790=EDGE_CURVE('',#1425,#1438,#728,.T.);
#1791=EDGE_CURVE('',#1439,#1438,#729,.T.);
#1792=EDGE_CURVE('',#1427,#1439,#730,.T.);
#1793=EDGE_CURVE('',#1426,#1440,#731,.T.);
#1794=EDGE_CURVE('',#1438,#1440,#732,.T.);
#1795=EDGE_CURVE('',#1437,#1441,#733,.T.);
#1796=EDGE_CURVE('',#1440,#1441,#110,.T.);
#1797=EDGE_CURVE('',#1436,#1442,#734,.T.);
#1798=EDGE_CURVE('',#1441,#1442,#735,.T.);
#1799=EDGE_CURVE('',#1435,#1443,#736,.T.);
#1800=EDGE_CURVE('',#1442,#1443,#737,.T.);
#1801=EDGE_CURVE('',#1434,#1444,#738,.T.);
#1802=EDGE_CURVE('',#1443,#1444,#739,.T.);
#1803=EDGE_CURVE('',#1445,#1446,#740,.T.);
#1804=EDGE_CURVE('',#1447,#1445,#111,.T.);
#1805=EDGE_CURVE('',#1448,#1447,#741,.T.);
#1806=EDGE_CURVE('',#1449,#1448,#742,.T.);
#1807=EDGE_CURVE('',#1450,#1449,#743,.T.);
#1808=EDGE_CURVE('',#1451,#1450,#744,.T.);
#1809=EDGE_CURVE('',#1452,#1451,#745,.T.);
#1810=EDGE_CURVE('',#1453,#1452,#746,.T.);
#1811=EDGE_CURVE('',#1454,#1453,#747,.T.);
#1812=EDGE_CURVE('',#1455,#1454,#748,.T.);
#1813=EDGE_CURVE('',#1456,#1455,#749,.T.);
#1814=EDGE_CURVE('',#1457,#1456,#750,.T.);
#1815=EDGE_CURVE('',#1446,#1457,#751,.T.);
#1816=EDGE_CURVE('',#1456,#1458,#752,.T.);
#1817=EDGE_CURVE('',#1459,#1458,#753,.T.);
#1818=EDGE_CURVE('',#1457,#1459,#754,.T.);
#1819=EDGE_CURVE('',#1455,#1460,#755,.T.);
#1820=EDGE_CURVE('',#1458,#1460,#756,.T.);
#1821=EDGE_CURVE('',#1454,#1461,#757,.T.);
#1822=EDGE_CURVE('',#1460,#1461,#758,.T.);
#1823=EDGE_CURVE('',#1453,#1462,#759,.T.);
#1824=EDGE_CURVE('',#1463,#1462,#760,.T.);
#1825=EDGE_CURVE('',#1464,#1463,#761,.T.);
#1826=EDGE_CURVE('',#1461,#1464,#762,.T.);
#1827=EDGE_CURVE('',#1452,#1465,#763,.T.);
#1828=EDGE_CURVE('',#1462,#1465,#764,.T.);
#1829=EDGE_CURVE('',#1466,#1451,#765,.T.);
#1830=EDGE_CURVE('',#1467,#1466,#766,.T.);
#1831=EDGE_CURVE('',#1467,#1468,#767,.T.);
#1832=EDGE_CURVE('',#1465,#1468,#768,.T.);
#1833=EDGE_CURVE('',#1469,#1433,#769,.T.);
#1834=EDGE_CURVE('',#1444,#1469,#770,.T.);
#1835=EDGE_CURVE('',#1470,#1439,#771,.T.);
#1836=EDGE_CURVE('',#1428,#1470,#772,.T.);
#1837=EDGE_CURVE('',#1471,#1470,#773,.T.);
#1838=EDGE_CURVE('',#1429,#1471,#774,.T.);
#1839=EDGE_CURVE('',#1472,#1471,#775,.T.);
#1840=EDGE_CURVE('',#1430,#1472,#776,.T.);
#1841=EDGE_CURVE('',#1432,#1473,#777,.T.);
#1842=EDGE_CURVE('',#1474,#1473,#778,.T.);
#1843=EDGE_CURVE('',#1475,#1474,#779,.T.);
#1844=EDGE_CURVE('',#1469,#1475,#780,.T.);
#1845=EDGE_CURVE('',#1431,#1476,#781,.T.);
#1846=EDGE_CURVE('',#1473,#1476,#782,.T.);
#1847=EDGE_CURVE('',#1477,#1478,#22,.T.);
#1848=EDGE_CURVE('',#1479,#1477,#112,.T.);
#1849=EDGE_CURVE('',#1478,#1479,#783,.T.);
#1850=EDGE_CURVE('',#1480,#1481,#23,.T.);
#1851=EDGE_CURVE('',#1482,#1480,#784,.T.);
#1852=EDGE_CURVE('',#1481,#1482,#113,.T.);
#1853=EDGE_CURVE('',#1481,#1477,#785,.T.);
#1854=EDGE_CURVE('',#1483,#1482,#786,.T.);
#1855=EDGE_CURVE('',#1483,#1484,#787,.T.);
#1856=EDGE_CURVE('',#1479,#1484,#788,.T.);
#1857=EDGE_CURVE('',#1485,#1413,#789,.T.);
#1858=EDGE_CURVE('',#1424,#1485,#790,.T.);
#1859=EDGE_CURVE('',#1486,#1419,#791,.T.);
#1860=EDGE_CURVE('',#1408,#1486,#792,.T.);
#1861=EDGE_CURVE('',#1487,#1486,#793,.T.);
#1862=EDGE_CURVE('',#1409,#1487,#794,.T.);
#1863=EDGE_CURVE('',#1488,#1487,#795,.T.);
#1864=EDGE_CURVE('',#1410,#1488,#796,.T.);
#1865=EDGE_CURVE('',#1478,#1489,#797,.T.);
#1866=EDGE_CURVE('',#1490,#1489,#798,.T.);
#1867=EDGE_CURVE('',#1480,#1490,#799,.T.);
#1868=EDGE_CURVE('',#1491,#1488,#800,.T.);
#1869=EDGE_CURVE('',#1491,#1492,#801,.T.);
#1870=EDGE_CURVE('',#1489,#1492,#802,.T.);
#1871=EDGE_CURVE('',#1411,#1484,#803,.T.);
#1872=EDGE_CURVE('',#1450,#1493,#804,.T.);
#1873=EDGE_CURVE('',#1466,#1493,#805,.T.);
#1874=EDGE_CURVE('',#1449,#1494,#806,.T.);
#1875=EDGE_CURVE('',#1493,#1494,#807,.T.);
#1876=EDGE_CURVE('',#1448,#1495,#808,.T.);
#1877=EDGE_CURVE('',#1494,#1495,#809,.T.);
#1878=EDGE_CURVE('',#1447,#1496,#810,.T.);
#1879=EDGE_CURVE('',#1495,#1496,#811,.T.);
#1880=EDGE_CURVE('',#1445,#1497,#812,.T.);
#1881=EDGE_CURVE('',#1496,#1497,#114,.T.);
#1882=EDGE_CURVE('',#1446,#1498,#813,.T.);
#1883=EDGE_CURVE('',#1497,#1498,#814,.T.);
#1884=EDGE_CURVE('',#1498,#1459,#815,.T.);
#1885=EDGE_CURVE('',#1499,#1500,#816,.T.);
#1886=EDGE_CURVE('',#1401,#1499,#817,.T.);
#1887=EDGE_CURVE('',#1400,#1500,#818,.T.);
#1888=EDGE_CURVE('',#1386,#1501,#819,.T.);
#1889=EDGE_CURVE('',#1502,#1501,#820,.T.);
#1890=EDGE_CURVE('',#1502,#1387,#821,.T.);
#1891=EDGE_CURVE('',#1385,#1503,#822,.T.);
#1892=EDGE_CURVE('',#1501,#1503,#823,.T.);
#1893=EDGE_CURVE('',#1384,#1504,#824,.T.);
#1894=EDGE_CURVE('',#1503,#1504,#825,.T.);
#1895=EDGE_CURVE('',#1383,#1505,#826,.T.);
#1896=EDGE_CURVE('',#1504,#1505,#827,.T.);
#1897=EDGE_CURVE('',#1505,#1395,#115,.T.);
#1898=EDGE_CURVE('',#1506,#1506,#116,.T.);
#1899=EDGE_CURVE('',#1475,#1507,#828,.T.);
#1900=EDGE_CURVE('',#1507,#1472,#829,.T.);
#1901=EDGE_CURVE('',#1485,#1508,#830,.T.);
#1902=EDGE_CURVE('',#1508,#1491,#831,.T.);
#1903=EDGE_CURVE('',#1464,#1467,#832,.T.);
#1904=EDGE_CURVE('',#1509,#1502,#833,.T.);
#1905=EDGE_CURVE('',#1404,#1509,#834,.T.);
#1906=EDGE_CURVE('',#1500,#1388,#835,.T.);
#1907=EDGE_CURVE('',#1509,#1510,#836,.T.);
#1908=EDGE_CURVE('',#1511,#1510,#837,.T.);
#1909=EDGE_CURVE('',#1499,#1511,#838,.T.);
#1910=EDGE_CURVE('',#1412,#1483,#839,.T.);
#1911=EDGE_CURVE('',#1512,#1490,#840,.T.);
#1912=EDGE_CURVE('',#1508,#1512,#841,.T.);
#1913=EDGE_CURVE('',#1513,#1513,#117,.T.);
#1914=EDGE_CURVE('',#1492,#1512,#842,.T.);
#1915=EDGE_CURVE('',#1402,#1511,#843,.T.);
#1916=EDGE_CURVE('',#1510,#1403,#844,.T.);
#1917=EDGE_CURVE('',#1476,#1514,#845,.T.);
#1918=EDGE_CURVE('',#1514,#1474,#846,.T.);
#1919=EDGE_CURVE('',#1468,#1463,#847,.T.);
#1920=EDGE_CURVE('',#1507,#1514,#848,.T.);
#1921=EDGE_CURVE('',#1513,#1368,#849,.T.);
#1922=EDGE_CURVE('',#1506,#1367,#850,.T.);
#1923=EDGE_CURVE('',#1515,#1516,#851,.T.);
#1924=EDGE_CURVE('',#1515,#1517,#852,.T.);
#1925=EDGE_CURVE('',#1518,#1517,#853,.T.);
#1926=EDGE_CURVE('',#1516,#1518,#854,.T.);
#1927=EDGE_CURVE('',#1516,#1519,#855,.T.);
#1928=EDGE_CURVE('',#1520,#1518,#856,.T.);
#1929=EDGE_CURVE('',#1519,#1520,#857,.T.);
#1930=EDGE_CURVE('',#1517,#1521,#858,.T.);
#1931=EDGE_CURVE('',#1521,#1520,#859,.T.);
#1932=EDGE_CURVE('',#1522,#1519,#860,.T.);
#1933=EDGE_CURVE('',#1523,#1522,#861,.T.);
#1934=EDGE_CURVE('',#1524,#1523,#862,.T.);
#1935=EDGE_CURVE('',#1525,#1524,#863,.T.);
#1936=EDGE_CURVE('',#1526,#1525,#864,.T.);
#1937=EDGE_CURVE('',#1526,#1527,#17,.T.);
#1938=EDGE_CURVE('',#1527,#1528,#18,.T.);
#1939=EDGE_CURVE('',#1529,#1528,#865,.T.);
#1940=EDGE_CURVE('',#1530,#1529,#866,.T.);
#1941=EDGE_CURVE('',#1530,#1531,#867,.T.);
#1942=EDGE_CURVE('',#1531,#1532,#19,.T.);
#1943=EDGE_CURVE('',#1515,#1532,#868,.T.);
#1944=EDGE_CURVE('',#1533,#1533,#118,.T.);
#1945=EDGE_CURVE('',#1534,#1534,#119,.T.);
#1946=EDGE_CURVE('',#1535,#1535,#120,.T.);
#1947=EDGE_CURVE('',#1536,#1536,#121,.T.);
#1948=EDGE_CURVE('',#1537,#1537,#122,.T.);
#1949=EDGE_CURVE('',#1537,#1538,#869,.T.);
#1950=EDGE_CURVE('',#1538,#1538,#123,.T.);
#1951=EDGE_CURVE('',#1539,#1540,#32,.T.);
#1952=EDGE_CURVE('',#1540,#1539,#33,.T.);
#1953=EDGE_CURVE('',#1540,#1541,#870,.T.);
#1954=EDGE_CURVE('',#1541,#1541,#124,.T.);
#1955=EDGE_CURVE('',#1542,#1543,#34,.T.);
#1956=EDGE_CURVE('',#1532,#1542,#871,.T.);
#1957=EDGE_CURVE('',#1543,#1531,#872,.T.);
#1958=EDGE_CURVE('',#1544,#1542,#873,.T.);
#1959=EDGE_CURVE('',#1545,#1544,#874,.T.);
#1960=EDGE_CURVE('',#1545,#1521,#875,.T.);
#1961=EDGE_CURVE('',#1546,#1543,#876,.T.);
#1962=EDGE_CURVE('',#1546,#1547,#877,.T.);
#1963=EDGE_CURVE('',#1547,#1548,#878,.T.);
#1964=EDGE_CURVE('',#1548,#1549,#35,.T.);
#1965=EDGE_CURVE('',#1549,#1550,#36,.T.);
#1966=EDGE_CURVE('',#1551,#1550,#879,.T.);
#1967=EDGE_CURVE('',#1551,#1552,#880,.T.);
#1968=EDGE_CURVE('',#1552,#1553,#881,.T.);
#1969=EDGE_CURVE('',#1553,#1554,#882,.T.);
#1970=EDGE_CURVE('',#1544,#1554,#883,.T.);
#1971=EDGE_CURVE('',#1555,#1555,#125,.T.);
#1972=EDGE_CURVE('',#1556,#1556,#126,.T.);
#1973=EDGE_CURVE('',#1557,#1557,#127,.T.);
#1974=EDGE_CURVE('',#1558,#1558,#128,.T.);
#1975=EDGE_CURVE('',#1530,#1546,#884,.T.);
#1976=EDGE_CURVE('',#1559,#1559,#129,.T.);
#1977=EDGE_CURVE('',#1560,#1560,#130,.T.);
#1978=EDGE_CURVE('',#1561,#1561,#131,.T.);
#1979=EDGE_CURVE('',#1562,#1562,#132,.T.);
#1980=EDGE_CURVE('',#1529,#1547,#885,.T.);
#1981=EDGE_CURVE('',#1528,#1548,#886,.T.);
#1982=EDGE_CURVE('',#1523,#1563,#887,.T.);
#1983=EDGE_CURVE('',#1563,#1564,#888,.T.);
#1984=EDGE_CURVE('',#1564,#1524,#889,.T.);
#1985=EDGE_CURVE('',#1565,#1566,#890,.T.);
#1986=EDGE_CURVE('',#1565,#1567,#133,.T.);
#1987=EDGE_CURVE('',#1568,#1567,#891,.T.);
#1988=EDGE_CURVE('',#1569,#1568,#37,.T.);
#1989=EDGE_CURVE('',#1566,#1569,#38,.T.);
#1990=EDGE_CURVE('',#1549,#1569,#892,.T.);
#1991=EDGE_CURVE('',#1570,#1527,#893,.T.);
#1992=EDGE_CURVE('',#1570,#1566,#39,.T.);
#1993=EDGE_CURVE('',#1568,#1570,#40,.T.);
#1994=EDGE_CURVE('',#1550,#1526,#894,.T.);
#1995=EDGE_CURVE('',#1571,#1571,#134,.T.);
#1996=EDGE_CURVE('',#1571,#1572,#895,.T.);
#1997=EDGE_CURVE('',#1572,#1572,#135,.T.);
#1998=EDGE_CURVE('',#1567,#1565,#136,.T.);
#1999=EDGE_CURVE('',#1525,#1573,#896,.T.);
#2000=EDGE_CURVE('',#1573,#1574,#897,.T.);
#2001=EDGE_CURVE('',#1574,#1551,#898,.T.);
#2002=EDGE_CURVE('',#1564,#1573,#899,.T.);
#2003=EDGE_CURVE('',#1574,#1563,#900,.T.);
#2004=EDGE_CURVE('',#1552,#1523,#901,.T.);
#2005=EDGE_CURVE('',#1575,#1575,#137,.T.);
#2006=EDGE_CURVE('',#1575,#1555,#902,.T.);
#2007=EDGE_CURVE('',#1561,#1556,#903,.T.);
#2008=EDGE_CURVE('',#1559,#1557,#904,.T.);
#2009=EDGE_CURVE('',#1576,#1576,#138,.T.);
#2010=EDGE_CURVE('',#1576,#1558,#905,.T.);
#2011=EDGE_CURVE('',#1522,#1553,#906,.T.);
#2012=EDGE_CURVE('',#1533,#1577,#907,.T.);
#2013=EDGE_CURVE('',#1577,#1577,#139,.T.);
#2014=EDGE_CURVE('',#1562,#1578,#908,.T.);
#2015=EDGE_CURVE('',#1578,#1578,#140,.T.);
#2016=EDGE_CURVE('',#1534,#1579,#909,.T.);
#2017=EDGE_CURVE('',#1579,#1579,#141,.T.);
#2018=EDGE_CURVE('',#1535,#1580,#910,.T.);
#2019=EDGE_CURVE('',#1580,#1580,#142,.T.);
#2020=EDGE_CURVE('',#1560,#1581,#911,.T.);
#2021=EDGE_CURVE('',#1581,#1581,#143,.T.);
#2022=EDGE_CURVE('',#1536,#1582,#912,.T.);
#2023=EDGE_CURVE('',#1582,#1582,#144,.T.);
#2024=ORIENTED_EDGE('',*,*,#1583,.T.);
#2025=ORIENTED_EDGE('',*,*,#1584,.T.);
#2026=ORIENTED_EDGE('',*,*,#1585,.T.);
#2027=ORIENTED_EDGE('',*,*,#1586,.T.);
#2028=ORIENTED_EDGE('',*,*,#1587,.T.);
#2029=ORIENTED_EDGE('',*,*,#1585,.F.);
#2030=ORIENTED_EDGE('',*,*,#1588,.F.);
#2031=ORIENTED_EDGE('',*,*,#1589,.F.);
#2032=ORIENTED_EDGE('',*,*,#1590,.T.);
#2033=ORIENTED_EDGE('',*,*,#1586,.F.);
#2034=ORIENTED_EDGE('',*,*,#1587,.F.);
#2035=ORIENTED_EDGE('',*,*,#1591,.T.);
#2036=ORIENTED_EDGE('',*,*,#1592,.T.);
#2037=ORIENTED_EDGE('',*,*,#1593,.T.);
#2038=ORIENTED_EDGE('',*,*,#1583,.F.);
#2039=ORIENTED_EDGE('',*,*,#1590,.F.);
#2040=ORIENTED_EDGE('',*,*,#1594,.F.);
#2041=ORIENTED_EDGE('',*,*,#1588,.T.);
#2042=ORIENTED_EDGE('',*,*,#1584,.F.);
#2043=ORIENTED_EDGE('',*,*,#1593,.F.);
#2044=ORIENTED_EDGE('',*,*,#1595,.T.);
#2045=ORIENTED_EDGE('',*,*,#1596,.T.);
#2046=ORIENTED_EDGE('',*,*,#1594,.T.);
#2047=ORIENTED_EDGE('',*,*,#1592,.F.);
#2048=ORIENTED_EDGE('',*,*,#1597,.T.);
#2049=ORIENTED_EDGE('',*,*,#1595,.F.);
#2050=ORIENTED_EDGE('',*,*,#1591,.F.);
#2051=ORIENTED_EDGE('',*,*,#1589,.T.);
#2052=ORIENTED_EDGE('',*,*,#1596,.F.);
#2053=ORIENTED_EDGE('',*,*,#1597,.F.);
#2054=ORIENTED_EDGE('',*,*,#1598,.T.);
#2055=ORIENTED_EDGE('',*,*,#1599,.F.);
#2056=ORIENTED_EDGE('',*,*,#1600,.T.);
#2057=ORIENTED_EDGE('',*,*,#1601,.F.);
#2058=ORIENTED_EDGE('',*,*,#1602,.F.);
#2059=ORIENTED_EDGE('',*,*,#1603,.T.);
#2060=ORIENTED_EDGE('',*,*,#1604,.F.);
#2061=ORIENTED_EDGE('',*,*,#1600,.F.);
#2062=ORIENTED_EDGE('',*,*,#1605,.T.);
#2063=ORIENTED_EDGE('',*,*,#1606,.F.);
#2064=ORIENTED_EDGE('',*,*,#1607,.F.);
#2065=ORIENTED_EDGE('',*,*,#1601,.T.);
#2066=ORIENTED_EDGE('',*,*,#1604,.T.);
#2067=ORIENTED_EDGE('',*,*,#1607,.T.);
#2068=ORIENTED_EDGE('',*,*,#1608,.F.);
#2069=ORIENTED_EDGE('',*,*,#1609,.F.);
#2070=ORIENTED_EDGE('',*,*,#1598,.F.);
#2071=ORIENTED_EDGE('',*,*,#1609,.T.);
#2072=ORIENTED_EDGE('',*,*,#1610,.F.);
#2073=ORIENTED_EDGE('',*,*,#1611,.F.);
#2074=ORIENTED_EDGE('',*,*,#1602,.T.);
#2075=ORIENTED_EDGE('',*,*,#1599,.T.);
#2076=ORIENTED_EDGE('',*,*,#1611,.T.);
#2077=ORIENTED_EDGE('',*,*,#1612,.F.);
#2078=ORIENTED_EDGE('',*,*,#1605,.F.);
#2079=ORIENTED_EDGE('',*,*,#1603,.F.);
#2080=ORIENTED_EDGE('',*,*,#1612,.T.);
#2081=ORIENTED_EDGE('',*,*,#1610,.T.);
#2082=ORIENTED_EDGE('',*,*,#1608,.T.);
#2083=ORIENTED_EDGE('',*,*,#1606,.T.);
#2084=ORIENTED_EDGE('',*,*,#1613,.T.);
#2085=ORIENTED_EDGE('',*,*,#1614,.T.);
#2086=ORIENTED_EDGE('',*,*,#1615,.T.);
#2087=ORIENTED_EDGE('',*,*,#1616,.T.);
#2088=ORIENTED_EDGE('',*,*,#1617,.T.);
#2089=ORIENTED_EDGE('',*,*,#1614,.F.);
#2090=ORIENTED_EDGE('',*,*,#1618,.F.);
#2091=ORIENTED_EDGE('',*,*,#1619,.T.);
#2092=ORIENTED_EDGE('',*,*,#1620,.T.);
#2093=ORIENTED_EDGE('',*,*,#1621,.T.);
#2094=ORIENTED_EDGE('',*,*,#1615,.F.);
#2095=ORIENTED_EDGE('',*,*,#1617,.F.);
#2096=ORIENTED_EDGE('',*,*,#1622,.F.);
#2097=ORIENTED_EDGE('',*,*,#1623,.T.);
#2098=ORIENTED_EDGE('',*,*,#1616,.F.);
#2099=ORIENTED_EDGE('',*,*,#1621,.F.);
#2100=ORIENTED_EDGE('',*,*,#1624,.T.);
#2101=ORIENTED_EDGE('',*,*,#1625,.T.);
#2102=ORIENTED_EDGE('',*,*,#1618,.T.);
#2103=ORIENTED_EDGE('',*,*,#1613,.F.);
#2104=ORIENTED_EDGE('',*,*,#1623,.F.);
#2105=ORIENTED_EDGE('',*,*,#1626,.F.);
#2106=ORIENTED_EDGE('',*,*,#1624,.F.);
#2107=ORIENTED_EDGE('',*,*,#1622,.T.);
#2108=ORIENTED_EDGE('',*,*,#1620,.F.);
#2109=ORIENTED_EDGE('',*,*,#1627,.F.);
#2110=ORIENTED_EDGE('',*,*,#1626,.T.);
#2111=ORIENTED_EDGE('',*,*,#1625,.F.);
#2112=ORIENTED_EDGE('',*,*,#1627,.T.);
#2113=ORIENTED_EDGE('',*,*,#1619,.F.);
#2114=ORIENTED_EDGE('',*,*,#1628,.T.);
#2115=ORIENTED_EDGE('',*,*,#1629,.F.);
#2116=ORIENTED_EDGE('',*,*,#1630,.T.);
#2117=ORIENTED_EDGE('',*,*,#1631,.F.);
#2118=ORIENTED_EDGE('',*,*,#1632,.F.);
#2119=ORIENTED_EDGE('',*,*,#1633,.T.);
#2120=ORIENTED_EDGE('',*,*,#1634,.F.);
#2121=ORIENTED_EDGE('',*,*,#1630,.F.);
#2122=ORIENTED_EDGE('',*,*,#1635,.T.);
#2123=ORIENTED_EDGE('',*,*,#1636,.F.);
#2124=ORIENTED_EDGE('',*,*,#1637,.F.);
#2125=ORIENTED_EDGE('',*,*,#1631,.T.);
#2126=ORIENTED_EDGE('',*,*,#1634,.T.);
#2127=ORIENTED_EDGE('',*,*,#1637,.T.);
#2128=ORIENTED_EDGE('',*,*,#1638,.F.);
#2129=ORIENTED_EDGE('',*,*,#1639,.F.);
#2130=ORIENTED_EDGE('',*,*,#1628,.F.);
#2131=ORIENTED_EDGE('',*,*,#1639,.T.);
#2132=ORIENTED_EDGE('',*,*,#1640,.F.);
#2133=ORIENTED_EDGE('',*,*,#1641,.F.);
#2134=ORIENTED_EDGE('',*,*,#1632,.T.);
#2135=ORIENTED_EDGE('',*,*,#1629,.T.);
#2136=ORIENTED_EDGE('',*,*,#1641,.T.);
#2137=ORIENTED_EDGE('',*,*,#1642,.F.);
#2138=ORIENTED_EDGE('',*,*,#1635,.F.);
#2139=ORIENTED_EDGE('',*,*,#1633,.F.);
#2140=ORIENTED_EDGE('',*,*,#1642,.T.);
#2141=ORIENTED_EDGE('',*,*,#1640,.T.);
#2142=ORIENTED_EDGE('',*,*,#1638,.T.);
#2143=ORIENTED_EDGE('',*,*,#1636,.T.);
#2144=ORIENTED_EDGE('',*,*,#1643,.T.);
#2145=ORIENTED_EDGE('',*,*,#1644,.T.);
#2146=ORIENTED_EDGE('',*,*,#1645,.T.);
#2147=ORIENTED_EDGE('',*,*,#1646,.T.);
#2148=ORIENTED_EDGE('',*,*,#1647,.T.);
#2149=ORIENTED_EDGE('',*,*,#1644,.F.);
#2150=ORIENTED_EDGE('',*,*,#1648,.F.);
#2151=ORIENTED_EDGE('',*,*,#1649,.T.);
#2152=ORIENTED_EDGE('',*,*,#1650,.T.);
#2153=ORIENTED_EDGE('',*,*,#1651,.T.);
#2154=ORIENTED_EDGE('',*,*,#1645,.F.);
#2155=ORIENTED_EDGE('',*,*,#1647,.F.);
#2156=ORIENTED_EDGE('',*,*,#1652,.F.);
#2157=ORIENTED_EDGE('',*,*,#1653,.T.);
#2158=ORIENTED_EDGE('',*,*,#1646,.F.);
#2159=ORIENTED_EDGE('',*,*,#1651,.F.);
#2160=ORIENTED_EDGE('',*,*,#1654,.T.);
#2161=ORIENTED_EDGE('',*,*,#1655,.T.);
#2162=ORIENTED_EDGE('',*,*,#1648,.T.);
#2163=ORIENTED_EDGE('',*,*,#1643,.F.);
#2164=ORIENTED_EDGE('',*,*,#1653,.F.);
#2165=ORIENTED_EDGE('',*,*,#1656,.F.);
#2166=ORIENTED_EDGE('',*,*,#1650,.F.);
#2167=ORIENTED_EDGE('',*,*,#1657,.F.);
#2168=ORIENTED_EDGE('',*,*,#1654,.F.);
#2169=ORIENTED_EDGE('',*,*,#1652,.T.);
#2170=ORIENTED_EDGE('',*,*,#1656,.T.);
#2171=ORIENTED_EDGE('',*,*,#1655,.F.);
#2172=ORIENTED_EDGE('',*,*,#1657,.T.);
#2173=ORIENTED_EDGE('',*,*,#1649,.F.);
#2174=ORIENTED_EDGE('',*,*,#1658,.T.);
#2175=ORIENTED_EDGE('',*,*,#1659,.F.);
#2176=ORIENTED_EDGE('',*,*,#1660,.T.);
#2177=ORIENTED_EDGE('',*,*,#1661,.F.);
#2178=ORIENTED_EDGE('',*,*,#1662,.F.);
#2179=ORIENTED_EDGE('',*,*,#1660,.F.);
#2180=ORIENTED_EDGE('',*,*,#1663,.F.);
#2181=ORIENTED_EDGE('',*,*,#1664,.T.);
#2182=ORIENTED_EDGE('',*,*,#1665,.T.);
#2183=ORIENTED_EDGE('',*,*,#1666,.F.);
#2184=ORIENTED_EDGE('',*,*,#1667,.F.);
#2185=ORIENTED_EDGE('',*,*,#1658,.F.);
#2186=ORIENTED_EDGE('',*,*,#1667,.T.);
#2187=ORIENTED_EDGE('',*,*,#1668,.F.);
#2188=ORIENTED_EDGE('',*,*,#1669,.F.);
#2189=ORIENTED_EDGE('',*,*,#1663,.T.);
#2190=ORIENTED_EDGE('',*,*,#1659,.T.);
#2191=ORIENTED_EDGE('',*,*,#1669,.T.);
#2192=ORIENTED_EDGE('',*,*,#1670,.F.);
#2193=ORIENTED_EDGE('',*,*,#1671,.F.);
#2194=ORIENTED_EDGE('',*,*,#1664,.F.);
#2195=ORIENTED_EDGE('',*,*,#1671,.T.);
#2196=ORIENTED_EDGE('',*,*,#1672,.F.);
#2197=ORIENTED_EDGE('',*,*,#1665,.F.);
#2198=ORIENTED_EDGE('',*,*,#1661,.T.);
#2199=ORIENTED_EDGE('',*,*,#1662,.T.);
#2200=ORIENTED_EDGE('',*,*,#1666,.T.);
#2201=ORIENTED_EDGE('',*,*,#1672,.T.);
#2202=ORIENTED_EDGE('',*,*,#1670,.T.);
#2203=ORIENTED_EDGE('',*,*,#1668,.T.);
#2204=ORIENTED_EDGE('',*,*,#1673,.T.);
#2205=ORIENTED_EDGE('',*,*,#1674,.T.);
#2206=ORIENTED_EDGE('',*,*,#1675,.T.);
#2207=ORIENTED_EDGE('',*,*,#1676,.T.);
#2208=ORIENTED_EDGE('',*,*,#1677,.T.);
#2209=ORIENTED_EDGE('',*,*,#1674,.F.);
#2210=ORIENTED_EDGE('',*,*,#1678,.F.);
#2211=ORIENTED_EDGE('',*,*,#1679,.T.);
#2212=ORIENTED_EDGE('',*,*,#1680,.T.);
#2213=ORIENTED_EDGE('',*,*,#1681,.T.);
#2214=ORIENTED_EDGE('',*,*,#1675,.F.);
#2215=ORIENTED_EDGE('',*,*,#1677,.F.);
#2216=ORIENTED_EDGE('',*,*,#1682,.F.);
#2217=ORIENTED_EDGE('',*,*,#1683,.T.);
#2218=ORIENTED_EDGE('',*,*,#1676,.F.);
#2219=ORIENTED_EDGE('',*,*,#1681,.F.);
#2220=ORIENTED_EDGE('',*,*,#1684,.T.);
#2221=ORIENTED_EDGE('',*,*,#1685,.T.);
#2222=ORIENTED_EDGE('',*,*,#1678,.T.);
#2223=ORIENTED_EDGE('',*,*,#1673,.F.);
#2224=ORIENTED_EDGE('',*,*,#1683,.F.);
#2225=ORIENTED_EDGE('',*,*,#1686,.F.);
#2226=ORIENTED_EDGE('',*,*,#1684,.F.);
#2227=ORIENTED_EDGE('',*,*,#1682,.T.);
#2228=ORIENTED_EDGE('',*,*,#1680,.F.);
#2229=ORIENTED_EDGE('',*,*,#1687,.F.);
#2230=ORIENTED_EDGE('',*,*,#1686,.T.);
#2231=ORIENTED_EDGE('',*,*,#1685,.F.);
#2232=ORIENTED_EDGE('',*,*,#1687,.T.);
#2233=ORIENTED_EDGE('',*,*,#1679,.F.);
#2234=ORIENTED_EDGE('',*,*,#1688,.T.);
#2235=ORIENTED_EDGE('',*,*,#1689,.F.);
#2236=ORIENTED_EDGE('',*,*,#1690,.T.);
#2237=ORIENTED_EDGE('',*,*,#1691,.F.);
#2238=ORIENTED_EDGE('',*,*,#1692,.F.);
#2239=ORIENTED_EDGE('',*,*,#1693,.T.);
#2240=ORIENTED_EDGE('',*,*,#1694,.F.);
#2241=ORIENTED_EDGE('',*,*,#1690,.F.);
#2242=ORIENTED_EDGE('',*,*,#1695,.T.);
#2243=ORIENTED_EDGE('',*,*,#1696,.F.);
#2244=ORIENTED_EDGE('',*,*,#1697,.F.);
#2245=ORIENTED_EDGE('',*,*,#1688,.F.);
#2246=ORIENTED_EDGE('',*,*,#1697,.T.);
#2247=ORIENTED_EDGE('',*,*,#1698,.F.);
#2248=ORIENTED_EDGE('',*,*,#1699,.F.);
#2249=ORIENTED_EDGE('',*,*,#1692,.T.);
#2250=ORIENTED_EDGE('',*,*,#1689,.T.);
#2251=ORIENTED_EDGE('',*,*,#1699,.T.);
#2252=ORIENTED_EDGE('',*,*,#1700,.F.);
#2253=ORIENTED_EDGE('',*,*,#1701,.F.);
#2254=ORIENTED_EDGE('',*,*,#1693,.F.);
#2255=ORIENTED_EDGE('',*,*,#1701,.T.);
#2256=ORIENTED_EDGE('',*,*,#1702,.F.);
#2257=ORIENTED_EDGE('',*,*,#1695,.F.);
#2258=ORIENTED_EDGE('',*,*,#1691,.T.);
#2259=ORIENTED_EDGE('',*,*,#1694,.T.);
#2260=ORIENTED_EDGE('',*,*,#1696,.T.);
#2261=ORIENTED_EDGE('',*,*,#1702,.T.);
#2262=ORIENTED_EDGE('',*,*,#1700,.T.);
#2263=ORIENTED_EDGE('',*,*,#1698,.T.);
#2264=ORIENTED_EDGE('',*,*,#1703,.T.);
#2265=ORIENTED_EDGE('',*,*,#1704,.T.);
#2266=ORIENTED_EDGE('',*,*,#1705,.F.);
#2267=ORIENTED_EDGE('',*,*,#1706,.T.);
#2268=ORIENTED_EDGE('',*,*,#1707,.F.);
#2269=ORIENTED_EDGE('',*,*,#1708,.F.);
#2270=ORIENTED_EDGE('',*,*,#1709,.T.);
#2271=ORIENTED_EDGE('',*,*,#1705,.T.);
#2272=ORIENTED_EDGE('',*,*,#1709,.F.);
#2273=ORIENTED_EDGE('',*,*,#1706,.F.);
#2274=ORIENTED_EDGE('',*,*,#1710,.T.);
#2275=ORIENTED_EDGE('',*,*,#1711,.F.);
#2276=ORIENTED_EDGE('',*,*,#1712,.F.);
#2277=ORIENTED_EDGE('',*,*,#1710,.F.);
#2278=ORIENTED_EDGE('',*,*,#1713,.F.);
#2279=ORIENTED_EDGE('',*,*,#1714,.T.);
#2280=ORIENTED_EDGE('',*,*,#1715,.F.);
#2281=ORIENTED_EDGE('',*,*,#1716,.F.);
#2282=ORIENTED_EDGE('',*,*,#1717,.T.);
#2283=ORIENTED_EDGE('',*,*,#1713,.T.);
#2284=ORIENTED_EDGE('',*,*,#1717,.F.);
#2285=ORIENTED_EDGE('',*,*,#1714,.F.);
#2286=ORIENTED_EDGE('',*,*,#1718,.T.);
#2287=ORIENTED_EDGE('',*,*,#1719,.F.);
#2288=ORIENTED_EDGE('',*,*,#1720,.F.);
#2289=ORIENTED_EDGE('',*,*,#1718,.F.);
#2290=ORIENTED_EDGE('',*,*,#1721,.F.);
#2291=ORIENTED_EDGE('',*,*,#1722,.F.);
#2292=ORIENTED_EDGE('',*,*,#1723,.F.);
#2293=ORIENTED_EDGE('',*,*,#1724,.F.);
#2294=ORIENTED_EDGE('',*,*,#1725,.F.);
#2295=ORIENTED_EDGE('',*,*,#1726,.F.);
#2296=ORIENTED_EDGE('',*,*,#1727,.F.);
#2297=ORIENTED_EDGE('',*,*,#1728,.F.);
#2298=ORIENTED_EDGE('',*,*,#1729,.F.);
#2299=ORIENTED_EDGE('',*,*,#1730,.F.);
#2300=ORIENTED_EDGE('',*,*,#1731,.F.);
#2301=ORIENTED_EDGE('',*,*,#1732,.F.);
#2302=ORIENTED_EDGE('',*,*,#1733,.F.);
#2303=ORIENTED_EDGE('',*,*,#1721,.T.);
#2304=ORIENTED_EDGE('',*,*,#1734,.T.);
#2305=ORIENTED_EDGE('',*,*,#1735,.F.);
#2306=ORIENTED_EDGE('',*,*,#1736,.F.);
#2307=ORIENTED_EDGE('',*,*,#1733,.T.);
#2308=ORIENTED_EDGE('',*,*,#1737,.T.);
#2309=ORIENTED_EDGE('',*,*,#1738,.F.);
#2310=ORIENTED_EDGE('',*,*,#1734,.F.);
#2311=ORIENTED_EDGE('',*,*,#1732,.T.);
#2312=ORIENTED_EDGE('',*,*,#1739,.T.);
#2313=ORIENTED_EDGE('',*,*,#1740,.F.);
#2314=ORIENTED_EDGE('',*,*,#1737,.F.);
#2315=ORIENTED_EDGE('',*,*,#1731,.T.);
#2316=ORIENTED_EDGE('',*,*,#1741,.T.);
#2317=ORIENTED_EDGE('',*,*,#1742,.F.);
#2318=ORIENTED_EDGE('',*,*,#1739,.F.);
#2319=ORIENTED_EDGE('',*,*,#1730,.T.);
#2320=ORIENTED_EDGE('',*,*,#1743,.T.);
#2321=ORIENTED_EDGE('',*,*,#1744,.F.);
#2322=ORIENTED_EDGE('',*,*,#1741,.F.);
#2323=ORIENTED_EDGE('',*,*,#1729,.T.);
#2324=ORIENTED_EDGE('',*,*,#1745,.T.);
#2325=ORIENTED_EDGE('',*,*,#1746,.T.);
#2326=ORIENTED_EDGE('',*,*,#1747,.T.);
#2327=ORIENTED_EDGE('',*,*,#1748,.F.);
#2328=ORIENTED_EDGE('',*,*,#1749,.F.);
#2329=ORIENTED_EDGE('',*,*,#1750,.F.);
#2330=ORIENTED_EDGE('',*,*,#1743,.F.);
#2331=ORIENTED_EDGE('',*,*,#1751,.F.);
#2332=ORIENTED_EDGE('',*,*,#1752,.F.);
#2333=ORIENTED_EDGE('',*,*,#1753,.F.);
#2334=ORIENTED_EDGE('',*,*,#1754,.F.);
#2335=ORIENTED_EDGE('',*,*,#1755,.F.);
#2336=ORIENTED_EDGE('',*,*,#1756,.F.);
#2337=ORIENTED_EDGE('',*,*,#1757,.F.);
#2338=ORIENTED_EDGE('',*,*,#1758,.F.);
#2339=ORIENTED_EDGE('',*,*,#1759,.F.);
#2340=ORIENTED_EDGE('',*,*,#1760,.F.);
#2341=ORIENTED_EDGE('',*,*,#1761,.F.);
#2342=ORIENTED_EDGE('',*,*,#1762,.F.);
#2343=ORIENTED_EDGE('',*,*,#1763,.F.);
#2344=ORIENTED_EDGE('',*,*,#1752,.T.);
#2345=ORIENTED_EDGE('',*,*,#1764,.T.);
#2346=ORIENTED_EDGE('',*,*,#1765,.F.);
#2347=ORIENTED_EDGE('',*,*,#1766,.F.);
#2348=ORIENTED_EDGE('',*,*,#1751,.T.);
#2349=ORIENTED_EDGE('',*,*,#1767,.T.);
#2350=ORIENTED_EDGE('',*,*,#1768,.F.);
#2351=ORIENTED_EDGE('',*,*,#1764,.F.);
#2352=ORIENTED_EDGE('',*,*,#1763,.T.);
#2353=ORIENTED_EDGE('',*,*,#1769,.T.);
#2354=ORIENTED_EDGE('',*,*,#1770,.F.);
#2355=ORIENTED_EDGE('',*,*,#1767,.F.);
#2356=ORIENTED_EDGE('',*,*,#1762,.T.);
#2357=ORIENTED_EDGE('',*,*,#1771,.T.);
#2358=ORIENTED_EDGE('',*,*,#1772,.F.);
#2359=ORIENTED_EDGE('',*,*,#1769,.F.);
#2360=ORIENTED_EDGE('',*,*,#1761,.T.);
#2361=ORIENTED_EDGE('',*,*,#1773,.T.);
#2362=ORIENTED_EDGE('',*,*,#1774,.F.);
#2363=ORIENTED_EDGE('',*,*,#1771,.F.);
#2364=ORIENTED_EDGE('',*,*,#1760,.T.);
#2365=ORIENTED_EDGE('',*,*,#1775,.T.);
#2366=ORIENTED_EDGE('',*,*,#1776,.F.);
#2367=ORIENTED_EDGE('',*,*,#1773,.F.);
#2368=ORIENTED_EDGE('',*,*,#1777,.F.);
#2369=ORIENTED_EDGE('',*,*,#1778,.F.);
#2370=ORIENTED_EDGE('',*,*,#1779,.F.);
#2371=ORIENTED_EDGE('',*,*,#1780,.F.);
#2372=ORIENTED_EDGE('',*,*,#1781,.F.);
#2373=ORIENTED_EDGE('',*,*,#1782,.F.);
#2374=ORIENTED_EDGE('',*,*,#1783,.F.);
#2375=ORIENTED_EDGE('',*,*,#1784,.F.);
#2376=ORIENTED_EDGE('',*,*,#1785,.F.);
#2377=ORIENTED_EDGE('',*,*,#1786,.F.);
#2378=ORIENTED_EDGE('',*,*,#1787,.F.);
#2379=ORIENTED_EDGE('',*,*,#1788,.F.);
#2380=ORIENTED_EDGE('',*,*,#1789,.F.);
#2381=ORIENTED_EDGE('',*,*,#1778,.T.);
#2382=ORIENTED_EDGE('',*,*,#1790,.T.);
#2383=ORIENTED_EDGE('',*,*,#1791,.F.);
#2384=ORIENTED_EDGE('',*,*,#1792,.F.);
#2385=ORIENTED_EDGE('',*,*,#1777,.T.);
#2386=ORIENTED_EDGE('',*,*,#1793,.T.);
#2387=ORIENTED_EDGE('',*,*,#1794,.F.);
#2388=ORIENTED_EDGE('',*,*,#1790,.F.);
#2389=ORIENTED_EDGE('',*,*,#1789,.T.);
#2390=ORIENTED_EDGE('',*,*,#1795,.T.);
#2391=ORIENTED_EDGE('',*,*,#1796,.F.);
#2392=ORIENTED_EDGE('',*,*,#1793,.F.);
#2393=ORIENTED_EDGE('',*,*,#1788,.T.);
#2394=ORIENTED_EDGE('',*,*,#1797,.T.);
#2395=ORIENTED_EDGE('',*,*,#1798,.F.);
#2396=ORIENTED_EDGE('',*,*,#1795,.F.);
#2397=ORIENTED_EDGE('',*,*,#1787,.T.);
#2398=ORIENTED_EDGE('',*,*,#1799,.T.);
#2399=ORIENTED_EDGE('',*,*,#1800,.F.);
#2400=ORIENTED_EDGE('',*,*,#1797,.F.);
#2401=ORIENTED_EDGE('',*,*,#1786,.T.);
#2402=ORIENTED_EDGE('',*,*,#1801,.T.);
#2403=ORIENTED_EDGE('',*,*,#1802,.F.);
#2404=ORIENTED_EDGE('',*,*,#1799,.F.);
#2405=ORIENTED_EDGE('',*,*,#1803,.F.);
#2406=ORIENTED_EDGE('',*,*,#1804,.F.);
#2407=ORIENTED_EDGE('',*,*,#1805,.F.);
#2408=ORIENTED_EDGE('',*,*,#1806,.F.);
#2409=ORIENTED_EDGE('',*,*,#1807,.F.);
#2410=ORIENTED_EDGE('',*,*,#1808,.F.);
#2411=ORIENTED_EDGE('',*,*,#1809,.F.);
#2412=ORIENTED_EDGE('',*,*,#1810,.F.);
#2413=ORIENTED_EDGE('',*,*,#1811,.F.);
#2414=ORIENTED_EDGE('',*,*,#1812,.F.);
#2415=ORIENTED_EDGE('',*,*,#1813,.F.);
#2416=ORIENTED_EDGE('',*,*,#1814,.F.);
#2417=ORIENTED_EDGE('',*,*,#1815,.F.);
#2418=ORIENTED_EDGE('',*,*,#1814,.T.);
#2419=ORIENTED_EDGE('',*,*,#1816,.T.);
#2420=ORIENTED_EDGE('',*,*,#1817,.F.);
#2421=ORIENTED_EDGE('',*,*,#1818,.F.);
#2422=ORIENTED_EDGE('',*,*,#1813,.T.);
#2423=ORIENTED_EDGE('',*,*,#1819,.T.);
#2424=ORIENTED_EDGE('',*,*,#1820,.F.);
#2425=ORIENTED_EDGE('',*,*,#1816,.F.);
#2426=ORIENTED_EDGE('',*,*,#1812,.T.);
#2427=ORIENTED_EDGE('',*,*,#1821,.T.);
#2428=ORIENTED_EDGE('',*,*,#1822,.F.);
#2429=ORIENTED_EDGE('',*,*,#1819,.F.);
#2430=ORIENTED_EDGE('',*,*,#1811,.T.);
#2431=ORIENTED_EDGE('',*,*,#1823,.T.);
#2432=ORIENTED_EDGE('',*,*,#1824,.F.);
#2433=ORIENTED_EDGE('',*,*,#1825,.F.);
#2434=ORIENTED_EDGE('',*,*,#1826,.F.);
#2435=ORIENTED_EDGE('',*,*,#1821,.F.);
#2436=ORIENTED_EDGE('',*,*,#1810,.T.);
#2437=ORIENTED_EDGE('',*,*,#1827,.T.);
#2438=ORIENTED_EDGE('',*,*,#1828,.F.);
#2439=ORIENTED_EDGE('',*,*,#1823,.F.);
#2440=ORIENTED_EDGE('',*,*,#1809,.T.);
#2441=ORIENTED_EDGE('',*,*,#1829,.F.);
#2442=ORIENTED_EDGE('',*,*,#1830,.F.);
#2443=ORIENTED_EDGE('',*,*,#1831,.T.);
#2444=ORIENTED_EDGE('',*,*,#1832,.F.);
#2445=ORIENTED_EDGE('',*,*,#1827,.F.);
#2446=ORIENTED_EDGE('',*,*,#1785,.T.);
#2447=ORIENTED_EDGE('',*,*,#1833,.F.);
#2448=ORIENTED_EDGE('',*,*,#1834,.F.);
#2449=ORIENTED_EDGE('',*,*,#1801,.F.);
#2450=ORIENTED_EDGE('',*,*,#1779,.T.);
#2451=ORIENTED_EDGE('',*,*,#1792,.T.);
#2452=ORIENTED_EDGE('',*,*,#1835,.F.);
#2453=ORIENTED_EDGE('',*,*,#1836,.F.);
#2454=ORIENTED_EDGE('',*,*,#1780,.T.);
#2455=ORIENTED_EDGE('',*,*,#1836,.T.);
#2456=ORIENTED_EDGE('',*,*,#1837,.F.);
#2457=ORIENTED_EDGE('',*,*,#1838,.F.);
#2458=ORIENTED_EDGE('',*,*,#1781,.T.);
#2459=ORIENTED_EDGE('',*,*,#1838,.T.);
#2460=ORIENTED_EDGE('',*,*,#1839,.F.);
#2461=ORIENTED_EDGE('',*,*,#1840,.F.);
#2462=ORIENTED_EDGE('',*,*,#1784,.T.);
#2463=ORIENTED_EDGE('',*,*,#1841,.T.);
#2464=ORIENTED_EDGE('',*,*,#1842,.F.);
#2465=ORIENTED_EDGE('',*,*,#1843,.F.);
#2466=ORIENTED_EDGE('',*,*,#1844,.F.);
#2467=ORIENTED_EDGE('',*,*,#1833,.T.);
#2468=ORIENTED_EDGE('',*,*,#1783,.T.);
#2469=ORIENTED_EDGE('',*,*,#1845,.T.);
#2470=ORIENTED_EDGE('',*,*,#1846,.F.);
#2471=ORIENTED_EDGE('',*,*,#1841,.F.);
#2472=ORIENTED_EDGE('',*,*,#1847,.F.);
#2473=ORIENTED_EDGE('',*,*,#1848,.F.);
#2474=ORIENTED_EDGE('',*,*,#1849,.F.);
#2475=ORIENTED_EDGE('',*,*,#1850,.F.);
#2476=ORIENTED_EDGE('',*,*,#1851,.F.);
#2477=ORIENTED_EDGE('',*,*,#1852,.F.);
#2478=ORIENTED_EDGE('',*,*,#1853,.F.);
#2479=ORIENTED_EDGE('',*,*,#1852,.T.);
#2480=ORIENTED_EDGE('',*,*,#1854,.F.);
#2481=ORIENTED_EDGE('',*,*,#1855,.T.);
#2482=ORIENTED_EDGE('',*,*,#1856,.F.);
#2483=ORIENTED_EDGE('',*,*,#1848,.T.);
#2484=ORIENTED_EDGE('',*,*,#1759,.T.);
#2485=ORIENTED_EDGE('',*,*,#1857,.F.);
#2486=ORIENTED_EDGE('',*,*,#1858,.F.);
#2487=ORIENTED_EDGE('',*,*,#1775,.F.);
#2488=ORIENTED_EDGE('',*,*,#1753,.T.);
#2489=ORIENTED_EDGE('',*,*,#1766,.T.);
#2490=ORIENTED_EDGE('',*,*,#1859,.F.);
#2491=ORIENTED_EDGE('',*,*,#1860,.F.);
#2492=ORIENTED_EDGE('',*,*,#1754,.T.);
#2493=ORIENTED_EDGE('',*,*,#1860,.T.);
#2494=ORIENTED_EDGE('',*,*,#1861,.F.);
#2495=ORIENTED_EDGE('',*,*,#1862,.F.);
#2496=ORIENTED_EDGE('',*,*,#1755,.T.);
#2497=ORIENTED_EDGE('',*,*,#1862,.T.);
#2498=ORIENTED_EDGE('',*,*,#1863,.F.);
#2499=ORIENTED_EDGE('',*,*,#1864,.F.);
#2500=ORIENTED_EDGE('',*,*,#1850,.T.);
#2501=ORIENTED_EDGE('',*,*,#1853,.T.);
#2502=ORIENTED_EDGE('',*,*,#1847,.T.);
#2503=ORIENTED_EDGE('',*,*,#1865,.T.);
#2504=ORIENTED_EDGE('',*,*,#1866,.F.);
#2505=ORIENTED_EDGE('',*,*,#1867,.F.);
#2506=ORIENTED_EDGE('',*,*,#1756,.T.);
#2507=ORIENTED_EDGE('',*,*,#1864,.T.);
#2508=ORIENTED_EDGE('',*,*,#1868,.F.);
#2509=ORIENTED_EDGE('',*,*,#1869,.T.);
#2510=ORIENTED_EDGE('',*,*,#1870,.F.);
#2511=ORIENTED_EDGE('',*,*,#1865,.F.);
#2512=ORIENTED_EDGE('',*,*,#1849,.T.);
#2513=ORIENTED_EDGE('',*,*,#1856,.T.);
#2514=ORIENTED_EDGE('',*,*,#1871,.F.);
#2515=ORIENTED_EDGE('',*,*,#1808,.T.);
#2516=ORIENTED_EDGE('',*,*,#1872,.T.);
#2517=ORIENTED_EDGE('',*,*,#1873,.F.);
#2518=ORIENTED_EDGE('',*,*,#1829,.T.);
#2519=ORIENTED_EDGE('',*,*,#1807,.T.);
#2520=ORIENTED_EDGE('',*,*,#1874,.T.);
#2521=ORIENTED_EDGE('',*,*,#1875,.F.);
#2522=ORIENTED_EDGE('',*,*,#1872,.F.);
#2523=ORIENTED_EDGE('',*,*,#1806,.T.);
#2524=ORIENTED_EDGE('',*,*,#1876,.T.);
#2525=ORIENTED_EDGE('',*,*,#1877,.F.);
#2526=ORIENTED_EDGE('',*,*,#1874,.F.);
#2527=ORIENTED_EDGE('',*,*,#1805,.T.);
#2528=ORIENTED_EDGE('',*,*,#1878,.T.);
#2529=ORIENTED_EDGE('',*,*,#1879,.F.);
#2530=ORIENTED_EDGE('',*,*,#1876,.F.);
#2531=ORIENTED_EDGE('',*,*,#1804,.T.);
#2532=ORIENTED_EDGE('',*,*,#1880,.T.);
#2533=ORIENTED_EDGE('',*,*,#1881,.F.);
#2534=ORIENTED_EDGE('',*,*,#1878,.F.);
#2535=ORIENTED_EDGE('',*,*,#1803,.T.);
#2536=ORIENTED_EDGE('',*,*,#1882,.T.);
#2537=ORIENTED_EDGE('',*,*,#1883,.F.);
#2538=ORIENTED_EDGE('',*,*,#1880,.F.);
#2539=ORIENTED_EDGE('',*,*,#1815,.T.);
#2540=ORIENTED_EDGE('',*,*,#1818,.T.);
#2541=ORIENTED_EDGE('',*,*,#1884,.F.);
#2542=ORIENTED_EDGE('',*,*,#1882,.F.);
#2543=ORIENTED_EDGE('',*,*,#1885,.F.);
#2544=ORIENTED_EDGE('',*,*,#1886,.F.);
#2545=ORIENTED_EDGE('',*,*,#1746,.F.);
#2546=ORIENTED_EDGE('',*,*,#1887,.T.);
#2547=ORIENTED_EDGE('',*,*,#1726,.T.);
#2548=ORIENTED_EDGE('',*,*,#1888,.T.);
#2549=ORIENTED_EDGE('',*,*,#1889,.F.);
#2550=ORIENTED_EDGE('',*,*,#1890,.T.);
#2551=ORIENTED_EDGE('',*,*,#1725,.T.);
#2552=ORIENTED_EDGE('',*,*,#1891,.T.);
#2553=ORIENTED_EDGE('',*,*,#1892,.F.);
#2554=ORIENTED_EDGE('',*,*,#1888,.F.);
#2555=ORIENTED_EDGE('',*,*,#1724,.T.);
#2556=ORIENTED_EDGE('',*,*,#1893,.T.);
#2557=ORIENTED_EDGE('',*,*,#1894,.F.);
#2558=ORIENTED_EDGE('',*,*,#1891,.F.);
#2559=ORIENTED_EDGE('',*,*,#1723,.T.);
#2560=ORIENTED_EDGE('',*,*,#1895,.T.);
#2561=ORIENTED_EDGE('',*,*,#1896,.F.);
#2562=ORIENTED_EDGE('',*,*,#1893,.F.);
#2563=ORIENTED_EDGE('',*,*,#1722,.T.);
#2564=ORIENTED_EDGE('',*,*,#1736,.T.);
#2565=ORIENTED_EDGE('',*,*,#1897,.F.);
#2566=ORIENTED_EDGE('',*,*,#1895,.F.);
#2567=ORIENTED_EDGE('',*,*,#1898,.T.);
#2568=ORIENTED_EDGE('',*,*,#1844,.T.);
#2569=ORIENTED_EDGE('',*,*,#1899,.T.);
#2570=ORIENTED_EDGE('',*,*,#1900,.T.);
#2571=ORIENTED_EDGE('',*,*,#1839,.T.);
#2572=ORIENTED_EDGE('',*,*,#1837,.T.);
#2573=ORIENTED_EDGE('',*,*,#1835,.T.);
#2574=ORIENTED_EDGE('',*,*,#1791,.T.);
#2575=ORIENTED_EDGE('',*,*,#1794,.T.);
#2576=ORIENTED_EDGE('',*,*,#1796,.T.);
#2577=ORIENTED_EDGE('',*,*,#1798,.T.);
#2578=ORIENTED_EDGE('',*,*,#1800,.T.);
#2579=ORIENTED_EDGE('',*,*,#1802,.T.);
#2580=ORIENTED_EDGE('',*,*,#1834,.T.);
#2581=ORIENTED_EDGE('',*,*,#1901,.T.);
#2582=ORIENTED_EDGE('',*,*,#1902,.T.);
#2583=ORIENTED_EDGE('',*,*,#1868,.T.);
#2584=ORIENTED_EDGE('',*,*,#1863,.T.);
#2585=ORIENTED_EDGE('',*,*,#1861,.T.);
#2586=ORIENTED_EDGE('',*,*,#1859,.T.);
#2587=ORIENTED_EDGE('',*,*,#1765,.T.);
#2588=ORIENTED_EDGE('',*,*,#1768,.T.);
#2589=ORIENTED_EDGE('',*,*,#1770,.T.);
#2590=ORIENTED_EDGE('',*,*,#1772,.T.);
#2591=ORIENTED_EDGE('',*,*,#1774,.T.);
#2592=ORIENTED_EDGE('',*,*,#1776,.T.);
#2593=ORIENTED_EDGE('',*,*,#1858,.T.);
#2594=ORIENTED_EDGE('',*,*,#1826,.T.);
#2595=ORIENTED_EDGE('',*,*,#1903,.T.);
#2596=ORIENTED_EDGE('',*,*,#1830,.T.);
#2597=ORIENTED_EDGE('',*,*,#1873,.T.);
#2598=ORIENTED_EDGE('',*,*,#1875,.T.);
#2599=ORIENTED_EDGE('',*,*,#1877,.T.);
#2600=ORIENTED_EDGE('',*,*,#1879,.T.);
#2601=ORIENTED_EDGE('',*,*,#1881,.T.);
#2602=ORIENTED_EDGE('',*,*,#1883,.T.);
#2603=ORIENTED_EDGE('',*,*,#1884,.T.);
#2604=ORIENTED_EDGE('',*,*,#1817,.T.);
#2605=ORIENTED_EDGE('',*,*,#1820,.T.);
#2606=ORIENTED_EDGE('',*,*,#1822,.T.);
#2607=ORIENTED_EDGE('',*,*,#1904,.T.);
#2608=ORIENTED_EDGE('',*,*,#1889,.T.);
#2609=ORIENTED_EDGE('',*,*,#1892,.T.);
#2610=ORIENTED_EDGE('',*,*,#1894,.T.);
#2611=ORIENTED_EDGE('',*,*,#1896,.T.);
#2612=ORIENTED_EDGE('',*,*,#1897,.T.);
#2613=ORIENTED_EDGE('',*,*,#1735,.T.);
#2614=ORIENTED_EDGE('',*,*,#1738,.T.);
#2615=ORIENTED_EDGE('',*,*,#1740,.T.);
#2616=ORIENTED_EDGE('',*,*,#1742,.T.);
#2617=ORIENTED_EDGE('',*,*,#1744,.T.);
#2618=ORIENTED_EDGE('',*,*,#1750,.T.);
#2619=ORIENTED_EDGE('',*,*,#1905,.T.);
#2620=ORIENTED_EDGE('',*,*,#1728,.T.);
#2621=ORIENTED_EDGE('',*,*,#1906,.F.);
#2622=ORIENTED_EDGE('',*,*,#1887,.F.);
#2623=ORIENTED_EDGE('',*,*,#1745,.F.);
#2624=ORIENTED_EDGE('',*,*,#1727,.T.);
#2625=ORIENTED_EDGE('',*,*,#1890,.F.);
#2626=ORIENTED_EDGE('',*,*,#1904,.F.);
#2627=ORIENTED_EDGE('',*,*,#1907,.T.);
#2628=ORIENTED_EDGE('',*,*,#1908,.F.);
#2629=ORIENTED_EDGE('',*,*,#1909,.F.);
#2630=ORIENTED_EDGE('',*,*,#1885,.T.);
#2631=ORIENTED_EDGE('',*,*,#1906,.T.);
#2632=ORIENTED_EDGE('',*,*,#1757,.T.);
#2633=ORIENTED_EDGE('',*,*,#1871,.T.);
#2634=ORIENTED_EDGE('',*,*,#1855,.F.);
#2635=ORIENTED_EDGE('',*,*,#1910,.F.);
#2636=ORIENTED_EDGE('',*,*,#1758,.T.);
#2637=ORIENTED_EDGE('',*,*,#1910,.T.);
#2638=ORIENTED_EDGE('',*,*,#1854,.T.);
#2639=ORIENTED_EDGE('',*,*,#1851,.T.);
#2640=ORIENTED_EDGE('',*,*,#1867,.T.);
#2641=ORIENTED_EDGE('',*,*,#1911,.F.);
#2642=ORIENTED_EDGE('',*,*,#1912,.F.);
#2643=ORIENTED_EDGE('',*,*,#1901,.F.);
#2644=ORIENTED_EDGE('',*,*,#1857,.T.);
#2645=ORIENTED_EDGE('',*,*,#1913,.T.);
#2646=ORIENTED_EDGE('',*,*,#1870,.T.);
#2647=ORIENTED_EDGE('',*,*,#1914,.T.);
#2648=ORIENTED_EDGE('',*,*,#1911,.T.);
#2649=ORIENTED_EDGE('',*,*,#1866,.T.);
#2650=ORIENTED_EDGE('',*,*,#1748,.T.);
#2651=ORIENTED_EDGE('',*,*,#1915,.T.);
#2652=ORIENTED_EDGE('',*,*,#1908,.T.);
#2653=ORIENTED_EDGE('',*,*,#1916,.T.);
#2654=ORIENTED_EDGE('',*,*,#1842,.T.);
#2655=ORIENTED_EDGE('',*,*,#1846,.T.);
#2656=ORIENTED_EDGE('',*,*,#1917,.T.);
#2657=ORIENTED_EDGE('',*,*,#1918,.T.);
#2658=ORIENTED_EDGE('',*,*,#1824,.T.);
#2659=ORIENTED_EDGE('',*,*,#1828,.T.);
#2660=ORIENTED_EDGE('',*,*,#1832,.T.);
#2661=ORIENTED_EDGE('',*,*,#1919,.T.);
#2662=ORIENTED_EDGE('',*,*,#1782,.T.);
#2663=ORIENTED_EDGE('',*,*,#1840,.T.);
#2664=ORIENTED_EDGE('',*,*,#1900,.F.);
#2665=ORIENTED_EDGE('',*,*,#1920,.T.);
#2666=ORIENTED_EDGE('',*,*,#1917,.F.);
#2667=ORIENTED_EDGE('',*,*,#1845,.F.);
#2668=ORIENTED_EDGE('',*,*,#1899,.F.);
#2669=ORIENTED_EDGE('',*,*,#1843,.T.);
#2670=ORIENTED_EDGE('',*,*,#1918,.F.);
#2671=ORIENTED_EDGE('',*,*,#1920,.F.);
#2672=ORIENTED_EDGE('',*,*,#1903,.F.);
#2673=ORIENTED_EDGE('',*,*,#1825,.T.);
#2674=ORIENTED_EDGE('',*,*,#1919,.F.);
#2675=ORIENTED_EDGE('',*,*,#1831,.F.);
#2676=ORIENTED_EDGE('',*,*,#1905,.F.);
#2677=ORIENTED_EDGE('',*,*,#1749,.T.);
#2678=ORIENTED_EDGE('',*,*,#1916,.F.);
#2679=ORIENTED_EDGE('',*,*,#1907,.F.);
#2680=ORIENTED_EDGE('',*,*,#1886,.T.);
#2681=ORIENTED_EDGE('',*,*,#1909,.T.);
#2682=ORIENTED_EDGE('',*,*,#1915,.F.);
#2683=ORIENTED_EDGE('',*,*,#1747,.F.);
#2684=ORIENTED_EDGE('',*,*,#1914,.F.);
#2685=ORIENTED_EDGE('',*,*,#1869,.F.);
#2686=ORIENTED_EDGE('',*,*,#1902,.F.);
#2687=ORIENTED_EDGE('',*,*,#1912,.T.);
#2688=ORIENTED_EDGE('',*,*,#1913,.F.);
#2689=ORIENTED_EDGE('',*,*,#1921,.T.);
#2690=ORIENTED_EDGE('',*,*,#1704,.F.);
#2691=ORIENTED_EDGE('',*,*,#1921,.F.);
#2692=ORIENTED_EDGE('',*,*,#1711,.T.);
#2693=ORIENTED_EDGE('',*,*,#1712,.T.);
#2694=ORIENTED_EDGE('',*,*,#1719,.T.);
#2695=ORIENTED_EDGE('',*,*,#1720,.T.);
#2696=ORIENTED_EDGE('',*,*,#1898,.F.);
#2697=ORIENTED_EDGE('',*,*,#1922,.T.);
#2698=ORIENTED_EDGE('',*,*,#1703,.F.);
#2699=ORIENTED_EDGE('',*,*,#1922,.F.);
#2700=ORIENTED_EDGE('',*,*,#1707,.T.);
#2701=ORIENTED_EDGE('',*,*,#1708,.T.);
#2702=ORIENTED_EDGE('',*,*,#1715,.T.);
#2703=ORIENTED_EDGE('',*,*,#1716,.T.);
#2704=ORIENTED_EDGE('',*,*,#1923,.F.);
#2705=ORIENTED_EDGE('',*,*,#1924,.T.);
#2706=ORIENTED_EDGE('',*,*,#1925,.F.);
#2707=ORIENTED_EDGE('',*,*,#1926,.F.);
#2708=ORIENTED_EDGE('',*,*,#1927,.F.);
#2709=ORIENTED_EDGE('',*,*,#1926,.T.);
#2710=ORIENTED_EDGE('',*,*,#1928,.F.);
#2711=ORIENTED_EDGE('',*,*,#1929,.F.);
#2712=ORIENTED_EDGE('',*,*,#1928,.T.);
#2713=ORIENTED_EDGE('',*,*,#1925,.T.);
#2714=ORIENTED_EDGE('',*,*,#1930,.T.);
#2715=ORIENTED_EDGE('',*,*,#1931,.T.);
#2716=ORIENTED_EDGE('',*,*,#1923,.T.);
#2717=ORIENTED_EDGE('',*,*,#1927,.T.);
#2718=ORIENTED_EDGE('',*,*,#1932,.F.);
#2719=ORIENTED_EDGE('',*,*,#1933,.F.);
#2720=ORIENTED_EDGE('',*,*,#1934,.F.);
#2721=ORIENTED_EDGE('',*,*,#1935,.F.);
#2722=ORIENTED_EDGE('',*,*,#1936,.F.);
#2723=ORIENTED_EDGE('',*,*,#1937,.T.);
#2724=ORIENTED_EDGE('',*,*,#1938,.T.);
#2725=ORIENTED_EDGE('',*,*,#1939,.F.);
#2726=ORIENTED_EDGE('',*,*,#1940,.F.);
#2727=ORIENTED_EDGE('',*,*,#1941,.T.);
#2728=ORIENTED_EDGE('',*,*,#1942,.T.);
#2729=ORIENTED_EDGE('',*,*,#1943,.F.);
#2730=ORIENTED_EDGE('',*,*,#1944,.T.);
#2731=ORIENTED_EDGE('',*,*,#1945,.T.);
#2732=ORIENTED_EDGE('',*,*,#1946,.T.);
#2733=ORIENTED_EDGE('',*,*,#1947,.T.);
#2734=ORIENTED_EDGE('',*,*,#1948,.F.);
#2735=ORIENTED_EDGE('',*,*,#1949,.T.);
#2736=ORIENTED_EDGE('',*,*,#1950,.T.);
#2737=ORIENTED_EDGE('',*,*,#1949,.F.);
#2738=ORIENTED_EDGE('',*,*,#1950,.F.);
#2739=ORIENTED_EDGE('',*,*,#1951,.F.);
#2740=ORIENTED_EDGE('',*,*,#1952,.F.);
#2741=ORIENTED_EDGE('',*,*,#1953,.T.);
#2742=ORIENTED_EDGE('',*,*,#1954,.T.);
#2743=ORIENTED_EDGE('',*,*,#1953,.F.);
#2744=ORIENTED_EDGE('',*,*,#1954,.F.);
#2745=ORIENTED_EDGE('',*,*,#1948,.T.);
#2746=ORIENTED_EDGE('',*,*,#1955,.F.);
#2747=ORIENTED_EDGE('',*,*,#1956,.F.);
#2748=ORIENTED_EDGE('',*,*,#1942,.F.);
#2749=ORIENTED_EDGE('',*,*,#1957,.F.);
#2750=ORIENTED_EDGE('',*,*,#1951,.T.);
#2751=ORIENTED_EDGE('',*,*,#1952,.T.);
#2752=ORIENTED_EDGE('',*,*,#1943,.T.);
#2753=ORIENTED_EDGE('',*,*,#1956,.T.);
#2754=ORIENTED_EDGE('',*,*,#1958,.F.);
#2755=ORIENTED_EDGE('',*,*,#1959,.F.);
#2756=ORIENTED_EDGE('',*,*,#1960,.T.);
#2757=ORIENTED_EDGE('',*,*,#1930,.F.);
#2758=ORIENTED_EDGE('',*,*,#1924,.F.);
#2759=ORIENTED_EDGE('',*,*,#1955,.T.);
#2760=ORIENTED_EDGE('',*,*,#1961,.F.);
#2761=ORIENTED_EDGE('',*,*,#1962,.T.);
#2762=ORIENTED_EDGE('',*,*,#1963,.T.);
#2763=ORIENTED_EDGE('',*,*,#1964,.T.);
#2764=ORIENTED_EDGE('',*,*,#1965,.T.);
#2765=ORIENTED_EDGE('',*,*,#1966,.F.);
#2766=ORIENTED_EDGE('',*,*,#1967,.T.);
#2767=ORIENTED_EDGE('',*,*,#1968,.T.);
#2768=ORIENTED_EDGE('',*,*,#1969,.T.);
#2769=ORIENTED_EDGE('',*,*,#1970,.F.);
#2770=ORIENTED_EDGE('',*,*,#1958,.T.);
#2771=ORIENTED_EDGE('',*,*,#1971,.T.);
#2772=ORIENTED_EDGE('',*,*,#1972,.T.);
#2773=ORIENTED_EDGE('',*,*,#1973,.T.);
#2774=ORIENTED_EDGE('',*,*,#1974,.T.);
#2775=ORIENTED_EDGE('',*,*,#1957,.T.);
#2776=ORIENTED_EDGE('',*,*,#1941,.F.);
#2777=ORIENTED_EDGE('',*,*,#1975,.T.);
#2778=ORIENTED_EDGE('',*,*,#1961,.T.);
#2779=ORIENTED_EDGE('',*,*,#1976,.F.);
#2780=ORIENTED_EDGE('',*,*,#1977,.T.);
#2781=ORIENTED_EDGE('',*,*,#1978,.F.);
#2782=ORIENTED_EDGE('',*,*,#1979,.T.);
#2783=ORIENTED_EDGE('',*,*,#1980,.F.);
#2784=ORIENTED_EDGE('',*,*,#1939,.T.);
#2785=ORIENTED_EDGE('',*,*,#1981,.T.);
#2786=ORIENTED_EDGE('',*,*,#1963,.F.);
#2787=ORIENTED_EDGE('',*,*,#1934,.T.);
#2788=ORIENTED_EDGE('',*,*,#1982,.T.);
#2789=ORIENTED_EDGE('',*,*,#1983,.T.);
#2790=ORIENTED_EDGE('',*,*,#1984,.T.);
#2791=ORIENTED_EDGE('',*,*,#1985,.F.);
#2792=ORIENTED_EDGE('',*,*,#1986,.T.);
#2793=ORIENTED_EDGE('',*,*,#1987,.F.);
#2794=ORIENTED_EDGE('',*,*,#1988,.F.);
#2795=ORIENTED_EDGE('',*,*,#1989,.F.);
#2796=ORIENTED_EDGE('',*,*,#1989,.T.);
#2797=ORIENTED_EDGE('',*,*,#1990,.F.);
#2798=ORIENTED_EDGE('',*,*,#1964,.F.);
#2799=ORIENTED_EDGE('',*,*,#1981,.F.);
#2800=ORIENTED_EDGE('',*,*,#1938,.F.);
#2801=ORIENTED_EDGE('',*,*,#1991,.F.);
#2802=ORIENTED_EDGE('',*,*,#1992,.T.);
#2803=ORIENTED_EDGE('',*,*,#1988,.T.);
#2804=ORIENTED_EDGE('',*,*,#1993,.T.);
#2805=ORIENTED_EDGE('',*,*,#1991,.T.);
#2806=ORIENTED_EDGE('',*,*,#1937,.F.);
#2807=ORIENTED_EDGE('',*,*,#1994,.F.);
#2808=ORIENTED_EDGE('',*,*,#1965,.F.);
#2809=ORIENTED_EDGE('',*,*,#1990,.T.);
#2810=ORIENTED_EDGE('',*,*,#1995,.F.);
#2811=ORIENTED_EDGE('',*,*,#1996,.T.);
#2812=ORIENTED_EDGE('',*,*,#1997,.T.);
#2813=ORIENTED_EDGE('',*,*,#1996,.F.);
#2814=ORIENTED_EDGE('',*,*,#1997,.F.);
#2815=ORIENTED_EDGE('',*,*,#1985,.T.);
#2816=ORIENTED_EDGE('',*,*,#1992,.F.);
#2817=ORIENTED_EDGE('',*,*,#1993,.F.);
#2818=ORIENTED_EDGE('',*,*,#1987,.T.);
#2819=ORIENTED_EDGE('',*,*,#1998,.T.);
#2820=ORIENTED_EDGE('',*,*,#1998,.F.);
#2821=ORIENTED_EDGE('',*,*,#1986,.F.);
#2822=ORIENTED_EDGE('',*,*,#1995,.T.);
#2823=ORIENTED_EDGE('',*,*,#1994,.T.);
#2824=ORIENTED_EDGE('',*,*,#1936,.T.);
#2825=ORIENTED_EDGE('',*,*,#1999,.T.);
#2826=ORIENTED_EDGE('',*,*,#2000,.T.);
#2827=ORIENTED_EDGE('',*,*,#2001,.T.);
#2828=ORIENTED_EDGE('',*,*,#1966,.T.);
#2829=ORIENTED_EDGE('',*,*,#2002,.F.);
#2830=ORIENTED_EDGE('',*,*,#1983,.F.);
#2831=ORIENTED_EDGE('',*,*,#2003,.F.);
#2832=ORIENTED_EDGE('',*,*,#2000,.F.);
#2833=ORIENTED_EDGE('',*,*,#2003,.T.);
#2834=ORIENTED_EDGE('',*,*,#1982,.F.);
#2835=ORIENTED_EDGE('',*,*,#2004,.F.);
#2836=ORIENTED_EDGE('',*,*,#1967,.F.);
#2837=ORIENTED_EDGE('',*,*,#2001,.F.);
#2838=ORIENTED_EDGE('',*,*,#1935,.T.);
#2839=ORIENTED_EDGE('',*,*,#1984,.F.);
#2840=ORIENTED_EDGE('',*,*,#2002,.T.);
#2841=ORIENTED_EDGE('',*,*,#1999,.F.);
#2842=ORIENTED_EDGE('',*,*,#2005,.F.);
#2843=ORIENTED_EDGE('',*,*,#2006,.T.);
#2844=ORIENTED_EDGE('',*,*,#1971,.F.);
#2845=ORIENTED_EDGE('',*,*,#2006,.F.);
#2846=ORIENTED_EDGE('',*,*,#1978,.T.);
#2847=ORIENTED_EDGE('',*,*,#2007,.T.);
#2848=ORIENTED_EDGE('',*,*,#1972,.F.);
#2849=ORIENTED_EDGE('',*,*,#2007,.F.);
#2850=ORIENTED_EDGE('',*,*,#1976,.T.);
#2851=ORIENTED_EDGE('',*,*,#2008,.T.);
#2852=ORIENTED_EDGE('',*,*,#1973,.F.);
#2853=ORIENTED_EDGE('',*,*,#2008,.F.);
#2854=ORIENTED_EDGE('',*,*,#2009,.F.);
#2855=ORIENTED_EDGE('',*,*,#2010,.T.);
#2856=ORIENTED_EDGE('',*,*,#1974,.F.);
#2857=ORIENTED_EDGE('',*,*,#2010,.F.);
#2858=ORIENTED_EDGE('',*,*,#1932,.T.);
#2859=ORIENTED_EDGE('',*,*,#1929,.T.);
#2860=ORIENTED_EDGE('',*,*,#1931,.F.);
#2861=ORIENTED_EDGE('',*,*,#1960,.F.);
#2862=ORIENTED_EDGE('',*,*,#1959,.T.);
#2863=ORIENTED_EDGE('',*,*,#1970,.T.);
#2864=ORIENTED_EDGE('',*,*,#1969,.F.);
#2865=ORIENTED_EDGE('',*,*,#2011,.F.);
#2866=ORIENTED_EDGE('',*,*,#2004,.T.);
#2867=ORIENTED_EDGE('',*,*,#1933,.T.);
#2868=ORIENTED_EDGE('',*,*,#2011,.T.);
#2869=ORIENTED_EDGE('',*,*,#1968,.F.);
#2870=ORIENTED_EDGE('',*,*,#1940,.T.);
#2871=ORIENTED_EDGE('',*,*,#1980,.T.);
#2872=ORIENTED_EDGE('',*,*,#1962,.F.);
#2873=ORIENTED_EDGE('',*,*,#1975,.F.);
#2874=ORIENTED_EDGE('',*,*,#1944,.F.);
#2875=ORIENTED_EDGE('',*,*,#2012,.T.);
#2876=ORIENTED_EDGE('',*,*,#2013,.F.);
#2877=ORIENTED_EDGE('',*,*,#2012,.F.);
#2878=ORIENTED_EDGE('',*,*,#2013,.T.);
#2879=ORIENTED_EDGE('',*,*,#2005,.T.);
#2880=ORIENTED_EDGE('',*,*,#1979,.F.);
#2881=ORIENTED_EDGE('',*,*,#2014,.T.);
#2882=ORIENTED_EDGE('',*,*,#2015,.F.);
#2883=ORIENTED_EDGE('',*,*,#2014,.F.);
#2884=ORIENTED_EDGE('',*,*,#1945,.F.);
#2885=ORIENTED_EDGE('',*,*,#2016,.T.);
#2886=ORIENTED_EDGE('',*,*,#2017,.F.);
#2887=ORIENTED_EDGE('',*,*,#2016,.F.);
#2888=ORIENTED_EDGE('',*,*,#2017,.T.);
#2889=ORIENTED_EDGE('',*,*,#2015,.T.);
#2890=ORIENTED_EDGE('',*,*,#1946,.F.);
#2891=ORIENTED_EDGE('',*,*,#2018,.T.);
#2892=ORIENTED_EDGE('',*,*,#2019,.F.);
#2893=ORIENTED_EDGE('',*,*,#2018,.F.);
#2894=ORIENTED_EDGE('',*,*,#2019,.T.);
#2895=ORIENTED_EDGE('',*,*,#2009,.T.);
#2896=ORIENTED_EDGE('',*,*,#1977,.F.);
#2897=ORIENTED_EDGE('',*,*,#2020,.T.);
#2898=ORIENTED_EDGE('',*,*,#2021,.F.);
#2899=ORIENTED_EDGE('',*,*,#2020,.F.);
#2900=ORIENTED_EDGE('',*,*,#1947,.F.);
#2901=ORIENTED_EDGE('',*,*,#2022,.T.);
#2902=ORIENTED_EDGE('',*,*,#2023,.F.);
#2903=ORIENTED_EDGE('',*,*,#2022,.F.);
#2904=ORIENTED_EDGE('',*,*,#2023,.T.);
#2905=ORIENTED_EDGE('',*,*,#2021,.T.);
#2906=PLANE('',#3242);
#2907=PLANE('',#3243);
#2908=PLANE('',#3244);
#2909=PLANE('',#3245);
#2910=PLANE('',#3246);
#2911=PLANE('',#3247);
#2912=PLANE('',#3248);
#2913=PLANE('',#3249);
#2914=PLANE('',#3250);
#2915=PLANE('',#3251);
#2916=PLANE('',#3252);
#2917=PLANE('',#3253);
#2918=PLANE('',#3254);
#2919=PLANE('',#3255);
#2920=PLANE('',#3256);
#2921=PLANE('',#3257);
#2922=PLANE('',#3258);
#2923=PLANE('',#3259);
#2924=PLANE('',#3260);
#2925=PLANE('',#3261);
#2926=PLANE('',#3262);
#2927=PLANE('',#3263);
#2928=PLANE('',#3264);
#2929=PLANE('',#3265);
#2930=PLANE('',#3266);
#2931=PLANE('',#3267);
#2932=PLANE('',#3268);
#2933=PLANE('',#3269);
#2934=PLANE('',#3270);
#2935=PLANE('',#3271);
#2936=PLANE('',#3272);
#2937=PLANE('',#3273);
#2938=PLANE('',#3274);
#2939=PLANE('',#3275);
#2940=PLANE('',#3276);
#2941=PLANE('',#3277);
#2942=PLANE('',#3278);
#2943=PLANE('',#3279);
#2944=PLANE('',#3280);
#2945=PLANE('',#3281);
#2946=PLANE('',#3282);
#2947=PLANE('',#3283);
#2948=PLANE('',#3284);
#2949=PLANE('',#3285);
#2950=PLANE('',#3286);
#2951=PLANE('',#3287);
#2952=PLANE('',#3288);
#2953=PLANE('',#3289);
#2954=PLANE('',#3290);
#2955=PLANE('',#3291);
#2956=PLANE('',#3292);
#2957=PLANE('',#3293);
#2958=PLANE('',#3294);
#2959=PLANE('',#3295);
#2960=PLANE('',#3296);
#2961=PLANE('',#3297);
#2962=PLANE('',#3298);
#2963=PLANE('',#3301);
#2964=PLANE('',#3306);
#2965=PLANE('',#3311);
#2966=PLANE('',#3313);
#2967=PLANE('',#3314);
#2968=PLANE('',#3315);
#2969=PLANE('',#3316);
#2970=PLANE('',#3317);
#2971=PLANE('',#3318);
#2972=PLANE('',#3319);
#2973=PLANE('',#3321);
#2974=PLANE('',#3322);
#2975=PLANE('',#3325);
#2976=PLANE('',#3326);
#2977=PLANE('',#3327);
#2978=PLANE('',#3328);
#2979=PLANE('',#3330);
#2980=PLANE('',#3331);
#2981=PLANE('',#3334);
#2982=PLANE('',#3335);
#2983=PLANE('',#3336);
#2984=PLANE('',#3337);
#2985=PLANE('',#3339);
#2986=PLANE('',#3340);
#2987=PLANE('',#3341);
#2988=PLANE('',#3342);
#2989=PLANE('',#3343);
#2990=PLANE('',#3344);
#2991=PLANE('',#3345);
#2992=PLANE('',#3346);
#2993=PLANE('',#3347);
#2994=PLANE('',#3348);
#2995=PLANE('',#3349);
#2996=PLANE('',#3350);
#2997=PLANE('',#3357);
#2998=PLANE('',#3358);
#2999=PLANE('',#3359);
#3000=PLANE('',#3360);
#3001=PLANE('',#3361);
#3002=PLANE('',#3362);
#3003=PLANE('',#3363);
#3004=PLANE('',#3364);
#3005=PLANE('',#3365);
#3006=PLANE('',#3366);
#3007=PLANE('',#3367);
#3008=PLANE('',#3370);
#3009=PLANE('',#3371);
#3010=PLANE('',#3372);
#3011=PLANE('',#3373);
#3012=PLANE('',#3374);
#3013=PLANE('',#3375);
#3014=PLANE('',#3376);
#3015=PLANE('',#3379);
#3016=PLANE('',#3381);
#3017=PLANE('',#3382);
#3018=PLANE('',#3383);
#3019=PLANE('',#3384);
#3020=PLANE('',#3385);
#3021=PLANE('',#3387);
#3022=PLANE('',#3388);
#3023=PLANE('',#3389);
#3024=PLANE('',#3390);
#3025=PLANE('',#3391);
#3026=PLANE('',#3392);
#3027=PLANE('',#3395);
#3028=PLANE('',#3396);
#3029=PLANE('',#3397);
#3030=PLANE('',#3398);
#3031=PLANE('',#3406);
#3032=PLANE('',#3409);
#3033=PLANE('',#3410);
#3034=PLANE('',#3411);
#3035=PLANE('',#3416);
#3036=PLANE('',#3417);
#3037=PLANE('',#3420);
#3038=PLANE('',#3423);
#3039=PLANE('',#3424);
#3040=PLANE('',#3430);
#3041=PLANE('',#3433);
#3042=PLANE('',#3434);
#3043=PLANE('',#3435);
#3044=PLANE('',#3436);
#3045=PLANE('',#3437);
#3046=PLANE('',#3444);
#3047=PLANE('',#3445);
#3048=PLANE('',#3446);
#3049=PLANE('',#3449);
#3050=PLANE('',#3454);
#3051=PLANE('',#3457);
#3052=PLANE('',#3462);
#3053=ADVANCED_FACE('',(#153),#2906,.F.);
#3054=ADVANCED_FACE('',(#154),#2907,.F.);
#3055=ADVANCED_FACE('',(#155),#2908,.F.);
#3056=ADVANCED_FACE('',(#156),#2909,.F.);
#3057=ADVANCED_FACE('',(#157),#2910,.F.);
#3058=ADVANCED_FACE('',(#158),#2911,.T.);
#3059=ADVANCED_FACE('',(#159),#2912,.T.);
#3060=ADVANCED_FACE('',(#160),#2913,.T.);
#3061=ADVANCED_FACE('',(#161),#2914,.T.);
#3062=ADVANCED_FACE('',(#162),#2915,.F.);
#3063=ADVANCED_FACE('',(#163),#2916,.F.);
#3064=ADVANCED_FACE('',(#164),#2917,.F.);
#3065=ADVANCED_FACE('',(#165),#2918,.F.);
#3066=ADVANCED_FACE('',(#166),#2919,.F.);
#3067=ADVANCED_FACE('',(#167),#2920,.F.);
#3068=ADVANCED_FACE('',(#168),#2921,.F.);
#3069=ADVANCED_FACE('',(#169),#2922,.F.);
#3070=ADVANCED_FACE('',(#170),#2923,.F.);
#3071=ADVANCED_FACE('',(#171),#2924,.F.);
#3072=ADVANCED_FACE('',(#172),#2925,.T.);
#3073=ADVANCED_FACE('',(#173),#2926,.T.);
#3074=ADVANCED_FACE('',(#174),#2927,.T.);
#3075=ADVANCED_FACE('',(#175),#2928,.T.);
#3076=ADVANCED_FACE('',(#176),#2929,.F.);
#3077=ADVANCED_FACE('',(#177),#2930,.F.);
#3078=ADVANCED_FACE('',(#178),#2931,.F.);
#3079=ADVANCED_FACE('',(#179),#2932,.F.);
#3080=ADVANCED_FACE('',(#180),#2933,.F.);
#3081=ADVANCED_FACE('',(#181),#2934,.F.);
#3082=ADVANCED_FACE('',(#182),#2935,.F.);
#3083=ADVANCED_FACE('',(#183),#2936,.F.);
#3084=ADVANCED_FACE('',(#184),#2937,.F.);
#3085=ADVANCED_FACE('',(#185),#2938,.F.);
#3086=ADVANCED_FACE('',(#186),#2939,.T.);
#3087=ADVANCED_FACE('',(#187),#2940,.T.);
#3088=ADVANCED_FACE('',(#188),#2941,.T.);
#3089=ADVANCED_FACE('',(#189),#2942,.T.);
#3090=ADVANCED_FACE('',(#190),#2943,.F.);
#3091=ADVANCED_FACE('',(#191),#2944,.F.);
#3092=ADVANCED_FACE('',(#192),#2945,.F.);
#3093=ADVANCED_FACE('',(#193),#2946,.F.);
#3094=ADVANCED_FACE('',(#194),#2947,.F.);
#3095=ADVANCED_FACE('',(#195),#2948,.F.);
#3096=ADVANCED_FACE('',(#196),#2949,.F.);
#3097=ADVANCED_FACE('',(#197),#2950,.F.);
#3098=ADVANCED_FACE('',(#198),#2951,.F.);
#3099=ADVANCED_FACE('',(#199),#2952,.F.);
#3100=ADVANCED_FACE('',(#200),#2953,.T.);
#3101=ADVANCED_FACE('',(#201),#2954,.T.);
#3102=ADVANCED_FACE('',(#202),#2955,.T.);
#3103=ADVANCED_FACE('',(#203),#2956,.T.);
#3104=ADVANCED_FACE('',(#204),#2957,.F.);
#3105=ADVANCED_FACE('',(#205),#2958,.F.);
#3106=ADVANCED_FACE('',(#206),#2959,.F.);
#3107=ADVANCED_FACE('',(#207),#2960,.F.);
#3108=ADVANCED_FACE('',(#208),#2961,.F.);
#3109=ADVANCED_FACE('',(#209,#68),#2962,.T.);
#3110=ADVANCED_FACE('',(#210,#69),#2963,.F.);
#3111=ADVANCED_FACE('',(#211),#41,.F.);
#3112=ADVANCED_FACE('',(#212),#42,.F.);
#3113=ADVANCED_FACE('',(#213,#70),#2964,.F.);
#3114=ADVANCED_FACE('',(#214),#43,.F.);
#3115=ADVANCED_FACE('',(#215),#44,.F.);
#3116=ADVANCED_FACE('',(#216),#2965,.T.);
#3117=ADVANCED_FACE('',(#217),#2966,.F.);
#3118=ADVANCED_FACE('',(#218),#2967,.F.);
#3119=ADVANCED_FACE('',(#219),#2968,.F.);
#3120=ADVANCED_FACE('',(#220),#2969,.F.);
#3121=ADVANCED_FACE('',(#221),#2970,.F.);
#3122=ADVANCED_FACE('',(#222),#2971,.T.);
#3123=ADVANCED_FACE('',(#223),#2972,.T.);
#3124=ADVANCED_FACE('',(#224),#2973,.T.);
#3125=ADVANCED_FACE('',(#225),#2974,.T.);
#3126=ADVANCED_FACE('',(#226),#45,.T.);
#3127=ADVANCED_FACE('',(#227),#2975,.T.);
#3128=ADVANCED_FACE('',(#228),#2976,.T.);
#3129=ADVANCED_FACE('',(#229),#2977,.T.);
#3130=ADVANCED_FACE('',(#230),#2978,.T.);
#3131=ADVANCED_FACE('',(#231),#2979,.T.);
#3132=ADVANCED_FACE('',(#232),#2980,.T.);
#3133=ADVANCED_FACE('',(#233),#46,.T.);
#3134=ADVANCED_FACE('',(#234),#2981,.T.);
#3135=ADVANCED_FACE('',(#235),#2982,.T.);
#3136=ADVANCED_FACE('',(#236),#2983,.T.);
#3137=ADVANCED_FACE('',(#237),#2984,.T.);
#3138=ADVANCED_FACE('',(#238),#2985,.F.);
#3139=ADVANCED_FACE('',(#239),#2986,.F.);
#3140=ADVANCED_FACE('',(#240),#2987,.F.);
#3141=ADVANCED_FACE('',(#241),#2988,.F.);
#3142=ADVANCED_FACE('',(#242),#2989,.F.);
#3143=ADVANCED_FACE('',(#243),#2990,.F.);
#3144=ADVANCED_FACE('',(#244),#2991,.T.);
#3145=ADVANCED_FACE('',(#245),#2992,.T.);
#3146=ADVANCED_FACE('',(#246),#2993,.T.);
#3147=ADVANCED_FACE('',(#247),#2994,.T.);
#3148=ADVANCED_FACE('',(#248),#2995,.F.);
#3149=ADVANCED_FACE('',(#249),#2996,.F.);
#3150=ADVANCED_FACE('',(#250),#47,.T.);
#3151=ADVANCED_FACE('',(#251),#48,.T.);
#3152=ADVANCED_FACE('',(#252),#2997,.T.);
#3153=ADVANCED_FACE('',(#253),#2998,.T.);
#3154=ADVANCED_FACE('',(#254),#2999,.T.);
#3155=ADVANCED_FACE('',(#255),#3000,.T.);
#3156=ADVANCED_FACE('',(#256),#3001,.T.);
#3157=ADVANCED_FACE('',(#257),#3002,.F.);
#3158=ADVANCED_FACE('',(#258),#3003,.F.);
#3159=ADVANCED_FACE('',(#259),#3004,.F.);
#3160=ADVANCED_FACE('',(#260),#3005,.F.);
#3161=ADVANCED_FACE('',(#261),#3006,.F.);
#3162=ADVANCED_FACE('',(#262),#3007,.F.);
#3163=ADVANCED_FACE('',(#263),#49,.T.);
#3164=ADVANCED_FACE('',(#264),#3008,.F.);
#3165=ADVANCED_FACE('',(#265),#3009,.F.);
#3166=ADVANCED_FACE('',(#266),#3010,.F.);
#3167=ADVANCED_FACE('',(#267),#3011,.F.);
#3168=ADVANCED_FACE('',(#268),#3012,.F.);
#3169=ADVANCED_FACE('',(#269),#3013,.F.);
#3170=ADVANCED_FACE('',(#270),#3014,.F.);
#3171=ADVANCED_FACE('',(#271),#50,.T.);
#3172=ADVANCED_FACE('',(#272,#71,#72,#73,#74),#3015,.T.);
#3173=ADVANCED_FACE('',(#273),#3016,.F.);
#3174=ADVANCED_FACE('',(#274),#3017,.T.);
#3175=ADVANCED_FACE('',(#275),#3018,.F.);
#3176=ADVANCED_FACE('',(#276),#3019,.F.);
#3177=ADVANCED_FACE('',(#277,#75,#76,#77,#78),#3020,.F.);
#3178=ADVANCED_FACE('',(#278),#3021,.F.);
#3179=ADVANCED_FACE('',(#279),#3022,.F.);
#3180=ADVANCED_FACE('',(#280),#3023,.F.);
#3181=ADVANCED_FACE('',(#281),#3024,.F.);
#3182=ADVANCED_FACE('',(#282),#3025,.T.);
#3183=ADVANCED_FACE('',(#283),#3026,.F.);
#3184=ADVANCED_FACE('',(#284,#79,#80),#51,.F.);
#3185=ADVANCED_FACE('',(#285,#81,#82),#52,.T.);
#3186=ADVANCED_FACE('',(#286),#3027,.T.);
#3187=ADVANCED_FACE('',(#287),#3028,.T.);
#3188=ADVANCED_FACE('',(#288),#3029,.T.);
#3189=ADVANCED_FACE('',(#289,#83,#84,#85,#86),#3030,.T.);
#3190=ADVANCED_FACE('',(#290),#53,.F.);
#3191=ADVANCED_FACE('',(#291),#3031,.F.);
#3192=ADVANCED_FACE('',(#292),#54,.F.);
#3193=ADVANCED_FACE('',(#293,#87),#3032,.F.);
#3194=ADVANCED_FACE('',(#294,#88),#14,.F.);
#3195=ADVANCED_FACE('',(#295),#3033,.F.);
#3196=ADVANCED_FACE('',(#296,#89,#90,#91,#92),#3034,.T.);
#3197=ADVANCED_FACE('',(#297),#3035,.T.);
#3198=ADVANCED_FACE('',(#298,#93),#3036,.F.);
#3199=ADVANCED_FACE('',(#299,#94),#3037,.F.);
#3200=ADVANCED_FACE('',(#300),#3038,.T.);
#3201=ADVANCED_FACE('',(#301),#3039,.T.);
#3202=ADVANCED_FACE('',(#302),#55,.F.);
#3203=ADVANCED_FACE('',(#303),#15,.F.);
#3204=ADVANCED_FACE('',(#304),#16,.F.);
#3205=ADVANCED_FACE('',(#305),#56,.F.);
#3206=ADVANCED_FACE('',(#306),#3040,.F.);
#3207=ADVANCED_FACE('',(#307),#57,.F.);
#3208=ADVANCED_FACE('',(#308,#95),#3041,.F.);
#3209=ADVANCED_FACE('',(#309),#3042,.T.);
#3210=ADVANCED_FACE('',(#310),#3043,.T.);
#3211=ADVANCED_FACE('',(#311),#3044,.T.);
#3212=ADVANCED_FACE('',(#312),#3045,.T.);
#3213=ADVANCED_FACE('',(#313),#58,.F.);
#3214=ADVANCED_FACE('',(#314),#59,.F.);
#3215=ADVANCED_FACE('',(#315),#60,.F.);
#3216=ADVANCED_FACE('',(#316),#61,.F.);
#3217=ADVANCED_FACE('',(#317),#3046,.T.);
#3218=ADVANCED_FACE('',(#318),#3047,.T.);
#3219=ADVANCED_FACE('',(#319),#3048,.T.);
#3220=ADVANCED_FACE('',(#320),#62,.T.);
#3221=ADVANCED_FACE('',(#321,#96),#3049,.T.);
#3222=ADVANCED_FACE('',(#322),#63,.F.);
#3223=ADVANCED_FACE('',(#323),#64,.T.);
#3224=ADVANCED_FACE('',(#324,#97),#3050,.T.);
#3225=ADVANCED_FACE('',(#325),#65,.T.);
#3226=ADVANCED_FACE('',(#326,#98),#3051,.T.);
#3227=ADVANCED_FACE('',(#327),#66,.F.);
#3228=ADVANCED_FACE('',(#328),#67,.T.);
#3229=ADVANCED_FACE('',(#329,#99),#3052,.T.);
#3230=CLOSED_SHELL('',(#3053,#3054,#3055,#3056,#3057,#3058,#3059));
#3231=CLOSED_SHELL('',(#3060,#3061,#3062,#3063,#3064,#3065,#3066));
#3232=CLOSED_SHELL('',(#3067,#3068,#3069,#3070,#3071,#3072,#3073));
#3233=CLOSED_SHELL('',(#3074,#3075,#3076,#3077,#3078,#3079,#3080));
#3234=CLOSED_SHELL('',(#3081,#3082,#3083,#3084,#3085,#3086,#3087));
#3235=CLOSED_SHELL('',(#3088,#3089,#3090,#3091,#3092,#3093,#3094));
#3236=CLOSED_SHELL('',(#3095,#3096,#3097,#3098,#3099,#3100,#3101));
#3237=CLOSED_SHELL('',(#3102,#3103,#3104,#3105,#3106,#3107,#3108));
#3238=CLOSED_SHELL('',(#3109,#3110,#3111,#3112,#3113,#3114,#3115,#3116,
#3117,#3118,#3119,#3120,#3121,#3122,#3123,#3124,#3125,#3126,#3127,#3128,
#3129,#3130,#3131,#3132,#3133,#3134,#3135,#3136,#3137,#3138,#3139,#3140,
#3141,#3142,#3143,#3144,#3145,#3146,#3147,#3148,#3149,#3150,#3151,#3152,
#3153,#3154,#3155,#3156,#3157,#3158,#3159,#3160,#3161,#3162,#3163,#3164,
#3165,#3166,#3167,#3168,#3169,#3170,#3171,#3172,#3173,#3174,#3175,#3176,
#3177,#3178,#3179,#3180,#3181,#3182,#3183,#3184,#3185));
#3239=CLOSED_SHELL('',(#3186,#3187,#3188,#3189,#3190,#3191,#3192,#3193,
#3194,#3195,#3196,#3197,#3198,#3199,#3200,#3201,#3202,#3203,#3204,#3205,
#3206,#3207,#3208,#3209,#3210,#3211,#3212,#3213,#3214,#3215,#3216,#3217,
#3218,#3219,#3220,#3221,#3222,#3223,#3224,#3225,#3226,#3227,#3228,#3229));
#3240=BREP_WITH_VOIDS('Bottom_Body',#3238,(#145,#146,#147,#148,#149,#150,
#151,#152));
#3241=AXIS2_PLACEMENT_3D('',#4281,#3463,#3464);
#3242=AXIS2_PLACEMENT_3D('',#4282,#3465,#3466);
#3243=AXIS2_PLACEMENT_3D('',#4291,#3471,#3472);
#3244=AXIS2_PLACEMENT_3D('',#4297,#3476,#3477);
#3245=AXIS2_PLACEMENT_3D('',#4303,#3481,#3482);
#3246=AXIS2_PLACEMENT_3D('',#4307,#3485,#3486);
#3247=AXIS2_PLACEMENT_3D('',#4311,#3489,#3490);
#3248=AXIS2_PLACEMENT_3D('',#4313,#3492,#3493);
#3249=AXIS2_PLACEMENT_3D('',#4314,#3494,#3495);
#3250=AXIS2_PLACEMENT_3D('',#4323,#3500,#3501);
#3251=AXIS2_PLACEMENT_3D('',#4329,#3505,#3506);
#3252=AXIS2_PLACEMENT_3D('',#4335,#3510,#3511);
#3253=AXIS2_PLACEMENT_3D('',#4339,#3514,#3515);
#3254=AXIS2_PLACEMENT_3D('',#4343,#3518,#3519);
#3255=AXIS2_PLACEMENT_3D('',#4345,#3521,#3522);
#3256=AXIS2_PLACEMENT_3D('',#4346,#3523,#3524);
#3257=AXIS2_PLACEMENT_3D('',#4355,#3529,#3530);
#3258=AXIS2_PLACEMENT_3D('',#4363,#3535,#3536);
#3259=AXIS2_PLACEMENT_3D('',#4367,#3539,#3540);
#3260=AXIS2_PLACEMENT_3D('',#4373,#3544,#3545);
#3261=AXIS2_PLACEMENT_3D('',#4375,#3547,#3548);
#3262=AXIS2_PLACEMENT_3D('',#4377,#3550,#3551);
#3263=AXIS2_PLACEMENT_3D('',#4378,#3552,#3553);
#3264=AXIS2_PLACEMENT_3D('',#4387,#3558,#3559);
#3265=AXIS2_PLACEMENT_3D('',#4393,#3563,#3564);
#3266=AXIS2_PLACEMENT_3D('',#4399,#3568,#3569);
#3267=AXIS2_PLACEMENT_3D('',#4403,#3572,#3573);
#3268=AXIS2_PLACEMENT_3D('',#4407,#3576,#3577);
#3269=AXIS2_PLACEMENT_3D('',#4409,#3579,#3580);
#3270=AXIS2_PLACEMENT_3D('',#4410,#3581,#3582);
#3271=AXIS2_PLACEMENT_3D('',#4419,#3587,#3588);
#3272=AXIS2_PLACEMENT_3D('',#4427,#3593,#3594);
#3273=AXIS2_PLACEMENT_3D('',#4431,#3597,#3598);
#3274=AXIS2_PLACEMENT_3D('',#4437,#3602,#3603);
#3275=AXIS2_PLACEMENT_3D('',#4439,#3605,#3606);
#3276=AXIS2_PLACEMENT_3D('',#4441,#3608,#3609);
#3277=AXIS2_PLACEMENT_3D('',#4442,#3610,#3611);
#3278=AXIS2_PLACEMENT_3D('',#4451,#3616,#3617);
#3279=AXIS2_PLACEMENT_3D('',#4457,#3621,#3622);
#3280=AXIS2_PLACEMENT_3D('',#4463,#3626,#3627);
#3281=AXIS2_PLACEMENT_3D('',#4467,#3630,#3631);
#3282=AXIS2_PLACEMENT_3D('',#4471,#3634,#3635);
#3283=AXIS2_PLACEMENT_3D('',#4473,#3637,#3638);
#3284=AXIS2_PLACEMENT_3D('',#4474,#3639,#3640);
#3285=AXIS2_PLACEMENT_3D('',#4483,#3645,#3646);
#3286=AXIS2_PLACEMENT_3D('',#4491,#3651,#3652);
#3287=AXIS2_PLACEMENT_3D('',#4495,#3655,#3656);
#3288=AXIS2_PLACEMENT_3D('',#4501,#3660,#3661);
#3289=AXIS2_PLACEMENT_3D('',#4503,#3663,#3664);
#3290=AXIS2_PLACEMENT_3D('',#4505,#3666,#3667);
#3291=AXIS2_PLACEMENT_3D('',#4506,#3668,#3669);
#3292=AXIS2_PLACEMENT_3D('',#4515,#3674,#3675);
#3293=AXIS2_PLACEMENT_3D('',#4521,#3679,#3680);
#3294=AXIS2_PLACEMENT_3D('',#4527,#3684,#3685);
#3295=AXIS2_PLACEMENT_3D('',#4531,#3688,#3689);
#3296=AXIS2_PLACEMENT_3D('',#4535,#3692,#3693);
#3297=AXIS2_PLACEMENT_3D('',#4537,#3695,#3696);
#3298=AXIS2_PLACEMENT_3D('',#4538,#3697,#3698);
#3299=AXIS2_PLACEMENT_3D('',#4540,#3699,#3700);
#3300=AXIS2_PLACEMENT_3D('',#4542,#3701,#3702);
#3301=AXIS2_PLACEMENT_3D('',#4543,#3703,#3704);
#3302=AXIS2_PLACEMENT_3D('',#4545,#3705,#3706);
#3303=AXIS2_PLACEMENT_3D('',#4547,#3707,#3708);
#3304=AXIS2_PLACEMENT_3D('',#4548,#3709,#3710);
#3305=AXIS2_PLACEMENT_3D('',#4588,#3712,#3713);
#3306=AXIS2_PLACEMENT_3D('',#4628,#3715,#3716);
#3307=AXIS2_PLACEMENT_3D('',#4630,#3717,#3718);
#3308=AXIS2_PLACEMENT_3D('',#4632,#3719,#3720);
#3309=AXIS2_PLACEMENT_3D('',#4633,#3721,#3722);
#3310=AXIS2_PLACEMENT_3D('',#4673,#3724,#3725);
#3311=AXIS2_PLACEMENT_3D('',#4713,#3727,#3728);
#3312=AXIS2_PLACEMENT_3D('',#4718,#3730,#3731);
#3313=AXIS2_PLACEMENT_3D('',#4740,#3743,#3744);
#3314=AXIS2_PLACEMENT_3D('',#4746,#3748,#3749);
#3315=AXIS2_PLACEMENT_3D('',#4750,#3752,#3753);
#3316=AXIS2_PLACEMENT_3D('',#4754,#3756,#3757);
#3317=AXIS2_PLACEMENT_3D('',#4758,#3760,#3761);
#3318=AXIS2_PLACEMENT_3D('',#4762,#3764,#3765);
#3319=AXIS2_PLACEMENT_3D('',#4774,#3772,#3773);
#3320=AXIS2_PLACEMENT_3D('',#4800,#3786,#3787);
#3321=AXIS2_PLACEMENT_3D('',#4801,#3788,#3789);
#3322=AXIS2_PLACEMENT_3D('',#4807,#3793,#3794);
#3323=AXIS2_PLACEMENT_3D('',#4811,#3797,#3798);
#3324=AXIS2_PLACEMENT_3D('',#4814,#3800,#3801);
#3325=AXIS2_PLACEMENT_3D('',#4815,#3802,#3803);
#3326=AXIS2_PLACEMENT_3D('',#4819,#3806,#3807);
#3327=AXIS2_PLACEMENT_3D('',#4823,#3810,#3811);
#3328=AXIS2_PLACEMENT_3D('',#4827,#3814,#3815);
#3329=AXIS2_PLACEMENT_3D('',#4853,#3828,#3829);
#3330=AXIS2_PLACEMENT_3D('',#4854,#3830,#3831);
#3331=AXIS2_PLACEMENT_3D('',#4860,#3835,#3836);
#3332=AXIS2_PLACEMENT_3D('',#4864,#3839,#3840);
#3333=AXIS2_PLACEMENT_3D('',#4867,#3842,#3843);
#3334=AXIS2_PLACEMENT_3D('',#4868,#3844,#3845);
#3335=AXIS2_PLACEMENT_3D('',#4872,#3848,#3849);
#3336=AXIS2_PLACEMENT_3D('',#4876,#3852,#3853);
#3337=AXIS2_PLACEMENT_3D('',#4880,#3856,#3857);
#3338=AXIS2_PLACEMENT_3D('',#4885,#3859,#3860);
#3339=AXIS2_PLACEMENT_3D('',#4907,#3872,#3873);
#3340=AXIS2_PLACEMENT_3D('',#4913,#3877,#3878);
#3341=AXIS2_PLACEMENT_3D('',#4917,#3881,#3882);
#3342=AXIS2_PLACEMENT_3D('',#4921,#3885,#3886);
#3343=AXIS2_PLACEMENT_3D('',#4929,#3891,#3892);
#3344=AXIS2_PLACEMENT_3D('',#4933,#3895,#3896);
#3345=AXIS2_PLACEMENT_3D('',#4941,#3901,#3902);
#3346=AXIS2_PLACEMENT_3D('',#4945,#3905,#3906);
#3347=AXIS2_PLACEMENT_3D('',#4949,#3909,#3910);
#3348=AXIS2_PLACEMENT_3D('',#4953,#3913,#3914);
#3349=AXIS2_PLACEMENT_3D('',#4957,#3917,#3918);
#3350=AXIS2_PLACEMENT_3D('',#4965,#3923,#3924);
#3351=AXIS2_PLACEMENT_3D('',#4969,#3927,#3928);
#3352=AXIS2_PLACEMENT_3D('',#4972,#3929,#3930);
#3353=AXIS2_PLACEMENT_3D('',#4974,#3931,#3932);
#3354=AXIS2_PLACEMENT_3D('',#4976,#3934,#3935);
#3355=AXIS2_PLACEMENT_3D('',#4979,#3936,#3937);
#3356=AXIS2_PLACEMENT_3D('',#4982,#3939,#3940);
#3357=AXIS2_PLACEMENT_3D('',#4983,#3941,#3942);
#3358=AXIS2_PLACEMENT_3D('',#4990,#3947,#3948);
#3359=AXIS2_PLACEMENT_3D('',#4994,#3951,#3952);
#3360=AXIS2_PLACEMENT_3D('',#4998,#3955,#3956);
#3361=AXIS2_PLACEMENT_3D('',#5002,#3959,#3960);
#3362=AXIS2_PLACEMENT_3D('',#5006,#3963,#3964);
#3363=AXIS2_PLACEMENT_3D('',#5012,#3968,#3969);
#3364=AXIS2_PLACEMENT_3D('',#5019,#3974,#3975);
#3365=AXIS2_PLACEMENT_3D('',#5023,#3978,#3979);
#3366=AXIS2_PLACEMENT_3D('',#5027,#3982,#3983);
#3367=AXIS2_PLACEMENT_3D('',#5031,#3986,#3987);
#3368=AXIS2_PLACEMENT_3D('',#5035,#3990,#3991);
#3369=AXIS2_PLACEMENT_3D('',#5038,#3993,#3994);
#3370=AXIS2_PLACEMENT_3D('',#5039,#3995,#3996);
#3371=AXIS2_PLACEMENT_3D('',#5043,#3999,#4000);
#3372=AXIS2_PLACEMENT_3D('',#5045,#4002,#4003);
#3373=AXIS2_PLACEMENT_3D('',#5051,#4007,#4008);
#3374=AXIS2_PLACEMENT_3D('',#5057,#4012,#4013);
#3375=AXIS2_PLACEMENT_3D('',#5061,#4016,#4017);
#3376=AXIS2_PLACEMENT_3D('',#5065,#4020,#4021);
#3377=AXIS2_PLACEMENT_3D('',#5069,#4024,#4025);
#3378=AXIS2_PLACEMENT_3D('',#5070,#4026,#4027);
#3379=AXIS2_PLACEMENT_3D('',#5071,#4028,#4029);
#3380=AXIS2_PLACEMENT_3D('',#5073,#4030,#4031);
#3381=AXIS2_PLACEMENT_3D('',#5084,#4039,#4040);
#3382=AXIS2_PLACEMENT_3D('',#5086,#4042,#4043);
#3383=AXIS2_PLACEMENT_3D('',#5092,#4047,#4048);
#3384=AXIS2_PLACEMENT_3D('',#5094,#4050,#4051);
#3385=AXIS2_PLACEMENT_3D('',#5098,#4054,#4055);
#3386=AXIS2_PLACEMENT_3D('',#5100,#4056,#4057);
#3387=AXIS2_PLACEMENT_3D('',#5108,#4064,#4065);
#3388=AXIS2_PLACEMENT_3D('',#5110,#4067,#4068);
#3389=AXIS2_PLACEMENT_3D('',#5111,#4069,#4070);
#3390=AXIS2_PLACEMENT_3D('',#5112,#4071,#4072);
#3391=AXIS2_PLACEMENT_3D('',#5113,#4073,#4074);
#3392=AXIS2_PLACEMENT_3D('',#5114,#4075,#4076);
#3393=AXIS2_PLACEMENT_3D('',#5115,#4077,#4078);
#3394=AXIS2_PLACEMENT_3D('',#5117,#4080,#4081);
#3395=AXIS2_PLACEMENT_3D('',#5119,#4083,#4084);
#3396=AXIS2_PLACEMENT_3D('',#5128,#4089,#4090);
#3397=AXIS2_PLACEMENT_3D('',#5134,#4094,#4095);
#3398=AXIS2_PLACEMENT_3D('',#5138,#4098,#4099);
#3399=AXIS2_PLACEMENT_3D('',#5230,#4109,#4110);
#3400=AXIS2_PLACEMENT_3D('',#5232,#4111,#4112);
#3401=AXIS2_PLACEMENT_3D('',#5234,#4113,#4114);
#3402=AXIS2_PLACEMENT_3D('',#5236,#4115,#4116);
#3403=AXIS2_PLACEMENT_3D('',#5237,#4117,#4118);
#3404=AXIS2_PLACEMENT_3D('',#5239,#4119,#4120);
#3405=AXIS2_PLACEMENT_3D('',#5242,#4122,#4123);
#3406=AXIS2_PLACEMENT_3D('',#5243,#4124,#4125);
#3407=AXIS2_PLACEMENT_3D('',#5244,#4126,#4127);
#3408=AXIS2_PLACEMENT_3D('',#5291,#4129,#4130);
#3409=AXIS2_PLACEMENT_3D('',#5292,#4131,#4132);
#3410=AXIS2_PLACEMENT_3D('',#5510,#4135,#4136);
#3411=AXIS2_PLACEMENT_3D('',#5516,#4140,#4141);
#3412=AXIS2_PLACEMENT_3D('',#5597,#4150,#4151);
#3413=AXIS2_PLACEMENT_3D('',#5599,#4152,#4153);
#3414=AXIS2_PLACEMENT_3D('',#5601,#4154,#4155);
#3415=AXIS2_PLACEMENT_3D('',#5603,#4156,#4157);
#3416=AXIS2_PLACEMENT_3D('',#5604,#4158,#4159);
#3417=AXIS2_PLACEMENT_3D('',#5606,#4161,#4162);
#3418=AXIS2_PLACEMENT_3D('',#5608,#4163,#4164);
#3419=AXIS2_PLACEMENT_3D('',#5610,#4165,#4166);
#3420=AXIS2_PLACEMENT_3D('',#5611,#4167,#4168);
#3421=AXIS2_PLACEMENT_3D('',#5613,#4169,#4170);
#3422=AXIS2_PLACEMENT_3D('',#5615,#4171,#4172);
#3423=AXIS2_PLACEMENT_3D('',#5616,#4173,#4174);
#3424=AXIS2_PLACEMENT_3D('',#5619,#4177,#4178);
#3425=AXIS2_PLACEMENT_3D('',#5625,#4182,#4183);
#3426=AXIS2_PLACEMENT_3D('',#5630,#4185,#4186);
#3427=AXIS2_PLACEMENT_3D('',#5746,#4191,#4192);
#3428=AXIS2_PLACEMENT_3D('',#5748,#4193,#4194);
#3429=AXIS2_PLACEMENT_3D('',#5751,#4196,#4197);
#3430=AXIS2_PLACEMENT_3D('',#5752,#4198,#4199);
#3431=AXIS2_PLACEMENT_3D('',#5753,#4200,#4201);
#3432=AXIS2_PLACEMENT_3D('',#5754,#4202,#4203);
#3433=AXIS2_PLACEMENT_3D('',#5755,#4204,#4205);
#3434=AXIS2_PLACEMENT_3D('',#5756,#4206,#4207);
#3435=AXIS2_PLACEMENT_3D('',#5762,#4211,#4212);
#3436=AXIS2_PLACEMENT_3D('',#5765,#4215,#4216);
#3437=AXIS2_PLACEMENT_3D('',#5767,#4218,#4219);
#3438=AXIS2_PLACEMENT_3D('',#5768,#4220,#4221);
#3439=AXIS2_PLACEMENT_3D('',#5770,#4222,#4223);
#3440=AXIS2_PLACEMENT_3D('',#5772,#4225,#4226);
#3441=AXIS2_PLACEMENT_3D('',#5774,#4228,#4229);
#3442=AXIS2_PLACEMENT_3D('',#5776,#4231,#4232);
#3443=AXIS2_PLACEMENT_3D('',#5778,#4233,#4234);
#3444=AXIS2_PLACEMENT_3D('',#5780,#4236,#4237);
#3445=AXIS2_PLACEMENT_3D('',#5782,#4239,#4240);
#3446=AXIS2_PLACEMENT_3D('',#5783,#4241,#4242);
#3447=AXIS2_PLACEMENT_3D('',#5784,#4243,#4244);
#3448=AXIS2_PLACEMENT_3D('',#5787,#4246,#4247);
#3449=AXIS2_PLACEMENT_3D('',#5788,#4248,#4249);
#3450=AXIS2_PLACEMENT_3D('',#5789,#4250,#4251);
#3451=AXIS2_PLACEMENT_3D('',#5792,#4253,#4254);
#3452=AXIS2_PLACEMENT_3D('',#5793,#4255,#4256);
#3453=AXIS2_PLACEMENT_3D('',#5796,#4258,#4259);
#3454=AXIS2_PLACEMENT_3D('',#5797,#4260,#4261);
#3455=AXIS2_PLACEMENT_3D('',#5798,#4262,#4263);
#3456=AXIS2_PLACEMENT_3D('',#5801,#4265,#4266);
#3457=AXIS2_PLACEMENT_3D('',#5802,#4267,#4268);
#3458=AXIS2_PLACEMENT_3D('',#5803,#4269,#4270);
#3459=AXIS2_PLACEMENT_3D('',#5806,#4272,#4273);
#3460=AXIS2_PLACEMENT_3D('',#5807,#4274,#4275);
#3461=AXIS2_PLACEMENT_3D('',#5810,#4277,#4278);
#3462=AXIS2_PLACEMENT_3D('',#5811,#4279,#4280);
#3463=DIRECTION('axis',(0.,0.,1.));
#3464=DIRECTION('refdir',(1.,0.,0.));
#3465=DIRECTION('center_axis',(0.,0.,1.));
#3466=DIRECTION('ref_axis',(-1.,0.,0.));
#3467=DIRECTION('',(-1.,0.,0.));
#3468=DIRECTION('',(0.,1.,0.));
#3469=DIRECTION('',(1.,0.,0.));
#3470=DIRECTION('',(0.,-1.,0.));
#3471=DIRECTION('center_axis',(0.,1.,0.));
#3472=DIRECTION('ref_axis',(0.,0.,-1.));
#3473=DIRECTION('',(0.,0.,1.));
#3474=DIRECTION('',(0.,0.,1.));
#3475=DIRECTION('',(-1.,0.,0.));
#3476=DIRECTION('center_axis',(1.,0.,0.));
#3477=DIRECTION('ref_axis',(0.,0.,1.));
#3478=DIRECTION('',(0.,0.,1.));
#3479=DIRECTION('',(0.,-1.,0.));
#3480=DIRECTION('',(0.,-0.766044443118978,-0.642787609686539));
#3481=DIRECTION('center_axis',(0.,-1.,0.));
#3482=DIRECTION('ref_axis',(0.,0.,1.));
#3483=DIRECTION('',(0.,0.,1.));
#3484=DIRECTION('',(1.,0.,0.));
#3485=DIRECTION('center_axis',(-1.,0.,0.));
#3486=DIRECTION('ref_axis',(0.,0.,-1.));
#3487=DIRECTION('',(0.,0.766044443118978,0.642787609686539));
#3488=DIRECTION('',(0.,1.,0.));
#3489=DIRECTION('center_axis',(0.,-0.642787609686539,0.766044443118978));
#3490=DIRECTION('ref_axis',(0.,0.766044443118978,0.642787609686539));
#3491=DIRECTION('',(-1.,0.,0.));
#3492=DIRECTION('center_axis',(0.,0.,1.));
#3493=DIRECTION('ref_axis',(0.,1.,0.));
#3494=DIRECTION('center_axis',(0.,-0.642787609686539,0.766044443118978));
#3495=DIRECTION('ref_axis',(0.,0.766044443118978,0.642787609686539));
#3496=DIRECTION('',(1.,0.,0.));
#3497=DIRECTION('',(0.,-0.766044443118978,-0.642787609686539));
#3498=DIRECTION('',(-1.,0.,0.));
#3499=DIRECTION('',(0.,0.766044443118978,0.642787609686539));
#3500=DIRECTION('center_axis',(0.,0.,1.));
#3501=DIRECTION('ref_axis',(0.,1.,0.));
#3502=DIRECTION('',(0.,-1.,0.));
#3503=DIRECTION('',(-1.,0.,0.));
#3504=DIRECTION('',(0.,1.,0.));
#3505=DIRECTION('center_axis',(-1.,0.,0.));
#3506=DIRECTION('ref_axis',(0.,0.,-1.));
#3507=DIRECTION('',(0.,0.,1.));
#3508=DIRECTION('',(0.,1.,0.));
#3509=DIRECTION('',(0.,0.,1.));
#3510=DIRECTION('center_axis',(0.,-1.,0.));
#3511=DIRECTION('ref_axis',(0.,0.,1.));
#3512=DIRECTION('',(-1.,0.,0.));
#3513=DIRECTION('',(0.,0.,1.));
#3514=DIRECTION('center_axis',(1.,0.,0.));
#3515=DIRECTION('ref_axis',(0.,0.,1.));
#3516=DIRECTION('',(0.,-1.,0.));
#3517=DIRECTION('',(0.,0.,1.));
#3518=DIRECTION('center_axis',(0.,1.,0.));
#3519=DIRECTION('ref_axis',(0.,0.,-1.));
#3520=DIRECTION('',(1.,0.,0.));
#3521=DIRECTION('center_axis',(0.,0.,1.));
#3522=DIRECTION('ref_axis',(-1.,0.,0.));
#3523=DIRECTION('center_axis',(0.,0.,1.));
#3524=DIRECTION('ref_axis',(-1.,0.,0.));
#3525=DIRECTION('',(-1.,0.,0.));
#3526=DIRECTION('',(0.,1.,0.));
#3527=DIRECTION('',(1.,0.,0.));
#3528=DIRECTION('',(0.,-1.,0.));
#3529=DIRECTION('center_axis',(-1.,0.,0.));
#3530=DIRECTION('ref_axis',(0.,0.,-1.));
#3531=DIRECTION('',(0.,0.,1.));
#3532=DIRECTION('',(0.,0.,1.));
#3533=DIRECTION('',(0.,0.766044443118978,0.642787609686539));
#3534=DIRECTION('',(0.,1.,0.));
#3535=DIRECTION('center_axis',(0.,1.,0.));
#3536=DIRECTION('ref_axis',(0.,0.,-1.));
#3537=DIRECTION('',(0.,0.,1.));
#3538=DIRECTION('',(-1.,0.,0.));
#3539=DIRECTION('center_axis',(1.,0.,0.));
#3540=DIRECTION('ref_axis',(0.,0.,1.));
#3541=DIRECTION('',(0.,0.,1.));
#3542=DIRECTION('',(0.,-1.,0.));
#3543=DIRECTION('',(0.,-0.766044443118978,-0.642787609686539));
#3544=DIRECTION('center_axis',(0.,-1.,0.));
#3545=DIRECTION('ref_axis',(0.,0.,1.));
#3546=DIRECTION('',(1.,0.,0.));
#3547=DIRECTION('center_axis',(0.,0.,1.));
#3548=DIRECTION('ref_axis',(0.,1.,0.));
#3549=DIRECTION('',(-1.,0.,0.));
#3550=DIRECTION('center_axis',(0.,-0.642787609686539,0.766044443118978));
#3551=DIRECTION('ref_axis',(0.,0.766044443118978,0.642787609686539));
#3552=DIRECTION('center_axis',(0.,-0.642787609686539,0.766044443118978));
#3553=DIRECTION('ref_axis',(0.,0.766044443118978,0.642787609686539));
#3554=DIRECTION('',(1.,0.,0.));
#3555=DIRECTION('',(0.,-0.766044443118978,-0.642787609686539));
#3556=DIRECTION('',(-1.,0.,0.));
#3557=DIRECTION('',(0.,0.766044443118978,0.642787609686539));
#3558=DIRECTION('center_axis',(0.,0.,1.));
#3559=DIRECTION('ref_axis',(0.,1.,0.));
#3560=DIRECTION('',(0.,-1.,0.));
#3561=DIRECTION('',(-1.,0.,0.));
#3562=DIRECTION('',(0.,1.,0.));
#3563=DIRECTION('center_axis',(-1.,0.,0.));
#3564=DIRECTION('ref_axis',(0.,0.,-1.));
#3565=DIRECTION('',(0.,0.,1.));
#3566=DIRECTION('',(0.,1.,0.));
#3567=DIRECTION('',(0.,0.,1.));
#3568=DIRECTION('center_axis',(0.,-1.,0.));
#3569=DIRECTION('ref_axis',(0.,0.,1.));
#3570=DIRECTION('',(-1.,0.,0.));
#3571=DIRECTION('',(0.,0.,1.));
#3572=DIRECTION('center_axis',(1.,0.,0.));
#3573=DIRECTION('ref_axis',(0.,0.,1.));
#3574=DIRECTION('',(0.,-1.,0.));
#3575=DIRECTION('',(0.,0.,1.));
#3576=DIRECTION('center_axis',(0.,1.,0.));
#3577=DIRECTION('ref_axis',(0.,0.,-1.));
#3578=DIRECTION('',(1.,0.,0.));
#3579=DIRECTION('center_axis',(0.,0.,1.));
#3580=DIRECTION('ref_axis',(-1.,0.,0.));
#3581=DIRECTION('center_axis',(0.,0.,1.));
#3582=DIRECTION('ref_axis',(-1.,0.,0.));
#3583=DIRECTION('',(-1.,0.,0.));
#3584=DIRECTION('',(0.,1.,0.));
#3585=DIRECTION('',(1.,0.,0.));
#3586=DIRECTION('',(0.,-1.,0.));
#3587=DIRECTION('center_axis',(-1.,0.,0.));
#3588=DIRECTION('ref_axis',(0.,0.,-1.));
#3589=DIRECTION('',(0.,0.,1.));
#3590=DIRECTION('',(0.,0.,1.));
#3591=DIRECTION('',(0.,0.766044443118978,0.642787609686539));
#3592=DIRECTION('',(0.,1.,0.));
#3593=DIRECTION('center_axis',(0.,1.,0.));
#3594=DIRECTION('ref_axis',(0.,0.,-1.));
#3595=DIRECTION('',(0.,0.,1.));
#3596=DIRECTION('',(-1.,0.,0.));
#3597=DIRECTION('center_axis',(1.,0.,0.));
#3598=DIRECTION('ref_axis',(0.,0.,1.));
#3599=DIRECTION('',(0.,0.,1.));
#3600=DIRECTION('',(0.,-1.,0.));
#3601=DIRECTION('',(0.,-0.766044443118978,-0.642787609686539));
#3602=DIRECTION('center_axis',(0.,-1.,0.));
#3603=DIRECTION('ref_axis',(0.,0.,1.));
#3604=DIRECTION('',(1.,0.,0.));
#3605=DIRECTION('center_axis',(0.,0.,1.));
#3606=DIRECTION('ref_axis',(0.,1.,0.));
#3607=DIRECTION('',(-1.,0.,0.));
#3608=DIRECTION('center_axis',(0.,-0.642787609686539,0.766044443118978));
#3609=DIRECTION('ref_axis',(0.,0.766044443118978,0.642787609686539));
#3610=DIRECTION('center_axis',(0.,-0.642787609686539,0.766044443118978));
#3611=DIRECTION('ref_axis',(0.,0.766044443118978,0.642787609686539));
#3612=DIRECTION('',(1.,0.,0.));
#3613=DIRECTION('',(0.,-0.766044443118978,-0.642787609686539));
#3614=DIRECTION('',(-1.,0.,0.));
#3615=DIRECTION('',(0.,0.766044443118978,0.642787609686539));
#3616=DIRECTION('center_axis',(0.,0.,1.));
#3617=DIRECTION('ref_axis',(0.,1.,0.));
#3618=DIRECTION('',(0.,1.,0.));
#3619=DIRECTION('',(0.,-1.,0.));
#3620=DIRECTION('',(-1.,0.,0.));
#3621=DIRECTION('center_axis',(0.,-1.,0.));
#3622=DIRECTION('ref_axis',(0.,0.,1.));
#3623=DIRECTION('',(0.,0.,1.));
#3624=DIRECTION('',(-1.,0.,0.));
#3625=DIRECTION('',(0.,0.,1.));
#3626=DIRECTION('center_axis',(1.,0.,0.));
#3627=DIRECTION('ref_axis',(0.,0.,1.));
#3628=DIRECTION('',(0.,-1.,0.));
#3629=DIRECTION('',(0.,0.,1.));
#3630=DIRECTION('center_axis',(0.,1.,0.));
#3631=DIRECTION('ref_axis',(0.,0.,-1.));
#3632=DIRECTION('',(1.,0.,0.));
#3633=DIRECTION('',(0.,0.,1.));
#3634=DIRECTION('center_axis',(-1.,0.,0.));
#3635=DIRECTION('ref_axis',(0.,0.,-1.));
#3636=DIRECTION('',(0.,1.,0.));
#3637=DIRECTION('center_axis',(0.,0.,1.));
#3638=DIRECTION('ref_axis',(-1.,0.,0.));
#3639=DIRECTION('center_axis',(0.,0.,1.));
#3640=DIRECTION('ref_axis',(-1.,0.,0.));
#3641=DIRECTION('',(-1.,0.,0.));
#3642=DIRECTION('',(0.,1.,0.));
#3643=DIRECTION('',(1.,0.,0.));
#3644=DIRECTION('',(0.,-1.,0.));
#3645=DIRECTION('center_axis',(-1.,0.,0.));
#3646=DIRECTION('ref_axis',(0.,0.,-1.));
#3647=DIRECTION('',(0.,0.,1.));
#3648=DIRECTION('',(0.,0.,1.));
#3649=DIRECTION('',(0.,0.766044443118978,0.642787609686539));
#3650=DIRECTION('',(0.,1.,0.));
#3651=DIRECTION('center_axis',(0.,1.,0.));
#3652=DIRECTION('ref_axis',(0.,0.,-1.));
#3653=DIRECTION('',(0.,0.,1.));
#3654=DIRECTION('',(-1.,0.,0.));
#3655=DIRECTION('center_axis',(1.,0.,0.));
#3656=DIRECTION('ref_axis',(0.,0.,1.));
#3657=DIRECTION('',(0.,0.,1.));
#3658=DIRECTION('',(0.,-1.,0.));
#3659=DIRECTION('',(0.,-0.766044443118978,-0.642787609686539));
#3660=DIRECTION('center_axis',(0.,-1.,0.));
#3661=DIRECTION('ref_axis',(0.,0.,1.));
#3662=DIRECTION('',(1.,0.,0.));
#3663=DIRECTION('center_axis',(0.,0.,1.));
#3664=DIRECTION('ref_axis',(0.,1.,0.));
#3665=DIRECTION('',(-1.,0.,0.));
#3666=DIRECTION('center_axis',(0.,-0.642787609686539,0.766044443118978));
#3667=DIRECTION('ref_axis',(0.,0.766044443118978,0.642787609686539));
#3668=DIRECTION('center_axis',(0.,-0.642787609686539,0.766044443118978));
#3669=DIRECTION('ref_axis',(0.,0.766044443118978,0.642787609686539));
#3670=DIRECTION('',(1.,0.,0.));
#3671=DIRECTION('',(0.,-0.766044443118978,-0.642787609686539));
#3672=DIRECTION('',(-1.,0.,0.));
#3673=DIRECTION('',(0.,0.766044443118978,0.642787609686539));
#3674=DIRECTION('center_axis',(0.,0.,1.));
#3675=DIRECTION('ref_axis',(0.,1.,0.));
#3676=DIRECTION('',(0.,-1.,0.));
#3677=DIRECTION('',(-1.,0.,0.));
#3678=DIRECTION('',(0.,1.,0.));
#3679=DIRECTION('center_axis',(0.,-1.,0.));
#3680=DIRECTION('ref_axis',(0.,0.,1.));
#3681=DIRECTION('',(0.,0.,1.));
#3682=DIRECTION('',(-1.,0.,0.));
#3683=DIRECTION('',(0.,0.,1.));
#3684=DIRECTION('center_axis',(1.,0.,0.));
#3685=DIRECTION('ref_axis',(0.,0.,1.));
#3686=DIRECTION('',(0.,-1.,0.));
#3687=DIRECTION('',(0.,0.,1.));
#3688=DIRECTION('center_axis',(0.,1.,0.));
#3689=DIRECTION('ref_axis',(0.,0.,-1.));
#3690=DIRECTION('',(1.,0.,0.));
#3691=DIRECTION('',(0.,0.,1.));
#3692=DIRECTION('center_axis',(-1.,0.,0.));
#3693=DIRECTION('ref_axis',(0.,0.,-1.));
#3694=DIRECTION('',(0.,1.,0.));
#3695=DIRECTION('center_axis',(0.,0.,1.));
#3696=DIRECTION('ref_axis',(-1.,0.,0.));
#3697=DIRECTION('center_axis',(0.,0.,1.));
#3698=DIRECTION('ref_axis',(-1.,0.,0.));
#3699=DIRECTION('center_axis',(0.,0.,1.));
#3700=DIRECTION('ref_axis',(1.,0.,0.));
#3701=DIRECTION('center_axis',(0.,0.,-1.));
#3702=DIRECTION('ref_axis',(1.,0.,0.));
#3703=DIRECTION('center_axis',(-1.,0.,0.));
#3704=DIRECTION('ref_axis',(0.,1.,0.));
#3705=DIRECTION('center_axis',(-1.,0.,0.));
#3706=DIRECTION('ref_axis',(0.,1.,0.));
#3707=DIRECTION('center_axis',(-1.,0.,0.));
#3708=DIRECTION('ref_axis',(0.,1.,0.));
#3709=DIRECTION('center_axis',(-1.,0.,0.));
#3710=DIRECTION('ref_axis',(0.,1.,0.));
#3711=DIRECTION('',(-1.,0.,0.));
#3712=DIRECTION('center_axis',(-1.,0.,0.));
#3713=DIRECTION('ref_axis',(0.,1.,0.));
#3714=DIRECTION('',(-1.,0.,0.));
#3715=DIRECTION('center_axis',(-1.,0.,0.));
#3716=DIRECTION('ref_axis',(0.,1.,0.));
#3717=DIRECTION('center_axis',(-1.,0.,0.));
#3718=DIRECTION('ref_axis',(0.,1.,0.));
#3719=DIRECTION('center_axis',(-1.,0.,0.));
#3720=DIRECTION('ref_axis',(0.,1.,0.));
#3721=DIRECTION('center_axis',(-1.,0.,0.));
#3722=DIRECTION('ref_axis',(0.,1.,0.));
#3723=DIRECTION('',(-1.,0.,0.));
#3724=DIRECTION('center_axis',(-1.,0.,0.));
#3725=DIRECTION('ref_axis',(0.,1.,0.));
#3726=DIRECTION('',(-1.,0.,0.));
#3727=DIRECTION('center_axis',(0.,0.,-1.));
#3728=DIRECTION('ref_axis',(1.,0.,0.));
#3729=DIRECTION('',(0.999999176650857,-0.00128323715999712,0.));
#3730=DIRECTION('center_axis',(0.,0.,1.));
#3731=DIRECTION('ref_axis',(-1.,0.,-4.07081775695891E-16));
#3732=DIRECTION('',(-1.,-5.48991207320615E-14,0.));
#3733=DIRECTION('',(-5.47326212798842E-14,1.,0.));
#3734=DIRECTION('',(-0.900817999007968,0.434196882373976,0.));
#3735=DIRECTION('',(0.,-1.,0.));
#3736=DIRECTION('',(-1.,1.15325974914319E-15,0.));
#3737=DIRECTION('',(0.,-1.,0.));
#3738=DIRECTION('',(1.,-1.15325974914319E-15,0.));
#3739=DIRECTION('',(0.,-1.,0.));
#3740=DIRECTION('',(-0.0012832371599909,-0.999999176650857,0.));
#3741=DIRECTION('',(0.90114219571459,0.433523636152272,0.));
#3742=DIRECTION('',(0.00128323715999689,0.999999176650857,0.));
#3743=DIRECTION('center_axis',(0.00128323715999712,0.999999176650857,4.33680868994202E-19));
#3744=DIRECTION('ref_axis',(-0.999999176650857,0.00128323715999712,-3.88578058618805E-16));
#3745=DIRECTION('',(-3.33066907387547E-16,0.,1.));
#3746=DIRECTION('',(0.999999176650857,-0.00128323715999712,0.));
#3747=DIRECTION('',(-3.33066907387547E-16,0.,1.));
#3748=DIRECTION('center_axis',(-0.999999176650857,0.00128323715999689,-3.88578058618805E-16));
#3749=DIRECTION('ref_axis',(-0.00128323715999689,-0.999999176650857,-4.33680868994202E-19));
#3750=DIRECTION('',(-3.33066907387547E-16,0.,1.));
#3751=DIRECTION('',(0.00128323715999689,0.999999176650857,0.));
#3752=DIRECTION('center_axis',(-0.433523636152272,0.90114219571459,-1.66533453693773E-16));
#3753=DIRECTION('ref_axis',(-0.90114219571459,-0.433523636152272,-2.77555756156289E-16));
#3754=DIRECTION('',(-3.33066907387547E-16,0.,1.));
#3755=DIRECTION('',(0.90114219571459,0.433523636152272,0.));
#3756=DIRECTION('center_axis',(0.999999176650857,-0.0012832371599909,3.88578058618805E-16));
#3757=DIRECTION('ref_axis',(0.0012832371599909,0.999999176650857,3.79470760369927E-19));
#3758=DIRECTION('',(-3.33066907387547E-16,0.,1.));
#3759=DIRECTION('',(-0.0012832371599909,-0.999999176650857,0.));
#3760=DIRECTION('center_axis',(1.,0.,3.33066907387547E-16));
#3761=DIRECTION('ref_axis',(0.,1.,0.));
#3762=DIRECTION('',(-3.33066907387547E-16,0.,1.));
#3763=DIRECTION('',(0.,-1.,0.));
#3764=DIRECTION('center_axis',(-1.15325974914319E-15,-1.,-3.16855511953681E-15));
#3765=DIRECTION('ref_axis',(0.939692620785909,0.,-0.342020143325668));
#3766=DIRECTION('',(0.,0.,1.));
#3767=DIRECTION('',(1.,-1.15325974914319E-15,3.33066907387547E-16));
#3768=DIRECTION('',(0.342020143325668,-3.37190592907583E-15,0.939692620785909));
#3769=DIRECTION('',(1.,-1.15325974914319E-15,0.));
#3770=DIRECTION('',(0.,0.,1.));
#3771=DIRECTION('',(1.,0.,0.));
#3772=DIRECTION('center_axis',(0.,0.,-1.));
#3773=DIRECTION('ref_axis',(1.,0.,0.));
#3774=DIRECTION('',(0.999999176650857,0.00128323715999712,0.));
#3775=DIRECTION('',(0.00128323715999689,-0.999999176650857,0.));
#3776=DIRECTION('',(0.90114219571459,-0.433523636152272,0.));
#3777=DIRECTION('',(-0.0012832371599909,0.999999176650857,0.));
#3778=DIRECTION('',(0.,1.,0.));
#3779=DIRECTION('',(1.,1.15325974914319E-15,0.));
#3780=DIRECTION('',(0.,1.,0.));
#3781=DIRECTION('',(-1.,-1.15325974914319E-15,0.));
#3782=DIRECTION('',(0.,1.,0.));
#3783=DIRECTION('',(-0.900817999007968,-0.434196882373976,0.));
#3784=DIRECTION('',(-5.47326212798842E-14,-1.,0.));
#3785=DIRECTION('',(-1.,5.48991207320615E-14,0.));
#3786=DIRECTION('center_axis',(0.,0.,1.));
#3787=DIRECTION('ref_axis',(1.,0.,-4.07081775695891E-16));
#3788=DIRECTION('center_axis',(-0.999999176650857,-0.00128323715999689,
3.88578058618805E-16));
#3789=DIRECTION('ref_axis',(0.00128323715999689,-0.999999176650857,-4.33680868994202E-19));
#3790=DIRECTION('',(3.33066907387547E-16,0.,1.));
#3791=DIRECTION('',(0.00128323715999689,-0.999999176650857,0.));
#3792=DIRECTION('',(3.33066907387547E-16,0.,1.));
#3793=DIRECTION('center_axis',(0.00128323715999712,-0.999999176650857,-4.33680868994202E-19));
#3794=DIRECTION('ref_axis',(0.999999176650857,0.00128323715999712,-3.88578058618805E-16));
#3795=DIRECTION('',(3.33066907387547E-16,0.,1.));
#3796=DIRECTION('',(0.999999176650857,0.00128323715999712,0.));
#3797=DIRECTION('center_axis',(3.33066907387547E-16,0.,1.));
#3798=DIRECTION('ref_axis',(-0.999999987222097,-0.000159861834970731,2.59052034823307E-16));
#3799=DIRECTION('',(3.33066907387547E-16,0.,1.));
#3800=DIRECTION('center_axis',(0.,0.,1.));
#3801=DIRECTION('ref_axis',(1.,0.,0.));
#3802=DIRECTION('center_axis',(5.48991207320615E-14,1.,-1.57772181044202E-29));
#3803=DIRECTION('ref_axis',(-1.,5.48991207320615E-14,3.33066907387547E-16));
#3804=DIRECTION('',(3.33066907387547E-16,0.,1.));
#3805=DIRECTION('',(-1.,5.48991207320615E-14,0.));
#3806=DIRECTION('center_axis',(-1.,5.47326212798842E-14,3.33066907387547E-16));
#3807=DIRECTION('ref_axis',(-5.47326212798842E-14,-1.,1.89326617253043E-29));
#3808=DIRECTION('',(3.33066907387547E-16,0.,1.));
#3809=DIRECTION('',(-5.47326212798842E-14,-1.,0.));
#3810=DIRECTION('center_axis',(-0.434196882373977,0.900817999007968,1.66533453693773E-16));
#3811=DIRECTION('ref_axis',(-0.900817999007968,-0.434196882373976,3.33066907387547E-16));
#3812=DIRECTION('',(3.33066907387547E-16,0.,1.));
#3813=DIRECTION('',(-0.900817999007968,-0.434196882373976,0.));
#3814=DIRECTION('center_axis',(2.29797156771669E-32,-8.92462901891151E-33,
-1.));
#3815=DIRECTION('ref_axis',(1.,0.,2.29797156771669E-32));
#3816=DIRECTION('',(-0.00128323715999689,0.999999176650857,-8.95411009590896E-33));
#3817=DIRECTION('',(0.999999176650857,0.00128323715999667,2.29682443412414E-32));
#3818=DIRECTION('',(0.433523636152272,0.90114219571459,1.9198901080707E-33));
#3819=DIRECTION('',(-0.999999176650857,-0.00128323715999068,-2.29682443412415E-32));
#3820=DIRECTION('',(-1.,2.22044604925031E-16,-2.29797156771669E-32));
#3821=DIRECTION('',(4.10332521113154E-16,1.,-8.9246290189115E-33));
#3822=DIRECTION('',(-1.,0.,-2.29797156771669E-32));
#3823=DIRECTION('',(-2.05166260556577E-16,-1.,8.92462901891151E-33));
#3824=DIRECTION('',(-1.,2.22044604925031E-16,-2.29797156771669E-32));
#3825=DIRECTION('',(0.434196882373976,-0.900817999007968,1.80171873595706E-32));
#3826=DIRECTION('',(1.,-5.49546658848093E-14,2.29797156771674E-32));
#3827=DIRECTION('',(-5.51211653369865E-14,-1.,8.92462901891024E-33));
#3828=DIRECTION('center_axis',(-2.29797156771669E-32,8.92462901891151E-33,
1.));
#3829=DIRECTION('ref_axis',(2.22044604925031E-16,1.,-4.07081775695891E-16));
#3830=DIRECTION('center_axis',(0.00128323715999667,-0.999999176650857,3.88578058618805E-16));
#3831=DIRECTION('ref_axis',(0.999999176650857,0.00128323715999667,-4.33680868994202E-19));
#3832=DIRECTION('',(7.39557098644698E-32,3.33066907387547E-16,1.));
#3833=DIRECTION('',(0.999999176650857,0.00128323715999667,0.));
#3834=DIRECTION('',(7.39557098644698E-32,3.33066907387547E-16,1.));
#3835=DIRECTION('center_axis',(0.999999176650857,0.00128323715999689,-4.33680868994202E-19));
#3836=DIRECTION('ref_axis',(-0.00128323715999689,0.999999176650857,-3.88578058618805E-16));
#3837=DIRECTION('',(7.39557098644698E-32,3.33066907387547E-16,1.));
#3838=DIRECTION('',(-0.00128323715999689,0.999999176650857,0.));
#3839=DIRECTION('center_axis',(7.39557098644698E-32,3.33066907387547E-16,
1.));
#3840=DIRECTION('ref_axis',(0.000159861834971397,-0.999999987222097,2.59052034823307E-16));
#3841=DIRECTION('',(7.39557098644698E-32,3.33066907387547E-16,1.));
#3842=DIRECTION('center_axis',(0.,0.,1.));
#3843=DIRECTION('ref_axis',(2.22044604925031E-16,1.,0.));
#3844=DIRECTION('center_axis',(-1.,5.51211653369865E-14,-1.57772181044202E-29));
#3845=DIRECTION('ref_axis',(-5.51211653369865E-14,-1.,3.33066907387547E-16));
#3846=DIRECTION('',(7.39557098644698E-32,3.33066907387547E-16,1.));
#3847=DIRECTION('',(-5.51211653369865E-14,-1.,0.));
#3848=DIRECTION('center_axis',(-5.49546658848093E-14,-1.,3.33066907387547E-16));
#3849=DIRECTION('ref_axis',(1.,-5.49546658848093E-14,1.89326617253043E-29));
#3850=DIRECTION('',(7.39557098644698E-32,3.33066907387547E-16,1.));
#3851=DIRECTION('',(1.,-5.49546658848093E-14,0.));
#3852=DIRECTION('center_axis',(-0.900817999007968,-0.434196882373976,1.66533453693773E-16));
#3853=DIRECTION('ref_axis',(0.434196882373976,-0.900817999007968,3.33066907387547E-16));
#3854=DIRECTION('',(7.39557098644698E-32,3.33066907387547E-16,1.));
#3855=DIRECTION('',(0.434196882373976,-0.900817999007968,0.));
#3856=DIRECTION('center_axis',(4.79758335443806E-32,-1.86500226821276E-32,
-1.));
#3857=DIRECTION('ref_axis',(1.,0.,4.79758335443806E-32));
#3858=DIRECTION('',(0.00128323715999689,0.999999176650857,-1.85884429542615E-32));
#3859=DIRECTION('center_axis',(-4.79758335443806E-32,1.86500226821276E-32,
1.));
#3860=DIRECTION('ref_axis',(2.22044604925031E-16,-1.,-4.07081775695891E-16));
#3861=DIRECTION('',(5.51211653369865E-14,-1.,1.86500226821303E-32));
#3862=DIRECTION('',(-1.,-5.49546658848093E-14,-4.79758335443796E-32));
#3863=DIRECTION('',(-0.434196882373976,-0.900817999007968,-4.03068124029546E-33));
#3864=DIRECTION('',(1.,2.22044604925031E-16,4.79758335443806E-32));
#3865=DIRECTION('',(0.,-1.,1.86500226821276E-32));
#3866=DIRECTION('',(1.,0.,4.79758335443806E-32));
#3867=DIRECTION('',(-4.10332521113154E-16,1.,-1.86500226821277E-32));
#3868=DIRECTION('',(1.,2.22044604925031E-16,4.79758335443806E-32));
#3869=DIRECTION('',(0.999999176650857,-0.00128323715999068,4.79997264456596E-32));
#3870=DIRECTION('',(-0.433523636152272,0.90114219571459,-3.76049801954955E-32));
#3871=DIRECTION('',(-0.999999176650857,0.00128323715999667,-4.79997264456597E-32));
#3872=DIRECTION('center_axis',(-0.90114219571459,-0.433523636152273,-1.66533453693773E-16));
#3873=DIRECTION('ref_axis',(0.433523636152272,-0.90114219571459,-2.77555756156289E-16));
#3874=DIRECTION('',(7.39557098644698E-32,-3.33066907387547E-16,1.));
#3875=DIRECTION('',(-0.433523636152272,0.90114219571459,0.));
#3876=DIRECTION('',(7.39557098644698E-32,-3.33066907387547E-16,1.));
#3877=DIRECTION('center_axis',(0.00128323715999068,0.999999176650857,3.88578058618805E-16));
#3878=DIRECTION('ref_axis',(-0.999999176650857,0.00128323715999068,3.79470760369927E-19));
#3879=DIRECTION('',(7.39557098644698E-32,-3.33066907387547E-16,1.));
#3880=DIRECTION('',(0.999999176650857,-0.00128323715999068,0.));
#3881=DIRECTION('center_axis',(-2.22044604925031E-16,1.,3.33066907387547E-16));
#3882=DIRECTION('ref_axis',(-1.,-2.22044604925031E-16,0.));
#3883=DIRECTION('',(7.39557098644698E-32,-3.33066907387547E-16,1.));
#3884=DIRECTION('',(1.,2.22044604925031E-16,0.));
#3885=DIRECTION('center_axis',(-1.,-4.10332521113154E-16,0.));
#3886=DIRECTION('ref_axis',(4.10332521113154E-16,-1.,0.));
#3887=DIRECTION('',(0.,0.,1.));
#3888=DIRECTION('',(0.,1.,0.));
#3889=DIRECTION('',(0.,0.,1.));
#3890=DIRECTION('',(0.,1.,0.));
#3891=DIRECTION('center_axis',(0.,1.,0.));
#3892=DIRECTION('ref_axis',(-1.,0.,0.));
#3893=DIRECTION('',(0.,0.,1.));
#3894=DIRECTION('',(1.,0.,0.));
#3895=DIRECTION('center_axis',(1.,0.,0.));
#3896=DIRECTION('ref_axis',(0.,1.,0.));
#3897=DIRECTION('',(-7.39557098644698E-32,3.33066907387547E-16,-1.));
#3898=DIRECTION('',(2.22044604925031E-16,-1.,0.));
#3899=DIRECTION('',(0.,0.,1.));
#3900=DIRECTION('',(0.,-1.,0.));
#3901=DIRECTION('center_axis',(2.22044604925031E-16,1.,-3.33066907387547E-16));
#3902=DIRECTION('ref_axis',(-1.,2.22044604925031E-16,0.));
#3903=DIRECTION('',(-7.39557098644698E-32,-3.33066907387547E-16,-1.));
#3904=DIRECTION('',(-1.,2.22044604925031E-16,0.));
#3905=DIRECTION('center_axis',(0.90114219571459,-0.433523636152273,1.66533453693773E-16));
#3906=DIRECTION('ref_axis',(0.433523636152272,0.90114219571459,-2.77555756156289E-16));
#3907=DIRECTION('',(0.433523636152272,0.90114219571459,0.));
#3908=DIRECTION('',(7.39557098644698E-32,3.33066907387547E-16,1.));
#3909=DIRECTION('center_axis',(-0.00128323715999068,0.999999176650857,-3.88578058618805E-16));
#3910=DIRECTION('ref_axis',(-0.999999176650857,-0.00128323715999068,3.79470760369927E-19));
#3911=DIRECTION('',(-0.999999176650857,-0.00128323715999068,0.));
#3912=DIRECTION('',(7.39557098644698E-32,3.33066907387547E-16,1.));
#3913=DIRECTION('center_axis',(2.22044604925031E-16,1.,-3.33066907387547E-16));
#3914=DIRECTION('ref_axis',(-1.,2.22044604925031E-16,0.));
#3915=DIRECTION('',(-1.,2.22044604925031E-16,0.));
#3916=DIRECTION('',(7.39557098644698E-32,3.33066907387547E-16,1.));
#3917=DIRECTION('center_axis',(1.,-2.05166260556577E-16,0.));
#3918=DIRECTION('ref_axis',(2.05166260556577E-16,1.,0.));
#3919=DIRECTION('',(0.,0.,1.));
#3920=DIRECTION('',(-2.05166260556577E-16,-1.,0.));
#3921=DIRECTION('',(0.,0.,1.));
#3922=DIRECTION('',(-2.22044604925031E-16,-1.,0.));
#3923=DIRECTION('center_axis',(0.,-1.,0.));
#3924=DIRECTION('ref_axis',(1.,0.,0.));
#3925=DIRECTION('',(0.,0.,1.));
#3926=DIRECTION('',(-1.,0.,0.));
#3927=DIRECTION('center_axis',(0.,0.,1.));
#3928=DIRECTION('ref_axis',(1.,0.,0.));
#3929=DIRECTION('center_axis',(-0.939692620785909,8.17785197146731E-16,
-0.342020143325668));
#3930=DIRECTION('ref_axis',(0.342020143325668,0.,-0.939692620785908));
#3931=DIRECTION('center_axis',(3.33066907387547E-16,0.,1.));
#3932=DIRECTION('ref_axis',(1.,0.,-4.07081775695891E-16));
#3933=DIRECTION('',(0.,0.,1.));
#3934=DIRECTION('center_axis',(0.,0.,1.));
#3935=DIRECTION('ref_axis',(1.,0.,0.));
#3936=DIRECTION('center_axis',(-0.939692620785909,8.17785197146731E-16,
-0.342020143325668));
#3937=DIRECTION('ref_axis',(0.342020143325668,0.,-0.939692620785908));
#3938=DIRECTION('',(0.,0.,-1.));
#3939=DIRECTION('center_axis',(3.33066907387547E-16,0.,1.));
#3940=DIRECTION('ref_axis',(1.,0.,-4.07081775695891E-16));
#3941=DIRECTION('center_axis',(3.33066907387547E-16,0.,1.));
#3942=DIRECTION('ref_axis',(1.,0.,-3.33066907387547E-16));
#3943=DIRECTION('',(8.70268829463383E-16,1.,-2.89857747625149E-31));
#3944=DIRECTION('',(-1.,-1.15325974914319E-15,3.33066907387547E-16));
#3945=DIRECTION('',(0.,1.,0.));
#3946=DIRECTION('',(1.,1.15325974914319E-15,-3.33066907387547E-16));
#3947=DIRECTION('center_axis',(1.,0.,-3.33066907387547E-16));
#3948=DIRECTION('ref_axis',(0.,1.,0.));
#3949=DIRECTION('',(-3.33066907387547E-16,0.,-1.));
#3950=DIRECTION('',(0.,1.,0.));
#3951=DIRECTION('center_axis',(-0.433523636152272,-0.90114219571459,1.66533453693773E-16));
#3952=DIRECTION('ref_axis',(0.90114219571459,-0.433523636152272,-2.77555756156289E-16));
#3953=DIRECTION('',(0.90114219571459,-0.433523636152272,0.));
#3954=DIRECTION('',(3.33066907387547E-16,0.,1.));
#3955=DIRECTION('center_axis',(0.999999176650857,0.0012832371599909,-3.88578058618805E-16));
#3956=DIRECTION('ref_axis',(-0.0012832371599909,0.999999176650857,3.79470760369927E-19));
#3957=DIRECTION('',(-0.0012832371599909,0.999999176650857,0.));
#3958=DIRECTION('',(3.33066907387547E-16,0.,1.));
#3959=DIRECTION('center_axis',(1.,0.,-3.33066907387547E-16));
#3960=DIRECTION('ref_axis',(0.,1.,0.));
#3961=DIRECTION('',(0.,1.,0.));
#3962=DIRECTION('',(3.33066907387547E-16,0.,1.));
#3963=DIRECTION('center_axis',(-0.939692620785909,8.17785197146731E-16,
-0.342020143325668));
#3964=DIRECTION('ref_axis',(3.85291702496424E-16,-1.,-3.44962421031801E-15));
#3965=DIRECTION('',(-0.342020143325668,-3.37190592907583E-15,0.939692620785909));
#3966=DIRECTION('',(8.70268829463383E-16,1.,0.));
#3967=DIRECTION('',(-0.342020143325668,-3.37190592907583E-15,0.939692620785909));
#3968=DIRECTION('center_axis',(-1.15325974914319E-15,1.,3.16855511953681E-15));
#3969=DIRECTION('ref_axis',(-0.939692620785909,0.,-0.342020143325668));
#3970=DIRECTION('',(1.,0.,0.));
#3971=DIRECTION('',(0.,0.,1.));
#3972=DIRECTION('',(1.,1.15325974914319E-15,0.));
#3973=DIRECTION('',(0.,0.,1.));
#3974=DIRECTION('center_axis',(-2.22044604925031E-16,1.,3.33066907387547E-16));
#3975=DIRECTION('ref_axis',(-1.,-2.22044604925031E-16,0.));
#3976=DIRECTION('',(7.39557098644698E-32,-3.33066907387547E-16,1.));
#3977=DIRECTION('',(1.,2.22044604925031E-16,0.));
#3978=DIRECTION('center_axis',(0.900817999007968,-0.434196882373976,-1.66533453693773E-16));
#3979=DIRECTION('ref_axis',(0.434196882373976,0.900817999007968,3.33066907387547E-16));
#3980=DIRECTION('',(0.,0.,1.));
#3981=DIRECTION('',(-0.434196882373976,-0.900817999007968,0.));
#3982=DIRECTION('center_axis',(5.49546658848093E-14,-1.,-3.33066907387547E-16));
#3983=DIRECTION('ref_axis',(1.,5.49546658848093E-14,1.89326617253043E-29));
#3984=DIRECTION('',(7.39557098644698E-32,-3.33066907387547E-16,1.));
#3985=DIRECTION('',(-1.,-5.49546658848093E-14,0.));
#3986=DIRECTION('center_axis',(1.,5.51211653369865E-14,1.57772181044202E-29));
#3987=DIRECTION('ref_axis',(-5.51211653369865E-14,1.,3.33066907387547E-16));
#3988=DIRECTION('',(7.39557098644698E-32,-3.33066907387547E-16,1.));
#3989=DIRECTION('',(5.51211653369865E-14,-1.,0.));
#3990=DIRECTION('center_axis',(-7.39557098644698E-32,3.33066907387547E-16,
-1.));
#3991=DIRECTION('ref_axis',(0.000159861834969621,0.999999987222097,2.59052034823307E-16));
#3992=DIRECTION('',(7.39557098644698E-32,-3.33066907387547E-16,1.));
#3993=DIRECTION('center_axis',(0.,0.,1.));
#3994=DIRECTION('ref_axis',(2.22044604925031E-16,-1.,0.));
#3995=DIRECTION('center_axis',(-0.999999176650857,0.00128323715999689,4.33680868994202E-19));
#3996=DIRECTION('ref_axis',(-0.00128323715999689,-0.999999176650857,-3.88578058618805E-16));
#3997=DIRECTION('',(7.39557098644698E-32,-3.33066907387547E-16,1.));
#3998=DIRECTION('',(0.00128323715999689,0.999999176650857,0.));
#3999=DIRECTION('center_axis',(-0.00128323715999667,-0.999999176650857,
-3.88578058618805E-16));
#4000=DIRECTION('ref_axis',(0.999999176650857,-0.00128323715999667,-4.33680868994202E-19));
#4001=DIRECTION('',(-0.999999176650857,0.00128323715999667,0.));
#4002=DIRECTION('center_axis',(3.33066907387547E-16,0.,-1.));
#4003=DIRECTION('ref_axis',(-1.,0.,-3.33066907387547E-16));
#4004=DIRECTION('',(-1.,1.15325974914319E-15,-3.33066907387547E-16));
#4005=DIRECTION('',(8.70268829463383E-16,-1.,2.89857747625149E-31));
#4006=DIRECTION('',(0.,-1.,0.));
#4007=DIRECTION('center_axis',(1.,0.,3.33066907387547E-16));
#4008=DIRECTION('ref_axis',(0.,1.,0.));
#4009=DIRECTION('',(-3.33066907387547E-16,0.,1.));
#4010=DIRECTION('',(0.,-1.,0.));
#4011=DIRECTION('',(3.33066907387547E-16,0.,-1.));
#4012=DIRECTION('center_axis',(-0.434196882373977,-0.900817999007968,-1.66533453693773E-16));
#4013=DIRECTION('ref_axis',(0.900817999007968,-0.434196882373976,3.33066907387547E-16));
#4014=DIRECTION('',(0.,0.,1.));
#4015=DIRECTION('',(-0.900817999007968,0.434196882373976,0.));
#4016=DIRECTION('center_axis',(-1.,-5.47326212798842E-14,-3.33066907387547E-16));
#4017=DIRECTION('ref_axis',(5.47326212798842E-14,-1.,1.89326617253043E-29));
#4018=DIRECTION('',(-3.33066907387547E-16,0.,1.));
#4019=DIRECTION('',(-5.47326212798842E-14,1.,0.));
#4020=DIRECTION('center_axis',(5.48991207320615E-14,-1.,1.57772181044202E-29));
#4021=DIRECTION('ref_axis',(1.,5.48991207320615E-14,3.33066907387547E-16));
#4022=DIRECTION('',(-3.33066907387547E-16,0.,1.));
#4023=DIRECTION('',(-1.,-5.48991207320615E-14,0.));
#4024=DIRECTION('center_axis',(3.33066907387547E-16,0.,-1.));
#4025=DIRECTION('ref_axis',(0.999999987222097,-0.000159861834970731,2.59052034823307E-16));
#4026=DIRECTION('center_axis',(0.,0.,1.));
#4027=DIRECTION('ref_axis',(-1.,0.,0.));
#4028=DIRECTION('center_axis',(0.,0.,-1.));
#4029=DIRECTION('ref_axis',(1.,0.,0.));
#4030=DIRECTION('center_axis',(0.,0.,-1.));
#4031=DIRECTION('ref_axis',(1.,0.,0.));
#4032=DIRECTION('',(-1.,0.,0.));
#4033=DIRECTION('',(0.,1.,0.));
#4034=DIRECTION('',(-1.,0.,0.));
#4035=DIRECTION('',(0.,1.,0.));
#4036=DIRECTION('',(1.,0.,0.));
#4037=DIRECTION('',(-1.,0.,0.));
#4038=DIRECTION('',(0.,-1.,0.));
#4039=DIRECTION('center_axis',(1.,0.,0.));
#4040=DIRECTION('ref_axis',(0.,1.,0.));
#4041=DIRECTION('',(0.,3.16855511953681E-15,-1.));
#4042=DIRECTION('center_axis',(1.15325974914319E-15,1.,3.16855511953681E-15));
#4043=DIRECTION('ref_axis',(-0.939692620785909,0.,0.342020143325668));
#4044=DIRECTION('',(0.,0.,1.));
#4045=DIRECTION('',(-1.,0.,0.));
#4046=DIRECTION('',(0.342020143325668,-3.37190592907583E-15,0.939692620785909));
#4047=DIRECTION('center_axis',(-1.,0.,0.));
#4048=DIRECTION('ref_axis',(0.,-1.,0.));
#4049=DIRECTION('',(0.,-3.16855511953681E-15,1.));
#4050=DIRECTION('center_axis',(1.15325974914319E-15,-1.,-3.16855511953681E-15));
#4051=DIRECTION('ref_axis',(0.939692620785909,0.,0.342020143325668));
#4052=DIRECTION('',(-1.,0.,0.));
#4053=DIRECTION('',(0.,0.,1.));
#4054=DIRECTION('center_axis',(0.,0.,-1.));
#4055=DIRECTION('ref_axis',(1.,0.,0.));
#4056=DIRECTION('center_axis',(0.,0.,1.));
#4057=DIRECTION('ref_axis',(1.,0.,0.));
#4058=DIRECTION('',(0.,-1.,0.));
#4059=DIRECTION('',(8.70268829463383E-16,-1.,0.));
#4060=DIRECTION('',(0.,1.,0.));
#4061=DIRECTION('',(0.,1.,0.));
#4062=DIRECTION('',(1.,0.,0.));
#4063=DIRECTION('',(-1.,0.,0.));
#4064=DIRECTION('center_axis',(-1.,4.10332521113154E-16,0.));
#4065=DIRECTION('ref_axis',(-4.10332521113154E-16,-1.,0.));
#4066=DIRECTION('',(0.,0.,1.));
#4067=DIRECTION('center_axis',(0.,1.,0.));
#4068=DIRECTION('ref_axis',(-1.,0.,0.));
#4069=DIRECTION('center_axis',(0.,-1.,0.));
#4070=DIRECTION('ref_axis',(1.,0.,0.));
#4071=DIRECTION('center_axis',(-1.,0.,0.));
#4072=DIRECTION('ref_axis',(0.,-1.,0.));
#4073=DIRECTION('center_axis',(-0.939692620785909,-8.17785197146731E-16,
0.342020143325668));
#4074=DIRECTION('ref_axis',(-3.85291702496424E-16,-1.,-3.44962421031801E-15));
#4075=DIRECTION('center_axis',(1.,0.,0.));
#4076=DIRECTION('ref_axis',(0.,1.,0.));
#4077=DIRECTION('center_axis',(0.,0.,-1.));
#4078=DIRECTION('ref_axis',(1.,0.,0.));
#4079=DIRECTION('',(0.,0.,1.));
#4080=DIRECTION('center_axis',(0.,0.,-1.));
#4081=DIRECTION('ref_axis',(1.,0.,0.));
#4082=DIRECTION('',(0.,0.,1.));
#4083=DIRECTION('center_axis',(1.,0.,0.));
#4084=DIRECTION('ref_axis',(0.,1.,0.));
#4085=DIRECTION('',(0.,-1.,0.));
#4086=DIRECTION('',(0.,0.,1.));
#4087=DIRECTION('',(0.,1.,0.));
#4088=DIRECTION('',(0.,0.,1.));
#4089=DIRECTION('center_axis',(0.,-1.,0.));
#4090=DIRECTION('ref_axis',(1.,0.,0.));
#4091=DIRECTION('',(-1.,0.,0.));
#4092=DIRECTION('',(1.,0.,0.));
#4093=DIRECTION('',(0.,0.,1.));
#4094=DIRECTION('center_axis',(0.,0.,1.));
#4095=DIRECTION('ref_axis',(1.,0.,0.));
#4096=DIRECTION('',(-1.,0.,0.));
#4097=DIRECTION('',(0.,-1.,0.));
#4098=DIRECTION('center_axis',(0.,0.,1.));
#4099=DIRECTION('ref_axis',(1.,0.,0.));
#4100=DIRECTION('',(0.,1.,0.));
#4101=DIRECTION('',(-1.,0.,0.));
#4102=DIRECTION('',(-1.,0.,0.));
#4103=DIRECTION('',(0.,1.,0.));
#4104=DIRECTION('',(-1.,0.,0.));
#4105=DIRECTION('',(1.,0.,0.));
#4106=DIRECTION('',(0.,-1.,0.));
#4107=DIRECTION('',(1.,0.,0.));
#4108=DIRECTION('',(1.,0.,0.));
#4109=DIRECTION('center_axis',(0.,0.,-1.));
#4110=DIRECTION('ref_axis',(-1.,3.15544362088405E-30,0.));
#4111=DIRECTION('center_axis',(0.,0.,-1.));
#4112=DIRECTION('ref_axis',(-1.,3.15544362088405E-30,0.));
#4113=DIRECTION('center_axis',(0.,0.,-1.));
#4114=DIRECTION('ref_axis',(-1.,3.15544362088405E-30,0.));
#4115=DIRECTION('center_axis',(0.,0.,-1.));
#4116=DIRECTION('ref_axis',(-1.,3.15544362088405E-30,0.));
#4117=DIRECTION('center_axis',(-1.,0.,0.));
#4118=DIRECTION('ref_axis',(0.,1.,0.));
#4119=DIRECTION('center_axis',(-1.,0.,0.));
#4120=DIRECTION('ref_axis',(0.,1.,0.));
#4121=DIRECTION('',(-1.,0.,0.));
#4122=DIRECTION('center_axis',(-1.,0.,0.));
#4123=DIRECTION('ref_axis',(0.,1.,0.));
#4124=DIRECTION('center_axis',(-1.,0.,0.));
#4125=DIRECTION('ref_axis',(0.,1.,0.));
#4126=DIRECTION('center_axis',(-1.,0.,0.));
#4127=DIRECTION('ref_axis',(0.,1.,0.));
#4128=DIRECTION('',(-1.,0.,0.));
#4129=DIRECTION('center_axis',(-1.,0.,0.));
#4130=DIRECTION('ref_axis',(0.,1.,0.));
#4131=DIRECTION('center_axis',(-1.,0.,0.));
#4132=DIRECTION('ref_axis',(0.,1.,0.));
#4133=DIRECTION('',(0.,0.,-1.));
#4134=DIRECTION('',(0.,0.,1.));
#4135=DIRECTION('center_axis',(0.,-1.,0.));
#4136=DIRECTION('ref_axis',(0.,0.,-1.));
#4137=DIRECTION('',(1.,0.,0.));
#4138=DIRECTION('',(0.,0.,-1.));
#4139=DIRECTION('',(0.,0.,1.));
#4140=DIRECTION('center_axis',(0.,0.,-1.));
#4141=DIRECTION('ref_axis',(-1.,0.,0.));
#4142=DIRECTION('',(1.,0.,0.));
#4143=DIRECTION('',(0.,-1.,0.));
#4144=DIRECTION('',(1.,0.,0.));
#4145=DIRECTION('',(1.,0.,0.));
#4146=DIRECTION('',(0.,1.,0.));
#4147=DIRECTION('',(-1.,0.,0.));
#4148=DIRECTION('',(0.,1.,0.));
#4149=DIRECTION('',(0.,-1.,0.));
#4150=DIRECTION('center_axis',(0.,0.,1.));
#4151=DIRECTION('ref_axis',(-1.,4.39529430223595E-30,0.));
#4152=DIRECTION('center_axis',(0.,0.,1.));
#4153=DIRECTION('ref_axis',(-1.,2.44748959798654E-30,9.86864910777917E-16));
#4154=DIRECTION('center_axis',(0.,0.,1.));
#4155=DIRECTION('ref_axis',(-1.,2.44748959798654E-30,9.86864910777917E-16));
#4156=DIRECTION('center_axis',(0.,0.,1.));
#4157=DIRECTION('ref_axis',(-1.,4.39529430223595E-30,0.));
#4158=DIRECTION('center_axis',(0.,-1.,0.));
#4159=DIRECTION('ref_axis',(0.,0.,-1.));
#4160=DIRECTION('',(0.,0.,-1.));
#4161=DIRECTION('center_axis',(6.28176494984792E-16,-1.52616707239281E-15,
1.));
#4162=DIRECTION('ref_axis',(-1.,3.15544362088405E-30,6.28176494984792E-16));
#4163=DIRECTION('center_axis',(6.28176494984792E-16,-1.52616707239281E-15,
1.));
#4164=DIRECTION('ref_axis',(-1.,2.44748959798654E-30,9.86864910777917E-16));
#4165=DIRECTION('center_axis',(6.28176494984791E-16,-1.52616707239281E-15,
1.));
#4166=DIRECTION('ref_axis',(-1.,3.15544362088405E-30,6.28176494984791E-16));
#4167=DIRECTION('center_axis',(6.28176494984792E-16,-1.52616707239281E-15,
1.));
#4168=DIRECTION('ref_axis',(-1.,3.15544362088405E-30,6.28176494984792E-16));
#4169=DIRECTION('center_axis',(6.28176494984792E-16,-1.52616707239281E-15,
1.));
#4170=DIRECTION('ref_axis',(-1.,2.44748959798654E-30,9.86864910777917E-16));
#4171=DIRECTION('center_axis',(6.28176494984791E-16,-1.52616707239281E-15,
1.));
#4172=DIRECTION('ref_axis',(-1.,3.15544362088405E-30,6.28176494984791E-16));
#4173=DIRECTION('center_axis',(0.,1.,0.));
#4174=DIRECTION('ref_axis',(0.,0.,1.));
#4175=DIRECTION('',(0.,0.,-1.));
#4176=DIRECTION('',(0.,0.,-1.));
#4177=DIRECTION('center_axis',(0.,1.,0.));
#4178=DIRECTION('ref_axis',(0.,0.,1.));
#4179=DIRECTION('',(0.,0.,1.));
#4180=DIRECTION('',(1.,0.,0.));
#4181=DIRECTION('',(0.,0.,-1.));
#4182=DIRECTION('center_axis',(-1.,0.,0.));
#4183=DIRECTION('ref_axis',(0.,-0.802414372488175,-0.596767270235566));
#4184=DIRECTION('',(1.,0.,0.));
#4185=DIRECTION('center_axis',(-1.,0.,0.));
#4186=DIRECTION('ref_axis',(0.,1.,0.));
#4187=DIRECTION('',(-1.,0.,0.));
#4188=DIRECTION('',(0.,0.,1.));
#4189=DIRECTION('',(0.,0.,1.));
#4190=DIRECTION('',(0.,0.,1.));
#4191=DIRECTION('center_axis',(-1.,0.,0.));
#4192=DIRECTION('ref_axis',(0.,1.,0.));
#4193=DIRECTION('center_axis',(-1.,0.,0.));
#4194=DIRECTION('ref_axis',(0.,1.,0.));
#4195=DIRECTION('',(-1.,0.,0.));
#4196=DIRECTION('center_axis',(-1.,0.,0.));
#4197=DIRECTION('ref_axis',(0.,1.,0.));
#4198=DIRECTION('center_axis',(-1.,0.,0.));
#4199=DIRECTION('ref_axis',(0.,1.,0.));
#4200=DIRECTION('center_axis',(-1.,0.,0.));
#4201=DIRECTION('ref_axis',(0.,1.,0.));
#4202=DIRECTION('center_axis',(-1.,0.,0.));
#4203=DIRECTION('ref_axis',(0.,1.,0.));
#4204=DIRECTION('center_axis',(-1.,0.,0.));
#4205=DIRECTION('ref_axis',(0.,1.,0.));
#4206=DIRECTION('center_axis',(0.,-1.,0.));
#4207=DIRECTION('ref_axis',(0.,0.,-1.));
#4208=DIRECTION('',(0.,0.,1.));
#4209=DIRECTION('',(-1.,0.,0.));
#4210=DIRECTION('',(0.,0.,-1.));
#4211=DIRECTION('center_axis',(0.,0.,1.));
#4212=DIRECTION('ref_axis',(1.,0.,0.));
#4213=DIRECTION('',(0.,-1.,0.));
#4214=DIRECTION('',(0.,1.,0.));
#4215=DIRECTION('center_axis',(-1.,0.,0.));
#4216=DIRECTION('ref_axis',(0.,0.,1.));
#4217=DIRECTION('',(0.,0.,1.));
#4218=DIRECTION('center_axis',(1.,0.,0.));
#4219=DIRECTION('ref_axis',(0.,0.,-1.));
#4220=DIRECTION('center_axis',(0.,1.97372982155583E-15,-1.));
#4221=DIRECTION('ref_axis',(-1.,4.39529430223595E-30,0.));
#4222=DIRECTION('center_axis',(-6.28176494984791E-16,1.52616707239281E-15,
-1.));
#4223=DIRECTION('ref_axis',(-1.,3.15544362088405E-30,6.28176494984791E-16));
#4224=DIRECTION('',(0.,1.97372982155583E-15,-1.));
#4225=DIRECTION('center_axis',(-9.86864910777917E-16,1.97372982155583E-15,
-1.));
#4226=DIRECTION('ref_axis',(-1.,2.44748959798654E-30,9.86864910777917E-16));
#4227=DIRECTION('',(-9.86864910777917E-16,1.97372982155583E-15,-1.));
#4228=DIRECTION('center_axis',(-9.86864910777917E-16,1.97372982155583E-15,
-1.));
#4229=DIRECTION('ref_axis',(-1.,2.44748959798654E-30,9.86864910777917E-16));
#4230=DIRECTION('',(-9.86864910777917E-16,1.97372982155583E-15,-1.));
#4231=DIRECTION('center_axis',(0.,1.97372982155583E-15,-1.));
#4232=DIRECTION('ref_axis',(-1.,4.39529430223595E-30,0.));
#4233=DIRECTION('center_axis',(-6.28176494984791E-16,1.52616707239281E-15,
-1.));
#4234=DIRECTION('ref_axis',(-1.,3.15544362088405E-30,6.28176494984791E-16));
#4235=DIRECTION('',(0.,1.97372982155583E-15,-1.));
#4236=DIRECTION('center_axis',(-1.,0.,0.));
#4237=DIRECTION('ref_axis',(0.,1.,0.));
#4238=DIRECTION('',(0.,0.,-1.));
#4239=DIRECTION('center_axis',(0.,-1.,0.));
#4240=DIRECTION('ref_axis',(-1.,0.,0.));
#4241=DIRECTION('center_axis',(1.,0.,0.));
#4242=DIRECTION('ref_axis',(0.,-1.,0.));
#4243=DIRECTION('center_axis',(0.,0.,-1.));
#4244=DIRECTION('ref_axis',(-1.,3.15544362088405E-30,0.));
#4245=DIRECTION('',(0.,0.,1.));
#4246=DIRECTION('center_axis',(6.28176494984792E-16,-1.52616707239281E-15,
1.));
#4247=DIRECTION('ref_axis',(-1.,3.15544362088405E-30,6.28176494984792E-16));
#4248=DIRECTION('center_axis',(6.28176494984792E-16,-1.52616707239281E-15,
1.));
#4249=DIRECTION('ref_axis',(-1.,3.15544362088405E-30,6.28176494984792E-16));
#4250=DIRECTION('center_axis',(0.,0.,-1.));
#4251=DIRECTION('ref_axis',(-1.,3.15544362088405E-30,0.));
#4252=DIRECTION('',(0.,0.,1.));
#4253=DIRECTION('center_axis',(-6.28176494984791E-16,1.52616707239281E-15,
-1.));
#4254=DIRECTION('ref_axis',(-1.,3.15544362088405E-30,6.28176494984791E-16));
#4255=DIRECTION('center_axis',(0.,0.,-1.));
#4256=DIRECTION('ref_axis',(-1.,3.15544362088405E-30,0.));
#4257=DIRECTION('',(0.,0.,1.));
#4258=DIRECTION('center_axis',(6.28176494984792E-16,-1.52616707239281E-15,
1.));
#4259=DIRECTION('ref_axis',(-1.,3.15544362088405E-30,6.28176494984792E-16));
#4260=DIRECTION('center_axis',(6.28176494984792E-16,-1.52616707239281E-15,
1.));
#4261=DIRECTION('ref_axis',(-1.,3.15544362088405E-30,6.28176494984792E-16));
#4262=DIRECTION('center_axis',(0.,0.,-1.));
#4263=DIRECTION('ref_axis',(-1.,3.15544362088405E-30,0.));
#4264=DIRECTION('',(0.,0.,1.));
#4265=DIRECTION('center_axis',(6.28176494984792E-16,-1.52616707239281E-15,
1.));
#4266=DIRECTION('ref_axis',(-1.,3.15544362088405E-30,6.28176494984792E-16));
#4267=DIRECTION('center_axis',(6.28176494984792E-16,-1.52616707239281E-15,
1.));
#4268=DIRECTION('ref_axis',(-1.,3.15544362088405E-30,6.28176494984792E-16));
#4269=DIRECTION('center_axis',(0.,0.,-1.));
#4270=DIRECTION('ref_axis',(-1.,3.15544362088405E-30,0.));
#4271=DIRECTION('',(0.,0.,1.));
#4272=DIRECTION('center_axis',(-6.28176494984791E-16,1.52616707239281E-15,
-1.));
#4273=DIRECTION('ref_axis',(-1.,3.15544362088405E-30,6.28176494984791E-16));
#4274=DIRECTION('center_axis',(0.,0.,-1.));
#4275=DIRECTION('ref_axis',(-1.,3.15544362088405E-30,0.));
#4276=DIRECTION('',(0.,0.,1.));
#4277=DIRECTION('center_axis',(6.28176494984792E-16,-1.52616707239281E-15,
1.));
#4278=DIRECTION('ref_axis',(-1.,3.15544362088405E-30,6.28176494984792E-16));
#4279=DIRECTION('center_axis',(6.28176494984792E-16,-1.52616707239281E-15,
1.));
#4280=DIRECTION('ref_axis',(-1.,3.15544362088405E-30,6.28176494984792E-16));
#4281=CARTESIAN_POINT('',(0.,0.,0.));
#4282=CARTESIAN_POINT('Origin',(-80.9928169266547,262.636407193635,-102.523048796832));
#4283=CARTESIAN_POINT('',(-81.4928169266547,261.136407193635,-102.523048796832));
#4284=CARTESIAN_POINT('',(-85.4928169266547,261.136407193635,-102.523048796832));
#4285=CARTESIAN_POINT('',(-81.2428169266547,261.136407193635,-102.523048796832));
#4286=CARTESIAN_POINT('',(-85.4928169266547,262.136407193635,-102.523048796832));
#4287=CARTESIAN_POINT('',(-85.4928169266547,261.886407193635,-102.523048796832));
#4288=CARTESIAN_POINT('',(-81.4928169266547,262.136407193635,-102.523048796832));
#4289=CARTESIAN_POINT('',(-83.2428169266547,262.136407193635,-102.523048796832));
#4290=CARTESIAN_POINT('',(-81.4928169266547,262.386407193635,-102.523048796832));
#4291=CARTESIAN_POINT('Origin',(-69.4471770337911,262.136407193635,-103.023048796832));
#4292=CARTESIAN_POINT('',(-81.4928169266547,262.136407193635,-113.023048796832));
#4293=CARTESIAN_POINT('',(-81.4928169266547,262.136407193635,-120.023048796832));
#4294=CARTESIAN_POINT('',(-85.4928169266547,262.136407193635,-113.023048796832));
#4295=CARTESIAN_POINT('',(-85.4928169266547,262.136407193635,-120.023048796832));
#4296=CARTESIAN_POINT('',(-69.4471770337911,262.136407193635,-113.023048796832));
#4297=CARTESIAN_POINT('Origin',(-81.4928169266547,274.45856918034,-114.023048796832));
#4298=CARTESIAN_POINT('',(-81.4928169266547,261.136407193635,-113.183949165654));
#4299=CARTESIAN_POINT('',(-81.4928169266547,261.136407193635,-120.023048796832));
#4300=CARTESIAN_POINT('',(-81.4928169266547,261.32816078623,-113.023048796832));
#4301=CARTESIAN_POINT('',(-81.4928169266547,267.893364983285,-113.023048796832));
#4302=CARTESIAN_POINT('',(-81.4928169266547,262.126682640091,-112.353009403769));
#4303=CARTESIAN_POINT('Origin',(-69.4471770337911,261.136407193635,-114.023048796832));
#4304=CARTESIAN_POINT('',(-85.4928169266547,261.136407193635,-113.183949165654));
#4305=CARTESIAN_POINT('',(-85.4928169266547,261.136407193635,-120.023048796832));
#4306=CARTESIAN_POINT('',(-75.4699969802229,261.136407193635,-113.183949165654));
#4307=CARTESIAN_POINT('Origin',(-85.4928169266547,274.45856918034,-103.023048796832));
#4308=CARTESIAN_POINT('',(-85.4928169266547,261.32816078623,-113.023048796832));
#4309=CARTESIAN_POINT('',(-85.4928169266547,264.834903960875,-110.080541892353));
#4310=CARTESIAN_POINT('',(-85.4928169266547,267.893364983285,-113.023048796832));
#4311=CARTESIAN_POINT('Origin',(-69.4471770337911,260.636407193635,-113.603498981243));
#4312=CARTESIAN_POINT('',(-69.4471770337911,261.32816078623,-113.023048796832));
#4313=CARTESIAN_POINT('Origin',(-69.4471770337911,261.32816078623,-113.023048796832));
#4314=CARTESIAN_POINT('Origin',(-69.4471770337911,279.497186072967,-113.603498981243));
#4315=CARTESIAN_POINT('',(-85.4928169266547,279.997186072967,-113.183949165654));
#4316=CARTESIAN_POINT('',(-81.4928169266547,279.997186072967,-113.183949165654));
#4317=CARTESIAN_POINT('',(-75.4699969802229,279.997186072967,-113.183949165654));
#4318=CARTESIAN_POINT('',(-81.4928169266547,280.188939665561,-113.023048796832));
#4319=CARTESIAN_POINT('',(-81.4928169266547,280.987461519423,-112.353009403769));
#4320=CARTESIAN_POINT('',(-85.4928169266547,280.188939665561,-113.023048796832));
#4321=CARTESIAN_POINT('',(-69.4471770337911,280.188939665561,-113.023048796832));
#4322=CARTESIAN_POINT('',(-85.4928169266547,283.695682840207,-110.080541892353));
#4323=CARTESIAN_POINT('Origin',(-69.4471770337911,280.188939665561,-113.023048796832));
#4324=CARTESIAN_POINT('',(-81.4928169266547,280.997186072967,-113.023048796832));
#4325=CARTESIAN_POINT('',(-81.4928169266547,286.754143862616,-113.023048796832));
#4326=CARTESIAN_POINT('',(-85.4928169266547,280.997186072967,-113.023048796832));
#4327=CARTESIAN_POINT('',(-69.4471770337911,280.997186072967,-113.023048796832));
#4328=CARTESIAN_POINT('',(-85.4928169266547,286.754143862616,-113.023048796832));
#4329=CARTESIAN_POINT('Origin',(-85.4928169266547,293.319348059672,-103.023048796832));
#4330=CARTESIAN_POINT('',(-85.4928169266547,280.997186072967,-102.523048796832));
#4331=CARTESIAN_POINT('',(-85.4928169266547,280.997186072967,-120.023048796832));
#4332=CARTESIAN_POINT('',(-85.4928169266547,279.997186072967,-102.523048796832));
#4333=CARTESIAN_POINT('',(-85.4928169266547,280.747186072967,-102.523048796832));
#4334=CARTESIAN_POINT('',(-85.4928169266547,279.997186072967,-120.023048796832));
#4335=CARTESIAN_POINT('Origin',(-69.4471770337911,279.997186072967,-114.023048796832));
#4336=CARTESIAN_POINT('',(-81.4928169266547,279.997186072967,-102.523048796832));
#4337=CARTESIAN_POINT('',(-81.2428169266547,279.997186072967,-102.523048796832));
#4338=CARTESIAN_POINT('',(-81.4928169266547,279.997186072967,-120.023048796832));
#4339=CARTESIAN_POINT('Origin',(-81.4928169266547,293.319348059672,-114.023048796832));
#4340=CARTESIAN_POINT('',(-81.4928169266547,280.997186072967,-102.523048796832));
#4341=CARTESIAN_POINT('',(-81.4928169266547,281.247186072967,-102.523048796832));
#4342=CARTESIAN_POINT('',(-81.4928169266547,280.997186072967,-120.023048796832));
#4343=CARTESIAN_POINT('Origin',(-69.4471770337911,280.997186072967,-103.023048796832));
#4344=CARTESIAN_POINT('',(-83.2428169266547,280.997186072967,-102.523048796832));
#4345=CARTESIAN_POINT('Origin',(-80.9928169266547,281.497186072967,-102.523048796832));
#4346=CARTESIAN_POINT('Origin',(11.8508822228773,187.703486923435,-102.523048796832));
#4347=CARTESIAN_POINT('',(11.3508822228773,186.203486923435,-102.523048796832));
#4348=CARTESIAN_POINT('',(7.35088222287733,186.203486923435,-102.523048796832));
#4349=CARTESIAN_POINT('',(11.6008822228773,186.203486923435,-102.523048796832));
#4350=CARTESIAN_POINT('',(7.35088222287733,187.203486923435,-102.523048796832));
#4351=CARTESIAN_POINT('',(7.35088222287733,186.953486923435,-102.523048796832));
#4352=CARTESIAN_POINT('',(11.3508822228773,187.203486923435,-102.523048796832));
#4353=CARTESIAN_POINT('',(9.60088222287733,187.203486923435,-102.523048796832));
#4354=CARTESIAN_POINT('',(11.3508822228773,187.453486923435,-102.523048796832));
#4355=CARTESIAN_POINT('Origin',(7.35088222287733,199.52564891014,-103.023048796832));
#4356=CARTESIAN_POINT('',(7.35088222287733,187.203486923435,-113.023048796832));
#4357=CARTESIAN_POINT('',(7.35088222287733,187.203486923435,-120.023048796832));
#4358=CARTESIAN_POINT('',(7.35088222287733,186.203486923435,-113.183949165654));
#4359=CARTESIAN_POINT('',(7.35088222287733,186.203486923435,-120.023048796832));
#4360=CARTESIAN_POINT('',(7.35088222287733,186.395240516029,-113.023048796832));
#4361=CARTESIAN_POINT('',(7.35088222287733,189.901983690675,-110.080541892353));
#4362=CARTESIAN_POINT('',(7.35088222287733,192.960444713084,-113.023048796832));
#4363=CARTESIAN_POINT('Origin',(23.3965221157409,187.203486923435,-103.023048796832));
#4364=CARTESIAN_POINT('',(11.3508822228773,187.203486923435,-113.023048796832));
#4365=CARTESIAN_POINT('',(11.3508822228773,187.203486923435,-108.523048796832));
#4366=CARTESIAN_POINT('',(23.3965221157409,187.203486923435,-113.023048796832));
#4367=CARTESIAN_POINT('Origin',(11.3508822228773,199.52564891014,-114.023048796832));
#4368=CARTESIAN_POINT('',(11.3508822228773,186.203486923435,-113.183949165654));
#4369=CARTESIAN_POINT('',(11.3508822228773,186.203486923435,-120.023048796832));
#4370=CARTESIAN_POINT('',(11.3508822228773,186.395240516029,-113.023048796832));
#4371=CARTESIAN_POINT('',(11.3508822228773,192.960444713084,-113.023048796832));
#4372=CARTESIAN_POINT('',(11.3508822228773,187.193762369891,-112.353009403769));
#4373=CARTESIAN_POINT('Origin',(23.3965221157409,186.203486923435,-114.023048796832));
#4374=CARTESIAN_POINT('',(17.3737021693091,186.203486923435,-113.183949165654));
#4375=CARTESIAN_POINT('Origin',(23.3965221157409,186.395240516029,-113.023048796832));
#4376=CARTESIAN_POINT('',(23.3965221157409,186.395240516029,-113.023048796832));
#4377=CARTESIAN_POINT('Origin',(23.3965221157409,185.703486923435,-113.603498981243));
#4378=CARTESIAN_POINT('Origin',(4.53574323640927,185.703486923435,-113.603498981243));
#4379=CARTESIAN_POINT('',(-11.5098966564543,186.203486923435,-113.183949165654));
#4380=CARTESIAN_POINT('',(-7.50989665645428,186.203486923435,-113.183949165654));
#4381=CARTESIAN_POINT('',(-1.48707671002251,186.203486923435,-113.183949165654));
#4382=CARTESIAN_POINT('',(-7.50989665645428,186.395240516029,-113.023048796832));
#4383=CARTESIAN_POINT('',(-7.50989665645428,187.193762369891,-112.353009403769));
#4384=CARTESIAN_POINT('',(-11.5098966564543,186.395240516029,-113.023048796832));
#4385=CARTESIAN_POINT('',(4.53574323640927,186.395240516029,-113.023048796832));
#4386=CARTESIAN_POINT('',(-11.5098966564543,189.901983690675,-110.080541892353));
#4387=CARTESIAN_POINT('Origin',(4.53574323640927,186.395240516029,-113.023048796832));
#4388=CARTESIAN_POINT('',(-7.50989665645428,187.203486923435,-113.023048796832));
#4389=CARTESIAN_POINT('',(-7.50989665645428,192.960444713084,-113.023048796832));
#4390=CARTESIAN_POINT('',(-11.5098966564543,187.203486923435,-113.023048796832));
#4391=CARTESIAN_POINT('',(4.53574323640927,187.203486923435,-113.023048796832));
#4392=CARTESIAN_POINT('',(-11.5098966564543,192.960444713084,-113.023048796832));
#4393=CARTESIAN_POINT('Origin',(-11.5098966564543,199.52564891014,-103.023048796832));
#4394=CARTESIAN_POINT('',(-11.5098966564543,187.203486923435,-102.523048796832));
#4395=CARTESIAN_POINT('',(-11.5098966564543,187.203486923435,-120.023048796832));
#4396=CARTESIAN_POINT('',(-11.5098966564543,186.203486923435,-102.523048796832));
#4397=CARTESIAN_POINT('',(-11.5098966564543,186.953486923435,-102.523048796832));
#4398=CARTESIAN_POINT('',(-11.5098966564543,186.203486923435,-120.023048796832));
#4399=CARTESIAN_POINT('Origin',(4.53574323640927,186.203486923435,-114.023048796832));
#4400=CARTESIAN_POINT('',(-7.50989665645428,186.203486923435,-102.523048796832));
#4401=CARTESIAN_POINT('',(-7.25989665645428,186.203486923435,-102.523048796832));
#4402=CARTESIAN_POINT('',(-7.50989665645428,186.203486923435,-120.023048796832));
#4403=CARTESIAN_POINT('Origin',(-7.50989665645428,199.52564891014,-114.023048796832));
#4404=CARTESIAN_POINT('',(-7.50989665645428,187.203486923435,-102.523048796832));
#4405=CARTESIAN_POINT('',(-7.50989665645428,187.453486923435,-102.523048796832));
#4406=CARTESIAN_POINT('',(-7.50989665645428,187.203486923435,-120.023048796832));
#4407=CARTESIAN_POINT('Origin',(4.53574323640927,187.203486923435,-103.023048796832));
#4408=CARTESIAN_POINT('',(-9.25989665645428,187.203486923435,-102.523048796832));
#4409=CARTESIAN_POINT('Origin',(-7.00989665645428,187.703486923435,-102.523048796832));
#4410=CARTESIAN_POINT('Origin',(87.5000012665987,262.499999925494,-102.5));
#4411=CARTESIAN_POINT('',(87.0000012665987,260.999999925494,-102.5));
#4412=CARTESIAN_POINT('',(83.0000012665987,260.999999925494,-102.5));
#4413=CARTESIAN_POINT('',(87.2500012665987,260.999999925494,-102.5));
#4414=CARTESIAN_POINT('',(83.0000012665987,261.999999925494,-102.5));
#4415=CARTESIAN_POINT('',(83.0000012665987,261.749999925494,-102.5));
#4416=CARTESIAN_POINT('',(87.0000012665987,261.999999925494,-102.5));
#4417=CARTESIAN_POINT('',(85.2500012665987,261.999999925494,-102.5));
#4418=CARTESIAN_POINT('',(87.0000012665987,262.249999925494,-102.5));
#4419=CARTESIAN_POINT('Origin',(83.0000012665987,274.322161912199,-103.));
#4420=CARTESIAN_POINT('',(83.0000012665987,261.999999925494,-113.));
#4421=CARTESIAN_POINT('',(83.0000012665987,261.999999925494,-120.023048796832));
#4422=CARTESIAN_POINT('',(83.0000012665987,260.999999925494,-113.160900368823));
#4423=CARTESIAN_POINT('',(83.0000012665987,260.999999925494,-120.023048796832));
#4424=CARTESIAN_POINT('',(83.0000012665987,261.191753518088,-113.));
#4425=CARTESIAN_POINT('',(83.0000012665987,264.698496692734,-110.057493095522));
#4426=CARTESIAN_POINT('',(83.0000012665987,267.756957715144,-113.));
#4427=CARTESIAN_POINT('Origin',(99.0456411594623,261.999999925494,-103.));
#4428=CARTESIAN_POINT('',(87.0000012665987,261.999999925494,-113.));
#4429=CARTESIAN_POINT('',(87.0000012665987,261.999999925494,-108.5));
#4430=CARTESIAN_POINT('',(99.0456411594623,261.999999925494,-113.));
#4431=CARTESIAN_POINT('Origin',(87.0000012665987,274.322161912199,-114.));
#4432=CARTESIAN_POINT('',(87.0000012665987,260.999999925494,-113.160900368823));
#4433=CARTESIAN_POINT('',(87.0000012665987,260.999999925494,-120.023048796832));
#4434=CARTESIAN_POINT('',(87.0000012665987,261.191753518088,-113.));
#4435=CARTESIAN_POINT('',(87.0000012665987,267.756957715144,-113.));
#4436=CARTESIAN_POINT('',(87.0000012665987,261.99027537195,-112.329960606937));
#4437=CARTESIAN_POINT('Origin',(99.0456411594623,260.999999925494,-114.));
#4438=CARTESIAN_POINT('',(93.0228212130305,260.999999925494,-113.160900368823));
#4439=CARTESIAN_POINT('Origin',(99.0456411594623,261.191753518088,-113.));
#4440=CARTESIAN_POINT('',(99.0456411594623,261.191753518088,-113.));
#4441=CARTESIAN_POINT('Origin',(99.0456411594623,260.499999925494,-113.580450184411));
#4442=CARTESIAN_POINT('Origin',(99.0456379929655,279.49999986589,-113.580450184411));
#4443=CARTESIAN_POINT('',(82.9999981001019,279.99999986589,-113.160900368823));
#4444=CARTESIAN_POINT('',(86.9999981001019,279.99999986589,-113.160900368823));
#4445=CARTESIAN_POINT('',(93.0228180465337,279.99999986589,-113.160900368823));
#4446=CARTESIAN_POINT('',(86.9999981001019,280.191753458484,-113.));
#4447=CARTESIAN_POINT('',(86.9999981001019,280.990275312346,-112.329960606937));
#4448=CARTESIAN_POINT('',(82.9999981001019,280.191753458484,-113.));
#4449=CARTESIAN_POINT('',(99.0456379929655,280.191753458484,-113.));
#4450=CARTESIAN_POINT('',(82.9999981001019,283.698496633129,-110.057493095522));
#4451=CARTESIAN_POINT('Origin',(99.0456379929655,280.191753458484,-113.));
#4452=CARTESIAN_POINT('',(82.9999981001019,280.99999986589,-113.));
#4453=CARTESIAN_POINT('',(82.9999981001019,286.756957655539,-113.));
#4454=CARTESIAN_POINT('',(86.9999981001019,280.99999986589,-113.));
#4455=CARTESIAN_POINT('',(86.9999981001019,286.756957655539,-113.));
#4456=CARTESIAN_POINT('',(99.0456379929655,280.99999986589,-113.));
#4457=CARTESIAN_POINT('Origin',(99.0456379929655,279.99999986589,-114.));
#4458=CARTESIAN_POINT('',(82.9999981001019,279.99999986589,-102.5));
#4459=CARTESIAN_POINT('',(82.9999981001019,279.99999986589,-120.023048796832));
#4460=CARTESIAN_POINT('',(86.9999981001019,279.99999986589,-102.5));
#4461=CARTESIAN_POINT('',(87.2499981001019,279.99999986589,-102.5));
#4462=CARTESIAN_POINT('',(86.9999981001019,279.99999986589,-120.023048796832));
#4463=CARTESIAN_POINT('Origin',(86.9999981001019,293.322161852594,-114.));
#4464=CARTESIAN_POINT('',(86.9999981001019,280.99999986589,-102.5));
#4465=CARTESIAN_POINT('',(86.9999981001019,281.24999986589,-102.5));
#4466=CARTESIAN_POINT('',(86.9999981001019,280.99999986589,-108.5));
#4467=CARTESIAN_POINT('Origin',(99.0456379929655,280.99999986589,-103.));
#4468=CARTESIAN_POINT('',(82.9999981001019,280.99999986589,-102.5));
#4469=CARTESIAN_POINT('',(85.2499981001019,280.99999986589,-102.5));
#4470=CARTESIAN_POINT('',(82.9999981001019,280.99999986589,-120.023048796832));
#4471=CARTESIAN_POINT('Origin',(82.9999981001019,293.322161852594,-103.));
#4472=CARTESIAN_POINT('',(82.9999981001019,280.74999986589,-102.5));
#4473=CARTESIAN_POINT('Origin',(87.4999981001019,281.49999986589,-102.5));
#4474=CARTESIAN_POINT('Origin',(-7.00989665645428,355.296513076565,-102.523048796832));
#4475=CARTESIAN_POINT('',(-7.50989665645428,353.796513076565,-102.523048796832));
#4476=CARTESIAN_POINT('',(-11.5098966564543,353.796513076565,-102.523048796832));
#4477=CARTESIAN_POINT('',(-7.25989665645428,353.796513076565,-102.523048796832));
#4478=CARTESIAN_POINT('',(-11.5098966564543,354.796513076565,-102.523048796832));
#4479=CARTESIAN_POINT('',(-11.5098966564543,354.546513076565,-102.523048796832));
#4480=CARTESIAN_POINT('',(-7.50989665645428,354.796513076565,-102.523048796832));
#4481=CARTESIAN_POINT('',(-9.25989665645428,354.796513076565,-102.523048796832));
#4482=CARTESIAN_POINT('',(-7.50989665645428,355.046513076565,-102.523048796832));
#4483=CARTESIAN_POINT('Origin',(-11.5098966564543,367.11867506327,-103.023048796832));
#4484=CARTESIAN_POINT('',(-11.5098966564543,354.796513076565,-113.023048796832));
#4485=CARTESIAN_POINT('',(-11.5098966564543,354.796513076565,-120.023048796832));
#4486=CARTESIAN_POINT('',(-11.5098966564543,353.796513076565,-113.183949165654));
#4487=CARTESIAN_POINT('',(-11.5098966564543,353.796513076565,-120.023048796832));
#4488=CARTESIAN_POINT('',(-11.5098966564543,353.988266669159,-113.023048796832));
#4489=CARTESIAN_POINT('',(-11.5098966564543,357.495009843805,-110.080541892353));
#4490=CARTESIAN_POINT('',(-11.5098966564543,360.553470866214,-113.023048796832));
#4491=CARTESIAN_POINT('Origin',(4.53574323640927,354.796513076565,-103.023048796832));
#4492=CARTESIAN_POINT('',(-7.50989665645428,354.796513076565,-113.023048796832));
#4493=CARTESIAN_POINT('',(-7.50989665645428,354.796513076565,-108.523048796832));
#4494=CARTESIAN_POINT('',(4.53574323640927,354.796513076565,-113.023048796832));
#4495=CARTESIAN_POINT('Origin',(-7.50989665645428,367.11867506327,-114.023048796832));
#4496=CARTESIAN_POINT('',(-7.50989665645428,353.796513076565,-113.183949165654));
#4497=CARTESIAN_POINT('',(-7.50989665645428,353.796513076565,-120.023048796832));
#4498=CARTESIAN_POINT('',(-7.50989665645428,353.988266669159,-113.023048796832));
#4499=CARTESIAN_POINT('',(-7.50989665645428,360.553470866214,-113.023048796832));
#4500=CARTESIAN_POINT('',(-7.50989665645428,354.786788523021,-112.353009403769));
#4501=CARTESIAN_POINT('Origin',(4.53574323640927,353.796513076565,-114.023048796832));
#4502=CARTESIAN_POINT('',(-1.48707671002251,353.796513076565,-113.183949165654));
#4503=CARTESIAN_POINT('Origin',(4.53574323640927,353.988266669159,-113.023048796832));
#4504=CARTESIAN_POINT('',(4.53574323640927,353.988266669159,-113.023048796832));
#4505=CARTESIAN_POINT('Origin',(4.53574323640927,353.296513076565,-113.603498981243));
#4506=CARTESIAN_POINT('Origin',(23.3965221157409,353.296513076565,-113.603498981243));
#4507=CARTESIAN_POINT('',(7.35088222287733,353.796513076565,-113.183949165654));
#4508=CARTESIAN_POINT('',(11.3508822228773,353.796513076565,-113.183949165654));
#4509=CARTESIAN_POINT('',(17.3737021693091,353.796513076565,-113.183949165654));
#4510=CARTESIAN_POINT('',(11.3508822228773,353.988266669159,-113.023048796832));
#4511=CARTESIAN_POINT('',(11.3508822228773,354.786788523021,-112.353009403769));
#4512=CARTESIAN_POINT('',(7.35088222287733,353.988266669159,-113.023048796832));
#4513=CARTESIAN_POINT('',(23.3965221157409,353.988266669159,-113.023048796832));
#4514=CARTESIAN_POINT('',(7.35088222287733,357.495009843805,-110.080541892353));
#4515=CARTESIAN_POINT('Origin',(23.3965221157409,353.988266669159,-113.023048796832));
#4516=CARTESIAN_POINT('',(11.3508822228773,354.796513076565,-113.023048796832));
#4517=CARTESIAN_POINT('',(11.3508822228773,360.553470866214,-113.023048796832));
#4518=CARTESIAN_POINT('',(7.35088222287733,354.796513076565,-113.023048796832));
#4519=CARTESIAN_POINT('',(23.3965221157409,354.796513076565,-113.023048796832));
#4520=CARTESIAN_POINT('',(7.35088222287733,360.553470866214,-113.023048796832));
#4521=CARTESIAN_POINT('Origin',(23.3965221157409,353.796513076565,-114.023048796832));
#4522=CARTESIAN_POINT('',(7.35088222287733,353.796513076565,-102.523048796832));
#4523=CARTESIAN_POINT('',(7.35088222287733,353.796513076565,-120.023048796832));
#4524=CARTESIAN_POINT('',(11.3508822228773,353.796513076565,-102.523048796832));
#4525=CARTESIAN_POINT('',(11.6008822228773,353.796513076565,-102.523048796832));
#4526=CARTESIAN_POINT('',(11.3508822228773,353.796513076565,-120.023048796832));
#4527=CARTESIAN_POINT('Origin',(11.3508822228773,367.11867506327,-114.023048796832));
#4528=CARTESIAN_POINT('',(11.3508822228773,354.796513076565,-102.523048796832));
#4529=CARTESIAN_POINT('',(11.3508822228773,355.046513076565,-102.523048796832));
#4530=CARTESIAN_POINT('',(11.3508822228773,354.796513076565,-108.523048796832));
#4531=CARTESIAN_POINT('Origin',(23.3965221157409,354.796513076565,-103.023048796832));
#4532=CARTESIAN_POINT('',(7.35088222287733,354.796513076565,-102.523048796832));
#4533=CARTESIAN_POINT('',(9.60088222287733,354.796513076565,-102.523048796832));
#4534=CARTESIAN_POINT('',(7.35088222287733,354.796513076565,-120.023048796832));
#4535=CARTESIAN_POINT('Origin',(7.35088222287733,367.11867506327,-103.023048796832));
#4536=CARTESIAN_POINT('',(7.35088222287733,354.546513076565,-102.523048796832));
#4537=CARTESIAN_POINT('Origin',(11.8508822228773,355.296513076565,-102.523048796832));
#4538=CARTESIAN_POINT('Origin',(0.299999999999976,270.,15.));
#4539=CARTESIAN_POINT('',(-99.7,270.,15.));
#4540=CARTESIAN_POINT('Origin',(0.299999999999976,270.,15.));
#4541=CARTESIAN_POINT('',(-94.7,270.,15.));
#4542=CARTESIAN_POINT('Origin',(0.299999999999976,270.,15.));
#4543=CARTESIAN_POINT('Origin',(97.7062545220542,276.62102425643,-62.4817700213594));
#4544=CARTESIAN_POINT('',(97.7062545220542,274.37102425643,-62.4817700213594));
#4545=CARTESIAN_POINT('Origin',(97.7062545220542,276.62102425643,-62.4817700213594));
#4546=CARTESIAN_POINT('',(97.7062545220542,274.62102425643,-62.4817700213594));
#4547=CARTESIAN_POINT('Origin',(97.7062545220542,276.62102425643,-62.4817700213594));
#4548=CARTESIAN_POINT('Origin',(98.9562545220542,276.62102425643,-62.4817700213594));
#4549=CARTESIAN_POINT('',(99.9057474679138,278.87102425643,-62.4817700213594));
#4550=CARTESIAN_POINT('',(100.204425061905,274.37102425643,-62.4817700213594));
#4551=CARTESIAN_POINT('Ctrl Pts',(99.9057474679138,278.87102425643,-62.4817700213594));
#4552=CARTESIAN_POINT('Ctrl Pts',(99.9057474679138,278.87102425643,-62.764279403463));
#4553=CARTESIAN_POINT('Ctrl Pts',(99.9108265481636,278.814561248618,-63.0655350150665));
#4554=CARTESIAN_POINT('Ctrl Pts',(99.9308593788939,278.585168316632,-63.6195416280786));
#4555=CARTESIAN_POINT('Ctrl Pts',(99.9457431137399,278.412245477081,-63.8722980924694));
#4556=CARTESIAN_POINT('Ctrl Pts',(99.9786411843961,278.013034566746,-64.2719710670721));
#4557=CARTESIAN_POINT('Ctrl Pts',(99.9988535679992,277.759892848613,-64.4453378328356));
#4558=CARTESIAN_POINT('Ctrl Pts',(100.040471683972,277.205251421945,-64.6752373323963));
#4559=CARTESIAN_POINT('Ctrl Pts',(100.061809161028,276.903746575328,-64.7317700213594));
#4560=CARTESIAN_POINT('Ctrl Pts',(100.099307926651,276.338630357308,-64.7317700213594));
#4561=CARTESIAN_POINT('Ctrl Pts',(100.117976454676,276.037277222435,-64.675354760342));
#4562=CARTESIAN_POINT('Ctrl Pts',(100.14997214455,275.482718531774,-64.4456525758647));
#4563=CARTESIAN_POINT('Ctrl Pts',(100.163367670953,275.229519487017,-64.2723594609546));
#4564=CARTESIAN_POINT('Ctrl Pts',(100.183486105418,274.830023573504,-63.8726361190009));
#4565=CARTESIAN_POINT('Ctrl Pts',(100.191570215156,274.65697270493,-63.6197296770627));
#4566=CARTESIAN_POINT('Ctrl Pts',(100.202005400125,274.427472399796,-63.065534472669));
#4567=CARTESIAN_POINT('Ctrl Pts',(100.204425061905,274.37102425643,-62.7642464682515));
#4568=CARTESIAN_POINT('Ctrl Pts',(100.204425061905,274.37102425643,-62.4817700213594));
#4569=CARTESIAN_POINT('Ctrl Pts',(100.204425061905,274.37102425643,-62.4817700213594));
#4570=CARTESIAN_POINT('Ctrl Pts',(100.204425061905,274.37102425643,-62.1992935744674));
#4571=CARTESIAN_POINT('Ctrl Pts',(100.202005400125,274.427472399796,-61.8980055700499));
#4572=CARTESIAN_POINT('Ctrl Pts',(100.191570215156,274.65697270493,-61.3438103656561));
#4573=CARTESIAN_POINT('Ctrl Pts',(100.183486105418,274.830023573504,-61.090903923718));
#4574=CARTESIAN_POINT('Ctrl Pts',(100.163367670953,275.229519487017,-60.6911805817643));
#4575=CARTESIAN_POINT('Ctrl Pts',(100.14997214455,275.482718531774,-60.5178874668541));
#4576=CARTESIAN_POINT('Ctrl Pts',(100.117976454676,276.037277222435,-60.2881852823769));
#4577=CARTESIAN_POINT('Ctrl Pts',(100.099307926651,276.338630357308,-60.2317700213594));
#4578=CARTESIAN_POINT('Ctrl Pts',(100.061809161028,276.903746575328,-60.2317700213594));
#4579=CARTESIAN_POINT('Ctrl Pts',(100.040471683972,277.205251421945,-60.2883027103226));
#4580=CARTESIAN_POINT('Ctrl Pts',(99.9988535679992,277.759892848613,-60.5182022098833));
#4581=CARTESIAN_POINT('Ctrl Pts',(99.9786411843961,278.013034566746,-60.6915689756467));
#4582=CARTESIAN_POINT('Ctrl Pts',(99.9457431137399,278.412245477081,-61.0912419502495));
#4583=CARTESIAN_POINT('Ctrl Pts',(99.9308593788939,278.585168316632,-61.3439984146403));
#4584=CARTESIAN_POINT('Ctrl Pts',(99.9108265481636,278.814561248618,-61.8980050276524));
#4585=CARTESIAN_POINT('Ctrl Pts',(99.9057474679138,278.87102425643,-62.1992606392559));
#4586=CARTESIAN_POINT('Ctrl Pts',(99.9057474679138,278.87102425643,-62.4817700213594));
#4587=CARTESIAN_POINT('',(98.9562545220542,274.37102425643,-62.4817700213594));
#4588=CARTESIAN_POINT('Origin',(96.7062545220542,276.62102425643,-62.4817700213594));
#4589=CARTESIAN_POINT('',(95.1875446769568,274.62102425643,-62.4817700213594));
#4590=CARTESIAN_POINT('',(96.7062545220542,274.62102425643,-62.4817700213594));
#4591=CARTESIAN_POINT('',(94.9080226025787,278.62102425643,-62.4817700213594));
#4592=CARTESIAN_POINT('Ctrl Pts',(94.9080226025787,278.62102425643,-62.4817700213594));
#4593=CARTESIAN_POINT('Ctrl Pts',(94.9080226025787,278.62102425643,-62.2306550347972));
#4594=CARTESIAN_POINT('Ctrl Pts',(94.9126378469477,278.570836335727,-61.9628801161923));
#4595=CARTESIAN_POINT('Ctrl Pts',(94.9308863636289,278.36694818176,-61.470452298751));
#4596=CARTESIAN_POINT('Ctrl Pts',(94.9444612944542,278.213254505959,-61.2457945245465));
#4597=CARTESIAN_POINT('Ctrl Pts',(94.9745854936208,277.858413844912,-60.8905114953208));
#4598=CARTESIAN_POINT('Ctrl Pts',(94.9931498397547,277.633381609571,-60.7363915170529));
#4599=CARTESIAN_POINT('Ctrl Pts',(95.0316031727413,277.140343247582,-60.5320209803254));
#4600=CARTESIAN_POINT('Ctrl Pts',(95.0514353735625,276.872332859705,-60.4817700213594));
#4601=CARTESIAN_POINT('Ctrl Pts',(95.0865305661212,276.370003321288,-60.4817700213594));
#4602=CARTESIAN_POINT('Ctrl Pts',(95.1041404467918,276.102125833769,-60.5319181181386));
#4603=CARTESIAN_POINT('Ctrl Pts',(95.1345839363091,275.609159934679,-60.7361158130554));
#4604=CARTESIAN_POINT('Ctrl Pts',(95.147474377958,275.384077466357,-60.8901712820021));
#4605=CARTESIAN_POINT('Ctrl Pts',(95.1669638832832,275.028987182018,-61.2454984325535));
#4606=CARTESIAN_POINT('Ctrl Pts',(95.1748809497877,274.875181358427,-61.4702875803708));
#4607=CARTESIAN_POINT('Ctrl Pts',(95.1851428147172,274.671199154338,-61.9628806013055));
#4608=CARTESIAN_POINT('Ctrl Pts',(95.1875446769568,274.62102425643,-62.2306838979352));
#4609=CARTESIAN_POINT('Ctrl Pts',(95.1875446769568,274.62102425643,-62.4817700213594));
#4610=CARTESIAN_POINT('Ctrl Pts',(95.1875446769568,274.62102425643,-62.4817700213595));
#4611=CARTESIAN_POINT('Ctrl Pts',(95.1875446769568,274.62102425643,-62.7328561447837));
#4612=CARTESIAN_POINT('Ctrl Pts',(95.1851428147172,274.671199154338,-63.0006594414134));
#4613=CARTESIAN_POINT('Ctrl Pts',(95.1748809497877,274.875181358427,-63.493252462348));
#4614=CARTESIAN_POINT('Ctrl Pts',(95.1669638832832,275.028987182018,-63.7180416101654));
#4615=CARTESIAN_POINT('Ctrl Pts',(95.147474377958,275.384077466357,-64.0733687607167));
#4616=CARTESIAN_POINT('Ctrl Pts',(95.1345839363091,275.609159934679,-64.2274242296635));
#4617=CARTESIAN_POINT('Ctrl Pts',(95.1041404467918,276.102125833769,-64.4316219245803));
#4618=CARTESIAN_POINT('Ctrl Pts',(95.0865305661212,276.370003321288,-64.4817700213594));
#4619=CARTESIAN_POINT('Ctrl Pts',(95.0514353735625,276.872332859705,-64.4817700213594));
#4620=CARTESIAN_POINT('Ctrl Pts',(95.0316031727412,277.140343247582,-64.4315190623935));
#4621=CARTESIAN_POINT('Ctrl Pts',(94.9931498397547,277.633381609571,-64.2271485256659));
#4622=CARTESIAN_POINT('Ctrl Pts',(94.9745854936208,277.858413844912,-64.0730285473981));
#4623=CARTESIAN_POINT('Ctrl Pts',(94.9444612944542,278.213254505959,-63.7177455181724));
#4624=CARTESIAN_POINT('Ctrl Pts',(94.9308863636289,278.36694818176,-63.4930877439679));
#4625=CARTESIAN_POINT('Ctrl Pts',(94.9126378469477,278.570836335727,-63.0006599265266));
#4626=CARTESIAN_POINT('Ctrl Pts',(94.9080226025787,278.62102425643,-62.7328850079217));
#4627=CARTESIAN_POINT('Ctrl Pts',(94.9080226025787,278.62102425643,-62.4817700213595));
#4628=CARTESIAN_POINT('Origin',(80.3600037900591,213.956195336765,-62.3490380090317));
#4629=CARTESIAN_POINT('',(80.3600037900591,211.706195336765,-62.3490380090317));
#4630=CARTESIAN_POINT('Origin',(80.3600037900591,213.956195336765,-62.3490380090317));
#4631=CARTESIAN_POINT('',(80.3600037900591,211.956195336765,-62.3490380090317));
#4632=CARTESIAN_POINT('Origin',(80.3600037900591,213.956195336765,-62.3490380090317));
#4633=CARTESIAN_POINT('Origin',(82.6100037900591,213.956195336765,-62.3490380090317));
#4634=CARTESIAN_POINT('',(84.5984375884494,216.206195336765,-62.3490380090317));
#4635=CARTESIAN_POINT('',(81.5516605238599,211.706195336765,-62.3490380090317));
#4636=CARTESIAN_POINT('Ctrl Pts',(84.5984375884494,216.206195336765,-62.3490380090317));
#4637=CARTESIAN_POINT('Ctrl Pts',(84.5984375884494,216.206195336765,-62.628915498566));
#4638=CARTESIAN_POINT('Ctrl Pts',(84.5630111039891,216.150568636153,-62.9234141118873));
#4639=CARTESIAN_POINT('Ctrl Pts',(84.4252415648776,215.935593682454,-63.4568123913418));
#4640=CARTESIAN_POINT('Ctrl Pts',(84.32302990693,215.776631310158,-63.6959014219061));
#4641=CARTESIAN_POINT('Ctrl Pts',(84.0714348466935,215.388540809026,-64.1122689589125));
#4642=CARTESIAN_POINT('Ctrl Pts',(83.8967243840318,215.120985384815,-64.2991795351229));
#4643=CARTESIAN_POINT('Ctrl Pts',(83.5168009920571,214.546572642749,-64.542492452546));
#4644=CARTESIAN_POINT('Ctrl Pts',(83.3115502393224,214.239801018414,-64.5990380090317));
#4645=CARTESIAN_POINT('Ctrl Pts',(82.9248952014673,213.668415307916,-64.5990380090317));
#4646=CARTESIAN_POINT('Ctrl Pts',(82.7134947144147,213.359569755105,-64.5409377532116));
#4647=CARTESIAN_POINT('Ctrl Pts',(82.3150802689673,212.784188743016,-64.2950048924882));
#4648=CARTESIAN_POINT('Ctrl Pts',(82.1281250792259,212.517604289404,-64.1071917143761));
#4649=CARTESIAN_POINT('Ctrl Pts',(81.8564434417678,212.132990492924,-63.6915816997119));
#4650=CARTESIAN_POINT('Ctrl Pts',(81.7444405793127,211.975691901709,-63.454459959796));
#4651=CARTESIAN_POINT('Ctrl Pts',(81.5918245488203,211.762069980551,-62.9236382173786));
#4652=CARTESIAN_POINT('Ctrl Pts',(81.5516605238599,211.706195336765,-62.6296287495425));
#4653=CARTESIAN_POINT('Ctrl Pts',(81.5516605238599,211.706195336765,-62.3490380090317));
#4654=CARTESIAN_POINT('Ctrl Pts',(81.5516605238599,211.706195336765,-62.3490380090317));
#4655=CARTESIAN_POINT('Ctrl Pts',(81.5516605238599,211.706195336765,-62.0684472685208));
#4656=CARTESIAN_POINT('Ctrl Pts',(81.5918245488203,211.762069980551,-61.7744378006848));
#4657=CARTESIAN_POINT('Ctrl Pts',(81.7444405793127,211.975691901709,-61.2436160582673));
#4658=CARTESIAN_POINT('Ctrl Pts',(81.8564434417678,212.132990492924,-61.0064943183514));
#4659=CARTESIAN_POINT('Ctrl Pts',(82.1281250792259,212.517604289404,-60.5908843036872));
#4660=CARTESIAN_POINT('Ctrl Pts',(82.3150802689673,212.784188743016,-60.4030711255751));
#4661=CARTESIAN_POINT('Ctrl Pts',(82.7134947144147,213.359569755105,-60.1571382648518));
#4662=CARTESIAN_POINT('Ctrl Pts',(82.9248952014673,213.668415307916,-60.0990380090317));
#4663=CARTESIAN_POINT('Ctrl Pts',(83.3115502393224,214.239801018414,-60.0990380090317));
#4664=CARTESIAN_POINT('Ctrl Pts',(83.5168009920571,214.546572642749,-60.1555835655173));
#4665=CARTESIAN_POINT('Ctrl Pts',(83.8967243840318,215.120985384815,-60.3988964829404));
#4666=CARTESIAN_POINT('Ctrl Pts',(84.0714348466935,215.388540809026,-60.5858070591508));
#4667=CARTESIAN_POINT('Ctrl Pts',(84.32302990693,215.776631310158,-61.0021745961572));
#4668=CARTESIAN_POINT('Ctrl Pts',(84.4252415648776,215.935593682454,-61.2412636267215));
#4669=CARTESIAN_POINT('Ctrl Pts',(84.5630111039891,216.150568636153,-61.774661906176));
#4670=CARTESIAN_POINT('Ctrl Pts',(84.5984375884494,216.206195336765,-62.0691605194973));
#4671=CARTESIAN_POINT('Ctrl Pts',(84.5984375884494,216.206195336765,-62.3490380090317));
#4672=CARTESIAN_POINT('',(82.6100037900591,211.706195336765,-62.3490380090317));
#4673=CARTESIAN_POINT('Origin',(80.1100037900591,213.956195336765,-62.3490380090317));
#4674=CARTESIAN_POINT('',(75.5058291638101,211.956195336765,-62.3490380090317));
#4675=CARTESIAN_POINT('',(80.1100037900591,211.956195336765,-62.3490380090317));
#4676=CARTESIAN_POINT('',(78.4298097880833,215.956195336765,-62.3490380090317));
#4677=CARTESIAN_POINT('Ctrl Pts',(78.4298097880833,215.956195336765,-62.3490380090317));
#4678=CARTESIAN_POINT('Ctrl Pts',(78.4298097880833,215.956195336765,-62.1004916167228));
#4679=CARTESIAN_POINT('Ctrl Pts',(78.3957277160859,215.90683419329,-61.8396022416168));
#4680=CARTESIAN_POINT('Ctrl Pts',(78.2642902065505,215.717565204054,-61.3681747345339));
#4681=CARTESIAN_POINT('Ctrl Pts',(78.1671081497435,215.578055443885,-61.1574285620123));
#4682=CARTESIAN_POINT('Ctrl Pts',(77.9259121244459,215.23438599477,-60.7850979306911));
#4683=CARTESIAN_POINT('Ctrl Pts',(77.7566953502482,214.99491157884,-60.6173574509865));
#4684=CARTESIAN_POINT('Ctrl Pts',(77.3898883565645,214.481998233846,-60.3993764391005));
#4685=CARTESIAN_POINT('Ctrl Pts',(77.1922639330362,214.208625378209,-60.3490380090317));
#4686=CARTESIAN_POINT('Ctrl Pts',(76.8205847246015,213.699903538473,-60.3490380090317));
#4687=CARTESIAN_POINT('Ctrl Pts',(76.6172750020037,213.424596181417,-60.4008220241936));
#4688=CARTESIAN_POINT('Ctrl Pts',(76.2336932434033,212.910797769312,-60.6212396663304));
#4689=CARTESIAN_POINT('Ctrl Pts',(76.0534597393874,212.672251422641,-60.7898114531034));
#4690=CARTESIAN_POINT('Ctrl Pts',(75.7944509192179,212.331782695044,-61.1614232247413));
#4691=CARTESIAN_POINT('Ctrl Pts',(75.6887171692027,212.193811883952,-61.3703461305142));
#4692=CARTESIAN_POINT('Ctrl Pts',(75.5441758332868,212.005792841677,-61.839368202651));
#4693=CARTESIAN_POINT('Ctrl Pts',(75.5058291638101,211.956195336765,-62.0997898201599));
#4694=CARTESIAN_POINT('Ctrl Pts',(75.5058291638101,211.956195336765,-62.3490380090317));
#4695=CARTESIAN_POINT('Ctrl Pts',(75.5058291638101,211.956195336765,-62.3490380090317));
#4696=CARTESIAN_POINT('Ctrl Pts',(75.5058291638101,211.956195336765,-62.614940889377));
#4697=CARTESIAN_POINT('Ctrl Pts',(75.54935890067,212.012487821239,-62.8906702601751));
#4698=CARTESIAN_POINT('Ctrl Pts',(75.7109467480961,212.222783950252,-63.381825200183));
#4699=CARTESIAN_POINT('Ctrl Pts',(75.8285148328083,212.376335479276,-63.597605276289));
#4700=CARTESIAN_POINT('Ctrl Pts',(76.0967048156724,212.729458183874,-63.950727980887));
#4701=CARTESIAN_POINT('Ctrl Pts',(76.2703918126915,212.959718720953,-64.1032983452463));
#4702=CARTESIAN_POINT('Ctrl Pts',(76.6372125235172,213.451577345228,-64.3024339378701));
#4703=CARTESIAN_POINT('Ctrl Pts',(76.8302967999439,213.713196573767,-64.3490380090317));
#4704=CARTESIAN_POINT('Ctrl Pts',(77.1834958802032,214.196624437971,-64.3490380090317));
#4705=CARTESIAN_POINT('Ctrl Pts',(77.3721364969269,214.457425831857,-64.3033409370156));
#4706=CARTESIAN_POINT('Ctrl Pts',(77.7247922057137,214.950083367677,-64.1048052411928));
#4707=CARTESIAN_POINT('Ctrl Pts',(77.8888196223791,215.181862647523,-63.9517978230197));
#4708=CARTESIAN_POINT('Ctrl Pts',(78.1386385150569,215.537279198303,-63.5963812722395));
#4709=CARTESIAN_POINT('Ctrl Pts',(78.2459106584289,215.691148916193,-63.3792764529764));
#4710=CARTESIAN_POINT('Ctrl Pts',(78.3915754767432,215.900812080162,-62.8874812534443));
#4711=CARTESIAN_POINT('Ctrl Pts',(78.4298097880833,215.956195336765,-62.6125692178752));
#4712=CARTESIAN_POINT('Ctrl Pts',(78.4298097880833,215.956195336765,-62.3490380090316));
#4713=CARTESIAN_POINT('Origin',(-83.9969870385959,270.566796633301,-140.023048796832));
#4714=CARTESIAN_POINT('',(-97.9777702781007,276.00165633802,-140.023048796832));
#4715=CARTESIAN_POINT('',(-94.4941886672773,275.997186072967,-140.023048796832));
#4716=CARTESIAN_POINT('',(-89.2421122599027,275.990446407805,-140.023048796832));
#4717=CARTESIAN_POINT('',(-97.9795072167885,265.136407193635,-140.023048796832));
#4718=CARTESIAN_POINT('Origin',(-83.9969870385958,270.566796633301,-140.023048796832));
#4719=CARTESIAN_POINT('',(-94.5011571505368,265.136407193635,-140.023048796832));
#4720=CARTESIAN_POINT('',(-90.9882471276921,265.136407193636,-140.023048796832));
#4721=CARTESIAN_POINT('',(-94.5011571505367,264.075761496078,-140.023048796832));
#4722=CARTESIAN_POINT('',(-94.5011571505369,267.851601913468,-140.023048796832));
#4723=CARTESIAN_POINT('',(-93.4928169266546,263.589738590159,-140.023048796832));
#4724=CARTESIAN_POINT('',(-91.508658548213,262.63336850985,-140.023048796832));
#4725=CARTESIAN_POINT('',(-93.4928169266546,265.136407193635,-140.023048796832));
#4726=CARTESIAN_POINT('',(-93.4928169266546,267.07826761173,-140.023048796832));
#4727=CARTESIAN_POINT('',(-71.4928169266546,265.136407193635,-140.023048796832));
#4728=CARTESIAN_POINT('',(-87.4586106995718,265.136407193635,-140.023048796832));
#4729=CARTESIAN_POINT('',(-71.4928169266546,275.997186072967,-140.023048796832));
#4730=CARTESIAN_POINT('',(-71.4928169266546,267.851601913468,-140.023048796832));
#4731=CARTESIAN_POINT('',(-93.4928169266546,275.997186072967,-140.023048796832));
#4732=CARTESIAN_POINT('',(-95.0859226525183,275.997186072967,-140.023048796832));
#4733=CARTESIAN_POINT('',(-93.4928169266546,276.39845689362,-140.023048796832));
#4734=CARTESIAN_POINT('',(-93.4928169266546,273.281991353134,-140.023048796832));
#4735=CARTESIAN_POINT('',(-93.491346367142,277.544432359156,-140.023048796832));
#4736=CARTESIAN_POINT('',(-93.4965508067689,273.488724260823,-140.023048796832));
#4737=CARTESIAN_POINT('',(-94.4928214356371,277.062640345337,-140.023048796832));
#4738=CARTESIAN_POINT('',(-90.999328730094,278.743298145827,-140.023048796832));
#4739=CARTESIAN_POINT('',(-94.4969806444912,273.821458154481,-140.023048796832));
#4740=CARTESIAN_POINT('Origin',(-94.4941886672773,275.997186072967,-140.023048796832));
#4741=CARTESIAN_POINT('',(-94.4941886672774,275.997186072967,-110.));
#4742=CARTESIAN_POINT('',(-94.4941886672773,275.997186072967,-140.023048796832));
#4743=CARTESIAN_POINT('',(-97.9777702781007,276.00165633802,-110.));
#4744=CARTESIAN_POINT('',(-48.8351152848883,275.93859460507,-110.));
#4745=CARTESIAN_POINT('',(-97.9777702781007,276.00165633802,-140.023048796832));
#4746=CARTESIAN_POINT('Origin',(-94.4928214356371,277.062640345337,-140.023048796832));
#4747=CARTESIAN_POINT('',(-94.4928214356371,277.062640345337,-110.));
#4748=CARTESIAN_POINT('',(-94.4928214356371,277.062640345337,-140.023048796832));
#4749=CARTESIAN_POINT('',(-94.4979585214394,273.059419636907,-110.));
#4750=CARTESIAN_POINT('Origin',(-93.491346367142,277.544432359156,-140.023048796832));
#4751=CARTESIAN_POINT('',(-93.4913463671421,277.544432359156,-110.));
#4752=CARTESIAN_POINT('',(-93.491346367142,277.544432359156,-140.023048796832));
#4753=CARTESIAN_POINT('',(-57.3837904465643,294.915141454458,-110.));
#4754=CARTESIAN_POINT('Origin',(-93.4928169266546,276.39845689362,-140.023048796832));
#4755=CARTESIAN_POINT('',(-93.4928169266546,276.39845689362,-110.));
#4756=CARTESIAN_POINT('',(-93.4928169266546,276.39845689362,-140.023048796832));
#4757=CARTESIAN_POINT('',(-93.4961097881407,273.832400612201,-110.));
#4758=CARTESIAN_POINT('Origin',(-93.4928169266546,275.997186072967,-140.023048796832));
#4759=CARTESIAN_POINT('',(-93.4928169266546,275.997186072967,-110.));
#4760=CARTESIAN_POINT('',(-93.4928169266546,275.997186072967,-140.023048796832));
#4761=CARTESIAN_POINT('',(-93.4928169266546,273.19922844681,-110.));
#4762=CARTESIAN_POINT('Origin',(-106.174858266441,275.997186072967,-151.370412301745));
#4763=CARTESIAN_POINT('',(-71.4928169266546,275.997186072967,-100.023048796832));
#4764=CARTESIAN_POINT('',(-71.4928169266546,275.997186072967,-160.023048796832));
#4765=CARTESIAN_POINT('',(-70.2104763335359,275.997186072967,-100.023048796832));
#4766=CARTESIAN_POINT('',(-94.8315526970665,275.997186072967,-100.023048796832));
#4767=CARTESIAN_POINT('',(-70.2020872575536,275.997186072967,-100.));
#4768=CARTESIAN_POINT('',(-90.9202343605478,275.997186072967,-156.922641338416));
#4769=CARTESIAN_POINT('',(-91.1310899618382,275.997186072967,-100.));
#4770=CARTESIAN_POINT('',(-52.9374291332204,275.997186072967,-100.));
#4771=CARTESIAN_POINT('',(-91.1310899618382,275.997186072967,-110.));
#4772=CARTESIAN_POINT('',(-91.1310899618382,275.997186072967,-150.023048796832));
#4773=CARTESIAN_POINT('',(-46.5964084633273,275.997186072967,-110.));
#4774=CARTESIAN_POINT('Origin',(84.5819870385959,270.566796633301,-140.023048796832));
#4775=CARTESIAN_POINT('',(95.0791886672774,275.997186072967,-140.023048796832));
#4776=CARTESIAN_POINT('',(98.5627702781007,276.00165633802,-140.023048796832));
#4777=CARTESIAN_POINT('',(89.8271122599026,275.990446407805,-140.023048796832));
#4778=CARTESIAN_POINT('',(95.077821435637,277.062640345337,-140.023048796832));
#4779=CARTESIAN_POINT('',(95.0819806444912,273.821458154481,-140.023048796832));
#4780=CARTESIAN_POINT('',(94.076346367142,277.544432359156,-140.023048796832));
#4781=CARTESIAN_POINT('',(91.584328730094,278.743298145827,-140.023048796832));
#4782=CARTESIAN_POINT('',(94.0778169266546,276.39845689362,-140.023048796832));
#4783=CARTESIAN_POINT('',(94.0815508067689,273.488724260823,-140.023048796832));
#4784=CARTESIAN_POINT('',(94.0778169266546,275.997186072967,-140.023048796832));
#4785=CARTESIAN_POINT('',(94.0778169266546,273.281991353134,-140.023048796832));
#4786=CARTESIAN_POINT('',(72.0778169266546,275.997186072967,-140.023048796832));
#4787=CARTESIAN_POINT('',(95.5284226525183,275.997186072967,-140.023048796832));
#4788=CARTESIAN_POINT('',(72.0778169266546,265.136407193635,-140.023048796832));
#4789=CARTESIAN_POINT('',(72.0778169266546,273.281991353134,-140.023048796832));
#4790=CARTESIAN_POINT('',(94.0778169266546,265.136407193635,-140.023048796832));
#4791=CARTESIAN_POINT('',(87.9011106995718,265.136407193635,-140.023048796832));
#4792=CARTESIAN_POINT('',(94.0778169266546,263.589738590159,-140.023048796832));
#4793=CARTESIAN_POINT('',(94.0778169266546,267.07826761173,-140.023048796832));
#4794=CARTESIAN_POINT('',(95.0861571505367,264.075761496078,-140.023048796832));
#4795=CARTESIAN_POINT('',(92.093658548213,262.63336850985,-140.023048796832));
#4796=CARTESIAN_POINT('',(95.0861571505368,265.136407193635,-140.023048796832));
#4797=CARTESIAN_POINT('',(95.0861571505369,267.851601913468,-140.023048796832));
#4798=CARTESIAN_POINT('',(98.5645072167885,265.136407193635,-140.023048796832));
#4799=CARTESIAN_POINT('',(91.5732471276921,265.136407193636,-140.023048796832));
#4800=CARTESIAN_POINT('Origin',(84.5819870385958,270.566796633301,-140.023048796832));
#4801=CARTESIAN_POINT('Origin',(95.077821435637,277.062640345337,-140.023048796832));
#4802=CARTESIAN_POINT('',(95.0791886672774,275.997186072967,-110.));
#4803=CARTESIAN_POINT('',(95.0791886672774,275.997186072967,-140.023048796832));
#4804=CARTESIAN_POINT('',(95.077821435637,277.062640345337,-110.));
#4805=CARTESIAN_POINT('',(95.0822749179695,273.592137148821,-110.));
#4806=CARTESIAN_POINT('',(95.077821435637,277.062640345337,-140.023048796832));
#4807=CARTESIAN_POINT('Origin',(95.0791886672774,275.997186072967,-140.023048796832));
#4808=CARTESIAN_POINT('',(98.5627702781007,276.00165633802,-110.));
#4809=CARTESIAN_POINT('',(98.5627702781007,276.00165633802,-140.023048796832));
#4810=CARTESIAN_POINT('',(47.6858244671264,275.936369096814,-110.));
#4811=CARTESIAN_POINT('Origin',(84.5819870385958,270.566796633301,-140.023048796832));
#4812=CARTESIAN_POINT('',(98.5645072167885,265.136407193635,-110.));
#4813=CARTESIAN_POINT('',(98.5645072167885,265.136407193635,-140.023048796832));
#4814=CARTESIAN_POINT('Origin',(84.5819870385959,270.566796633301,-110.));
#4815=CARTESIAN_POINT('Origin',(98.5645072167885,265.136407193635,-140.023048796832));
#4816=CARTESIAN_POINT('',(95.0861571505368,265.136407193635,-110.));
#4817=CARTESIAN_POINT('',(95.0861571505368,265.136407193635,-140.023048796832));
#4818=CARTESIAN_POINT('',(49.4322536083941,265.136407193638,-110.));
#4819=CARTESIAN_POINT('Origin',(95.0861571505368,265.136407193635,-140.023048796832));
#4820=CARTESIAN_POINT('',(95.0861571505367,264.075761496078,-110.));
#4821=CARTESIAN_POINT('',(95.0861571505367,264.075761496078,-140.023048796832));
#4822=CARTESIAN_POINT('',(95.0861571505369,267.568203596815,-110.));
#4823=CARTESIAN_POINT('Origin',(95.0861571505367,264.075761496078,-140.023048796832));
#4824=CARTESIAN_POINT('',(94.0778169266546,263.589738590159,-110.));
#4825=CARTESIAN_POINT('',(94.0778169266546,263.589738590159,-140.023048796832));
#4826=CARTESIAN_POINT('',(57.7865310221654,246.097233761853,-110.));
#4827=CARTESIAN_POINT('Origin',(-0.0795072167884769,354.300683188506,-140.023048796832));
#4828=CARTESIAN_POINT('',(-5.50989665645428,364.797884817188,-140.023048796832));
#4829=CARTESIAN_POINT('',(-5.51436692150777,368.281466428011,-140.023048796832));
#4830=CARTESIAN_POINT('',(-5.5031569912921,359.545808409813,-140.023048796832));
#4831=CARTESIAN_POINT('',(-6.57535092882469,364.796517585547,-140.023048796832));
#4832=CARTESIAN_POINT('',(-3.33416873796877,364.800676794401,-140.023048796832));
#4833=CARTESIAN_POINT('',(-7.0571429426428,363.795042517052,-140.023048796832));
#4834=CARTESIAN_POINT('',(-8.25600872931473,361.303024880004,-140.023048796832));
#4835=CARTESIAN_POINT('',(-5.91116747710691,363.796513076565,-140.023048796832));
#4836=CARTESIAN_POINT('',(-3.00143484431043,363.800246956679,-140.023048796832));
#4837=CARTESIAN_POINT('',(-5.50989665645428,363.796513076565,-140.023048796832));
#4838=CARTESIAN_POINT('',(-2.79470193662138,363.796513076565,-140.023048796832));
#4839=CARTESIAN_POINT('',(-5.50989665645429,341.796513076565,-140.023048796832));
#4840=CARTESIAN_POINT('',(-5.50989665645428,357.165598132536,-140.023048796832));
#4841=CARTESIAN_POINT('',(5.35088222287732,341.796513076565,-140.023048796832));
#4842=CARTESIAN_POINT('',(-2.79470193662138,341.796513076565,-140.023048796832));
#4843=CARTESIAN_POINT('',(5.35088222287733,363.796513076565,-140.023048796832));
#4844=CARTESIAN_POINT('',(5.35088222287733,349.048598132536,-140.023048796832));
#4845=CARTESIAN_POINT('',(6.89755082635344,363.796513076565,-140.023048796832));
#4846=CARTESIAN_POINT('',(3.40902180478248,363.796513076565,-140.023048796832));
#4847=CARTESIAN_POINT('',(6.41152792043456,364.804853300447,-140.023048796832));
#4848=CARTESIAN_POINT('',(7.85392090666297,361.812354698123,-140.023048796832));
#4849=CARTESIAN_POINT('',(5.35088222287733,364.804853300447,-140.023048796832));
#4850=CARTESIAN_POINT('',(2.63568750304471,364.804853300447,-140.023048796832));
#4851=CARTESIAN_POINT('',(5.35088222287751,368.283203366699,-140.023048796832));
#4852=CARTESIAN_POINT('',(5.35088222287712,361.291943277602,-140.023048796832));
#4853=CARTESIAN_POINT('Origin',(-0.0795072167884769,354.300683188506,-140.023048796832));
#4854=CARTESIAN_POINT('Origin',(-6.57535092882469,364.796517585547,-140.023048796832));
#4855=CARTESIAN_POINT('',(-5.50989665645428,364.797884817188,-110.));
#4856=CARTESIAN_POINT('',(-5.50989665645428,364.797884817188,-140.023048796832));
#4857=CARTESIAN_POINT('',(-6.57535092882469,364.796517585547,-110.));
#4858=CARTESIAN_POINT('',(-3.19850428214761,364.800850884216,-110.));
#4859=CARTESIAN_POINT('',(-6.57535092882469,364.796517585547,-140.023048796832));
#4860=CARTESIAN_POINT('Origin',(-5.50989665645428,364.797884817188,-140.023048796832));
#4861=CARTESIAN_POINT('',(-5.51436692150776,368.281466428011,-110.));
#4862=CARTESIAN_POINT('',(-5.51436692150776,368.281466428011,-140.023048796832));
#4863=CARTESIAN_POINT('',(-5.44906783871901,317.395292725746,-110.));
#4864=CARTESIAN_POINT('Origin',(-0.0795072167884769,354.300683188506,-140.023048796832));
#4865=CARTESIAN_POINT('',(5.35088222287751,368.283203366699,-110.));
#4866=CARTESIAN_POINT('',(5.35088222287751,368.283203366699,-140.023048796832));
#4867=CARTESIAN_POINT('Origin',(-0.0795072167884769,354.300683188506,-110.));
#4868=CARTESIAN_POINT('Origin',(5.35088222287751,368.283203366699,-140.023048796832));
#4869=CARTESIAN_POINT('',(5.35088222287733,364.804853300447,-110.));
#4870=CARTESIAN_POINT('',(5.35088222287733,364.804853300447,-140.023048796832));
#4871=CARTESIAN_POINT('',(5.35088222287481,319.141601683349,-110.));
#4872=CARTESIAN_POINT('Origin',(5.35088222287733,364.804853300447,-140.023048796832));
#4873=CARTESIAN_POINT('',(6.41152792043456,364.804853300447,-110.));
#4874=CARTESIAN_POINT('',(6.41152792043456,364.804853300447,-140.023048796832));
#4875=CARTESIAN_POINT('',(2.82544111144126,364.804853300447,-110.));
#4876=CARTESIAN_POINT('Origin',(6.41152792043456,364.804853300447,-140.023048796832));
#4877=CARTESIAN_POINT('',(6.89755082635344,363.796513076565,-110.));
#4878=CARTESIAN_POINT('',(6.89755082635344,363.796513076565,-140.023048796832));
#4879=CARTESIAN_POINT('',(24.3760574397336,327.534268937393,-110.));
#4880=CARTESIAN_POINT('Origin',(-0.0795072167883903,185.699316811494,-140.023048796832));
#4881=CARTESIAN_POINT('',(-5.51436692150776,171.718533571989,-140.023048796832));
#4882=CARTESIAN_POINT('',(-5.50989665645428,175.202115182812,-140.023048796832));
#4883=CARTESIAN_POINT('',(-5.5031569912921,180.454191590187,-140.023048796832));
#4884=CARTESIAN_POINT('',(5.35088222287755,171.716796633301,-140.023048796832));
#4885=CARTESIAN_POINT('Origin',(-0.0795072167884769,185.699316811494,-140.023048796832));
#4886=CARTESIAN_POINT('',(5.35088222287733,175.195146699553,-140.023048796832));
#4887=CARTESIAN_POINT('',(5.35088222287712,178.708056722398,-140.023048796832));
#4888=CARTESIAN_POINT('',(6.41152792043456,175.195146699553,-140.023048796832));
#4889=CARTESIAN_POINT('',(2.63568750304476,175.195146699553,-140.023048796832));
#4890=CARTESIAN_POINT('',(6.89755082635344,176.203486923435,-140.023048796832));
#4891=CARTESIAN_POINT('',(7.85392090666299,178.187645301877,-140.023048796832));
#4892=CARTESIAN_POINT('',(5.35088222287733,176.203486923435,-140.023048796832));
#4893=CARTESIAN_POINT('',(3.40902180478252,176.203486923435,-140.023048796832));
#4894=CARTESIAN_POINT('',(5.35088222287732,198.203486923435,-140.023048796832));
#4895=CARTESIAN_POINT('',(5.35088222287732,182.834401867464,-140.023048796832));
#4896=CARTESIAN_POINT('',(-5.50989665645429,198.203486923435,-140.023048796832));
#4897=CARTESIAN_POINT('',(2.63568750304447,198.203486923435,-140.023048796832));
#4898=CARTESIAN_POINT('',(-5.50989665645428,176.203486923435,-140.023048796832));
#4899=CARTESIAN_POINT('',(-5.50989665645429,190.951401867464,-140.023048796832));
#4900=CARTESIAN_POINT('',(-5.91116747710691,176.203486923435,-140.023048796832));
#4901=CARTESIAN_POINT('',(-2.79470193662133,176.203486923435,-140.023048796832));
#4902=CARTESIAN_POINT('',(-7.0571429426428,176.204957482948,-140.023048796832));
#4903=CARTESIAN_POINT('',(-3.00143484431039,176.199753043321,-140.023048796832));
#4904=CARTESIAN_POINT('',(-6.57535092882469,175.203482414453,-140.023048796832));
#4905=CARTESIAN_POINT('',(-8.25600872931472,178.696975119996,-140.023048796832));
#4906=CARTESIAN_POINT('',(-3.33416873796872,175.199323205599,-140.023048796832));
#4907=CARTESIAN_POINT('Origin',(-7.0571429426428,176.204957482948,-140.023048796832));
#4908=CARTESIAN_POINT('',(-7.0571429426428,176.204957482948,-110.));
#4909=CARTESIAN_POINT('',(-7.0571429426428,176.204957482948,-140.023048796832));
#4910=CARTESIAN_POINT('',(-6.57535092882469,175.203482414453,-110.));
#4911=CARTESIAN_POINT('',(-24.4461738621583,212.350597991132,-110.));
#4912=CARTESIAN_POINT('',(-6.57535092882469,175.203482414453,-140.023048796832));
#4913=CARTESIAN_POINT('Origin',(-5.91116747710691,176.203486923435,-140.023048796832));
#4914=CARTESIAN_POINT('',(-5.91116747710691,176.203486923435,-110.));
#4915=CARTESIAN_POINT('',(-5.91116747710691,176.203486923435,-140.023048796832));
#4916=CARTESIAN_POINT('',(-3.43875812125697,176.200314233263,-110.));
#4917=CARTESIAN_POINT('Origin',(-5.50989665645428,176.203486923435,-140.023048796832));
#4918=CARTESIAN_POINT('',(-5.50989665645428,176.203486923435,-110.));
#4919=CARTESIAN_POINT('',(-5.50989665645428,176.203486923435,-140.023048796832));
#4920=CARTESIAN_POINT('',(-2.80558373855346,176.203486923435,-110.));
#4921=CARTESIAN_POINT('Origin',(-5.50989665645429,196.203486923435,-150.023048796832));
#4922=CARTESIAN_POINT('',(-5.50989665645429,198.203486923435,-100.));
#4923=CARTESIAN_POINT('',(-5.50989665645429,198.203486923435,-150.023048796832));
#4924=CARTESIAN_POINT('',(-5.50989665645428,179.969486923435,-100.));
#4925=CARTESIAN_POINT('',(-5.50989665645429,233.601743461717,-100.));
#4926=CARTESIAN_POINT('',(-5.50989665645428,179.969486923435,-110.));
#4927=CARTESIAN_POINT('',(-5.50989665645428,179.969486923435,-150.023048796832));
#4928=CARTESIAN_POINT('',(-5.50989665645429,223.101743461718,-110.));
#4929=CARTESIAN_POINT('Origin',(5.35088222287732,198.203486923435,-150.023048796832));
#4930=CARTESIAN_POINT('',(5.35088222287732,198.203486923435,-100.));
#4931=CARTESIAN_POINT('',(5.35088222287732,198.203486923435,-150.023048796832));
#4932=CARTESIAN_POINT('',(2.82544111143865,198.203486923435,-100.));
#4933=CARTESIAN_POINT('Origin',(5.35088222287732,179.969486923435,-150.023048796832));
#4934=CARTESIAN_POINT('',(5.35088222287733,176.203486923435,-110.));
#4935=CARTESIAN_POINT('',(5.35088222287733,176.203486923435,-140.023048796832));
#4936=CARTESIAN_POINT('',(5.35088222287732,179.969486923435,-110.));
#4937=CARTESIAN_POINT('',(5.35088222287732,234.101743461717,-110.));
#4938=CARTESIAN_POINT('',(5.35088222287732,179.969486923435,-100.));
#4939=CARTESIAN_POINT('',(5.35088222287732,179.969486923435,-150.023048796832));
#4940=CARTESIAN_POINT('',(5.35088222287732,233.101743461718,-100.));
#4941=CARTESIAN_POINT('Origin',(6.89755082635344,363.796513076565,-140.023048796832));
#4942=CARTESIAN_POINT('',(5.35088222287733,363.796513076565,-110.));
#4943=CARTESIAN_POINT('',(5.35088222287733,363.796513076565,-140.023048796832));
#4944=CARTESIAN_POINT('',(3.59877541317672,363.796513076565,-110.));
#4945=CARTESIAN_POINT('Origin',(-7.0571429426428,363.795042517052,-140.023048796832));
#4946=CARTESIAN_POINT('',(-7.0571429426428,363.795042517052,-110.));
#4947=CARTESIAN_POINT('',(-24.6870698690674,327.14866447462,-110.));
#4948=CARTESIAN_POINT('',(-7.0571429426428,363.795042517052,-140.023048796832));
#4949=CARTESIAN_POINT('Origin',(-5.91116747710691,363.796513076565,-140.023048796832));
#4950=CARTESIAN_POINT('',(-5.91116747710691,363.796513076565,-110.));
#4951=CARTESIAN_POINT('',(-2.86577038848903,363.800421046494,-110.));
#4952=CARTESIAN_POINT('',(-5.91116747710691,363.796513076565,-140.023048796832));
#4953=CARTESIAN_POINT('Origin',(-5.50989665645428,363.796513076565,-140.023048796832));
#4954=CARTESIAN_POINT('',(-5.50989665645428,363.796513076565,-110.));
#4955=CARTESIAN_POINT('',(-2.60494832822714,363.796513076565,-110.));
#4956=CARTESIAN_POINT('',(-5.50989665645428,363.796513076565,-140.023048796832));
#4957=CARTESIAN_POINT('Origin',(5.35088222287732,343.796513076565,-150.023048796832));
#4958=CARTESIAN_POINT('',(5.35088222287732,341.796513076565,-100.));
#4959=CARTESIAN_POINT('',(5.35088222287732,341.796513076565,-160.023048796832));
#4960=CARTESIAN_POINT('',(5.35088222287733,360.030513076565,-100.));
#4961=CARTESIAN_POINT('',(5.35088222287732,306.898256538282,-100.));
#4962=CARTESIAN_POINT('',(5.35088222287733,360.030513076565,-110.));
#4963=CARTESIAN_POINT('',(5.35088222287733,360.030513076565,-150.023048796832));
#4964=CARTESIAN_POINT('',(5.35088222287732,316.898256538282,-110.));
#4965=CARTESIAN_POINT('Origin',(-5.50989665645429,341.796513076565,-150.023048796832));
#4966=CARTESIAN_POINT('',(-5.50989665645429,341.796513076565,-100.));
#4967=CARTESIAN_POINT('',(-5.50989665645429,341.796513076565,-150.023048796832));
#4968=CARTESIAN_POINT('',(-2.60494832822716,341.796513076565,-100.));
#4969=CARTESIAN_POINT('Origin',(84.5819870385959,270.566796633301,-120.023048796832));
#4970=CARTESIAN_POINT('',(70.5104763335359,275.762235640486,-100.023048796832));
#4971=CARTESIAN_POINT('',(70.5994668604031,275.997186072967,-100.267548259945));
#4972=CARTESIAN_POINT('Origin',(84.5819870385959,270.566796633301,-138.684206716598));
#4973=CARTESIAN_POINT('',(70.5994668604031,275.997186072967,-100.023048796832));
#4974=CARTESIAN_POINT('Origin',(84.5819870385959,270.566796633301,-100.023048796832));
#4975=CARTESIAN_POINT('',(70.5994668604031,275.997186072967,-120.023048796832));
#4976=CARTESIAN_POINT('Origin',(84.5819870385959,270.566796633301,-120.023048796832));
#4977=CARTESIAN_POINT('',(70.5994668604032,265.136407193635,-100.267548259945));
#4978=CARTESIAN_POINT('',(70.5104763335359,265.371357626116,-100.023048796832));
#4979=CARTESIAN_POINT('Origin',(84.5819870385959,270.566796633301,-138.684206716598));
#4980=CARTESIAN_POINT('',(70.5994668604032,265.136407193635,-100.023048796832));
#4981=CARTESIAN_POINT('',(70.5994668604032,265.136407193635,-120.023048796832));
#4982=CARTESIAN_POINT('Origin',(84.5819870385959,270.566796633301,-100.023048796832));
#4983=CARTESIAN_POINT('Origin',(84.0732471276922,270.566796633301,-100.023048796832));
#4984=CARTESIAN_POINT('',(70.5104763335359,273.281991353134,-100.023048796832));
#4985=CARTESIAN_POINT('',(72.0778169266546,265.136407193635,-100.023048796832));
#4986=CARTESIAN_POINT('',(87.64674074412,265.136407193635,-100.023048796832));
#4987=CARTESIAN_POINT('',(72.0778169266546,275.997186072967,-100.023048796832));
#4988=CARTESIAN_POINT('',(72.0778169266546,273.281991353134,-100.023048796832));
#4989=CARTESIAN_POINT('',(95.2740526970665,275.997186072967,-100.023048796832));
#4990=CARTESIAN_POINT('Origin',(94.0778169266546,263.589738590159,-140.023048796832));
#4991=CARTESIAN_POINT('',(94.0778169266546,265.136407193635,-110.));
#4992=CARTESIAN_POINT('',(94.0778169266546,265.136407193635,-140.023048796832));
#4993=CARTESIAN_POINT('',(94.0778169266546,266.79486929508,-110.));
#4994=CARTESIAN_POINT('Origin',(94.076346367142,277.544432359156,-140.023048796832));
#4995=CARTESIAN_POINT('',(94.0763463671421,277.544432359156,-110.));
#4996=CARTESIAN_POINT('',(57.4741433417435,295.153107463057,-110.));
#4997=CARTESIAN_POINT('',(94.076346367142,277.544432359156,-140.023048796832));
#4998=CARTESIAN_POINT('Origin',(94.0778169266546,276.39845689362,-140.023048796832));
#4999=CARTESIAN_POINT('',(94.0778169266546,276.39845689362,-110.));
#5000=CARTESIAN_POINT('',(94.0818450802473,273.259403255163,-110.));
#5001=CARTESIAN_POINT('',(94.0778169266546,276.39845689362,-140.023048796832));
#5002=CARTESIAN_POINT('Origin',(94.0778169266546,275.997186072967,-140.023048796832));
#5003=CARTESIAN_POINT('',(94.0778169266546,275.997186072967,-110.));
#5004=CARTESIAN_POINT('',(94.0778169266546,272.998593036483,-110.));
#5005=CARTESIAN_POINT('',(94.0778169266546,275.997186072967,-140.023048796832));
#5006=CARTESIAN_POINT('Origin',(91.2202343605477,275.997186072967,-156.922641338416));
#5007=CARTESIAN_POINT('',(70.5020872575535,275.997186072967,-100.));
#5008=CARTESIAN_POINT('',(91.2202343605477,275.997186072967,-156.922641338416));
#5009=CARTESIAN_POINT('',(70.5020872575535,265.136407193635,-100.));
#5010=CARTESIAN_POINT('',(70.5020872575535,272.998593036483,-100.));
#5011=CARTESIAN_POINT('',(91.2202343605477,265.136407193635,-156.922641338416));
#5012=CARTESIAN_POINT('Origin',(106.474858266441,275.997186072967,-151.370412301745));
#5013=CARTESIAN_POINT('',(91.4482944554821,275.997186072967,-110.));
#5014=CARTESIAN_POINT('',(36.1889084633273,275.997186072967,-110.));
#5015=CARTESIAN_POINT('',(91.4482944554821,275.997186072967,-100.));
#5016=CARTESIAN_POINT('',(91.4482944554821,275.997186072967,-150.023048796832));
#5017=CARTESIAN_POINT('',(53.3874291332204,275.997186072967,-100.));
#5018=CARTESIAN_POINT('',(72.0778169266546,275.997186072967,-160.023048796832));
#5019=CARTESIAN_POINT('Origin',(6.89755082635344,176.203486923435,-140.023048796832));
#5020=CARTESIAN_POINT('',(6.89755082635344,176.203486923435,-110.));
#5021=CARTESIAN_POINT('',(6.89755082635344,176.203486923435,-140.023048796832));
#5022=CARTESIAN_POINT('',(2.82544111143866,176.203486923435,-110.));
#5023=CARTESIAN_POINT('Origin',(6.41152792043456,175.195146699553,-140.023048796832));
#5024=CARTESIAN_POINT('',(6.41152792043456,175.195146699553,-110.));
#5025=CARTESIAN_POINT('',(6.41152792043456,175.195146699553,-120.023048796832));
#5026=CARTESIAN_POINT('',(24.619068892693,212.969901174548,-110.));
#5027=CARTESIAN_POINT('Origin',(5.35088222287733,175.195146699553,-140.023048796832));
#5028=CARTESIAN_POINT('',(5.35088222287733,175.195146699553,-110.));
#5029=CARTESIAN_POINT('',(5.35088222287733,175.195146699553,-140.023048796832));
#5030=CARTESIAN_POINT('',(3.35576396021988,175.195146699553,-110.));
#5031=CARTESIAN_POINT('Origin',(5.35088222287751,171.716796633301,-140.023048796832));
#5032=CARTESIAN_POINT('',(5.35088222287751,171.716796633301,-110.));
#5033=CARTESIAN_POINT('',(5.35088222287751,171.716796633301,-140.023048796832));
#5034=CARTESIAN_POINT('',(5.35088222287472,222.597573349777,-110.));
#5035=CARTESIAN_POINT('Origin',(-0.0795072167884769,185.699316811494,-140.023048796832));
#5036=CARTESIAN_POINT('',(-5.51436692150776,171.718533571989,-110.));
#5037=CARTESIAN_POINT('',(-5.51436692150776,171.718533571989,-140.023048796832));
#5038=CARTESIAN_POINT('Origin',(-0.0795072167884769,185.699316811494,-110.));
#5039=CARTESIAN_POINT('Origin',(-5.50989665645428,175.202115182812,-140.023048796832));
#5040=CARTESIAN_POINT('',(-5.50989665645428,175.202115182812,-110.));
#5041=CARTESIAN_POINT('',(-5.50989665645428,175.202115182812,-140.023048796832));
#5042=CARTESIAN_POINT('',(-5.45130297124575,220.862916468843,-110.));
#5043=CARTESIAN_POINT('Origin',(-6.57535092882469,175.203482414453,-140.023048796832));
#5044=CARTESIAN_POINT('',(-2.66577714596241,175.198465499964,-110.));
#5045=CARTESIAN_POINT('Origin',(-83.4882471276922,270.566796633301,-100.023048796832));
#5046=CARTESIAN_POINT('',(-70.2104763335359,265.136407193635,-100.023048796832));
#5047=CARTESIAN_POINT('',(-71.4928169266546,265.136407193635,-100.023048796832));
#5048=CARTESIAN_POINT('',(-87.20424074412,265.136407193635,-100.023048796832));
#5049=CARTESIAN_POINT('',(-70.2104763335359,273.281991353134,-100.023048796832));
#5050=CARTESIAN_POINT('',(-71.4928169266546,267.851601913468,-100.023048796832));
#5051=CARTESIAN_POINT('Origin',(-93.4928169266546,263.589738590159,-140.023048796832));
#5052=CARTESIAN_POINT('',(-93.4928169266546,263.589738590159,-110.));
#5053=CARTESIAN_POINT('',(-93.4928169266546,263.589738590159,-140.023048796832));
#5054=CARTESIAN_POINT('',(-93.4928169266546,265.136407193635,-110.));
#5055=CARTESIAN_POINT('',(-93.4928169266546,267.568203596818,-110.));
#5056=CARTESIAN_POINT('',(-93.4928169266546,265.136407193635,-140.023048796832));
#5057=CARTESIAN_POINT('Origin',(-94.5011571505367,264.075761496078,-140.023048796832));
#5058=CARTESIAN_POINT('',(-94.5011571505367,264.075761496078,-110.));
#5059=CARTESIAN_POINT('',(-94.5011571505367,264.075761496078,-120.023048796832));
#5060=CARTESIAN_POINT('',(-56.6912748622194,245.851288816143,-110.));
#5061=CARTESIAN_POINT('Origin',(-94.5011571505368,265.136407193635,-140.023048796832));
#5062=CARTESIAN_POINT('',(-94.5011571505368,265.136407193635,-110.));
#5063=CARTESIAN_POINT('',(-94.5011571505368,265.136407193635,-140.023048796832));
#5064=CARTESIAN_POINT('',(-94.5011571505369,267.037880748036,-110.));
#5065=CARTESIAN_POINT('Origin',(-97.9795072167885,265.136407193635,-140.023048796832));
#5066=CARTESIAN_POINT('',(-97.9795072167885,265.136407193635,-110.));
#5067=CARTESIAN_POINT('',(-97.9795072167885,265.136407193635,-140.023048796832));
#5068=CARTESIAN_POINT('',(-47.1005785752683,265.136407193638,-110.));
#5069=CARTESIAN_POINT('Origin',(-83.9969870385958,270.566796633301,-140.023048796832));
#5070=CARTESIAN_POINT('Origin',(-83.9969870385959,270.566796633301,-110.));
#5071=CARTESIAN_POINT('Origin',(0.299999999999976,270.,-110.));
#5072=CARTESIAN_POINT('',(-99.7,270.,-110.));
#5073=CARTESIAN_POINT('Origin',(0.299999999999976,270.,-110.));
#5074=CARTESIAN_POINT('',(-5.50989665645428,360.030513076565,-110.));
#5075=CARTESIAN_POINT('',(2.82544111143865,360.030513076565,-110.));
#5076=CARTESIAN_POINT('',(-5.50989665645429,305.898256538283,-110.));
#5077=CARTESIAN_POINT('',(91.4482944554821,265.136407193635,-110.));
#5078=CARTESIAN_POINT('',(47.1889084633273,265.136407193635,-110.));
#5079=CARTESIAN_POINT('',(91.4482944554821,267.568203596818,-110.));
#5080=CARTESIAN_POINT('',(-2.60494832822715,179.969486923435,-110.));
#5081=CARTESIAN_POINT('',(-91.1310899618382,265.136407193635,-110.));
#5082=CARTESIAN_POINT('',(-35.5964084633273,265.136407193635,-110.));
#5083=CARTESIAN_POINT('',(-91.1310899618382,272.998593036483,-110.));
#5084=CARTESIAN_POINT('Origin',(-71.4928169266546,265.136407193635,-150.023048796832));
#5085=CARTESIAN_POINT('',(-71.4928169266546,265.136407193635,-138.472845067624));
#5086=CARTESIAN_POINT('Origin',(-90.9202343605478,265.136407193635,-156.922641338416));
#5087=CARTESIAN_POINT('',(-91.1310899618382,265.136407193635,-100.));
#5088=CARTESIAN_POINT('',(-91.1310899618382,265.136407193635,-150.023048796832));
#5089=CARTESIAN_POINT('',(-70.2020872575535,265.136407193635,-100.));
#5090=CARTESIAN_POINT('',(-45.4155449809191,265.136407193635,-100.));
#5091=CARTESIAN_POINT('',(-90.9202343605478,265.136407193635,-156.922641338416));
#5092=CARTESIAN_POINT('Origin',(72.0778169266546,275.997186072967,-150.023048796832));
#5093=CARTESIAN_POINT('',(72.0778169266546,265.136407193635,-138.472845067624));
#5094=CARTESIAN_POINT('Origin',(91.2202343605478,265.136407193635,-156.922641338416));
#5095=CARTESIAN_POINT('',(91.4482944554821,265.136407193635,-100.));
#5096=CARTESIAN_POINT('',(37.1889084633273,265.136407193635,-100.));
#5097=CARTESIAN_POINT('',(91.4482944554821,265.136407193635,-150.023048796832));
#5098=CARTESIAN_POINT('Origin',(0.299999999999976,270.,-100.));
#5099=CARTESIAN_POINT('',(-94.7,270.,-100.));
#5100=CARTESIAN_POINT('Origin',(0.299999999999976,270.,-100.));
#5101=CARTESIAN_POINT('',(91.4482944554821,267.568203596818,-100.));
#5102=CARTESIAN_POINT('',(-70.2020872575536,272.998593036483,-100.));
#5103=CARTESIAN_POINT('',(-91.1310899618382,272.998593036483,-100.));
#5104=CARTESIAN_POINT('',(-5.50989665645428,360.030513076565,-100.));
#5105=CARTESIAN_POINT('',(-5.50989665645429,306.398256538283,-100.));
#5106=CARTESIAN_POINT('',(2.82544111143865,360.030513076565,-100.));
#5107=CARTESIAN_POINT('',(-2.60494832822715,179.969486923435,-100.));
#5108=CARTESIAN_POINT('Origin',(-5.50989665645428,360.030513076565,-150.023048796832));
#5109=CARTESIAN_POINT('',(-5.50989665645428,360.030513076565,-150.023048796832));
#5110=CARTESIAN_POINT('Origin',(5.35088222287733,360.030513076565,-150.023048796832));
#5111=CARTESIAN_POINT('Origin',(-5.50989665645428,179.969486923435,-150.023048796832));
#5112=CARTESIAN_POINT('Origin',(-91.1310899618382,275.997186072967,-150.023048796832));
#5113=CARTESIAN_POINT('Origin',(-90.9202343605478,275.997186072967,-156.922641338416));
#5114=CARTESIAN_POINT('Origin',(91.4482944554821,265.136407193635,-150.023048796832));
#5115=CARTESIAN_POINT('Origin',(0.299999999999976,270.,0.));
#5116=CARTESIAN_POINT('',(-94.7,270.,0.));
#5117=CARTESIAN_POINT('Origin',(0.299999999999976,270.,0.));
#5118=CARTESIAN_POINT('',(-99.7,270.,0.));
#5119=CARTESIAN_POINT('Origin',(32.5100015441421,273.900013009552,-60.));
#5120=CARTESIAN_POINT('',(32.5100015441421,279.,-60.));
#5121=CARTESIAN_POINT('',(32.5100015441421,273.900013009552,-60.));
#5122=CARTESIAN_POINT('',(32.5100015441421,259.950006504776,-60.));
#5123=CARTESIAN_POINT('',(32.5100015441421,279.,-50.));
#5124=CARTESIAN_POINT('',(32.5100015441421,279.,-60.));
#5125=CARTESIAN_POINT('',(32.5100015441421,273.900013009552,-50.));
#5126=CARTESIAN_POINT('',(32.5100015441421,279.,-50.));
#5127=CARTESIAN_POINT('',(32.5100015441421,273.900013009552,-60.));
#5128=CARTESIAN_POINT('Origin',(14.4999968707561,273.900013009552,-60.));
#5129=CARTESIAN_POINT('',(14.4999968707561,273.900013009552,-60.));
#5130=CARTESIAN_POINT('',(30.7499984353781,273.900013009552,-60.));
#5131=CARTESIAN_POINT('',(14.4999968707561,273.900013009552,-50.));
#5132=CARTESIAN_POINT('',(32.5100015441421,273.900013009552,-50.));
#5133=CARTESIAN_POINT('',(14.4999968707561,273.900013009552,-60.));
#5134=CARTESIAN_POINT('Origin',(23.5049992074491,276.450006504776,-50.));
#5135=CARTESIAN_POINT('',(14.4999968707561,279.,-50.));
#5136=CARTESIAN_POINT('',(14.4999968707561,279.,-50.));
#5137=CARTESIAN_POINT('',(14.4999968707561,273.900013009552,-50.));
#5138=CARTESIAN_POINT('Origin',(47.,246.,-60.));
#5139=CARTESIAN_POINT('',(14.5,218.,-60.));
#5140=CARTESIAN_POINT('',(14.5,218.,-60.));
#5141=CARTESIAN_POINT('',(54.9999968707561,218.,-60.));
#5142=CARTESIAN_POINT('',(79.5,218.,-60.));
#5143=CARTESIAN_POINT('',(67.9999970644712,218.000003248453,-60.0000008940697));
#5144=CARTESIAN_POINT('',(79.5,218.,-60.));
#5145=CARTESIAN_POINT('',(67.9999970644712,211.,-60.0000008940697));
#5146=CARTESIAN_POINT('',(67.9999970644712,216.500001624227,-60.0000008940697));
#5147=CARTESIAN_POINT('',(74.7550016131069,211.,-60.0000008940697));
#5148=CARTESIAN_POINT('',(67.9999970644712,211.,-60.0000008940697));
#5149=CARTESIAN_POINT('',(77.7562558184238,215.,-60.0000008940697));
#5150=CARTESIAN_POINT('Ctrl Pts',(74.7550016131069,211.,-60.0000008940697));
#5151=CARTESIAN_POINT('Ctrl Pts',(74.8368860850434,211.106010151404,-60.0000008940697));
#5152=CARTESIAN_POINT('Ctrl Pts',(74.998831269628,211.315860390914,-60.0000008940697));
#5153=CARTESIAN_POINT('Ctrl Pts',(75.2362781289016,211.624125988958,-60.0000008940697));
#5154=CARTESIAN_POINT('Ctrl Pts',(75.5417489818771,212.021909367244,-60.0000008940697));
#5155=CARTESIAN_POINT('Ctrl Pts',(75.9037115704657,212.495488468171,-60.0000008940697));
#5156=CARTESIAN_POINT('Ctrl Pts',(76.2437655805534,212.942998886467,-60.0000008940697));
#5157=CARTESIAN_POINT('Ctrl Pts',(76.5596679378282,213.361771622301,-60.0000008940697));
#5158=CARTESIAN_POINT('Ctrl Pts',(76.8495157474583,213.749542450206,-60.0000008940697));
#5159=CARTESIAN_POINT('Ctrl Pts',(77.1131042845441,214.106067771154,-60.0000008940697));
#5160=CARTESIAN_POINT('Ctrl Pts',(77.351888466439,214.433078769061,-60.0000008940697));
#5161=CARTESIAN_POINT('Ctrl Pts',(77.5244426251913,214.672706604868,-60.0000008940697));
#5162=CARTESIAN_POINT('Ctrl Pts',(77.6440879003753,214.840801898906,-60.0000008940697));
#5163=CARTESIAN_POINT('Ctrl Pts',(77.7195786179113,214.947781289754,-60.0000008940697));
#5164=CARTESIAN_POINT('Ctrl Pts',(77.7562558184238,215.,-60.0000008940697));
#5165=CARTESIAN_POINT('',(79.7950037900591,218.000010354444,-60.0000008940697));
#5166=CARTESIAN_POINT('Ctrl Pts',(77.7562558184238,215.,-60.0000008940697));
#5167=CARTESIAN_POINT('Ctrl Pts',(77.7983411047573,215.059862631077,-60.0000008940697));
#5168=CARTESIAN_POINT('Ctrl Pts',(77.8823973562437,215.179599896226,-60.0000008940697));
#5169=CARTESIAN_POINT('Ctrl Pts',(78.00813878098,215.359241801782,-60.0000008940697));
#5170=CARTESIAN_POINT('Ctrl Pts',(78.1750967290177,215.598837553008,-60.0000008940697));
#5171=CARTESIAN_POINT('Ctrl Pts',(78.3825530558622,215.898462550524,-60.0000008940697));
#5172=CARTESIAN_POINT('Ctrl Pts',(78.5886569893194,216.198229540777,-60.0000008940697));
#5173=CARTESIAN_POINT('Ctrl Pts',(78.7932975852723,216.498150172206,-60.0000008940697));
#5174=CARTESIAN_POINT('Ctrl Pts',(78.9964132258256,216.798230914304,-60.0000008940697));
#5175=CARTESIAN_POINT('Ctrl Pts',(79.1980629384227,217.098465569553,-60.0000008940697));
#5176=CARTESIAN_POINT('Ctrl Pts',(79.3983567907789,217.398842581524,-60.0000008940697));
#5177=CARTESIAN_POINT('Ctrl Pts',(79.557595897011,217.63924876221,-60.0000008940697));
#5178=CARTESIAN_POINT('Ctrl Pts',(79.6765005557716,217.819608484823,-60.0000008940697));
#5179=CARTESIAN_POINT('Ctrl Pts',(79.7555409438176,217.939872383803,-60.0000008940697));
#5180=CARTESIAN_POINT('Ctrl Pts',(79.7950037900591,218.000010354444,-60.0000008940697));
#5181=CARTESIAN_POINT('',(79.5,218.,-60.));
#5182=CARTESIAN_POINT('',(67.9999970644712,218.000003248453,-60.0000008940697));
#5183=CARTESIAN_POINT('',(79.5,274.,-60.));
#5184=CARTESIAN_POINT('',(79.5,274.,-60.));
#5185=CARTESIAN_POINT('',(95.2062545220542,274.000013014302,-60.));
#5186=CARTESIAN_POINT('',(84.4999970644712,274.000004097819,-60.0000008940697));
#5187=CARTESIAN_POINT('',(94.8660294683904,279.,-60.));
#5188=CARTESIAN_POINT('Ctrl Pts',(95.2062545220542,274.000013014302,-60.));
#5189=CARTESIAN_POINT('Ctrl Pts',(95.2043026358471,274.050378143521,-60.));
#5190=CARTESIAN_POINT('Ctrl Pts',(95.2004364957369,274.149463560544,-60.));
#5191=CARTESIAN_POINT('Ctrl Pts',(95.1947501836713,274.293157143203,-60.));
#5192=CARTESIAN_POINT('Ctrl Pts',(95.1873945205429,274.474866536179,-60.));
#5193=CARTESIAN_POINT('Ctrl Pts',(95.1785692546336,274.685606723564,-60.));
#5194=CARTESIAN_POINT('Ctrl Pts',(95.1700875452167,274.880307221363,-60.));
#5195=CARTESIAN_POINT('Ctrl Pts',(95.1618958015158,275.059778969404,-60.));
#5196=CARTESIAN_POINT('Ctrl Pts',(95.1539016341389,275.225481125618,-60.));
#5197=CARTESIAN_POINT('Ctrl Pts',(95.1459656050125,275.379672158757,-60.));
#5198=CARTESIAN_POINT('Ctrl Pts',(95.1378857018775,275.52567991908,-60.));
#5199=CARTESIAN_POINT('Ctrl Pts',(95.1294078803932,275.667750157243,-60.));
#5200=CARTESIAN_POINT('Ctrl Pts',(95.1202616145983,275.810490575838,-60.));
#5201=CARTESIAN_POINT('Ctrl Pts',(95.1101887611211,275.958424810841,-60.));
#5202=CARTESIAN_POINT('Ctrl Pts',(95.0989747195005,276.115509870508,-60.));
#5203=CARTESIAN_POINT('Ctrl Pts',(95.0864801566286,276.28464727489,-60.));
#5204=CARTESIAN_POINT('Ctrl Pts',(95.072669340147,276.467246433682,-60.));
#5205=CARTESIAN_POINT('Ctrl Pts',(95.05760184536,276.663346160552,-60.));
#5206=CARTESIAN_POINT('Ctrl Pts',(95.0414284506444,276.871673916626,-60.));
#5207=CARTESIAN_POINT('Ctrl Pts',(95.0243855024336,277.089727550529,-60.));
#5208=CARTESIAN_POINT('Ctrl Pts',(95.0067918740429,277.313821947592,-60.));
#5209=CARTESIAN_POINT('Ctrl Pts',(94.9890423296829,277.539182257342,-60.));
#5210=CARTESIAN_POINT('Ctrl Pts',(94.9716106831151,277.759910210599,-60.));
#5211=CARTESIAN_POINT('Ctrl Pts',(94.9550122576314,277.969474787712,-60.));
#5212=CARTESIAN_POINT('Ctrl Pts',(94.9397404137805,278.161535864546,-60.));
#5213=CARTESIAN_POINT('Ctrl Pts',(94.9262128755547,278.330642953754,-60.));
#5214=CARTESIAN_POINT('Ctrl Pts',(94.9147090418921,278.473045970002,-60.));
#5215=CARTESIAN_POINT('Ctrl Pts',(94.9053206922991,278.587342033039,-60.));
#5216=CARTESIAN_POINT('Ctrl Pts',(94.8978700579882,278.675520694142,-60.));
#5217=CARTESIAN_POINT('Ctrl Pts',(94.8919399450289,278.742646629653,-60.));
#5218=CARTESIAN_POINT('Ctrl Pts',(94.8870402596516,278.794897965351,-60.));
#5219=CARTESIAN_POINT('Ctrl Pts',(94.8827235406167,278.838202917664,-60.));
#5220=CARTESIAN_POINT('Ctrl Pts',(94.8787546590492,278.876272778958,-60.));
#5221=CARTESIAN_POINT('Ctrl Pts',(94.8751252643959,278.910326396676,-60.));
#5222=CARTESIAN_POINT('Ctrl Pts',(94.8719342015488,278.940272132155,-60.));
#5223=CARTESIAN_POINT('Ctrl Pts',(94.8692996781431,278.965532895193,-60.));
#5224=CARTESIAN_POINT('Ctrl Pts',(94.867678861053,278.98181257488,-60.));
#5225=CARTESIAN_POINT('Ctrl Pts',(94.866744867888,278.991777441632,-60.));
#5226=CARTESIAN_POINT('Ctrl Pts',(94.8662471134683,278.997425108618,-60.));
#5227=CARTESIAN_POINT('Ctrl Pts',(94.8660294683904,279.,-60.));
#5228=CARTESIAN_POINT('',(84.4999970644712,279.,-60.0000008940697));
#5229=CARTESIAN_POINT('',(20.7347425066008,221.482508113705,-60.));
#5230=CARTESIAN_POINT('Origin',(17.8347425066008,221.482508113705,-60.));
#5231=CARTESIAN_POINT('',(78.7347425065991,270.482508113707,-60.));
#5232=CARTESIAN_POINT('Origin',(75.8347425065992,270.482508113707,-60.));
#5233=CARTESIAN_POINT('',(20.7347425065995,270.482508113705,-60.));
#5234=CARTESIAN_POINT('Origin',(17.8347425065995,270.482508113705,-60.));
#5235=CARTESIAN_POINT('',(78.7347425066004,221.482508113707,-60.));
#5236=CARTESIAN_POINT('Origin',(75.8347425066004,221.482508113707,-60.));
#5237=CARTESIAN_POINT('Origin',(73.2062545220542,276.59951122994,-62.4658740578953));
#5238=CARTESIAN_POINT('',(93.2062545220542,274.93351122994,-62.4658740578953));
#5239=CARTESIAN_POINT('Origin',(93.2062545220542,276.59951122994,-62.4658740578953));
#5240=CARTESIAN_POINT('',(53.2062545220542,274.93351122994,-62.4658740578953));
#5241=CARTESIAN_POINT('',(73.2062545220542,274.93351122994,-62.4658740578953));
#5242=CARTESIAN_POINT('Origin',(53.2062545220542,276.59951122994,-62.4658740578953));
#5243=CARTESIAN_POINT('Origin',(53.2062545220542,276.59951122994,-62.4658740578953));
#5244=CARTESIAN_POINT('Origin',(96.7062545220542,276.62102425643,-62.4817700213594));
#5245=CARTESIAN_POINT('',(95.1812223800919,274.621115029683,-62.5008248047676));
#5246=CARTESIAN_POINT('',(95.1812262115006,274.62102425643,-62.4817700213595));
#5247=CARTESIAN_POINT('Ctrl Pts',(95.1812223800919,274.621115029683,-62.5008248047676));
#5248=CARTESIAN_POINT('Ctrl Pts',(95.1812249348234,274.621054503806,-62.4944722655321));
#5249=CARTESIAN_POINT('Ctrl Pts',(95.1812261907897,274.621024747113,-62.4881205905224));
#5250=CARTESIAN_POINT('Ctrl Pts',(95.1812262115006,274.62102425643,-62.4817700213595));
#5251=CARTESIAN_POINT('Ctrl Pts',(95.1812262115006,274.62102425643,-62.4817700213595));
#5252=CARTESIAN_POINT('Ctrl Pts',(95.1812262115006,274.62102425643,-62.283033369313));
#5253=CARTESIAN_POINT('Ctrl Pts',(95.1799867813765,274.650647222769,-62.0853704471449));
#5254=CARTESIAN_POINT('Ctrl Pts',(95.1741492389767,274.786640965758,-61.6419733074053));
#5255=CARTESIAN_POINT('Ctrl Pts',(95.1686902250098,274.913919521012,-61.4066133912216));
#5256=CARTESIAN_POINT('Ctrl Pts',(95.154337777693,275.217213042821,-61.0419162900014));
#5257=CARTESIAN_POINT('Ctrl Pts',(95.1464949781,275.375566009937,-60.9029609021178));
#5258=CARTESIAN_POINT('Ctrl Pts',(95.1230322887014,275.777884092661,-60.6486814963979));
#5259=CARTESIAN_POINT('Ctrl Pts',(95.1055048510571,276.029250255725,-60.5528750387198));
#5260=CARTESIAN_POINT('Ctrl Pts',(95.0711785847359,276.488197504453,-60.4762728644084));
#5261=CARTESIAN_POINT('Ctrl Pts',(95.0556798730858,276.688412463926,-60.4730127123902));
#5262=CARTESIAN_POINT('Ctrl Pts',(95.0260754678071,277.068358122884,-60.5237548927954));
#5263=CARTESIAN_POINT('Ctrl Pts',(95.0120658285526,277.246734628685,-60.5732512918439));
#5264=CARTESIAN_POINT('Ctrl Pts',(94.9795947107501,277.659112033123,-60.7518398431314));
#5265=CARTESIAN_POINT('Ctrl Pts',(94.9621876599631,277.879160798102,-60.9045805511816));
#5266=CARTESIAN_POINT('Ctrl Pts',(94.9330438867096,278.245597959925,-61.2858771863613));
#5267=CARTESIAN_POINT('Ctrl Pts',(94.9215314954563,278.388920827245,-61.5101294859859));
#5268=CARTESIAN_POINT('Ctrl Pts',(94.9066319000204,278.571503546789,-61.9788681506093));
#5269=CARTESIAN_POINT('Ctrl Pts',(94.9027239737603,278.617660823164,-62.2157290332852));
#5270=CARTESIAN_POINT('Ctrl Pts',(94.9022145365451,278.623709281779,-62.6702191559356));
#5271=CARTESIAN_POINT('Ctrl Pts',(94.9049230199506,278.591860877602,-62.8843043494553));
#5272=CARTESIAN_POINT('Ctrl Pts',(94.9163992806417,278.452183884161,-63.322504887327));
#5273=CARTESIAN_POINT('Ctrl Pts',(94.9258244654373,278.335607677542,-63.5401090093168));
#5274=CARTESIAN_POINT('Ctrl Pts',(94.951330286982,278.016078673243,-63.9395074178795));
#5275=CARTESIAN_POINT('Ctrl Pts',(94.9677021936487,277.809506299508,-64.1122703566521));
#5276=CARTESIAN_POINT('Ctrl Pts',(94.9999782562966,277.400436165239,-64.3343649641234));
#5277=CARTESIAN_POINT('Ctrl Pts',(95.0147758099176,277.212425659063,-64.4026541097652));
#5278=CARTESIAN_POINT('Ctrl Pts',(95.0440991193435,276.837442968529,-64.4784945073313));
#5279=CARTESIAN_POINT('Ctrl Pts',(95.0584357863615,276.65322402191,-64.4899313642902));
#5280=CARTESIAN_POINT('Ctrl Pts',(95.0926548733026,276.204316140403,-64.4559453202701));
#5281=CARTESIAN_POINT('Ctrl Pts',(95.1117824168227,275.945067414991,-64.3829044721668));
#5282=CARTESIAN_POINT('Ctrl Pts',(95.1392616708257,275.509436064506,-64.1592704209235));
#5283=CARTESIAN_POINT('Ctrl Pts',(95.1487059382675,275.329576905964,-64.0251034701741));
#5284=CARTESIAN_POINT('Ctrl Pts',(95.1643321303591,275.010043151798,-63.6909225270359));
#5285=CARTESIAN_POINT('Ctrl Pts',(95.1701848258755,274.876951303549,-63.4895265215995));
#5286=CARTESIAN_POINT('Ctrl Pts',(95.1788350450002,274.678543141415,-63.0264100028419));
#5287=CARTESIAN_POINT('Ctrl Pts',(95.1811160681196,274.623633738747,-62.765177822554));
#5288=CARTESIAN_POINT('Ctrl Pts',(95.1812223800919,274.621115029683,-62.5008248047676));
#5289=CARTESIAN_POINT('',(93.2062545220542,274.62102425643,-62.4817700213594));
#5290=CARTESIAN_POINT('',(96.7062545220542,274.62102425643,-62.4817700213594));
#5291=CARTESIAN_POINT('Origin',(93.2062545220542,276.62102425643,-62.4817700213594));
#5292=CARTESIAN_POINT('Origin',(93.2062545220542,276.62102425643,-62.4817700213594));
#5293=CARTESIAN_POINT('Ctrl Pts',(95.2062545220542,274.000013014302,-60.));
#5294=CARTESIAN_POINT('Ctrl Pts',(95.2062545220542,274.000013014302,-74.));
#5295=CARTESIAN_POINT('Ctrl Pts',(95.2043026358471,274.050378143521,-60.));
#5296=CARTESIAN_POINT('Ctrl Pts',(95.2043026358471,274.050378143521,-74.));
#5297=CARTESIAN_POINT('Ctrl Pts',(95.2004364957369,274.149463560544,-60.));
#5298=CARTESIAN_POINT('Ctrl Pts',(95.2004364957369,274.149463560544,-74.));
#5299=CARTESIAN_POINT('Ctrl Pts',(95.1947501836713,274.293157143203,-60.));
#5300=CARTESIAN_POINT('Ctrl Pts',(95.1947501836713,274.293157143203,-74.));
#5301=CARTESIAN_POINT('Ctrl Pts',(95.1873945205429,274.474866536179,-60.));
#5302=CARTESIAN_POINT('Ctrl Pts',(95.1873945205429,274.474866536179,-74.));
#5303=CARTESIAN_POINT('Ctrl Pts',(95.1785692546336,274.685606723564,-60.));
#5304=CARTESIAN_POINT('Ctrl Pts',(95.1785692546336,274.685606723564,-74.));
#5305=CARTESIAN_POINT('Ctrl Pts',(95.1700875452167,274.880307221363,-60.));
#5306=CARTESIAN_POINT('Ctrl Pts',(95.1700875452167,274.880307221363,-74.));
#5307=CARTESIAN_POINT('Ctrl Pts',(95.1618958015158,275.059778969404,-60.));
#5308=CARTESIAN_POINT('Ctrl Pts',(95.1618958015158,275.059778969404,-74.));
#5309=CARTESIAN_POINT('Ctrl Pts',(95.1539016341389,275.225481125618,-60.));
#5310=CARTESIAN_POINT('Ctrl Pts',(95.1539016341389,275.225481125618,-74.));
#5311=CARTESIAN_POINT('Ctrl Pts',(95.1459656050125,275.379672158757,-60.));
#5312=CARTESIAN_POINT('Ctrl Pts',(95.1459656050125,275.379672158757,-74.));
#5313=CARTESIAN_POINT('Ctrl Pts',(95.1378857018775,275.52567991908,-60.));
#5314=CARTESIAN_POINT('Ctrl Pts',(95.1378857018775,275.52567991908,-74.));
#5315=CARTESIAN_POINT('Ctrl Pts',(95.1294078803932,275.667750157243,-60.));
#5316=CARTESIAN_POINT('Ctrl Pts',(95.1294078803932,275.667750157243,-74.));
#5317=CARTESIAN_POINT('Ctrl Pts',(95.1202616145983,275.810490575838,-60.));
#5318=CARTESIAN_POINT('Ctrl Pts',(95.1202616145983,275.810490575838,-74.));
#5319=CARTESIAN_POINT('Ctrl Pts',(95.1101887611211,275.958424810841,-60.));
#5320=CARTESIAN_POINT('Ctrl Pts',(95.1101887611211,275.958424810841,-74.));
#5321=CARTESIAN_POINT('Ctrl Pts',(95.0989747195005,276.115509870508,-60.));
#5322=CARTESIAN_POINT('Ctrl Pts',(95.0989747195005,276.115509870508,-74.));
#5323=CARTESIAN_POINT('Ctrl Pts',(95.0864801566286,276.28464727489,-60.));
#5324=CARTESIAN_POINT('Ctrl Pts',(95.0864801566286,276.28464727489,-74.));
#5325=CARTESIAN_POINT('Ctrl Pts',(95.072669340147,276.467246433682,-60.));
#5326=CARTESIAN_POINT('Ctrl Pts',(95.072669340147,276.467246433682,-74.));
#5327=CARTESIAN_POINT('Ctrl Pts',(95.05760184536,276.663346160552,-60.));
#5328=CARTESIAN_POINT('Ctrl Pts',(95.05760184536,276.663346160552,-74.));
#5329=CARTESIAN_POINT('Ctrl Pts',(95.0414284506444,276.871673916626,-60.));
#5330=CARTESIAN_POINT('Ctrl Pts',(95.0414284506444,276.871673916626,-74.));
#5331=CARTESIAN_POINT('Ctrl Pts',(95.0243855024336,277.089727550529,-60.));
#5332=CARTESIAN_POINT('Ctrl Pts',(95.0243855024336,277.089727550529,-74.));
#5333=CARTESIAN_POINT('Ctrl Pts',(95.0067918740429,277.313821947592,-60.));
#5334=CARTESIAN_POINT('Ctrl Pts',(95.0067918740429,277.313821947592,-74.));
#5335=CARTESIAN_POINT('Ctrl Pts',(94.9890423296829,277.539182257342,-60.));
#5336=CARTESIAN_POINT('Ctrl Pts',(94.9890423296829,277.539182257342,-74.));
#5337=CARTESIAN_POINT('Ctrl Pts',(94.9716106831151,277.759910210599,-60.));
#5338=CARTESIAN_POINT('Ctrl Pts',(94.9716106831151,277.759910210599,-74.));
#5339=CARTESIAN_POINT('Ctrl Pts',(94.9550122576314,277.969474787712,-60.));
#5340=CARTESIAN_POINT('Ctrl Pts',(94.9550122576314,277.969474787712,-74.));
#5341=CARTESIAN_POINT('Ctrl Pts',(94.9397404137805,278.161535864546,-60.));
#5342=CARTESIAN_POINT('Ctrl Pts',(94.9397404137805,278.161535864546,-74.));
#5343=CARTESIAN_POINT('Ctrl Pts',(94.9262128755547,278.330642953754,-60.));
#5344=CARTESIAN_POINT('Ctrl Pts',(94.9262128755547,278.330642953754,-74.));
#5345=CARTESIAN_POINT('Ctrl Pts',(94.9147090418921,278.473045970002,-60.));
#5346=CARTESIAN_POINT('Ctrl Pts',(94.9147090418921,278.473045970002,-74.));
#5347=CARTESIAN_POINT('Ctrl Pts',(94.9053206922991,278.587342033039,-60.));
#5348=CARTESIAN_POINT('Ctrl Pts',(94.9053206922991,278.587342033039,-74.));
#5349=CARTESIAN_POINT('Ctrl Pts',(94.8978700579882,278.675520694142,-60.));
#5350=CARTESIAN_POINT('Ctrl Pts',(94.8978700579882,278.675520694142,-74.));
#5351=CARTESIAN_POINT('Ctrl Pts',(94.8919399450289,278.742646629653,-60.));
#5352=CARTESIAN_POINT('Ctrl Pts',(94.8919399450289,278.742646629653,-74.));
#5353=CARTESIAN_POINT('Ctrl Pts',(94.8870402596516,278.794897965351,-60.));
#5354=CARTESIAN_POINT('Ctrl Pts',(94.8870402596516,278.794897965351,-74.));
#5355=CARTESIAN_POINT('Ctrl Pts',(94.8827235406167,278.838202917664,-60.));
#5356=CARTESIAN_POINT('Ctrl Pts',(94.8827235406167,278.838202917664,-74.));
#5357=CARTESIAN_POINT('Ctrl Pts',(94.8787546590492,278.876272778958,-60.));
#5358=CARTESIAN_POINT('Ctrl Pts',(94.8787546590492,278.876272778958,-74.));
#5359=CARTESIAN_POINT('Ctrl Pts',(94.8751252643959,278.910326396676,-60.));
#5360=CARTESIAN_POINT('Ctrl Pts',(94.8751252643959,278.910326396676,-74.));
#5361=CARTESIAN_POINT('Ctrl Pts',(94.8719342015488,278.940272132155,-60.));
#5362=CARTESIAN_POINT('Ctrl Pts',(94.8719342015488,278.940272132155,-74.));
#5363=CARTESIAN_POINT('Ctrl Pts',(94.8692996781431,278.965532895193,-60.));
#5364=CARTESIAN_POINT('Ctrl Pts',(94.8692996781431,278.965532895193,-74.));
#5365=CARTESIAN_POINT('Ctrl Pts',(94.867678861053,278.98181257488,-60.));
#5366=CARTESIAN_POINT('Ctrl Pts',(94.867678861053,278.98181257488,-74.));
#5367=CARTESIAN_POINT('Ctrl Pts',(94.866744867888,278.991777441632,-60.));
#5368=CARTESIAN_POINT('Ctrl Pts',(94.866744867888,278.991777441632,-74.));
#5369=CARTESIAN_POINT('Ctrl Pts',(94.8662471134683,278.997425108618,-60.));
#5370=CARTESIAN_POINT('Ctrl Pts',(94.8662471134683,278.997425108618,-74.));
#5371=CARTESIAN_POINT('Ctrl Pts',(94.8660294683904,279.,-60.));
#5372=CARTESIAN_POINT('Ctrl Pts',(94.8660294683904,279.,-74.));
#5373=CARTESIAN_POINT('',(94.8660294683904,279.,-65.));
#5374=CARTESIAN_POINT('',(95.2062545220542,274.000004097819,-65.0000000745058));
#5375=CARTESIAN_POINT('Ctrl Pts',(94.8660294683904,279.,-65.));
#5376=CARTESIAN_POINT('Ctrl Pts',(94.8665264295154,278.994120607135,-65.));
#5377=CARTESIAN_POINT('Ctrl Pts',(94.8672192076532,278.986682072033,-65.));
#5378=CARTESIAN_POINT('Ctrl Pts',(94.8681061284525,278.977690272842,-65.));
#5379=CARTESIAN_POINT('Ctrl Pts',(94.8688100138359,278.970554127173,-65.));
#5380=CARTESIAN_POINT('Ctrl Pts',(94.8696363487336,278.962438981815,-65.));
#5381=CARTESIAN_POINT('Ctrl Pts',(94.8705782164233,278.953375249308,-65.));
#5382=CARTESIAN_POINT('Ctrl Pts',(94.8715189500935,278.944322429639,-65.));
#5383=CARTESIAN_POINT('Ctrl Pts',(94.8725753346879,278.934321100123,-65.));
#5384=CARTESIAN_POINT('Ctrl Pts',(94.8737293751064,278.92345501188,-65.));
#5385=CARTESIAN_POINT('Ctrl Pts',(94.8746680459977,278.914616776606,-65.));
#5386=CARTESIAN_POINT('Ctrl Pts',(94.8756705784188,278.905212492476,-65.));
#5387=CARTESIAN_POINT('Ctrl Pts',(94.8767246682379,278.895279532987,-65.));
#5388=CARTESIAN_POINT('Ctrl Pts',(94.877568172242,278.887330977799,-65.));
#5389=CARTESIAN_POINT('Ctrl Pts',(94.8784445481309,278.879044644132,-65.));
#5390=CARTESIAN_POINT('Ctrl Pts',(94.8793499345653,278.870402544076,-65.));
#5391=CARTESIAN_POINT('Ctrl Pts',(94.8801527145973,278.862739843272,-65.));
#5392=CARTESIAN_POINT('Ctrl Pts',(94.8809782312778,278.854797981332,-65.));
#5393=CARTESIAN_POINT('Ctrl Pts',(94.8818271310217,278.846524494642,-65.));
#5394=CARTESIAN_POINT('Ctrl Pts',(94.8826391025346,278.838610915267,-65.));
#5395=CARTESIAN_POINT('Ctrl Pts',(94.8834724017676,278.830394526581,-65.));
#5396=CARTESIAN_POINT('Ctrl Pts',(94.8843318910398,278.821781467625,-65.));
#5397=CARTESIAN_POINT('Ctrl Pts',(94.8852073254555,278.813008620215,-65.));
#5398=CARTESIAN_POINT('Ctrl Pts',(94.8861099255777,278.803824193649,-65.));
#5399=CARTESIAN_POINT('Ctrl Pts',(94.8870499049084,278.794074193826,-65.));
#5400=CARTESIAN_POINT('Ctrl Pts',(94.8881043159202,278.783137243573,-65.));
#5401=CARTESIAN_POINT('Ctrl Pts',(94.8892057641846,278.771488372983,-65.));
#5402=CARTESIAN_POINT('Ctrl Pts',(94.8903755312446,278.758838738608,-65.));
#5403=CARTESIAN_POINT('Ctrl Pts',(94.8919380281582,278.741942199677,-65.));
#5404=CARTESIAN_POINT('Ctrl Pts',(94.8936227980518,278.723254648296,-65.));
#5405=CARTESIAN_POINT('Ctrl Pts',(94.8954898542853,278.702004979133,-65.));
#5406=CARTESIAN_POINT('Ctrl Pts',(94.896968761315,278.685172982034,-65.));
#5407=CARTESIAN_POINT('Ctrl Pts',(94.89856238193,278.666729981652,-65.));
#5408=CARTESIAN_POINT('Ctrl Pts',(94.9002996802732,278.646316089385,-65.));
#5409=CARTESIAN_POINT('Ctrl Pts',(94.9017276929747,278.629536416763,-65.));
#5410=CARTESIAN_POINT('Ctrl Pts',(94.9032528643715,278.611424351431,-65.));
#5411=CARTESIAN_POINT('Ctrl Pts',(94.9048885710504,278.591817858804,-65.));
#5412=CARTESIAN_POINT('Ctrl Pts',(94.9064274393308,278.573372125238,-65.));
#5413=CARTESIAN_POINT('Ctrl Pts',(94.9080641928569,278.55360313121,-65.));
#5414=CARTESIAN_POINT('Ctrl Pts',(94.9098063394612,278.532423015793,-65.));
#5415=CARTESIAN_POINT('Ctrl Pts',(94.9115273775641,278.511499526596,-65.));
#5416=CARTESIAN_POINT('Ctrl Pts',(94.9133512799689,278.489198819472,-65.));
#5417=CARTESIAN_POINT('Ctrl Pts',(94.9152813010725,278.46548686449,-65.));
#5418=CARTESIAN_POINT('Ctrl Pts',(94.9172613950861,278.441159721111,-65.));
#5419=CARTESIAN_POINT('Ctrl Pts',(94.9193531865776,278.41534716286,-65.));
#5420=CARTESIAN_POINT('Ctrl Pts',(94.9215557391587,278.388068519954,-65.));
#5421=CARTESIAN_POINT('Ctrl Pts',(94.9238770687857,278.35931882176,-65.));
#5422=CARTESIAN_POINT('Ctrl Pts',(94.9263214025543,278.3289409806,-65.));
#5423=CARTESIAN_POINT('Ctrl Pts',(94.9288830164745,278.297015698063,-65.));
#5424=CARTESIAN_POINT('Ctrl Pts',(94.9315699136602,278.263529015654,-65.));
#5425=CARTESIAN_POINT('Ctrl Pts',(94.9343858230356,278.228340110486,-65.));
#5426=CARTESIAN_POINT('Ctrl Pts',(94.937319594055,278.191598829475,-65.));
#5427=CARTESIAN_POINT('Ctrl Pts',(94.9405887905762,278.150656824365,-65.));
#5428=CARTESIAN_POINT('Ctrl Pts',(94.9440043526141,278.107787084855,-65.));
#5429=CARTESIAN_POINT('Ctrl Pts',(94.9475452914071,278.063265577991,-65.));
#5430=CARTESIAN_POINT('Ctrl Pts',(94.9513484139343,278.015447540007,-65.));
#5431=CARTESIAN_POINT('Ctrl Pts',(94.9552960800821,277.965725253626,-65.));
#5432=CARTESIAN_POINT('Ctrl Pts',(94.9593568399746,277.914506514653,-65.));
#5433=CARTESIAN_POINT('Ctrl Pts',(94.9646266681359,277.848037686116,-65.));
#5434=CARTESIAN_POINT('Ctrl Pts',(94.9700868898815,277.779050041997,-65.));
#5435=CARTESIAN_POINT('Ctrl Pts',(94.9756609183137,277.708524357055,-65.));
#5436=CARTESIAN_POINT('Ctrl Pts',(94.9807773372309,277.643788600325,-65.));
#5437=CARTESIAN_POINT('Ctrl Pts',(94.9859891851512,277.577762768934,-65.));
#5438=CARTESIAN_POINT('Ctrl Pts',(94.9912362709351,277.511207331217,-65.));
#5439=CARTESIAN_POINT('Ctrl Pts',(94.9956479583769,277.455248309226,-65.));
#5440=CARTESIAN_POINT('Ctrl Pts',(95.0000844667838,277.398915890179,-65.));
#5441=CARTESIAN_POINT('Ctrl Pts',(95.0045124852878,277.342624543702,-65.));
#5442=CARTESIAN_POINT('Ctrl Pts',(95.0087984257066,277.288139370056,-65.));
#5443=CARTESIAN_POINT('Ctrl Pts',(95.0130763690998,277.233693221476,-65.));
#5444=CARTESIAN_POINT('Ctrl Pts',(95.017319532536,277.179612869585,-65.));
#5445=CARTESIAN_POINT('Ctrl Pts',(95.0215617723984,277.125544288913,-65.));
#5446=CARTESIAN_POINT('Ctrl Pts',(95.0257692538194,277.071841279401,-65.));
#5447=CARTESIAN_POINT('Ctrl Pts',(95.0299188325627,277.018778623332,-65.));
#5448=CARTESIAN_POINT('Ctrl Pts',(95.0340154838462,276.966392776107,-65.));
#5449=CARTESIAN_POINT('Ctrl Pts',(95.0380556948426,276.914631124834,-65.));
#5450=CARTESIAN_POINT('Ctrl Pts',(95.0420207015011,276.863707767975,-65.));
#5451=CARTESIAN_POINT('Ctrl Pts',(95.045951427618,276.813224682824,-65.));
#5452=CARTESIAN_POINT('Ctrl Pts',(95.0498082399299,276.763565522192,-65.));
#5453=CARTESIAN_POINT('Ctrl Pts',(95.0535764164391,276.714887831064,-65.));
#5454=CARTESIAN_POINT('Ctrl Pts',(95.0573132878901,276.666614541892,-65.));
#5455=CARTESIAN_POINT('Ctrl Pts',(95.0609629883197,276.619306513919,-65.));
#5456=CARTESIAN_POINT('Ctrl Pts',(95.064514707915,276.573066440865,-65.));
#5457=CARTESIAN_POINT('Ctrl Pts',(95.0680288157418,276.527316037921,-65.));
#5458=CARTESIAN_POINT('Ctrl Pts',(95.0714470026629,276.482611153709,-65.));
#5459=CARTESIAN_POINT('Ctrl Pts',(95.0747623351914,276.439000419837,-65.));
#5460=CARTESIAN_POINT('Ctrl Pts',(95.0780508602449,276.395742318363,-65.));
#5461=CARTESIAN_POINT('Ctrl Pts',(95.0812381843086,276.3535607912,-65.));
#5462=CARTESIAN_POINT('Ctrl Pts',(95.0843211003678,276.312452117265,-65.));
#5463=CARTESIAN_POINT('Ctrl Pts',(95.0873722412826,276.271767144147,-65.));
#5464=CARTESIAN_POINT('Ctrl Pts',(95.0903211125088,276.232133064708,-65.));
#5465=CARTESIAN_POINT('Ctrl Pts',(95.0931681398143,276.19349543852,-65.));
#5466=CARTESIAN_POINT('Ctrl Pts',(95.0959878312255,276.155228793694,-65.));
#5467=CARTESIAN_POINT('Ctrl Pts',(95.0987076179935,276.117939663389,-65.));
#5468=CARTESIAN_POINT('Ctrl Pts',(95.1013314867623,276.081523735531,-65.));
#5469=CARTESIAN_POINT('Ctrl Pts',(95.1041703135362,276.042124466699,-65.));
#5470=CARTESIAN_POINT('Ctrl Pts',(95.1068968555633,276.003747377736,-65.));
#5471=CARTESIAN_POINT('Ctrl Pts',(95.1095206629601,275.966195895622,-65.));
#5472=CARTESIAN_POINT('Ctrl Pts',(95.1123981239443,275.925014166807,-65.));
#5473=CARTESIAN_POINT('Ctrl Pts',(95.115152051338,275.884824906064,-65.));
#5474=CARTESIAN_POINT('Ctrl Pts',(95.1178001266266,275.845297525392,-65.));
#5475=CARTESIAN_POINT('Ctrl Pts',(95.1208132950604,275.800320459891,-65.));
#5476=CARTESIAN_POINT('Ctrl Pts',(95.1236894893716,275.756198924463,-65.));
#5477=CARTESIAN_POINT('Ctrl Pts',(95.1264602966012,275.712372166969,-65.));
#5478=CARTESIAN_POINT('Ctrl Pts',(95.1299728540418,275.656812905578,-65.));
#5479=CARTESIAN_POINT('Ctrl Pts',(95.133316374983,275.601721265469,-65.));
#5480=CARTESIAN_POINT('Ctrl Pts',(95.1365606618951,275.545899864175,-65.));
#5481=CARTESIAN_POINT('Ctrl Pts',(95.1389657769872,275.504517305126,-65.));
#5482=CARTESIAN_POINT('Ctrl Pts',(95.1413165531743,275.462731281961,-65.));
#5483=CARTESIAN_POINT('Ctrl Pts',(95.1436403434811,275.420082414911,-65.));
#5484=CARTESIAN_POINT('Ctrl Pts',(95.145688104576,275.382499552794,-65.));
#5485=CARTESIAN_POINT('Ctrl Pts',(95.147714969044,275.344245877147,-65.));
#5486=CARTESIAN_POINT('Ctrl Pts',(95.1497372572754,275.305050703201,-65.));
#5487=CARTESIAN_POINT('Ctrl Pts',(95.1517065971671,275.266881752597,-65.));
#5488=CARTESIAN_POINT('Ctrl Pts',(95.1536716122703,275.227819782107,-65.));
#5489=CARTESIAN_POINT('Ctrl Pts',(95.1556444869086,275.18766493883,-65.));
#5490=CARTESIAN_POINT('Ctrl Pts',(95.1577322173401,275.1451723817,-65.));
#5491=CARTESIAN_POINT('Ctrl Pts',(95.1598287482871,275.10145603938,-65.));
#5492=CARTESIAN_POINT('Ctrl Pts',(95.1619449649051,275.056339791851,-65.));
#5493=CARTESIAN_POINT('Ctrl Pts',(95.1641486564542,275.009358640412,-65.));
#5494=CARTESIAN_POINT('Ctrl Pts',(95.1663736730865,274.960859861351,-65.));
#5495=CARTESIAN_POINT('Ctrl Pts',(95.1686288452707,274.910703333527,-65.));
#5496=CARTESIAN_POINT('Ctrl Pts',(95.1709940926541,274.858098660136,-65.));
#5497=CARTESIAN_POINT('Ctrl Pts',(95.1733924957853,274.803670775164,-65.));
#5498=CARTESIAN_POINT('Ctrl Pts',(95.1758307448893,274.747316664819,-65.));
#5499=CARTESIAN_POINT('Ctrl Pts',(95.1785647130559,274.684127738188,-65.));
#5500=CARTESIAN_POINT('Ctrl Pts',(95.1813487714834,274.618517235325,-65.));
#5501=CARTESIAN_POINT('Ctrl Pts',(95.1841881902138,274.550408431657,-65.));
#5502=CARTESIAN_POINT('Ctrl Pts',(95.1873478203519,274.474618754554,-65.));
#5503=CARTESIAN_POINT('Ctrl Pts',(95.1905759483017,274.395736605674,-65.));
#5504=CARTESIAN_POINT('Ctrl Pts',(95.1938754213141,274.313726303203,-65.));
#5505=CARTESIAN_POINT('Ctrl Pts',(95.1978958462266,274.213796325932,-65.));
#5506=CARTESIAN_POINT('Ctrl Pts',(95.2020220283276,274.109225371398,-65.));
#5507=CARTESIAN_POINT('Ctrl Pts',(95.2062545220542,274.000013014302,-65.));
#5508=CARTESIAN_POINT('',(94.8660294683904,279.,-60.));
#5509=CARTESIAN_POINT('',(95.2062545220542,274.000013014302,-60.));
#5510=CARTESIAN_POINT('Origin',(40.9999969676137,279.,-54.9999999254942));
#5511=CARTESIAN_POINT('',(14.4999968707562,279.,-65.0000000745058));
#5512=CARTESIAN_POINT('',(84.4999970644712,279.,-65.0000000745058));
#5513=CARTESIAN_POINT('',(14.4999968707562,279.,-60.0000008940697));
#5514=CARTESIAN_POINT('',(14.4999968707562,279.,-65.0000000745058));
#5515=CARTESIAN_POINT('',(14.4999968707561,279.,-60.));
#5516=CARTESIAN_POINT('Origin',(47.,246.,-65.));
#5517=CARTESIAN_POINT('',(79.5,274.,-65.));
#5518=CARTESIAN_POINT('',(47.4999970644712,274.000004097819,-65.0000000745058));
#5519=CARTESIAN_POINT('',(79.5,218.,-65.));
#5520=CARTESIAN_POINT('',(79.5,274.,-65.));
#5521=CARTESIAN_POINT('',(79.7950037900591,218.000003248453,-65.0000000745058));
#5522=CARTESIAN_POINT('',(67.9999970644712,218.000003248453,-65.0000000745058));
#5523=CARTESIAN_POINT('',(77.7562558184238,215.,-65.0000000745058));
#5524=CARTESIAN_POINT('Ctrl Pts',(79.7950005306078,218.000005387322,-65.0000000745058));
#5525=CARTESIAN_POINT('Ctrl Pts',(79.6868784979189,217.835236761149,-65.0000000745058));
#5526=CARTESIAN_POINT('Ctrl Pts',(79.5782451927368,217.670521815323,-65.0000000745058));
#5527=CARTESIAN_POINT('Ctrl Pts',(79.4690679899485,217.505863975281,-65.0000000745058));
#5528=CARTESIAN_POINT('Ctrl Pts',(79.3303293540596,217.296622452945,-65.0000000745058));
#5529=CARTESIAN_POINT('Ctrl Pts',(79.19070847222,217.087473560818,-65.0000000745058));
#5530=CARTESIAN_POINT('Ctrl Pts',(79.0500452788881,216.878434104793,-65.0000000745058));
#5531=CARTESIAN_POINT('Ctrl Pts',(78.9571101315051,216.740323258633,-65.0000000745058));
#5532=CARTESIAN_POINT('Ctrl Pts',(78.8637163726433,216.602260563774,-65.0000000745058));
#5533=CARTESIAN_POINT('Ctrl Pts',(78.769840590464,216.464248478313,-65.0000000745058));
#5534=CARTESIAN_POINT('Ctrl Pts',(78.6647248810653,216.309711941497,-65.0000000745058));
#5535=CARTESIAN_POINT('Ctrl Pts',(78.5590050003958,216.155238838842,-65.0000000745058));
#5536=CARTESIAN_POINT('Ctrl Pts',(78.4527278840739,216.000824242402,-65.0000000745058));
#5537=CARTESIAN_POINT('Ctrl Pts',(78.3338861094752,215.828153913173,-65.0000000745058));
#5538=CARTESIAN_POINT('Ctrl Pts',(78.2143538082682,215.655556084864,-65.0000000745058));
#5539=CARTESIAN_POINT('Ctrl Pts',(78.0942207871625,215.483021328328,-65.0000000745058));
#5540=CARTESIAN_POINT('Ctrl Pts',(77.9820769062261,215.321960555726,-65.0000000745058));
#5541=CARTESIAN_POINT('Ctrl Pts',(77.8694118279456,215.160954505535,-65.0000000745058));
#5542=CARTESIAN_POINT('Ctrl Pts',(77.7562558184238,215.,-65.0000000745058));
#5543=CARTESIAN_POINT('',(74.7550016131069,211.,-65.0000000745058));
#5544=CARTESIAN_POINT('Ctrl Pts',(77.7562558184238,215.,-65.0000000745058));
#5545=CARTESIAN_POINT('Ctrl Pts',(77.7144800667129,214.940522290595,-65.0000000745058));
#5546=CARTESIAN_POINT('Ctrl Pts',(77.671044385482,214.87906945643,-65.0000000745058));
#5547=CARTESIAN_POINT('Ctrl Pts',(77.6259304359697,214.815619676494,-65.0000000745058));
#5548=CARTESIAN_POINT('Ctrl Pts',(77.5777895246709,214.747912675426,-65.0000000745058));
#5549=CARTESIAN_POINT('Ctrl Pts',(77.5277375732017,214.677931756874,-65.0000000745058));
#5550=CARTESIAN_POINT('Ctrl Pts',(77.4757108677385,214.605601108734,-65.0000000745058));
#5551=CARTESIAN_POINT('Ctrl Pts',(77.4129890336384,214.518401450932,-65.0000000745058));
#5552=CARTESIAN_POINT('Ctrl Pts',(77.3473963829372,214.427785852344,-65.0000000745058));
#5553=CARTESIAN_POINT('Ctrl Pts',(77.2787651777649,214.333554724243,-65.0000000745058));
#5554=CARTESIAN_POINT('Ctrl Pts',(77.2035497377425,214.230283395317,-65.0000000745058));
#5555=CARTESIAN_POINT('Ctrl Pts',(77.1246803139732,214.122664246992,-65.0000000745058));
#5556=CARTESIAN_POINT('Ctrl Pts',(77.0419164951014,214.010411217471,-65.0000000745058));
#5557=CARTESIAN_POINT('Ctrl Pts',(76.9870062918179,213.93593620225,-65.0000000745058));
#5558=CARTESIAN_POINT('Ctrl Pts',(76.9303806845726,213.859420054079,-65.0000000745058));
#5559=CARTESIAN_POINT('Ctrl Pts',(76.8719878829371,213.780801148321,-65.0000000745058));
#5560=CARTESIAN_POINT('Ctrl Pts',(76.8181512701945,213.708316604592,-65.0000000745058));
#5561=CARTESIAN_POINT('Ctrl Pts',(76.7628119775158,213.63404404498,-65.0000000745058));
#5562=CARTESIAN_POINT('Ctrl Pts',(76.7059594347297,213.557970892199,-65.0000000745058));
#5563=CARTESIAN_POINT('Ctrl Pts',(76.6491954222872,213.482016199948,-65.0000000745058));
#5564=CARTESIAN_POINT('Ctrl Pts',(76.590922846425,213.404266491146,-65.0000000745058));
#5565=CARTESIAN_POINT('Ctrl Pts',(76.5311647483905,213.324749182222,-65.0000000745058));
#5566=CARTESIAN_POINT('Ctrl Pts',(76.4649805138823,213.236680913746,-65.0000000745058));
#5567=CARTESIAN_POINT('Ctrl Pts',(76.3969744140653,213.146444835591,-65.0000000745058));
#5568=CARTESIAN_POINT('Ctrl Pts',(76.3272206434152,213.05412923063,-65.0000000745058));
#5569=CARTESIAN_POINT('Ctrl Pts',(76.221867627904,212.914699816697,-65.0000000745058));
#5570=CARTESIAN_POINT('Ctrl Pts',(76.1125300510159,212.770529234095,-65.0000000745058));
#5571=CARTESIAN_POINT('Ctrl Pts',(75.9995448074951,212.622018348731,-65.0000000745058));
#5572=CARTESIAN_POINT('Ctrl Pts',(75.9050955493631,212.497871668066,-65.0000000745058));
#5573=CARTESIAN_POINT('Ctrl Pts',(75.8081002920066,212.370695541847,-65.0000000745058));
#5574=CARTESIAN_POINT('Ctrl Pts',(75.7087541068889,212.240722082624,-65.0000000745058));
#5575=CARTESIAN_POINT('Ctrl Pts',(75.6205943730154,212.125383727536,-65.0000000745058));
#5576=CARTESIAN_POINT('Ctrl Pts',(75.5305841951722,212.007843557457,-65.0000000745058));
#5577=CARTESIAN_POINT('Ctrl Pts',(75.4388369539753,211.888236482249,-65.0000000745058));
#5578=CARTESIAN_POINT('Ctrl Pts',(75.3504583715476,211.773020987839,-65.0000000745058));
#5579=CARTESIAN_POINT('Ctrl Pts',(75.2604681936448,211.655887880611,-65.0000000745058));
#5580=CARTESIAN_POINT('Ctrl Pts',(75.1689371561501,211.53692132811,-65.0000000745058));
#5581=CARTESIAN_POINT('Ctrl Pts',(75.0794286906617,211.420583593389,-65.0000000745058));
#5582=CARTESIAN_POINT('Ctrl Pts',(74.9884468036601,211.302492656933,-65.0000000745058));
#5583=CARTESIAN_POINT('Ctrl Pts',(74.8960252629134,211.182688698495,-65.0000000745058));
#5584=CARTESIAN_POINT('Ctrl Pts',(74.8493841890385,211.122228926554,-65.0000000745058));
#5585=CARTESIAN_POINT('Ctrl Pts',(74.8023759438741,211.061332263108,-65.0000000745058));
#5586=CARTESIAN_POINT('Ctrl Pts',(74.7550016131069,211.,-65.0000000745058));
#5587=CARTESIAN_POINT('',(54.9999968707561,211.,-65.0000000745058));
#5588=CARTESIAN_POINT('',(67.9999970644712,211.,-65.0000000745058));
#5589=CARTESIAN_POINT('',(54.9999968707561,218.,-65.0000000745058));
#5590=CARTESIAN_POINT('',(54.9999968707561,215.,-65.0000000745058));
#5591=CARTESIAN_POINT('',(14.5,218.,-65.));
#5592=CARTESIAN_POINT('',(79.5,218.,-65.));
#5593=CARTESIAN_POINT('',(14.5,274.,-65.));
#5594=CARTESIAN_POINT('',(14.5,218.,-65.));
#5595=CARTESIAN_POINT('',(14.4999968707562,274.,-65.0000000745058));
#5596=CARTESIAN_POINT('',(19.1847425066008,221.482508113705,-65.0000000000001));
#5597=CARTESIAN_POINT('Origin',(17.8347425066008,221.482508113705,-65.0000000000001));
#5598=CARTESIAN_POINT('',(77.4347425065992,270.482508113707,-65.));
#5599=CARTESIAN_POINT('Origin',(75.8347425065992,270.482508113707,-65.));
#5600=CARTESIAN_POINT('',(77.4347425066004,221.482508113707,-65.0000000000001));
#5601=CARTESIAN_POINT('Origin',(75.8347425066004,221.482508113707,-65.0000000000001));
#5602=CARTESIAN_POINT('',(19.1847425065996,270.482508113705,-64.9999999999999));
#5603=CARTESIAN_POINT('Origin',(17.8347425065995,270.482508113705,-64.9999999999999));
#5604=CARTESIAN_POINT('Origin',(40.9999969676137,274.000004097819,-54.9999999254942));
#5605=CARTESIAN_POINT('',(79.5,274.,-60.));
#5606=CARTESIAN_POINT('Origin',(75.8347425066004,221.482508113707,-60.4765011407703));
#5607=CARTESIAN_POINT('',(77.4347425066004,221.482508113707,-60.4765011407703));
#5608=CARTESIAN_POINT('Origin',(75.8347425066004,221.482508113707,-60.4765011407703));
#5609=CARTESIAN_POINT('',(77.1847425066004,221.482508113707,-60.4765011407703));
#5610=CARTESIAN_POINT('Origin',(75.8347425066004,221.482508113707,-60.4765011407703));
#5611=CARTESIAN_POINT('Origin',(75.8347425065992,270.482508113707,-60.4765011407701));
#5612=CARTESIAN_POINT('',(77.4347425065992,270.482508113707,-60.4765011407701));
#5613=CARTESIAN_POINT('Origin',(75.8347425065992,270.482508113707,-60.4765011407701));
#5614=CARTESIAN_POINT('',(77.1847425065992,270.482508113707,-60.4765011407701));
#5615=CARTESIAN_POINT('Origin',(75.8347425065992,270.482508113707,-60.4765011407701));
#5616=CARTESIAN_POINT('Origin',(61.4999969676137,218.,-54.9999999254942));
#5617=CARTESIAN_POINT('',(79.5,218.,-60.));
#5618=CARTESIAN_POINT('',(79.7950037900591,218.000010354444,-60.0000008940697));
#5619=CARTESIAN_POINT('Origin',(61.4999969676137,218.,-54.9999999254942));
#5620=CARTESIAN_POINT('',(54.9999968707561,218.,-44.9999997764826));
#5621=CARTESIAN_POINT('',(54.9999968707561,218.,-65.0000000745058));
#5622=CARTESIAN_POINT('',(67.9999970644712,218.,-44.9999997764826));
#5623=CARTESIAN_POINT('',(54.9999968707561,218.,-44.9999997764826));
#5624=CARTESIAN_POINT('',(67.9999970644712,218.,-44.9999997764826));
#5625=CARTESIAN_POINT('Origin',(80.1100037900591,213.956195336765,-62.3490380090317));
#5626=CARTESIAN_POINT('',(75.3600037900591,215.1620940211,-63.9445969590921));
#5627=CARTESIAN_POINT('',(77.8700327574558,215.162094027017,-63.9445969546919));
#5628=CARTESIAN_POINT('',(80.1100037900591,215.1620940211,-63.9445969590921));
#5629=CARTESIAN_POINT('',(75.3600037900591,212.77509620048,-60.735035273511));
#5630=CARTESIAN_POINT('Origin',(75.3600037900591,213.956195336765,-62.3490380090317));
#5631=CARTESIAN_POINT('',(76.1158782618826,212.775096152304,-60.7350353093405));
#5632=CARTESIAN_POINT('',(80.1100037900591,212.77509620048,-60.735035273511));
#5633=CARTESIAN_POINT('',(77.7562558184238,215.,-64.0550485087087));
#5634=CARTESIAN_POINT('Ctrl Pts',(77.7562558184238,215.,-64.0550485087087));
#5635=CARTESIAN_POINT('Ctrl Pts',(77.6075930035732,214.788343157479,-64.1845485318743));
#5636=CARTESIAN_POINT('Ctrl Pts',(77.4438175835764,214.560125499391,-64.270182319821));
#5637=CARTESIAN_POINT('Ctrl Pts',(77.0403811981002,214.006318965261,-64.3751392984402));
#5638=CARTESIAN_POINT('Ctrl Pts',(76.7934342667502,213.674006903898,-64.3559764985784));
#5639=CARTESIAN_POINT('Ctrl Pts',(76.3743760199678,213.115933965474,-64.1820403561534));
#5640=CARTESIAN_POINT('Ctrl Pts',(76.1958211792162,212.880170117739,-64.056761424999));
#5641=CARTESIAN_POINT('Ctrl Pts',(75.9061173996303,212.499113003823,-63.7373787859561));
#5642=CARTESIAN_POINT('Ctrl Pts',(75.7887627048119,212.345375873279,-63.5590298444829));
#5643=CARTESIAN_POINT('Ctrl Pts',(75.6173851146822,212.121205308086,-63.1707310224232));
#5644=CARTESIAN_POINT('Ctrl Pts',(75.5578422878912,212.043482879476,-62.9725555123355));
#5645=CARTESIAN_POINT('Ctrl Pts',(75.4909332125955,211.956164937153,-62.5565050984211));
#5646=CARTESIAN_POINT('Ctrl Pts',(75.4825567178336,211.945244923311,-62.3468888477411));
#5647=CARTESIAN_POINT('Ctrl Pts',(75.5175780669588,211.990934731293,-61.9153377436228));
#5648=CARTESIAN_POINT('Ctrl Pts',(75.5638754301756,212.051328010591,-61.7028777809611));
#5649=CARTESIAN_POINT('Ctrl Pts',(75.7157451584635,212.24980649347,-61.2745377062718));
#5650=CARTESIAN_POINT('Ctrl Pts',(75.8287623658841,212.397678911088,-61.073258242503));
#5651=CARTESIAN_POINT('Ctrl Pts',(76.0091601384554,212.634629128899,-60.8451260458228));
#5652=CARTESIAN_POINT('Ctrl Pts',(76.0615627275521,212.703544715163,-60.7873954095599));
#5653=CARTESIAN_POINT('Ctrl Pts',(76.1158782615802,212.77509615218,-60.7350353088567));
#5654=CARTESIAN_POINT('Ctrl Pts',(77.8700327574395,215.162094027028,-63.9445969546919));
#5655=CARTESIAN_POINT('Ctrl Pts',(77.8331709134313,215.109494765071,-63.984347203291));
#5656=CARTESIAN_POINT('Ctrl Pts',(77.7951752605009,215.055359495105,-64.0211773812123));
#5657=CARTESIAN_POINT('Ctrl Pts',(77.7562558184238,215.,-64.0550485087087));
#5658=CARTESIAN_POINT('Ctrl Pts',(77.7562558184238,215.,-60.0000008940697));
#5659=CARTESIAN_POINT('Ctrl Pts',(77.7562558184238,215.,-73.0000008940697));
#5660=CARTESIAN_POINT('Ctrl Pts',(77.7983411047573,215.059862631077,-60.0000008940697));
#5661=CARTESIAN_POINT('Ctrl Pts',(77.7983411047573,215.059862631077,-73.0000008940697));
#5662=CARTESIAN_POINT('Ctrl Pts',(77.8823973562437,215.179599896226,-60.0000008940697));
#5663=CARTESIAN_POINT('Ctrl Pts',(77.8823973562437,215.179599896226,-73.0000008940697));
#5664=CARTESIAN_POINT('Ctrl Pts',(78.00813878098,215.359241801782,-60.0000008940697));
#5665=CARTESIAN_POINT('Ctrl Pts',(78.00813878098,215.359241801782,-73.0000008940697));
#5666=CARTESIAN_POINT('Ctrl Pts',(78.1750967290177,215.598837553008,-60.0000008940697));
#5667=CARTESIAN_POINT('Ctrl Pts',(78.1750967290177,215.598837553008,-73.0000008940697));
#5668=CARTESIAN_POINT('Ctrl Pts',(78.3825530558622,215.898462550524,-60.0000008940697));
#5669=CARTESIAN_POINT('Ctrl Pts',(78.3825530558622,215.898462550524,-73.0000008940697));
#5670=CARTESIAN_POINT('Ctrl Pts',(78.5886569893194,216.198229540777,-60.0000008940697));
#5671=CARTESIAN_POINT('Ctrl Pts',(78.5886569893194,216.198229540777,-73.0000008940697));
#5672=CARTESIAN_POINT('Ctrl Pts',(78.7932975852723,216.498150172206,-60.0000008940697));
#5673=CARTESIAN_POINT('Ctrl Pts',(78.7932975852723,216.498150172206,-73.0000008940697));
#5674=CARTESIAN_POINT('Ctrl Pts',(78.9964132258256,216.798230914304,-60.0000008940697));
#5675=CARTESIAN_POINT('Ctrl Pts',(78.9964132258256,216.798230914304,-73.0000008940697));
#5676=CARTESIAN_POINT('Ctrl Pts',(79.1980629384227,217.098465569553,-60.0000008940697));
#5677=CARTESIAN_POINT('Ctrl Pts',(79.1980629384227,217.098465569553,-73.0000008940697));
#5678=CARTESIAN_POINT('Ctrl Pts',(79.3983567907789,217.398842581524,-60.0000008940697));
#5679=CARTESIAN_POINT('Ctrl Pts',(79.3983567907789,217.398842581524,-73.0000008940697));
#5680=CARTESIAN_POINT('Ctrl Pts',(79.557595897011,217.63924876221,-60.0000008940697));
#5681=CARTESIAN_POINT('Ctrl Pts',(79.557595897011,217.63924876221,-73.0000008940697));
#5682=CARTESIAN_POINT('Ctrl Pts',(79.6765005557716,217.819608484823,-60.0000008940697));
#5683=CARTESIAN_POINT('Ctrl Pts',(79.6765005557716,217.819608484823,-73.0000008940697));
#5684=CARTESIAN_POINT('Ctrl Pts',(79.7555409438176,217.939872383803,-60.0000008940697));
#5685=CARTESIAN_POINT('Ctrl Pts',(79.7555409438176,217.939872383803,-73.0000008940697));
#5686=CARTESIAN_POINT('Ctrl Pts',(79.7950037900591,218.000010354444,-60.0000008940697));
#5687=CARTESIAN_POINT('Ctrl Pts',(79.7950037900591,218.000010354444,-73.0000008940697));
#5688=CARTESIAN_POINT('',(77.7562558184238,215.,-60.0000008940697));
#5689=CARTESIAN_POINT('',(77.7562558184238,215.,-60.6096559401841));
#5690=CARTESIAN_POINT('',(77.7562558184238,215.,-60.0000008940697));
#5691=CARTESIAN_POINT('Ctrl Pts',(77.7562558184238,215.,-60.6096559401841));
#5692=CARTESIAN_POINT('Ctrl Pts',(77.8291915033351,215.103744619047,-60.6710853932343));
#5693=CARTESIAN_POINT('Ctrl Pts',(77.8991043194198,215.203506332297,-60.7428263183528));
#5694=CARTESIAN_POINT('Ctrl Pts',(78.0953118785925,215.484233344852,-60.9882507188252));
#5695=CARTESIAN_POINT('Ctrl Pts',(78.207854183939,215.646342597291,-61.1913409811034));
#5696=CARTESIAN_POINT('Ctrl Pts',(78.3490966872902,215.850442847012,-61.5958789504829));
#5697=CARTESIAN_POINT('Ctrl Pts',(78.3917570448494,215.912316081091,-61.7762015674042));
#5698=CARTESIAN_POINT('Ctrl Pts',(78.4363489529428,215.977023033346,-62.1254408234795));
#5699=CARTESIAN_POINT('Ctrl Pts',(78.4433368414791,215.98718067924,-62.2882153703862));
#5700=CARTESIAN_POINT('Ctrl Pts',(78.4294979576225,215.96708489451,-62.6215617190694));
#5701=CARTESIAN_POINT('Ctrl Pts',(78.4074680791582,215.93508481149,-62.788362036931));
#5702=CARTESIAN_POINT('Ctrl Pts',(78.3254152658755,215.816197962993,-63.15494138966));
#5703=CARTESIAN_POINT('Ctrl Pts',(78.2571212360932,215.717400760597,-63.3442759827011));
#5704=CARTESIAN_POINT('Ctrl Pts',(78.0856180608348,215.470502330033,-63.6819729120479));
#5705=CARTESIAN_POINT('Ctrl Pts',(77.9828916431852,215.323135728963,-63.8267494366883));
#5706=CARTESIAN_POINT('Ctrl Pts',(77.8700327574558,215.162094027051,-63.9445969547373));
#5707=CARTESIAN_POINT('Ctrl Pts',(74.7550016131069,211.,-60.0000008940697));
#5708=CARTESIAN_POINT('Ctrl Pts',(74.7550016131069,211.,-72.0000008940697));
#5709=CARTESIAN_POINT('Ctrl Pts',(74.8368860850434,211.106010151404,-60.0000008940697));
#5710=CARTESIAN_POINT('Ctrl Pts',(74.8368860850434,211.106010151404,-72.0000008940697));
#5711=CARTESIAN_POINT('Ctrl Pts',(74.998831269628,211.315860390914,-60.0000008940697));
#5712=CARTESIAN_POINT('Ctrl Pts',(74.998831269628,211.315860390914,-72.0000008940697));
#5713=CARTESIAN_POINT('Ctrl Pts',(75.2362781289016,211.624125988958,-60.0000008940697));
#5714=CARTESIAN_POINT('Ctrl Pts',(75.2362781289016,211.624125988958,-72.0000008940697));
#5715=CARTESIAN_POINT('Ctrl Pts',(75.5417489818771,212.021909367244,-60.0000008940697));
#5716=CARTESIAN_POINT('Ctrl Pts',(75.5417489818771,212.021909367244,-72.0000008940697));
#5717=CARTESIAN_POINT('Ctrl Pts',(75.9037115704657,212.495488468171,-60.0000008940697));
#5718=CARTESIAN_POINT('Ctrl Pts',(75.9037115704657,212.495488468171,-72.0000008940697));
#5719=CARTESIAN_POINT('Ctrl Pts',(76.2437655805534,212.942998886467,-60.0000008940697));
#5720=CARTESIAN_POINT('Ctrl Pts',(76.2437655805534,212.942998886467,-72.0000008940697));
#5721=CARTESIAN_POINT('Ctrl Pts',(76.5596679378282,213.361771622301,-60.0000008940697));
#5722=CARTESIAN_POINT('Ctrl Pts',(76.5596679378282,213.361771622301,-72.0000008940697));
#5723=CARTESIAN_POINT('Ctrl Pts',(76.8495157474583,213.749542450206,-60.0000008940697));
#5724=CARTESIAN_POINT('Ctrl Pts',(76.8495157474583,213.749542450206,-72.0000008940697));
#5725=CARTESIAN_POINT('Ctrl Pts',(77.1131042845441,214.106067771154,-60.0000008940697));
#5726=CARTESIAN_POINT('Ctrl Pts',(77.1131042845441,214.106067771154,-72.0000008940697));
#5727=CARTESIAN_POINT('Ctrl Pts',(77.351888466439,214.433078769061,-60.0000008940697));
#5728=CARTESIAN_POINT('Ctrl Pts',(77.351888466439,214.433078769061,-72.0000008940697));
#5729=CARTESIAN_POINT('Ctrl Pts',(77.5244426251913,214.672706604868,-60.0000008940697));
#5730=CARTESIAN_POINT('Ctrl Pts',(77.5244426251913,214.672706604868,-72.0000008940697));
#5731=CARTESIAN_POINT('Ctrl Pts',(77.6440879003753,214.840801898906,-60.0000008940697));
#5732=CARTESIAN_POINT('Ctrl Pts',(77.6440879003753,214.840801898906,-72.0000008940697));
#5733=CARTESIAN_POINT('Ctrl Pts',(77.7195786179113,214.947781289754,-60.0000008940697));
#5734=CARTESIAN_POINT('Ctrl Pts',(77.7195786179113,214.947781289754,-72.0000008940697));
#5735=CARTESIAN_POINT('Ctrl Pts',(77.7562558184238,215.,-60.0000008940697));
#5736=CARTESIAN_POINT('Ctrl Pts',(77.7562558184238,215.,-72.0000008940697));
#5737=CARTESIAN_POINT('Ctrl Pts',(76.1158782618827,212.775096152578,-60.7350353097149));
#5738=CARTESIAN_POINT('Ctrl Pts',(76.2178281981516,212.909397776863,-60.6335322206997));
#5739=CARTESIAN_POINT('Ctrl Pts',(76.3268756932942,213.053455924848,-60.5513013022358));
#5740=CARTESIAN_POINT('Ctrl Pts',(76.663423490667,213.500131666147,-60.3625735464411));
#5741=CARTESIAN_POINT('Ctrl Pts',(76.9030651374809,213.820938284385,-60.3118520348962));
#5742=CARTESIAN_POINT('Ctrl Pts',(77.3528943788333,214.433815789522,-60.3600112282424));
#5743=CARTESIAN_POINT('Ctrl Pts',(77.5664537006177,214.729771584111,-60.4496477976976));
#5744=CARTESIAN_POINT('Ctrl Pts',(77.7562558184238,215.,-60.6096559401841));
#5745=CARTESIAN_POINT('',(74.7550016131069,211.,-60.0000008940697));
#5746=CARTESIAN_POINT('Origin',(67.3600037900591,213.989106721627,-62.2865032444616));
#5747=CARTESIAN_POINT('',(75.3600037900591,212.323106721627,-62.2865032444616));
#5748=CARTESIAN_POINT('Origin',(75.3600037900591,213.989106721627,-62.2865032444616));
#5749=CARTESIAN_POINT('',(59.3600037900591,212.323106721627,-62.2865032444616));
#5750=CARTESIAN_POINT('',(67.3600037900591,212.323106721627,-62.2865032444616));
#5751=CARTESIAN_POINT('Origin',(59.3600037900591,213.989106721627,-62.2865032444616));
#5752=CARTESIAN_POINT('Origin',(59.3600037900591,213.989106721627,-62.2865032444616));
#5753=CARTESIAN_POINT('Origin',(76.9100037900591,213.980994884816,-62.3305942235715));
#5754=CARTESIAN_POINT('Origin',(75.3600037900591,213.980994884816,-62.3305942235715));
#5755=CARTESIAN_POINT('Origin',(75.3600037900591,213.980994884816,-62.3305942235715));
#5756=CARTESIAN_POINT('Origin',(61.4999969676137,211.,-54.9999999254942));
#5757=CARTESIAN_POINT('',(67.9999970644712,211.,-44.9999997764826));
#5758=CARTESIAN_POINT('',(67.9999970644712,211.,-44.9999997764826));
#5759=CARTESIAN_POINT('',(54.9999968707561,211.,-44.9999997764826));
#5760=CARTESIAN_POINT('',(54.9999968707561,211.,-44.9999997764826));
#5761=CARTESIAN_POINT('',(54.9999968707561,211.,-65.0000000745058));
#5762=CARTESIAN_POINT('Origin',(54.9999968707561,215.,-44.9999997764826));
#5763=CARTESIAN_POINT('',(67.9999970644712,215.,-44.9999997764826));
#5764=CARTESIAN_POINT('',(54.9999968707561,215.,-44.9999997764826));
#5765=CARTESIAN_POINT('Origin',(54.9999968707561,215.,-65.0000000745058));
#5766=CARTESIAN_POINT('',(54.9999968707561,218.,-62.5000000372529));
#5767=CARTESIAN_POINT('Origin',(67.9999970644712,215.,-44.9999997764826));
#5768=CARTESIAN_POINT('Origin',(17.8347425066008,221.482508113705,-56.6265011407701));
#5769=CARTESIAN_POINT('',(19.1847425066008,221.482508113705,-56.6265011407701));
#5770=CARTESIAN_POINT('Origin',(17.8347425066008,221.482508113705,-56.6265011407701));
#5771=CARTESIAN_POINT('',(19.1847425066008,221.482508113705,-56.6265011407701));
#5772=CARTESIAN_POINT('Origin',(75.8347425065992,270.482508113707,-56.6265011407701));
#5773=CARTESIAN_POINT('',(77.4347425065992,270.482508113707,-56.6265011407701));
#5774=CARTESIAN_POINT('Origin',(75.8347425066004,221.482508113707,-56.6265011407703));
#5775=CARTESIAN_POINT('',(77.4347425066004,221.482508113707,-56.6265011407703));
#5776=CARTESIAN_POINT('Origin',(17.8347425065995,270.482508113705,-56.62650114077));
#5777=CARTESIAN_POINT('',(19.1847425065996,270.482508113705,-56.62650114077));
#5778=CARTESIAN_POINT('Origin',(17.8347425065995,270.482508113705,-56.62650114077));
#5779=CARTESIAN_POINT('',(19.1847425065996,270.482508113705,-56.62650114077));
#5780=CARTESIAN_POINT('Origin',(14.5,218.,-60.));
#5781=CARTESIAN_POINT('',(14.5,218.,-60.));
#5782=CARTESIAN_POINT('Origin',(79.5,218.,-60.));
#5783=CARTESIAN_POINT('Origin',(79.5,274.,-60.));
#5784=CARTESIAN_POINT('Origin',(17.8347425066008,221.482508113705,-56.6265011407701));
#5785=CARTESIAN_POINT('',(20.7347425066008,221.482508113705,-56.6265011407701));
#5786=CARTESIAN_POINT('',(20.7347425066008,221.482508113705,-56.6265011407701));
#5787=CARTESIAN_POINT('Origin',(17.8347425066008,221.482508113705,-56.6265011407701));
#5788=CARTESIAN_POINT('Origin',(17.8347425066008,221.482508113705,-56.6265011407701));
#5789=CARTESIAN_POINT('Origin',(75.8347425065992,270.482508113707,-56.6265011407701));
#5790=CARTESIAN_POINT('',(77.1847425065992,270.482508113707,-56.6265011407701));
#5791=CARTESIAN_POINT('',(77.1847425065992,270.482508113707,-56.6265011407701));
#5792=CARTESIAN_POINT('Origin',(75.8347425065992,270.482508113707,-56.6265011407701));
#5793=CARTESIAN_POINT('Origin',(75.8347425065992,270.482508113707,-56.6265011407701));
#5794=CARTESIAN_POINT('',(78.7347425065991,270.482508113707,-56.6265011407701));
#5795=CARTESIAN_POINT('',(78.7347425065991,270.482508113707,-56.6265011407701));
#5796=CARTESIAN_POINT('Origin',(75.8347425065992,270.482508113707,-56.6265011407701));
#5797=CARTESIAN_POINT('Origin',(75.8347425065992,270.482508113707,-56.6265011407701));
#5798=CARTESIAN_POINT('Origin',(17.8347425065995,270.482508113705,-56.62650114077));
#5799=CARTESIAN_POINT('',(20.7347425065995,270.482508113705,-56.62650114077));
#5800=CARTESIAN_POINT('',(20.7347425065995,270.482508113705,-56.62650114077));
#5801=CARTESIAN_POINT('Origin',(17.8347425065995,270.482508113705,-56.62650114077));
#5802=CARTESIAN_POINT('Origin',(17.8347425065995,270.482508113705,-56.62650114077));
#5803=CARTESIAN_POINT('Origin',(75.8347425066004,221.482508113707,-56.6265011407703));
#5804=CARTESIAN_POINT('',(77.1847425066004,221.482508113707,-56.6265011407703));
#5805=CARTESIAN_POINT('',(77.1847425066004,221.482508113707,-56.6265011407703));
#5806=CARTESIAN_POINT('Origin',(75.8347425066004,221.482508113707,-56.6265011407703));
#5807=CARTESIAN_POINT('Origin',(75.8347425066004,221.482508113707,-56.6265011407703));
#5808=CARTESIAN_POINT('',(78.7347425066004,221.482508113707,-56.6265011407703));
#5809=CARTESIAN_POINT('',(78.7347425066004,221.482508113707,-56.6265011407703));
#5810=CARTESIAN_POINT('Origin',(75.8347425066004,221.482508113707,-56.6265011407703));
#5811=CARTESIAN_POINT('Origin',(75.8347425066004,221.482508113707,-56.6265011407703));
#5812=UNCERTAINTY_MEASURE_WITH_UNIT(LENGTH_MEASURE(0.01),#5816,
'DISTANCE_ACCURACY_VALUE',
'Maximum model space distance between geometric entities at asserted c
onnectivities');
#5813=UNCERTAINTY_MEASURE_WITH_UNIT(LENGTH_MEASURE(0.01),#5816,
'DISTANCE_ACCURACY_VALUE',
'Maximum model space distance between geometric entities at asserted c
onnectivities');
#5814=(
GEOMETRIC_REPRESENTATION_CONTEXT(3)
GLOBAL_UNCERTAINTY_ASSIGNED_CONTEXT((#5812))
GLOBAL_UNIT_ASSIGNED_CONTEXT((#5816,#5817,#5818))
REPRESENTATION_CONTEXT('','3D')
);
#5815=(
GEOMETRIC_REPRESENTATION_CONTEXT(3)
GLOBAL_UNCERTAINTY_ASSIGNED_CONTEXT((#5813))
GLOBAL_UNIT_ASSIGNED_CONTEXT((#5816,#5817,#5818))
REPRESENTATION_CONTEXT('','3D')
);
#5816=(
LENGTH_UNIT()
NAMED_UNIT(*)
SI_UNIT(.MILLI.,.METRE.)
);
#5817=(
NAMED_UNIT(*)
PLANE_ANGLE_UNIT()
SI_UNIT($,.RADIAN.)
);
#5818=(
NAMED_UNIT(*)
SI_UNIT($,.STERADIAN.)
SOLID_ANGLE_UNIT()
);
#5819=SHAPE_DEFINITION_REPRESENTATION(#5820,#5821);
#5820=PRODUCT_DEFINITION_SHAPE('',$,#5823);
#5821=SHAPE_REPRESENTATION('',(#3241),#5814);
#5822=PRODUCT_DEFINITION_CONTEXT('part definition',#5827,'design');
#5823=PRODUCT_DEFINITION('Microphone_mount','Microphone_mount v37',#5824,
#5822);
#5824=PRODUCT_DEFINITION_FORMATION('',$,#5829);
#5825=PRODUCT_RELATED_PRODUCT_CATEGORY('Microphone_mount v37',
'Microphone_mount v37',(#5829));
#5826=APPLICATION_PROTOCOL_DEFINITION('international standard',
'automotive_design',2009,#5827);
#5827=APPLICATION_CONTEXT(
'Core Data for Automotive Mechanical Design Process');
#5828=PRODUCT_CONTEXT('part definition',#5827,'mechanical');
#5829=PRODUCT('Microphone_mount','Microphone_mount v37',$,(#5828));
#5830=PRESENTATION_STYLE_ASSIGNMENT((#5834));
#5831=PRESENTATION_STYLE_ASSIGNMENT((#5835));
#5832=PRESENTATION_STYLE_ASSIGNMENT((#5836));
#5833=PRESENTATION_STYLE_ASSIGNMENT((#5837));
#5834=SURFACE_STYLE_USAGE(.BOTH.,#5838);
#5835=SURFACE_STYLE_USAGE(.BOTH.,#5839);
#5836=SURFACE_STYLE_USAGE(.BOTH.,#5840);
#5837=SURFACE_STYLE_USAGE(.BOTH.,#5841);
#5838=SURFACE_SIDE_STYLE('',(#5842));
#5839=SURFACE_SIDE_STYLE('',(#5843));
#5840=SURFACE_SIDE_STYLE('',(#5844));
#5841=SURFACE_SIDE_STYLE('',(#5845));
#5842=SURFACE_STYLE_FILL_AREA(#5846);
#5843=SURFACE_STYLE_FILL_AREA(#5847);
#5844=SURFACE_STYLE_FILL_AREA(#5848);
#5845=SURFACE_STYLE_FILL_AREA(#5849);
#5846=FILL_AREA_STYLE('Opaque(255,191,0)',(#5850));
#5847=FILL_AREA_STYLE('Steel - Satin',(#5851));
#5848=FILL_AREA_STYLE('Opaque(120,110,70)',(#5852));
#5849=FILL_AREA_STYLE('SemiTransparent(0,128,0)',(#5853));
#5850=FILL_AREA_STYLE_COLOUR('Opaque(255,191,0)',#5854);
#5851=FILL_AREA_STYLE_COLOUR('Steel - Satin',#5855);
#5852=FILL_AREA_STYLE_COLOUR('Opaque(120,110,70)',#5856);
#5853=FILL_AREA_STYLE_COLOUR('SemiTransparent(0,128,0)',#5857);
#5854=COLOUR_RGB('Opaque(255,191,0)',1.,0.749019607843137,0.);
#5855=COLOUR_RGB('Steel - Satin',0.627450980392157,0.627450980392157,0.627450980392157);
#5856=COLOUR_RGB('Opaque(120,110,70)',0.470588235294118,0.431372549019608,
0.274509803921569);
#5857=COLOUR_RGB('SemiTransparent(0,128,0)',0.,0.501960784313725,0.);
ENDSEC;
END-ISO-10303-21;
