ISO-10303-21;
HEADER;
/* Generated by software containing ST-Developer
 * from STEP Tools, Inc. (www.steptools.com) 
 */

FILE_DESCRIPTION(
/* description */ (
'Spur Gear; Module: 4.0; Num Teeth: 8; Pressure Angle: 20.0; Backlash:
 0.00 mm'),
/* implementation_level */ '2;1');

FILE_NAME(
/* name */ 'Pan_motor_gear_v2.step',
/* time_stamp */ '2026-05-16T18:24:57+02:00',
/* author */ (''),
/* organization */ (''),
/* preprocessor_version */ 'ST-DEVELOPER v20.1',
/* originating_system */ 'Autodesk Translation Framework v15.8.0.0',
/* authorisation */ '');

FILE_SCHEMA (('AUTOMOTIVE_DESIGN { 1 0 10303 214 3 1 1 }'));
ENDSEC;

DATA;
#10=MECHANICAL_DESIGN_GEOMETRIC_PRESENTATION_REPRESENTATION('',(#13),#10088);
#11=SHAPE_REPRESENTATION_RELATIONSHIP('SRR','None',#10095,#12);
#12=ADVANCED_BREP_SHAPE_REPRESENTATION('',(#14),#10087);
#13=STYLED_ITEM('',(#10104),#14);
#14=MANIFOLD_SOLID_BREP('Body2',#2372);
#15=(
BOUNDED_CURVE()
B_SPLINE_CURVE(5,(#3090,#3091,#3092,#3093,#3094,#3095,#3096,#3097,#3098,
#3099,#3100,#3101,#3102,#3103,#3104,#3105,#3106,#3107,#3108,#3109,#3110,
#3111,#3112,#3113,#3114,#3115,#3116,#3117,#3118,#3119,#3120,#3121,#3122,
#3123,#3124,#3125,#3126,#3127,#3128,#3129,#3130,#3131,#3132,#3133,#3134,
#3135,#3136,#3137,#3138,#3139,#3140,#3141,#3142,#3143,#3144,#3145,#3146,
#3147,#3148,#3149,#3150,#3151,#3152,#3153,#3154,#3155,#3156,#3157,#3158,
#3159,#3160,#3161,#3162,#3163,#3164),.UNSPECIFIED.,.F.,.F.)
B_SPLINE_CURVE_WITH_KNOTS((6,1,1,1,1,1,1,1,1,1,1,1,1,1,1,1,1,1,1,1,1,1,
1,1,1,1,1,1,1,1,1,1,1,1,1,1,1,1,1,1,1,1,1,1,1,1,1,1,1,1,1,1,1,1,1,1,1,1,
1,1,1,1,1,1,1,1,1,1,1,1,6),(-1.,-0.985714285714284,-0.97142857142857,-0.957142857142856,
-0.942857142857141,-0.928571428571427,-0.914285714285713,-0.899999999999999,
-0.885714285714284,-0.87142857142857,-0.857142857142856,-0.842857142857142,
-0.828571428571428,-0.814285714285713,-0.799999999999999,-0.785714285714285,
-0.771428571428571,-0.757142857142856,-0.742857142857142,-0.728571428571428,
-0.714285714285714,-0.699999999999999,-0.685714285714285,-0.671428571428571,
-0.657142857142857,-0.642857142857142,-0.628571428571428,-0.614285714285714,
-0.6,-0.585714285714286,-0.571428571428571,-0.557142857142857,-0.542857142857143,
-0.528571428571429,-0.514285714285714,-0.5,-0.485714285714286,-0.471428571428572,
-0.457142857142857,-0.442857142857143,-0.428571428571429,-0.414285714285714,
-0.4,-0.385714285714286,-0.371428571428571,-0.357142857142857,-0.342857142857143,
-0.328571428571429,-0.314285714285714,-0.3,-0.285714285714286,-0.271428571428571,
-0.257142857142857,-0.242857142857143,-0.228571428571429,-0.214285714285714,
-0.2,-0.185714285714286,-0.171428571428571,-0.157142857142857,-0.142857142857143,
-0.128571428571429,-0.114285714285714,-0.1,-0.0857142857142857,-0.0714285714285714,
-0.0571428571428571,-0.0428571428571429,-0.0285714285714286,-0.0142857142857143,
0.),.UNSPECIFIED.)
CURVE()
GEOMETRIC_REPRESENTATION_ITEM()
RATIONAL_B_SPLINE_CURVE((1.,1.,1.,1.,1.,1.,1.,1.,1.,1.,1.,1.,1.,1.,1.,1.,
1.,1.,1.,1.,1.,1.,1.,1.,1.,1.,1.,1.,1.,1.,1.,1.,1.,1.,1.,1.,1.,1.,1.,1.,
1.,1.,1.,1.,1.,1.,1.,1.,1.,1.,1.,1.,1.,1.,1.,1.,1.,1.,1.,1.,1.,1.,1.,1.,
1.,1.,1.,1.,1.,1.,1.,1.,1.,1.,1.))
REPRESENTATION_ITEM('')
);
#16=(
BOUNDED_CURVE()
B_SPLINE_CURVE(5,(#3170,#3171,#3172,#3173,#3174,#3175,#3176,#3177,#3178,
#3179,#3180,#3181,#3182,#3183,#3184,#3185,#3186,#3187,#3188,#3189,#3190,
#3191,#3192,#3193,#3194,#3195,#3196,#3197,#3198,#3199,#3200,#3201,#3202,
#3203,#3204,#3205,#3206,#3207,#3208,#3209,#3210,#3211,#3212,#3213,#3214,
#3215,#3216,#3217,#3218,#3219,#3220,#3221,#3222,#3223,#3224,#3225,#3226,
#3227,#3228,#3229,#3230,#3231,#3232,#3233,#3234,#3235,#3236,#3237,#3238,
#3239,#3240,#3241,#3242,#3243,#3244),.UNSPECIFIED.,.F.,.F.)
B_SPLINE_CURVE_WITH_KNOTS((6,1,1,1,1,1,1,1,1,1,1,1,1,1,1,1,1,1,1,1,1,1,
1,1,1,1,1,1,1,1,1,1,1,1,1,1,1,1,1,1,1,1,1,1,1,1,1,1,1,1,1,1,1,1,1,1,1,1,
1,1,1,1,1,1,1,1,1,1,1,1,6),(-1.,-0.985714285714284,-0.97142857142857,-0.957142857142856,
-0.942857142857141,-0.928571428571427,-0.914285714285713,-0.899999999999999,
-0.885714285714284,-0.87142857142857,-0.857142857142856,-0.842857142857142,
-0.828571428571428,-0.814285714285713,-0.799999999999999,-0.785714285714285,
-0.771428571428571,-0.757142857142856,-0.742857142857142,-0.728571428571428,
-0.714285714285714,-0.699999999999999,-0.685714285714285,-0.671428571428571,
-0.657142857142857,-0.642857142857142,-0.628571428571428,-0.614285714285714,
-0.6,-0.585714285714286,-0.571428571428571,-0.557142857142857,-0.542857142857143,
-0.528571428571429,-0.514285714285714,-0.5,-0.485714285714286,-0.471428571428572,
-0.457142857142857,-0.442857142857143,-0.428571428571429,-0.414285714285714,
-0.4,-0.385714285714286,-0.371428571428571,-0.357142857142857,-0.342857142857143,
-0.328571428571429,-0.314285714285714,-0.3,-0.285714285714286,-0.271428571428571,
-0.257142857142857,-0.242857142857143,-0.228571428571429,-0.214285714285714,
-0.2,-0.185714285714286,-0.171428571428571,-0.157142857142857,-0.142857142857143,
-0.128571428571429,-0.114285714285714,-0.1,-0.0857142857142857,-0.0714285714285714,
-0.0571428571428571,-0.0428571428571429,-0.0285714285714286,-0.0142857142857143,
0.),.UNSPECIFIED.)
CURVE()
GEOMETRIC_REPRESENTATION_ITEM()
RATIONAL_B_SPLINE_CURVE((1.,1.,1.,1.,1.,1.,1.,1.,1.,1.,1.,1.,1.,1.,1.,1.,
1.,1.,1.,1.,1.,1.,1.,1.,1.,1.,1.,1.,1.,1.,1.,1.,1.,1.,1.,1.,1.,1.,1.,1.,
1.,1.,1.,1.,1.,1.,1.,1.,1.,1.,1.,1.,1.,1.,1.,1.,1.,1.,1.,1.,1.,1.,1.,1.,
1.,1.,1.,1.,1.,1.,1.,1.,1.,1.,1.))
REPRESENTATION_ITEM('')
);
#17=(
BOUNDED_CURVE()
B_SPLINE_CURVE(5,(#3302,#3303,#3304,#3305,#3306,#3307,#3308,#3309,#3310,
#3311,#3312,#3313,#3314,#3315,#3316,#3317,#3318,#3319,#3320,#3321,#3322,
#3323,#3324,#3325,#3326,#3327,#3328,#3329,#3330,#3331,#3332,#3333,#3334,
#3335,#3336,#3337,#3338,#3339,#3340,#3341,#3342,#3343,#3344,#3345,#3346,
#3347,#3348,#3349,#3350,#3351,#3352,#3353,#3354,#3355,#3356,#3357,#3358,
#3359,#3360,#3361,#3362,#3363,#3364,#3365,#3366,#3367,#3368,#3369,#3370,
#3371,#3372,#3373,#3374,#3375,#3376),.UNSPECIFIED.,.F.,.F.)
B_SPLINE_CURVE_WITH_KNOTS((6,1,1,1,1,1,1,1,1,1,1,1,1,1,1,1,1,1,1,1,1,1,
1,1,1,1,1,1,1,1,1,1,1,1,1,1,1,1,1,1,1,1,1,1,1,1,1,1,1,1,1,1,1,1,1,1,1,1,
1,1,1,1,1,1,1,1,1,1,1,1,6),(0.,0.0142857142857143,0.0285714285714286,0.0428571428571429,
0.0571428571428571,0.0714285714285714,0.0857142857142857,0.1,0.114285714285714,
0.128571428571429,0.142857142857143,0.157142857142857,0.171428571428571,
0.185714285714286,0.2,0.214285714285714,0.228571428571429,0.242857142857143,
0.257142857142857,0.271428571428571,0.285714285714286,0.3,0.314285714285714,
0.328571428571429,0.342857142857143,0.357142857142857,0.371428571428571,
0.385714285714286,0.4,0.414285714285714,0.428571428571429,0.442857142857143,
0.457142857142857,0.471428571428572,0.485714285714286,0.5,0.514285714285714,
0.528571428571429,0.542857142857143,0.557142857142857,0.571428571428571,
0.585714285714286,0.6,0.614285714285714,0.628571428571428,0.642857142857142,
0.657142857142857,0.671428571428571,0.685714285714285,0.699999999999999,
0.714285714285714,0.728571428571428,0.742857142857142,0.757142857142856,
0.771428571428571,0.785714285714285,0.799999999999999,0.814285714285713,
0.828571428571428,0.842857142857142,0.857142857142856,0.87142857142857,
0.885714285714284,0.899999999999999,0.914285714285713,0.928571428571427,
0.942857142857141,0.957142857142856,0.97142857142857,0.985714285714284,
1.),.UNSPECIFIED.)
CURVE()
GEOMETRIC_REPRESENTATION_ITEM()
RATIONAL_B_SPLINE_CURVE((1.,1.,1.,1.,1.,1.,1.,1.,1.,1.,1.,1.,1.,1.,1.,1.,
1.,1.,1.,1.,1.,1.,1.,1.,1.,1.,1.,1.,1.,1.,1.,1.,1.,1.,1.,1.,1.,1.,1.,1.,
1.,1.,1.,1.,1.,1.,1.,1.,1.,1.,1.,1.,1.,1.,1.,1.,1.,1.,1.,1.,1.,1.,1.,1.,
1.,1.,1.,1.,1.,1.,1.,1.,1.,1.,1.))
REPRESENTATION_ITEM('')
);
#18=(
BOUNDED_CURVE()
B_SPLINE_CURVE(5,(#3382,#3383,#3384,#3385,#3386,#3387,#3388,#3389,#3390,
#3391,#3392,#3393,#3394,#3395,#3396,#3397,#3398,#3399,#3400,#3401,#3402,
#3403,#3404,#3405,#3406,#3407,#3408,#3409,#3410,#3411,#3412,#3413,#3414,
#3415,#3416,#3417,#3418,#3419,#3420,#3421,#3422,#3423,#3424,#3425,#3426,
#3427,#3428,#3429,#3430,#3431,#3432,#3433,#3434,#3435,#3436,#3437,#3438,
#3439,#3440,#3441,#3442,#3443,#3444,#3445,#3446,#3447,#3448,#3449,#3450,
#3451,#3452,#3453,#3454,#3455,#3456),.UNSPECIFIED.,.F.,.F.)
B_SPLINE_CURVE_WITH_KNOTS((6,1,1,1,1,1,1,1,1,1,1,1,1,1,1,1,1,1,1,1,1,1,
1,1,1,1,1,1,1,1,1,1,1,1,1,1,1,1,1,1,1,1,1,1,1,1,1,1,1,1,1,1,1,1,1,1,1,1,
1,1,1,1,1,1,1,1,1,1,1,1,6),(0.,0.0142857142857143,0.0285714285714286,0.0428571428571429,
0.0571428571428571,0.0714285714285714,0.0857142857142857,0.1,0.114285714285714,
0.128571428571429,0.142857142857143,0.157142857142857,0.171428571428571,
0.185714285714286,0.2,0.214285714285714,0.228571428571429,0.242857142857143,
0.257142857142857,0.271428571428571,0.285714285714286,0.3,0.314285714285714,
0.328571428571429,0.342857142857143,0.357142857142857,0.371428571428571,
0.385714285714286,0.4,0.414285714285714,0.428571428571429,0.442857142857143,
0.457142857142857,0.471428571428572,0.485714285714286,0.5,0.514285714285714,
0.528571428571429,0.542857142857143,0.557142857142857,0.571428571428571,
0.585714285714286,0.6,0.614285714285714,0.628571428571428,0.642857142857142,
0.657142857142857,0.671428571428571,0.685714285714285,0.699999999999999,
0.714285714285714,0.728571428571428,0.742857142857142,0.757142857142856,
0.771428571428571,0.785714285714285,0.799999999999999,0.814285714285713,
0.828571428571428,0.842857142857142,0.857142857142856,0.87142857142857,
0.885714285714284,0.899999999999999,0.914285714285713,0.928571428571427,
0.942857142857141,0.957142857142856,0.97142857142857,0.985714285714284,
1.),.UNSPECIFIED.)
CURVE()
GEOMETRIC_REPRESENTATION_ITEM()
RATIONAL_B_SPLINE_CURVE((1.,1.,1.,1.,1.,1.,1.,1.,1.,1.,1.,1.,1.,1.,1.,1.,
1.,1.,1.,1.,1.,1.,1.,1.,1.,1.,1.,1.,1.,1.,1.,1.,1.,1.,1.,1.,1.,1.,1.,1.,
1.,1.,1.,1.,1.,1.,1.,1.,1.,1.,1.,1.,1.,1.,1.,1.,1.,1.,1.,1.,1.,1.,1.,1.,
1.,1.,1.,1.,1.,1.,1.,1.,1.,1.,1.))
REPRESENTATION_ITEM('')
);
#19=(
BOUNDED_CURVE()
B_SPLINE_CURVE(5,(#3618,#3619,#3620,#3621,#3622,#3623,#3624,#3625,#3626,
#3627,#3628,#3629,#3630,#3631,#3632,#3633,#3634,#3635,#3636,#3637,#3638,
#3639,#3640,#3641,#3642,#3643,#3644,#3645,#3646,#3647,#3648,#3649,#3650,
#3651,#3652,#3653,#3654,#3655,#3656,#3657,#3658,#3659,#3660,#3661,#3662,
#3663,#3664,#3665,#3666,#3667,#3668,#3669,#3670,#3671,#3672,#3673,#3674,
#3675,#3676,#3677,#3678,#3679,#3680,#3681,#3682,#3683,#3684,#3685,#3686,
#3687,#3688,#3689,#3690,#3691,#3692),.UNSPECIFIED.,.F.,.F.)
B_SPLINE_CURVE_WITH_KNOTS((6,1,1,1,1,1,1,1,1,1,1,1,1,1,1,1,1,1,1,1,1,1,
1,1,1,1,1,1,1,1,1,1,1,1,1,1,1,1,1,1,1,1,1,1,1,1,1,1,1,1,1,1,1,1,1,1,1,1,
1,1,1,1,1,1,1,1,1,1,1,1,6),(-1.,-0.985714285714284,-0.97142857142857,-0.957142857142856,
-0.942857142857141,-0.928571428571427,-0.914285714285713,-0.899999999999999,
-0.885714285714284,-0.87142857142857,-0.857142857142856,-0.842857142857142,
-0.828571428571428,-0.814285714285713,-0.799999999999999,-0.785714285714285,
-0.771428571428571,-0.757142857142856,-0.742857142857142,-0.728571428571428,
-0.714285714285714,-0.699999999999999,-0.685714285714285,-0.671428571428571,
-0.657142857142857,-0.642857142857142,-0.628571428571428,-0.614285714285714,
-0.6,-0.585714285714286,-0.571428571428571,-0.557142857142857,-0.542857142857143,
-0.528571428571429,-0.514285714285714,-0.5,-0.485714285714286,-0.471428571428572,
-0.457142857142857,-0.442857142857143,-0.428571428571429,-0.414285714285714,
-0.4,-0.385714285714286,-0.371428571428571,-0.357142857142857,-0.342857142857143,
-0.328571428571429,-0.314285714285714,-0.3,-0.285714285714286,-0.271428571428571,
-0.257142857142857,-0.242857142857143,-0.228571428571429,-0.214285714285714,
-0.2,-0.185714285714286,-0.171428571428571,-0.157142857142857,-0.142857142857143,
-0.128571428571429,-0.114285714285714,-0.1,-0.0857142857142857,-0.0714285714285714,
-0.0571428571428571,-0.0428571428571429,-0.0285714285714286,-0.0142857142857143,
0.),.UNSPECIFIED.)
CURVE()
GEOMETRIC_REPRESENTATION_ITEM()
RATIONAL_B_SPLINE_CURVE((1.,1.,1.,1.,1.,1.,1.,1.,1.,1.,1.,1.,1.,1.,1.,1.,
1.,1.,1.,1.,1.,1.,1.,1.,1.,1.,1.,1.,1.,1.,1.,1.,1.,1.,1.,1.,1.,1.,1.,1.,
1.,1.,1.,1.,1.,1.,1.,1.,1.,1.,1.,1.,1.,1.,1.,1.,1.,1.,1.,1.,1.,1.,1.,1.,
1.,1.,1.,1.,1.,1.,1.,1.,1.,1.,1.))
REPRESENTATION_ITEM('')
);
#20=(
BOUNDED_CURVE()
B_SPLINE_CURVE(5,(#3698,#3699,#3700,#3701,#3702,#3703,#3704,#3705,#3706,
#3707,#3708,#3709,#3710,#3711,#3712,#3713,#3714,#3715,#3716,#3717,#3718,
#3719,#3720,#3721,#3722,#3723,#3724,#3725,#3726,#3727,#3728,#3729,#3730,
#3731,#3732,#3733,#3734,#3735,#3736,#3737,#3738,#3739,#3740,#3741,#3742,
#3743,#3744,#3745,#3746,#3747,#3748,#3749,#3750,#3751,#3752,#3753,#3754,
#3755,#3756,#3757,#3758,#3759,#3760,#3761,#3762,#3763,#3764,#3765,#3766,
#3767,#3768,#3769,#3770,#3771,#3772),.UNSPECIFIED.,.F.,.F.)
B_SPLINE_CURVE_WITH_KNOTS((6,1,1,1,1,1,1,1,1,1,1,1,1,1,1,1,1,1,1,1,1,1,
1,1,1,1,1,1,1,1,1,1,1,1,1,1,1,1,1,1,1,1,1,1,1,1,1,1,1,1,1,1,1,1,1,1,1,1,
1,1,1,1,1,1,1,1,1,1,1,1,6),(-1.,-0.985714285714284,-0.97142857142857,-0.957142857142856,
-0.942857142857141,-0.928571428571427,-0.914285714285713,-0.899999999999999,
-0.885714285714284,-0.87142857142857,-0.857142857142856,-0.842857142857142,
-0.828571428571428,-0.814285714285713,-0.799999999999999,-0.785714285714285,
-0.771428571428571,-0.757142857142856,-0.742857142857142,-0.728571428571428,
-0.714285714285714,-0.699999999999999,-0.685714285714285,-0.671428571428571,
-0.657142857142857,-0.642857142857142,-0.628571428571428,-0.614285714285714,
-0.6,-0.585714285714286,-0.571428571428571,-0.557142857142857,-0.542857142857143,
-0.528571428571429,-0.514285714285714,-0.5,-0.485714285714286,-0.471428571428572,
-0.457142857142857,-0.442857142857143,-0.428571428571429,-0.414285714285714,
-0.4,-0.385714285714286,-0.371428571428571,-0.357142857142857,-0.342857142857143,
-0.328571428571429,-0.314285714285714,-0.3,-0.285714285714286,-0.271428571428571,
-0.257142857142857,-0.242857142857143,-0.228571428571429,-0.214285714285714,
-0.2,-0.185714285714286,-0.171428571428571,-0.157142857142857,-0.142857142857143,
-0.128571428571429,-0.114285714285714,-0.1,-0.0857142857142857,-0.0714285714285714,
-0.0571428571428571,-0.0428571428571429,-0.0285714285714286,-0.0142857142857143,
0.),.UNSPECIFIED.)
CURVE()
GEOMETRIC_REPRESENTATION_ITEM()
RATIONAL_B_SPLINE_CURVE((1.,1.,1.,1.,1.,1.,1.,1.,1.,1.,1.,1.,1.,1.,1.,1.,
1.,1.,1.,1.,1.,1.,1.,1.,1.,1.,1.,1.,1.,1.,1.,1.,1.,1.,1.,1.,1.,1.,1.,1.,
1.,1.,1.,1.,1.,1.,1.,1.,1.,1.,1.,1.,1.,1.,1.,1.,1.,1.,1.,1.,1.,1.,1.,1.,
1.,1.,1.,1.,1.,1.,1.,1.,1.,1.,1.))
REPRESENTATION_ITEM('')
);
#21=(
BOUNDED_CURVE()
B_SPLINE_CURVE(5,(#3830,#3831,#3832,#3833,#3834,#3835,#3836,#3837,#3838,
#3839,#3840,#3841,#3842,#3843,#3844,#3845,#3846,#3847,#3848,#3849,#3850,
#3851,#3852,#3853,#3854,#3855,#3856,#3857,#3858,#3859,#3860,#3861,#3862,
#3863,#3864,#3865,#3866,#3867,#3868,#3869,#3870,#3871,#3872,#3873,#3874,
#3875,#3876,#3877,#3878,#3879,#3880,#3881,#3882,#3883,#3884,#3885,#3886,
#3887,#3888,#3889,#3890,#3891,#3892,#3893,#3894,#3895,#3896,#3897,#3898,
#3899,#3900,#3901,#3902,#3903,#3904),.UNSPECIFIED.,.F.,.F.)
B_SPLINE_CURVE_WITH_KNOTS((6,1,1,1,1,1,1,1,1,1,1,1,1,1,1,1,1,1,1,1,1,1,
1,1,1,1,1,1,1,1,1,1,1,1,1,1,1,1,1,1,1,1,1,1,1,1,1,1,1,1,1,1,1,1,1,1,1,1,
1,1,1,1,1,1,1,1,1,1,1,1,6),(0.,0.0142857142857143,0.0285714285714286,0.0428571428571429,
0.0571428571428571,0.0714285714285714,0.0857142857142857,0.1,0.114285714285714,
0.128571428571429,0.142857142857143,0.157142857142857,0.171428571428571,
0.185714285714286,0.2,0.214285714285714,0.228571428571429,0.242857142857143,
0.257142857142857,0.271428571428571,0.285714285714286,0.3,0.314285714285714,
0.328571428571429,0.342857142857143,0.357142857142857,0.371428571428571,
0.385714285714286,0.4,0.414285714285714,0.428571428571429,0.442857142857143,
0.457142857142857,0.471428571428572,0.485714285714286,0.5,0.514285714285714,
0.528571428571429,0.542857142857143,0.557142857142857,0.571428571428571,
0.585714285714286,0.6,0.614285714285714,0.628571428571428,0.642857142857142,
0.657142857142857,0.671428571428571,0.685714285714285,0.699999999999999,
0.714285714285714,0.728571428571428,0.742857142857142,0.757142857142856,
0.771428571428571,0.785714285714285,0.799999999999999,0.814285714285713,
0.828571428571428,0.842857142857142,0.857142857142856,0.87142857142857,
0.885714285714284,0.899999999999999,0.914285714285713,0.928571428571427,
0.942857142857141,0.957142857142856,0.97142857142857,0.985714285714284,
1.),.UNSPECIFIED.)
CURVE()
GEOMETRIC_REPRESENTATION_ITEM()
RATIONAL_B_SPLINE_CURVE((1.,1.,1.,1.,1.,1.,1.,1.,1.,1.,1.,1.,1.,1.,1.,1.,
1.,1.,1.,1.,1.,1.,1.,1.,1.,1.,1.,1.,1.,1.,1.,1.,1.,1.,1.,1.,1.,1.,1.,1.,
1.,1.,1.,1.,1.,1.,1.,1.,1.,1.,1.,1.,1.,1.,1.,1.,1.,1.,1.,1.,1.,1.,1.,1.,
1.,1.,1.,1.,1.,1.,1.,1.,1.,1.,1.))
REPRESENTATION_ITEM('')
);
#22=(
BOUNDED_CURVE()
B_SPLINE_CURVE(5,(#3910,#3911,#3912,#3913,#3914,#3915,#3916,#3917,#3918,
#3919,#3920,#3921,#3922,#3923,#3924,#3925,#3926,#3927,#3928,#3929,#3930,
#3931,#3932,#3933,#3934,#3935,#3936,#3937,#3938,#3939,#3940,#3941,#3942,
#3943,#3944,#3945,#3946,#3947,#3948,#3949,#3950,#3951,#3952,#3953,#3954,
#3955,#3956,#3957,#3958,#3959,#3960,#3961,#3962,#3963,#3964,#3965,#3966,
#3967,#3968,#3969,#3970,#3971,#3972,#3973,#3974,#3975,#3976,#3977,#3978,
#3979,#3980,#3981,#3982,#3983,#3984),.UNSPECIFIED.,.F.,.F.)
B_SPLINE_CURVE_WITH_KNOTS((6,1,1,1,1,1,1,1,1,1,1,1,1,1,1,1,1,1,1,1,1,1,
1,1,1,1,1,1,1,1,1,1,1,1,1,1,1,1,1,1,1,1,1,1,1,1,1,1,1,1,1,1,1,1,1,1,1,1,
1,1,1,1,1,1,1,1,1,1,1,1,6),(0.,0.0142857142857143,0.0285714285714286,0.0428571428571429,
0.0571428571428571,0.0714285714285714,0.0857142857142857,0.1,0.114285714285714,
0.128571428571429,0.142857142857143,0.157142857142857,0.171428571428571,
0.185714285714286,0.2,0.214285714285714,0.228571428571429,0.242857142857143,
0.257142857142857,0.271428571428571,0.285714285714286,0.3,0.314285714285714,
0.328571428571429,0.342857142857143,0.357142857142857,0.371428571428571,
0.385714285714286,0.4,0.414285714285714,0.428571428571429,0.442857142857143,
0.457142857142857,0.471428571428572,0.485714285714286,0.5,0.514285714285714,
0.528571428571429,0.542857142857143,0.557142857142857,0.571428571428571,
0.585714285714286,0.6,0.614285714285714,0.628571428571428,0.642857142857142,
0.657142857142857,0.671428571428571,0.685714285714285,0.699999999999999,
0.714285714285714,0.728571428571428,0.742857142857142,0.757142857142856,
0.771428571428571,0.785714285714285,0.799999999999999,0.814285714285713,
0.828571428571428,0.842857142857142,0.857142857142856,0.87142857142857,
0.885714285714284,0.899999999999999,0.914285714285713,0.928571428571427,
0.942857142857141,0.957142857142856,0.97142857142857,0.985714285714284,
1.),.UNSPECIFIED.)
CURVE()
GEOMETRIC_REPRESENTATION_ITEM()
RATIONAL_B_SPLINE_CURVE((1.,1.,1.,1.,1.,1.,1.,1.,1.,1.,1.,1.,1.,1.,1.,1.,
1.,1.,1.,1.,1.,1.,1.,1.,1.,1.,1.,1.,1.,1.,1.,1.,1.,1.,1.,1.,1.,1.,1.,1.,
1.,1.,1.,1.,1.,1.,1.,1.,1.,1.,1.,1.,1.,1.,1.,1.,1.,1.,1.,1.,1.,1.,1.,1.,
1.,1.,1.,1.,1.,1.,1.,1.,1.,1.,1.))
REPRESENTATION_ITEM('')
);
#23=(
BOUNDED_CURVE()
B_SPLINE_CURVE(5,(#4146,#4147,#4148,#4149,#4150,#4151,#4152,#4153,#4154,
#4155,#4156,#4157,#4158,#4159,#4160,#4161,#4162,#4163,#4164,#4165,#4166,
#4167,#4168,#4169,#4170,#4171,#4172,#4173,#4174,#4175,#4176,#4177,#4178,
#4179,#4180,#4181,#4182,#4183,#4184,#4185,#4186,#4187,#4188,#4189,#4190,
#4191,#4192,#4193,#4194,#4195,#4196,#4197,#4198,#4199,#4200,#4201,#4202,
#4203,#4204,#4205,#4206,#4207,#4208,#4209,#4210,#4211,#4212,#4213,#4214,
#4215,#4216,#4217,#4218,#4219,#4220),.UNSPECIFIED.,.F.,.F.)
B_SPLINE_CURVE_WITH_KNOTS((6,1,1,1,1,1,1,1,1,1,1,1,1,1,1,1,1,1,1,1,1,1,
1,1,1,1,1,1,1,1,1,1,1,1,1,1,1,1,1,1,1,1,1,1,1,1,1,1,1,1,1,1,1,1,1,1,1,1,
1,1,1,1,1,1,1,1,1,1,1,1,6),(-1.,-0.985714285714284,-0.97142857142857,-0.957142857142856,
-0.942857142857141,-0.928571428571427,-0.914285714285713,-0.899999999999999,
-0.885714285714284,-0.87142857142857,-0.857142857142856,-0.842857142857142,
-0.828571428571428,-0.814285714285713,-0.799999999999999,-0.785714285714285,
-0.771428571428571,-0.757142857142856,-0.742857142857142,-0.728571428571428,
-0.714285714285714,-0.699999999999999,-0.685714285714285,-0.671428571428571,
-0.657142857142857,-0.642857142857142,-0.628571428571428,-0.614285714285714,
-0.6,-0.585714285714286,-0.571428571428571,-0.557142857142857,-0.542857142857143,
-0.528571428571429,-0.514285714285714,-0.5,-0.485714285714286,-0.471428571428572,
-0.457142857142857,-0.442857142857143,-0.428571428571429,-0.414285714285714,
-0.4,-0.385714285714286,-0.371428571428571,-0.357142857142857,-0.342857142857143,
-0.328571428571429,-0.314285714285714,-0.3,-0.285714285714286,-0.271428571428571,
-0.257142857142857,-0.242857142857143,-0.228571428571429,-0.214285714285714,
-0.2,-0.185714285714286,-0.171428571428571,-0.157142857142857,-0.142857142857143,
-0.128571428571429,-0.114285714285714,-0.1,-0.0857142857142857,-0.0714285714285714,
-0.0571428571428571,-0.0428571428571429,-0.0285714285714286,-0.0142857142857143,
0.),.UNSPECIFIED.)
CURVE()
GEOMETRIC_REPRESENTATION_ITEM()
RATIONAL_B_SPLINE_CURVE((1.,1.,1.,1.,1.,1.,1.,1.,1.,1.,1.,1.,1.,1.,1.,1.,
1.,1.,1.,1.,1.,1.,1.,1.,1.,1.,1.,1.,1.,1.,1.,1.,1.,1.,1.,1.,1.,1.,1.,1.,
1.,1.,1.,1.,1.,1.,1.,1.,1.,1.,1.,1.,1.,1.,1.,1.,1.,1.,1.,1.,1.,1.,1.,1.,
1.,1.,1.,1.,1.,1.,1.,1.,1.,1.,1.))
REPRESENTATION_ITEM('')
);
#24=(
BOUNDED_CURVE()
B_SPLINE_CURVE(5,(#4226,#4227,#4228,#4229,#4230,#4231,#4232,#4233,#4234,
#4235,#4236,#4237,#4238,#4239,#4240,#4241,#4242,#4243,#4244,#4245,#4246,
#4247,#4248,#4249,#4250,#4251,#4252,#4253,#4254,#4255,#4256,#4257,#4258,
#4259,#4260,#4261,#4262,#4263,#4264,#4265,#4266,#4267,#4268,#4269,#4270,
#4271,#4272,#4273,#4274,#4275,#4276,#4277,#4278,#4279,#4280,#4281,#4282,
#4283,#4284,#4285,#4286,#4287,#4288,#4289,#4290,#4291,#4292,#4293,#4294,
#4295,#4296,#4297,#4298,#4299,#4300),.UNSPECIFIED.,.F.,.F.)
B_SPLINE_CURVE_WITH_KNOTS((6,1,1,1,1,1,1,1,1,1,1,1,1,1,1,1,1,1,1,1,1,1,
1,1,1,1,1,1,1,1,1,1,1,1,1,1,1,1,1,1,1,1,1,1,1,1,1,1,1,1,1,1,1,1,1,1,1,1,
1,1,1,1,1,1,1,1,1,1,1,1,6),(-1.,-0.985714285714284,-0.97142857142857,-0.957142857142856,
-0.942857142857141,-0.928571428571427,-0.914285714285713,-0.899999999999999,
-0.885714285714284,-0.87142857142857,-0.857142857142856,-0.842857142857142,
-0.828571428571428,-0.814285714285713,-0.799999999999999,-0.785714285714285,
-0.771428571428571,-0.757142857142856,-0.742857142857142,-0.728571428571428,
-0.714285714285714,-0.699999999999999,-0.685714285714285,-0.671428571428571,
-0.657142857142857,-0.642857142857142,-0.628571428571428,-0.614285714285714,
-0.6,-0.585714285714286,-0.571428571428571,-0.557142857142857,-0.542857142857143,
-0.528571428571429,-0.514285714285714,-0.5,-0.485714285714286,-0.471428571428572,
-0.457142857142857,-0.442857142857143,-0.428571428571429,-0.414285714285714,
-0.4,-0.385714285714286,-0.371428571428571,-0.357142857142857,-0.342857142857143,
-0.328571428571429,-0.314285714285714,-0.3,-0.285714285714286,-0.271428571428571,
-0.257142857142857,-0.242857142857143,-0.228571428571429,-0.214285714285714,
-0.2,-0.185714285714286,-0.171428571428571,-0.157142857142857,-0.142857142857143,
-0.128571428571429,-0.114285714285714,-0.1,-0.0857142857142857,-0.0714285714285714,
-0.0571428571428571,-0.0428571428571429,-0.0285714285714286,-0.0142857142857143,
0.),.UNSPECIFIED.)
CURVE()
GEOMETRIC_REPRESENTATION_ITEM()
RATIONAL_B_SPLINE_CURVE((1.,1.,1.,1.,1.,1.,1.,1.,1.,1.,1.,1.,1.,1.,1.,1.,
1.,1.,1.,1.,1.,1.,1.,1.,1.,1.,1.,1.,1.,1.,1.,1.,1.,1.,1.,1.,1.,1.,1.,1.,
1.,1.,1.,1.,1.,1.,1.,1.,1.,1.,1.,1.,1.,1.,1.,1.,1.,1.,1.,1.,1.,1.,1.,1.,
1.,1.,1.,1.,1.,1.,1.,1.,1.,1.,1.))
REPRESENTATION_ITEM('')
);
#25=(
BOUNDED_CURVE()
B_SPLINE_CURVE(5,(#4358,#4359,#4360,#4361,#4362,#4363,#4364,#4365,#4366,
#4367,#4368,#4369,#4370,#4371,#4372,#4373,#4374,#4375,#4376,#4377,#4378,
#4379,#4380,#4381,#4382,#4383,#4384,#4385,#4386,#4387,#4388,#4389,#4390,
#4391,#4392,#4393,#4394,#4395,#4396,#4397,#4398,#4399,#4400,#4401,#4402,
#4403,#4404,#4405,#4406,#4407,#4408,#4409,#4410,#4411,#4412,#4413,#4414,
#4415,#4416,#4417,#4418,#4419,#4420,#4421,#4422,#4423,#4424,#4425,#4426,
#4427,#4428,#4429,#4430,#4431,#4432),.UNSPECIFIED.,.F.,.F.)
B_SPLINE_CURVE_WITH_KNOTS((6,1,1,1,1,1,1,1,1,1,1,1,1,1,1,1,1,1,1,1,1,1,
1,1,1,1,1,1,1,1,1,1,1,1,1,1,1,1,1,1,1,1,1,1,1,1,1,1,1,1,1,1,1,1,1,1,1,1,
1,1,1,1,1,1,1,1,1,1,1,1,6),(0.,0.0142857142857143,0.0285714285714286,0.0428571428571429,
0.0571428571428571,0.0714285714285714,0.0857142857142857,0.1,0.114285714285714,
0.128571428571429,0.142857142857143,0.157142857142857,0.171428571428571,
0.185714285714286,0.2,0.214285714285714,0.228571428571429,0.242857142857143,
0.257142857142857,0.271428571428571,0.285714285714286,0.3,0.314285714285714,
0.328571428571429,0.342857142857143,0.357142857142857,0.371428571428571,
0.385714285714286,0.4,0.414285714285714,0.428571428571429,0.442857142857143,
0.457142857142857,0.471428571428572,0.485714285714286,0.5,0.514285714285714,
0.528571428571429,0.542857142857143,0.557142857142857,0.571428571428571,
0.585714285714286,0.6,0.614285714285714,0.628571428571428,0.642857142857142,
0.657142857142857,0.671428571428571,0.685714285714285,0.699999999999999,
0.714285714285714,0.728571428571428,0.742857142857142,0.757142857142856,
0.771428571428571,0.785714285714285,0.799999999999999,0.814285714285713,
0.828571428571428,0.842857142857142,0.857142857142856,0.87142857142857,
0.885714285714284,0.899999999999999,0.914285714285713,0.928571428571427,
0.942857142857141,0.957142857142856,0.97142857142857,0.985714285714284,
1.),.UNSPECIFIED.)
CURVE()
GEOMETRIC_REPRESENTATION_ITEM()
RATIONAL_B_SPLINE_CURVE((1.,1.,1.,1.,1.,1.,1.,1.,1.,1.,1.,1.,1.,1.,1.,1.,
1.,1.,1.,1.,1.,1.,1.,1.,1.,1.,1.,1.,1.,1.,1.,1.,1.,1.,1.,1.,1.,1.,1.,1.,
1.,1.,1.,1.,1.,1.,1.,1.,1.,1.,1.,1.,1.,1.,1.,1.,1.,1.,1.,1.,1.,1.,1.,1.,
1.,1.,1.,1.,1.,1.,1.,1.,1.,1.,1.))
REPRESENTATION_ITEM('')
);
#26=(
BOUNDED_CURVE()
B_SPLINE_CURVE(5,(#4438,#4439,#4440,#4441,#4442,#4443,#4444,#4445,#4446,
#4447,#4448,#4449,#4450,#4451,#4452,#4453,#4454,#4455,#4456,#4457,#4458,
#4459,#4460,#4461,#4462,#4463,#4464,#4465,#4466,#4467,#4468,#4469,#4470,
#4471,#4472,#4473,#4474,#4475,#4476,#4477,#4478,#4479,#4480,#4481,#4482,
#4483,#4484,#4485,#4486,#4487,#4488,#4489,#4490,#4491,#4492,#4493,#4494,
#4495,#4496,#4497,#4498,#4499,#4500,#4501,#4502,#4503,#4504,#4505,#4506,
#4507,#4508,#4509,#4510,#4511,#4512),.UNSPECIFIED.,.F.,.F.)
B_SPLINE_CURVE_WITH_KNOTS((6,1,1,1,1,1,1,1,1,1,1,1,1,1,1,1,1,1,1,1,1,1,
1,1,1,1,1,1,1,1,1,1,1,1,1,1,1,1,1,1,1,1,1,1,1,1,1,1,1,1,1,1,1,1,1,1,1,1,
1,1,1,1,1,1,1,1,1,1,1,1,6),(0.,0.0142857142857143,0.0285714285714286,0.0428571428571429,
0.0571428571428571,0.0714285714285714,0.0857142857142857,0.1,0.114285714285714,
0.128571428571429,0.142857142857143,0.157142857142857,0.171428571428571,
0.185714285714286,0.2,0.214285714285714,0.228571428571429,0.242857142857143,
0.257142857142857,0.271428571428571,0.285714285714286,0.3,0.314285714285714,
0.328571428571429,0.342857142857143,0.357142857142857,0.371428571428571,
0.385714285714286,0.4,0.414285714285714,0.428571428571429,0.442857142857143,
0.457142857142857,0.471428571428572,0.485714285714286,0.5,0.514285714285714,
0.528571428571429,0.542857142857143,0.557142857142857,0.571428571428571,
0.585714285714286,0.6,0.614285714285714,0.628571428571428,0.642857142857142,
0.657142857142857,0.671428571428571,0.685714285714285,0.699999999999999,
0.714285714285714,0.728571428571428,0.742857142857142,0.757142857142856,
0.771428571428571,0.785714285714285,0.799999999999999,0.814285714285713,
0.828571428571428,0.842857142857142,0.857142857142856,0.87142857142857,
0.885714285714284,0.899999999999999,0.914285714285713,0.928571428571427,
0.942857142857141,0.957142857142856,0.97142857142857,0.985714285714284,
1.),.UNSPECIFIED.)
CURVE()
GEOMETRIC_REPRESENTATION_ITEM()
RATIONAL_B_SPLINE_CURVE((1.,1.,1.,1.,1.,1.,1.,1.,1.,1.,1.,1.,1.,1.,1.,1.,
1.,1.,1.,1.,1.,1.,1.,1.,1.,1.,1.,1.,1.,1.,1.,1.,1.,1.,1.,1.,1.,1.,1.,1.,
1.,1.,1.,1.,1.,1.,1.,1.,1.,1.,1.,1.,1.,1.,1.,1.,1.,1.,1.,1.,1.,1.,1.,1.,
1.,1.,1.,1.,1.,1.,1.,1.,1.,1.,1.))
REPRESENTATION_ITEM('')
);
#27=(
BOUNDED_CURVE()
B_SPLINE_CURVE(5,(#4674,#4675,#4676,#4677,#4678,#4679,#4680,#4681,#4682,
#4683,#4684,#4685,#4686,#4687,#4688,#4689,#4690,#4691,#4692,#4693,#4694,
#4695,#4696,#4697,#4698,#4699,#4700,#4701,#4702,#4703,#4704,#4705,#4706,
#4707,#4708,#4709,#4710,#4711,#4712,#4713,#4714,#4715,#4716,#4717,#4718,
#4719,#4720,#4721,#4722,#4723,#4724,#4725,#4726,#4727,#4728,#4729,#4730,
#4731,#4732,#4733,#4734,#4735,#4736,#4737,#4738,#4739,#4740,#4741,#4742,
#4743,#4744,#4745,#4746,#4747,#4748),.UNSPECIFIED.,.F.,.F.)
B_SPLINE_CURVE_WITH_KNOTS((6,1,1,1,1,1,1,1,1,1,1,1,1,1,1,1,1,1,1,1,1,1,
1,1,1,1,1,1,1,1,1,1,1,1,1,1,1,1,1,1,1,1,1,1,1,1,1,1,1,1,1,1,1,1,1,1,1,1,
1,1,1,1,1,1,1,1,1,1,1,1,6),(-1.,-0.985714285714284,-0.97142857142857,-0.957142857142856,
-0.942857142857141,-0.928571428571427,-0.914285714285713,-0.899999999999999,
-0.885714285714284,-0.87142857142857,-0.857142857142856,-0.842857142857142,
-0.828571428571428,-0.814285714285713,-0.799999999999999,-0.785714285714285,
-0.771428571428571,-0.757142857142856,-0.742857142857142,-0.728571428571428,
-0.714285714285714,-0.699999999999999,-0.685714285714285,-0.671428571428571,
-0.657142857142857,-0.642857142857142,-0.628571428571428,-0.614285714285714,
-0.6,-0.585714285714286,-0.571428571428571,-0.557142857142857,-0.542857142857143,
-0.528571428571429,-0.514285714285714,-0.5,-0.485714285714286,-0.471428571428572,
-0.457142857142857,-0.442857142857143,-0.428571428571429,-0.414285714285714,
-0.4,-0.385714285714286,-0.371428571428571,-0.357142857142857,-0.342857142857143,
-0.328571428571429,-0.314285714285714,-0.3,-0.285714285714286,-0.271428571428571,
-0.257142857142857,-0.242857142857143,-0.228571428571429,-0.214285714285714,
-0.2,-0.185714285714286,-0.171428571428571,-0.157142857142857,-0.142857142857143,
-0.128571428571429,-0.114285714285714,-0.1,-0.0857142857142857,-0.0714285714285714,
-0.0571428571428571,-0.0428571428571429,-0.0285714285714286,-0.0142857142857143,
0.),.UNSPECIFIED.)
CURVE()
GEOMETRIC_REPRESENTATION_ITEM()
RATIONAL_B_SPLINE_CURVE((1.,1.,1.,1.,1.,1.,1.,1.,1.,1.,1.,1.,1.,1.,1.,1.,
1.,1.,1.,1.,1.,1.,1.,1.,1.,1.,1.,1.,1.,1.,1.,1.,1.,1.,1.,1.,1.,1.,1.,1.,
1.,1.,1.,1.,1.,1.,1.,1.,1.,1.,1.,1.,1.,1.,1.,1.,1.,1.,1.,1.,1.,1.,1.,1.,
1.,1.,1.,1.,1.,1.,1.,1.,1.,1.,1.))
REPRESENTATION_ITEM('')
);
#28=(
BOUNDED_CURVE()
B_SPLINE_CURVE(5,(#4754,#4755,#4756,#4757,#4758,#4759,#4760,#4761,#4762,
#4763,#4764,#4765,#4766,#4767,#4768,#4769,#4770,#4771,#4772,#4773,#4774,
#4775,#4776,#4777,#4778,#4779,#4780,#4781,#4782,#4783,#4784,#4785,#4786,
#4787,#4788,#4789,#4790,#4791,#4792,#4793,#4794,#4795,#4796,#4797,#4798,
#4799,#4800,#4801,#4802,#4803,#4804,#4805,#4806,#4807,#4808,#4809,#4810,
#4811,#4812,#4813,#4814,#4815,#4816,#4817,#4818,#4819,#4820,#4821,#4822,
#4823,#4824,#4825,#4826,#4827,#4828),.UNSPECIFIED.,.F.,.F.)
B_SPLINE_CURVE_WITH_KNOTS((6,1,1,1,1,1,1,1,1,1,1,1,1,1,1,1,1,1,1,1,1,1,
1,1,1,1,1,1,1,1,1,1,1,1,1,1,1,1,1,1,1,1,1,1,1,1,1,1,1,1,1,1,1,1,1,1,1,1,
1,1,1,1,1,1,1,1,1,1,1,1,6),(-1.,-0.985714285714284,-0.97142857142857,-0.957142857142856,
-0.942857142857141,-0.928571428571427,-0.914285714285713,-0.899999999999999,
-0.885714285714284,-0.87142857142857,-0.857142857142856,-0.842857142857142,
-0.828571428571428,-0.814285714285713,-0.799999999999999,-0.785714285714285,
-0.771428571428571,-0.757142857142856,-0.742857142857142,-0.728571428571428,
-0.714285714285714,-0.699999999999999,-0.685714285714285,-0.671428571428571,
-0.657142857142857,-0.642857142857142,-0.628571428571428,-0.614285714285714,
-0.6,-0.585714285714286,-0.571428571428571,-0.557142857142857,-0.542857142857143,
-0.528571428571429,-0.514285714285714,-0.5,-0.485714285714286,-0.471428571428572,
-0.457142857142857,-0.442857142857143,-0.428571428571429,-0.414285714285714,
-0.4,-0.385714285714286,-0.371428571428571,-0.357142857142857,-0.342857142857143,
-0.328571428571429,-0.314285714285714,-0.3,-0.285714285714286,-0.271428571428571,
-0.257142857142857,-0.242857142857143,-0.228571428571429,-0.214285714285714,
-0.2,-0.185714285714286,-0.171428571428571,-0.157142857142857,-0.142857142857143,
-0.128571428571429,-0.114285714285714,-0.1,-0.0857142857142857,-0.0714285714285714,
-0.0571428571428571,-0.0428571428571429,-0.0285714285714286,-0.0142857142857143,
0.),.UNSPECIFIED.)
CURVE()
GEOMETRIC_REPRESENTATION_ITEM()
RATIONAL_B_SPLINE_CURVE((1.,1.,1.,1.,1.,1.,1.,1.,1.,1.,1.,1.,1.,1.,1.,1.,
1.,1.,1.,1.,1.,1.,1.,1.,1.,1.,1.,1.,1.,1.,1.,1.,1.,1.,1.,1.,1.,1.,1.,1.,
1.,1.,1.,1.,1.,1.,1.,1.,1.,1.,1.,1.,1.,1.,1.,1.,1.,1.,1.,1.,1.,1.,1.,1.,
1.,1.,1.,1.,1.,1.,1.,1.,1.,1.,1.))
REPRESENTATION_ITEM('')
);
#29=(
BOUNDED_CURVE()
B_SPLINE_CURVE(5,(#4886,#4887,#4888,#4889,#4890,#4891,#4892,#4893,#4894,
#4895,#4896,#4897,#4898,#4899,#4900,#4901,#4902,#4903,#4904,#4905,#4906,
#4907,#4908,#4909,#4910,#4911,#4912,#4913,#4914,#4915,#4916,#4917,#4918,
#4919,#4920,#4921,#4922,#4923,#4924,#4925,#4926,#4927,#4928,#4929,#4930,
#4931,#4932,#4933,#4934,#4935,#4936,#4937,#4938,#4939,#4940,#4941,#4942,
#4943,#4944,#4945,#4946,#4947,#4948,#4949,#4950,#4951,#4952,#4953,#4954,
#4955,#4956,#4957,#4958,#4959,#4960),.UNSPECIFIED.,.F.,.F.)
B_SPLINE_CURVE_WITH_KNOTS((6,1,1,1,1,1,1,1,1,1,1,1,1,1,1,1,1,1,1,1,1,1,
1,1,1,1,1,1,1,1,1,1,1,1,1,1,1,1,1,1,1,1,1,1,1,1,1,1,1,1,1,1,1,1,1,1,1,1,
1,1,1,1,1,1,1,1,1,1,1,1,6),(0.,0.0142857142857143,0.0285714285714286,0.0428571428571429,
0.0571428571428571,0.0714285714285714,0.0857142857142857,0.1,0.114285714285714,
0.128571428571429,0.142857142857143,0.157142857142857,0.171428571428571,
0.185714285714286,0.2,0.214285714285714,0.228571428571429,0.242857142857143,
0.257142857142857,0.271428571428571,0.285714285714286,0.3,0.314285714285714,
0.328571428571429,0.342857142857143,0.357142857142857,0.371428571428571,
0.385714285714286,0.4,0.414285714285714,0.428571428571429,0.442857142857143,
0.457142857142857,0.471428571428572,0.485714285714286,0.5,0.514285714285714,
0.528571428571429,0.542857142857143,0.557142857142857,0.571428571428571,
0.585714285714286,0.6,0.614285714285714,0.628571428571428,0.642857142857142,
0.657142857142857,0.671428571428571,0.685714285714285,0.699999999999999,
0.714285714285714,0.728571428571428,0.742857142857142,0.757142857142856,
0.771428571428571,0.785714285714285,0.799999999999999,0.814285714285713,
0.828571428571428,0.842857142857142,0.857142857142856,0.87142857142857,
0.885714285714284,0.899999999999999,0.914285714285713,0.928571428571427,
0.942857142857141,0.957142857142856,0.97142857142857,0.985714285714284,
1.),.UNSPECIFIED.)
CURVE()
GEOMETRIC_REPRESENTATION_ITEM()
RATIONAL_B_SPLINE_CURVE((1.,1.,1.,1.,1.,1.,1.,1.,1.,1.,1.,1.,1.,1.,1.,1.,
1.,1.,1.,1.,1.,1.,1.,1.,1.,1.,1.,1.,1.,1.,1.,1.,1.,1.,1.,1.,1.,1.,1.,1.,
1.,1.,1.,1.,1.,1.,1.,1.,1.,1.,1.,1.,1.,1.,1.,1.,1.,1.,1.,1.,1.,1.,1.,1.,
1.,1.,1.,1.,1.,1.,1.,1.,1.,1.,1.))
REPRESENTATION_ITEM('')
);
#30=(
BOUNDED_CURVE()
B_SPLINE_CURVE(5,(#4966,#4967,#4968,#4969,#4970,#4971,#4972,#4973,#4974,
#4975,#4976,#4977,#4978,#4979,#4980,#4981,#4982,#4983,#4984,#4985,#4986,
#4987,#4988,#4989,#4990,#4991,#4992,#4993,#4994,#4995,#4996,#4997,#4998,
#4999,#5000,#5001,#5002,#5003,#5004,#5005,#5006,#5007,#5008,#5009,#5010,
#5011,#5012,#5013,#5014,#5015,#5016,#5017,#5018,#5019,#5020,#5021,#5022,
#5023,#5024,#5025,#5026,#5027,#5028,#5029,#5030,#5031,#5032,#5033,#5034,
#5035,#5036,#5037,#5038,#5039,#5040),.UNSPECIFIED.,.F.,.F.)
B_SPLINE_CURVE_WITH_KNOTS((6,1,1,1,1,1,1,1,1,1,1,1,1,1,1,1,1,1,1,1,1,1,
1,1,1,1,1,1,1,1,1,1,1,1,1,1,1,1,1,1,1,1,1,1,1,1,1,1,1,1,1,1,1,1,1,1,1,1,
1,1,1,1,1,1,1,1,1,1,1,1,6),(0.,0.0142857142857143,0.0285714285714286,0.0428571428571429,
0.0571428571428571,0.0714285714285714,0.0857142857142857,0.1,0.114285714285714,
0.128571428571429,0.142857142857143,0.157142857142857,0.171428571428571,
0.185714285714286,0.2,0.214285714285714,0.228571428571429,0.242857142857143,
0.257142857142857,0.271428571428571,0.285714285714286,0.3,0.314285714285714,
0.328571428571429,0.342857142857143,0.357142857142857,0.371428571428571,
0.385714285714286,0.4,0.414285714285714,0.428571428571429,0.442857142857143,
0.457142857142857,0.471428571428572,0.485714285714286,0.5,0.514285714285714,
0.528571428571429,0.542857142857143,0.557142857142857,0.571428571428571,
0.585714285714286,0.6,0.614285714285714,0.628571428571428,0.642857142857142,
0.657142857142857,0.671428571428571,0.685714285714285,0.699999999999999,
0.714285714285714,0.728571428571428,0.742857142857142,0.757142857142856,
0.771428571428571,0.785714285714285,0.799999999999999,0.814285714285713,
0.828571428571428,0.842857142857142,0.857142857142856,0.87142857142857,
0.885714285714284,0.899999999999999,0.914285714285713,0.928571428571427,
0.942857142857141,0.957142857142856,0.97142857142857,0.985714285714284,
1.),.UNSPECIFIED.)
CURVE()
GEOMETRIC_REPRESENTATION_ITEM()
RATIONAL_B_SPLINE_CURVE((1.,1.,1.,1.,1.,1.,1.,1.,1.,1.,1.,1.,1.,1.,1.,1.,
1.,1.,1.,1.,1.,1.,1.,1.,1.,1.,1.,1.,1.,1.,1.,1.,1.,1.,1.,1.,1.,1.,1.,1.,
1.,1.,1.,1.,1.,1.,1.,1.,1.,1.,1.,1.,1.,1.,1.,1.,1.,1.,1.,1.,1.,1.,1.,1.,
1.,1.,1.,1.,1.,1.,1.,1.,1.,1.,1.))
REPRESENTATION_ITEM('')
);
#31=(
BOUNDED_CURVE()
B_SPLINE_CURVE(5,(#5202,#5203,#5204,#5205,#5206,#5207,#5208,#5209,#5210,
#5211,#5212,#5213,#5214,#5215,#5216,#5217,#5218,#5219,#5220,#5221,#5222,
#5223,#5224,#5225,#5226,#5227,#5228,#5229,#5230,#5231,#5232,#5233,#5234,
#5235,#5236,#5237,#5238,#5239,#5240,#5241,#5242,#5243,#5244,#5245,#5246,
#5247,#5248,#5249,#5250,#5251,#5252,#5253,#5254,#5255,#5256,#5257,#5258,
#5259,#5260,#5261,#5262,#5263,#5264,#5265,#5266,#5267,#5268,#5269,#5270,
#5271,#5272,#5273,#5274,#5275,#5276),.UNSPECIFIED.,.F.,.F.)
B_SPLINE_CURVE_WITH_KNOTS((6,1,1,1,1,1,1,1,1,1,1,1,1,1,1,1,1,1,1,1,1,1,
1,1,1,1,1,1,1,1,1,1,1,1,1,1,1,1,1,1,1,1,1,1,1,1,1,1,1,1,1,1,1,1,1,1,1,1,
1,1,1,1,1,1,1,1,1,1,1,1,6),(-1.,-0.985714285714284,-0.97142857142857,-0.957142857142856,
-0.942857142857141,-0.928571428571427,-0.914285714285713,-0.899999999999999,
-0.885714285714284,-0.87142857142857,-0.857142857142856,-0.842857142857142,
-0.828571428571428,-0.814285714285713,-0.799999999999999,-0.785714285714285,
-0.771428571428571,-0.757142857142856,-0.742857142857142,-0.728571428571428,
-0.714285714285714,-0.699999999999999,-0.685714285714285,-0.671428571428571,
-0.657142857142857,-0.642857142857142,-0.628571428571428,-0.614285714285714,
-0.6,-0.585714285714286,-0.571428571428571,-0.557142857142857,-0.542857142857143,
-0.528571428571429,-0.514285714285714,-0.5,-0.485714285714286,-0.471428571428572,
-0.457142857142857,-0.442857142857143,-0.428571428571429,-0.414285714285714,
-0.4,-0.385714285714286,-0.371428571428571,-0.357142857142857,-0.342857142857143,
-0.328571428571429,-0.314285714285714,-0.3,-0.285714285714286,-0.271428571428571,
-0.257142857142857,-0.242857142857143,-0.228571428571429,-0.214285714285714,
-0.2,-0.185714285714286,-0.171428571428571,-0.157142857142857,-0.142857142857143,
-0.128571428571429,-0.114285714285714,-0.1,-0.0857142857142857,-0.0714285714285714,
-0.0571428571428571,-0.0428571428571429,-0.0285714285714286,-0.0142857142857143,
0.),.UNSPECIFIED.)
CURVE()
GEOMETRIC_REPRESENTATION_ITEM()
RATIONAL_B_SPLINE_CURVE((1.,1.,1.,1.,1.,1.,1.,1.,1.,1.,1.,1.,1.,1.,1.,1.,
1.,1.,1.,1.,1.,1.,1.,1.,1.,1.,1.,1.,1.,1.,1.,1.,1.,1.,1.,1.,1.,1.,1.,1.,
1.,1.,1.,1.,1.,1.,1.,1.,1.,1.,1.,1.,1.,1.,1.,1.,1.,1.,1.,1.,1.,1.,1.,1.,
1.,1.,1.,1.,1.,1.,1.,1.,1.,1.,1.))
REPRESENTATION_ITEM('')
);
#32=(
BOUNDED_CURVE()
B_SPLINE_CURVE(5,(#5282,#5283,#5284,#5285,#5286,#5287,#5288,#5289,#5290,
#5291,#5292,#5293,#5294,#5295,#5296,#5297,#5298,#5299,#5300,#5301,#5302,
#5303,#5304,#5305,#5306,#5307,#5308,#5309,#5310,#5311,#5312,#5313,#5314,
#5315,#5316,#5317,#5318,#5319,#5320,#5321,#5322,#5323,#5324,#5325,#5326,
#5327,#5328,#5329,#5330,#5331,#5332,#5333,#5334,#5335,#5336,#5337,#5338,
#5339,#5340,#5341,#5342,#5343,#5344,#5345,#5346,#5347,#5348,#5349,#5350,
#5351,#5352,#5353,#5354,#5355,#5356),.UNSPECIFIED.,.F.,.F.)
B_SPLINE_CURVE_WITH_KNOTS((6,1,1,1,1,1,1,1,1,1,1,1,1,1,1,1,1,1,1,1,1,1,
1,1,1,1,1,1,1,1,1,1,1,1,1,1,1,1,1,1,1,1,1,1,1,1,1,1,1,1,1,1,1,1,1,1,1,1,
1,1,1,1,1,1,1,1,1,1,1,1,6),(-1.,-0.985714285714284,-0.97142857142857,-0.957142857142856,
-0.942857142857141,-0.928571428571427,-0.914285714285713,-0.899999999999999,
-0.885714285714284,-0.87142857142857,-0.857142857142856,-0.842857142857142,
-0.828571428571428,-0.814285714285713,-0.799999999999999,-0.785714285714285,
-0.771428571428571,-0.757142857142856,-0.742857142857142,-0.728571428571428,
-0.714285714285714,-0.699999999999999,-0.685714285714285,-0.671428571428571,
-0.657142857142857,-0.642857142857142,-0.628571428571428,-0.614285714285714,
-0.6,-0.585714285714286,-0.571428571428571,-0.557142857142857,-0.542857142857143,
-0.528571428571429,-0.514285714285714,-0.5,-0.485714285714286,-0.471428571428572,
-0.457142857142857,-0.442857142857143,-0.428571428571429,-0.414285714285714,
-0.4,-0.385714285714286,-0.371428571428571,-0.357142857142857,-0.342857142857143,
-0.328571428571429,-0.314285714285714,-0.3,-0.285714285714286,-0.271428571428571,
-0.257142857142857,-0.242857142857143,-0.228571428571429,-0.214285714285714,
-0.2,-0.185714285714286,-0.171428571428571,-0.157142857142857,-0.142857142857143,
-0.128571428571429,-0.114285714285714,-0.1,-0.0857142857142857,-0.0714285714285714,
-0.0571428571428571,-0.0428571428571429,-0.0285714285714286,-0.0142857142857143,
0.),.UNSPECIFIED.)
CURVE()
GEOMETRIC_REPRESENTATION_ITEM()
RATIONAL_B_SPLINE_CURVE((1.,1.,1.,1.,1.,1.,1.,1.,1.,1.,1.,1.,1.,1.,1.,1.,
1.,1.,1.,1.,1.,1.,1.,1.,1.,1.,1.,1.,1.,1.,1.,1.,1.,1.,1.,1.,1.,1.,1.,1.,
1.,1.,1.,1.,1.,1.,1.,1.,1.,1.,1.,1.,1.,1.,1.,1.,1.,1.,1.,1.,1.,1.,1.,1.,
1.,1.,1.,1.,1.,1.,1.,1.,1.,1.,1.))
REPRESENTATION_ITEM('')
);
#33=(
BOUNDED_CURVE()
B_SPLINE_CURVE(5,(#5414,#5415,#5416,#5417,#5418,#5419,#5420,#5421,#5422,
#5423,#5424,#5425,#5426,#5427,#5428,#5429,#5430,#5431,#5432,#5433,#5434,
#5435,#5436,#5437,#5438,#5439,#5440,#5441,#5442,#5443,#5444,#5445,#5446,
#5447,#5448,#5449,#5450,#5451,#5452,#5453,#5454,#5455,#5456,#5457,#5458,
#5459,#5460,#5461,#5462,#5463,#5464,#5465,#5466,#5467,#5468,#5469,#5470,
#5471,#5472,#5473,#5474,#5475,#5476,#5477,#5478,#5479,#5480,#5481,#5482,
#5483,#5484,#5485,#5486,#5487,#5488),.UNSPECIFIED.,.F.,.F.)
B_SPLINE_CURVE_WITH_KNOTS((6,1,1,1,1,1,1,1,1,1,1,1,1,1,1,1,1,1,1,1,1,1,
1,1,1,1,1,1,1,1,1,1,1,1,1,1,1,1,1,1,1,1,1,1,1,1,1,1,1,1,1,1,1,1,1,1,1,1,
1,1,1,1,1,1,1,1,1,1,1,1,6),(0.,0.0142857142857143,0.0285714285714286,0.0428571428571429,
0.0571428571428571,0.0714285714285714,0.0857142857142857,0.1,0.114285714285714,
0.128571428571429,0.142857142857143,0.157142857142857,0.171428571428571,
0.185714285714286,0.2,0.214285714285714,0.228571428571429,0.242857142857143,
0.257142857142857,0.271428571428571,0.285714285714286,0.3,0.314285714285714,
0.328571428571429,0.342857142857143,0.357142857142857,0.371428571428571,
0.385714285714286,0.4,0.414285714285714,0.428571428571429,0.442857142857143,
0.457142857142857,0.471428571428572,0.485714285714286,0.5,0.514285714285714,
0.528571428571429,0.542857142857143,0.557142857142857,0.571428571428571,
0.585714285714286,0.6,0.614285714285714,0.628571428571428,0.642857142857142,
0.657142857142857,0.671428571428571,0.685714285714285,0.699999999999999,
0.714285714285714,0.728571428571428,0.742857142857142,0.757142857142856,
0.771428571428571,0.785714285714285,0.799999999999999,0.814285714285713,
0.828571428571428,0.842857142857142,0.857142857142856,0.87142857142857,
0.885714285714284,0.899999999999999,0.914285714285713,0.928571428571427,
0.942857142857141,0.957142857142856,0.97142857142857,0.985714285714284,
1.),.UNSPECIFIED.)
CURVE()
GEOMETRIC_REPRESENTATION_ITEM()
RATIONAL_B_SPLINE_CURVE((1.,1.,1.,1.,1.,1.,1.,1.,1.,1.,1.,1.,1.,1.,1.,1.,
1.,1.,1.,1.,1.,1.,1.,1.,1.,1.,1.,1.,1.,1.,1.,1.,1.,1.,1.,1.,1.,1.,1.,1.,
1.,1.,1.,1.,1.,1.,1.,1.,1.,1.,1.,1.,1.,1.,1.,1.,1.,1.,1.,1.,1.,1.,1.,1.,
1.,1.,1.,1.,1.,1.,1.,1.,1.,1.,1.))
REPRESENTATION_ITEM('')
);
#34=(
BOUNDED_CURVE()
B_SPLINE_CURVE(5,(#5494,#5495,#5496,#5497,#5498,#5499,#5500,#5501,#5502,
#5503,#5504,#5505,#5506,#5507,#5508,#5509,#5510,#5511,#5512,#5513,#5514,
#5515,#5516,#5517,#5518,#5519,#5520,#5521,#5522,#5523,#5524,#5525,#5526,
#5527,#5528,#5529,#5530,#5531,#5532,#5533,#5534,#5535,#5536,#5537,#5538,
#5539,#5540,#5541,#5542,#5543,#5544,#5545,#5546,#5547,#5548,#5549,#5550,
#5551,#5552,#5553,#5554,#5555,#5556,#5557,#5558,#5559,#5560,#5561,#5562,
#5563,#5564,#5565,#5566,#5567,#5568),.UNSPECIFIED.,.F.,.F.)
B_SPLINE_CURVE_WITH_KNOTS((6,1,1,1,1,1,1,1,1,1,1,1,1,1,1,1,1,1,1,1,1,1,
1,1,1,1,1,1,1,1,1,1,1,1,1,1,1,1,1,1,1,1,1,1,1,1,1,1,1,1,1,1,1,1,1,1,1,1,
1,1,1,1,1,1,1,1,1,1,1,1,6),(0.,0.0142857142857143,0.0285714285714286,0.0428571428571429,
0.0571428571428571,0.0714285714285714,0.0857142857142857,0.1,0.114285714285714,
0.128571428571429,0.142857142857143,0.157142857142857,0.171428571428571,
0.185714285714286,0.2,0.214285714285714,0.228571428571429,0.242857142857143,
0.257142857142857,0.271428571428571,0.285714285714286,0.3,0.314285714285714,
0.328571428571429,0.342857142857143,0.357142857142857,0.371428571428571,
0.385714285714286,0.4,0.414285714285714,0.428571428571429,0.442857142857143,
0.457142857142857,0.471428571428572,0.485714285714286,0.5,0.514285714285714,
0.528571428571429,0.542857142857143,0.557142857142857,0.571428571428571,
0.585714285714286,0.6,0.614285714285714,0.628571428571428,0.642857142857142,
0.657142857142857,0.671428571428571,0.685714285714285,0.699999999999999,
0.714285714285714,0.728571428571428,0.742857142857142,0.757142857142856,
0.771428571428571,0.785714285714285,0.799999999999999,0.814285714285713,
0.828571428571428,0.842857142857142,0.857142857142856,0.87142857142857,
0.885714285714284,0.899999999999999,0.914285714285713,0.928571428571427,
0.942857142857141,0.957142857142856,0.97142857142857,0.985714285714284,
1.),.UNSPECIFIED.)
CURVE()
GEOMETRIC_REPRESENTATION_ITEM()
RATIONAL_B_SPLINE_CURVE((1.,1.,1.,1.,1.,1.,1.,1.,1.,1.,1.,1.,1.,1.,1.,1.,
1.,1.,1.,1.,1.,1.,1.,1.,1.,1.,1.,1.,1.,1.,1.,1.,1.,1.,1.,1.,1.,1.,1.,1.,
1.,1.,1.,1.,1.,1.,1.,1.,1.,1.,1.,1.,1.,1.,1.,1.,1.,1.,1.,1.,1.,1.,1.,1.,
1.,1.,1.,1.,1.,1.,1.,1.,1.,1.,1.))
REPRESENTATION_ITEM('')
);
#35=(
BOUNDED_CURVE()
B_SPLINE_CURVE(5,(#5730,#5731,#5732,#5733,#5734,#5735,#5736,#5737,#5738,
#5739,#5740,#5741,#5742,#5743,#5744,#5745,#5746,#5747,#5748,#5749,#5750,
#5751,#5752,#5753,#5754,#5755,#5756,#5757,#5758,#5759,#5760,#5761,#5762,
#5763,#5764,#5765,#5766,#5767,#5768,#5769,#5770,#5771,#5772,#5773,#5774,
#5775,#5776,#5777,#5778,#5779,#5780,#5781,#5782,#5783,#5784,#5785,#5786,
#5787,#5788,#5789,#5790,#5791,#5792,#5793,#5794,#5795,#5796,#5797,#5798,
#5799,#5800,#5801,#5802,#5803,#5804),.UNSPECIFIED.,.F.,.F.)
B_SPLINE_CURVE_WITH_KNOTS((6,1,1,1,1,1,1,1,1,1,1,1,1,1,1,1,1,1,1,1,1,1,
1,1,1,1,1,1,1,1,1,1,1,1,1,1,1,1,1,1,1,1,1,1,1,1,1,1,1,1,1,1,1,1,1,1,1,1,
1,1,1,1,1,1,1,1,1,1,1,1,6),(-1.,-0.985714285714284,-0.97142857142857,-0.957142857142856,
-0.942857142857141,-0.928571428571427,-0.914285714285713,-0.899999999999999,
-0.885714285714284,-0.87142857142857,-0.857142857142856,-0.842857142857142,
-0.828571428571428,-0.814285714285713,-0.799999999999999,-0.785714285714285,
-0.771428571428571,-0.757142857142856,-0.742857142857142,-0.728571428571428,
-0.714285714285714,-0.699999999999999,-0.685714285714285,-0.671428571428571,
-0.657142857142857,-0.642857142857142,-0.628571428571428,-0.614285714285714,
-0.6,-0.585714285714286,-0.571428571428571,-0.557142857142857,-0.542857142857143,
-0.528571428571429,-0.514285714285714,-0.5,-0.485714285714286,-0.471428571428572,
-0.457142857142857,-0.442857142857143,-0.428571428571429,-0.414285714285714,
-0.4,-0.385714285714286,-0.371428571428571,-0.357142857142857,-0.342857142857143,
-0.328571428571429,-0.314285714285714,-0.3,-0.285714285714286,-0.271428571428571,
-0.257142857142857,-0.242857142857143,-0.228571428571429,-0.214285714285714,
-0.2,-0.185714285714286,-0.171428571428571,-0.157142857142857,-0.142857142857143,
-0.128571428571429,-0.114285714285714,-0.1,-0.0857142857142857,-0.0714285714285714,
-0.0571428571428571,-0.0428571428571429,-0.0285714285714286,-0.0142857142857143,
0.),.UNSPECIFIED.)
CURVE()
GEOMETRIC_REPRESENTATION_ITEM()
RATIONAL_B_SPLINE_CURVE((1.,1.,1.,1.,1.,1.,1.,1.,1.,1.,1.,1.,1.,1.,1.,1.,
1.,1.,1.,1.,1.,1.,1.,1.,1.,1.,1.,1.,1.,1.,1.,1.,1.,1.,1.,1.,1.,1.,1.,1.,
1.,1.,1.,1.,1.,1.,1.,1.,1.,1.,1.,1.,1.,1.,1.,1.,1.,1.,1.,1.,1.,1.,1.,1.,
1.,1.,1.,1.,1.,1.,1.,1.,1.,1.,1.))
REPRESENTATION_ITEM('')
);
#36=(
BOUNDED_CURVE()
B_SPLINE_CURVE(5,(#5810,#5811,#5812,#5813,#5814,#5815,#5816,#5817,#5818,
#5819,#5820,#5821,#5822,#5823,#5824,#5825,#5826,#5827,#5828,#5829,#5830,
#5831,#5832,#5833,#5834,#5835,#5836,#5837,#5838,#5839,#5840,#5841,#5842,
#5843,#5844,#5845,#5846,#5847,#5848,#5849,#5850,#5851,#5852,#5853,#5854,
#5855,#5856,#5857,#5858,#5859,#5860,#5861,#5862,#5863,#5864,#5865,#5866,
#5867,#5868,#5869,#5870,#5871,#5872,#5873,#5874,#5875,#5876,#5877,#5878,
#5879,#5880,#5881,#5882,#5883,#5884),.UNSPECIFIED.,.F.,.F.)
B_SPLINE_CURVE_WITH_KNOTS((6,1,1,1,1,1,1,1,1,1,1,1,1,1,1,1,1,1,1,1,1,1,
1,1,1,1,1,1,1,1,1,1,1,1,1,1,1,1,1,1,1,1,1,1,1,1,1,1,1,1,1,1,1,1,1,1,1,1,
1,1,1,1,1,1,1,1,1,1,1,1,6),(-1.,-0.985714285714284,-0.97142857142857,-0.957142857142856,
-0.942857142857141,-0.928571428571427,-0.914285714285713,-0.899999999999999,
-0.885714285714284,-0.87142857142857,-0.857142857142856,-0.842857142857142,
-0.828571428571428,-0.814285714285713,-0.799999999999999,-0.785714285714285,
-0.771428571428571,-0.757142857142856,-0.742857142857142,-0.728571428571428,
-0.714285714285714,-0.699999999999999,-0.685714285714285,-0.671428571428571,
-0.657142857142857,-0.642857142857142,-0.628571428571428,-0.614285714285714,
-0.6,-0.585714285714286,-0.571428571428571,-0.557142857142857,-0.542857142857143,
-0.528571428571429,-0.514285714285714,-0.5,-0.485714285714286,-0.471428571428572,
-0.457142857142857,-0.442857142857143,-0.428571428571429,-0.414285714285714,
-0.4,-0.385714285714286,-0.371428571428571,-0.357142857142857,-0.342857142857143,
-0.328571428571429,-0.314285714285714,-0.3,-0.285714285714286,-0.271428571428571,
-0.257142857142857,-0.242857142857143,-0.228571428571429,-0.214285714285714,
-0.2,-0.185714285714286,-0.171428571428571,-0.157142857142857,-0.142857142857143,
-0.128571428571429,-0.114285714285714,-0.1,-0.0857142857142857,-0.0714285714285714,
-0.0571428571428571,-0.0428571428571429,-0.0285714285714286,-0.0142857142857143,
0.),.UNSPECIFIED.)
CURVE()
GEOMETRIC_REPRESENTATION_ITEM()
RATIONAL_B_SPLINE_CURVE((1.,1.,1.,1.,1.,1.,1.,1.,1.,1.,1.,1.,1.,1.,1.,1.,
1.,1.,1.,1.,1.,1.,1.,1.,1.,1.,1.,1.,1.,1.,1.,1.,1.,1.,1.,1.,1.,1.,1.,1.,
1.,1.,1.,1.,1.,1.,1.,1.,1.,1.,1.,1.,1.,1.,1.,1.,1.,1.,1.,1.,1.,1.,1.,1.,
1.,1.,1.,1.,1.,1.,1.,1.,1.,1.,1.))
REPRESENTATION_ITEM('')
);
#37=(
BOUNDED_CURVE()
B_SPLINE_CURVE(5,(#5942,#5943,#5944,#5945,#5946,#5947,#5948,#5949,#5950,
#5951,#5952,#5953,#5954,#5955,#5956,#5957,#5958,#5959,#5960,#5961,#5962,
#5963,#5964,#5965,#5966,#5967,#5968,#5969,#5970,#5971,#5972,#5973,#5974,
#5975,#5976,#5977,#5978,#5979,#5980,#5981,#5982,#5983,#5984,#5985,#5986,
#5987,#5988,#5989,#5990,#5991,#5992,#5993,#5994,#5995,#5996,#5997,#5998,
#5999,#6000,#6001,#6002,#6003,#6004,#6005,#6006,#6007,#6008,#6009,#6010,
#6011,#6012,#6013,#6014,#6015,#6016),.UNSPECIFIED.,.F.,.F.)
B_SPLINE_CURVE_WITH_KNOTS((6,1,1,1,1,1,1,1,1,1,1,1,1,1,1,1,1,1,1,1,1,1,
1,1,1,1,1,1,1,1,1,1,1,1,1,1,1,1,1,1,1,1,1,1,1,1,1,1,1,1,1,1,1,1,1,1,1,1,
1,1,1,1,1,1,1,1,1,1,1,1,6),(0.,0.0142857142857143,0.0285714285714286,0.0428571428571429,
0.0571428571428571,0.0714285714285714,0.0857142857142857,0.1,0.114285714285714,
0.128571428571429,0.142857142857143,0.157142857142857,0.171428571428571,
0.185714285714286,0.2,0.214285714285714,0.228571428571429,0.242857142857143,
0.257142857142857,0.271428571428571,0.285714285714286,0.3,0.314285714285714,
0.328571428571429,0.342857142857143,0.357142857142857,0.371428571428571,
0.385714285714286,0.4,0.414285714285714,0.428571428571429,0.442857142857143,
0.457142857142857,0.471428571428572,0.485714285714286,0.5,0.514285714285714,
0.528571428571429,0.542857142857143,0.557142857142857,0.571428571428571,
0.585714285714286,0.6,0.614285714285714,0.628571428571428,0.642857142857142,
0.657142857142857,0.671428571428571,0.685714285714285,0.699999999999999,
0.714285714285714,0.728571428571428,0.742857142857142,0.757142857142856,
0.771428571428571,0.785714285714285,0.799999999999999,0.814285714285713,
0.828571428571428,0.842857142857142,0.857142857142856,0.87142857142857,
0.885714285714284,0.899999999999999,0.914285714285713,0.928571428571427,
0.942857142857141,0.957142857142856,0.97142857142857,0.985714285714284,
1.),.UNSPECIFIED.)
CURVE()
GEOMETRIC_REPRESENTATION_ITEM()
RATIONAL_B_SPLINE_CURVE((1.,1.,1.,1.,1.,1.,1.,1.,1.,1.,1.,1.,1.,1.,1.,1.,
1.,1.,1.,1.,1.,1.,1.,1.,1.,1.,1.,1.,1.,1.,1.,1.,1.,1.,1.,1.,1.,1.,1.,1.,
1.,1.,1.,1.,1.,1.,1.,1.,1.,1.,1.,1.,1.,1.,1.,1.,1.,1.,1.,1.,1.,1.,1.,1.,
1.,1.,1.,1.,1.,1.,1.,1.,1.,1.,1.))
REPRESENTATION_ITEM('')
);
#38=(
BOUNDED_CURVE()
B_SPLINE_CURVE(5,(#6022,#6023,#6024,#6025,#6026,#6027,#6028,#6029,#6030,
#6031,#6032,#6033,#6034,#6035,#6036,#6037,#6038,#6039,#6040,#6041,#6042,
#6043,#6044,#6045,#6046,#6047,#6048,#6049,#6050,#6051,#6052,#6053,#6054,
#6055,#6056,#6057,#6058,#6059,#6060,#6061,#6062,#6063,#6064,#6065,#6066,
#6067,#6068,#6069,#6070,#6071,#6072,#6073,#6074,#6075,#6076,#6077,#6078,
#6079,#6080,#6081,#6082,#6083,#6084,#6085,#6086,#6087,#6088,#6089,#6090,
#6091,#6092,#6093,#6094,#6095,#6096),.UNSPECIFIED.,.F.,.F.)
B_SPLINE_CURVE_WITH_KNOTS((6,1,1,1,1,1,1,1,1,1,1,1,1,1,1,1,1,1,1,1,1,1,
1,1,1,1,1,1,1,1,1,1,1,1,1,1,1,1,1,1,1,1,1,1,1,1,1,1,1,1,1,1,1,1,1,1,1,1,
1,1,1,1,1,1,1,1,1,1,1,1,6),(0.,0.0142857142857143,0.0285714285714286,0.0428571428571429,
0.0571428571428571,0.0714285714285714,0.0857142857142857,0.1,0.114285714285714,
0.128571428571429,0.142857142857143,0.157142857142857,0.171428571428571,
0.185714285714286,0.2,0.214285714285714,0.228571428571429,0.242857142857143,
0.257142857142857,0.271428571428571,0.285714285714286,0.3,0.314285714285714,
0.328571428571429,0.342857142857143,0.357142857142857,0.371428571428571,
0.385714285714286,0.4,0.414285714285714,0.428571428571429,0.442857142857143,
0.457142857142857,0.471428571428572,0.485714285714286,0.5,0.514285714285714,
0.528571428571429,0.542857142857143,0.557142857142857,0.571428571428571,
0.585714285714286,0.6,0.614285714285714,0.628571428571428,0.642857142857142,
0.657142857142857,0.671428571428571,0.685714285714285,0.699999999999999,
0.714285714285714,0.728571428571428,0.742857142857142,0.757142857142856,
0.771428571428571,0.785714285714285,0.799999999999999,0.814285714285713,
0.828571428571428,0.842857142857142,0.857142857142856,0.87142857142857,
0.885714285714284,0.899999999999999,0.914285714285713,0.928571428571427,
0.942857142857141,0.957142857142856,0.97142857142857,0.985714285714284,
1.),.UNSPECIFIED.)
CURVE()
GEOMETRIC_REPRESENTATION_ITEM()
RATIONAL_B_SPLINE_CURVE((1.,1.,1.,1.,1.,1.,1.,1.,1.,1.,1.,1.,1.,1.,1.,1.,
1.,1.,1.,1.,1.,1.,1.,1.,1.,1.,1.,1.,1.,1.,1.,1.,1.,1.,1.,1.,1.,1.,1.,1.,
1.,1.,1.,1.,1.,1.,1.,1.,1.,1.,1.,1.,1.,1.,1.,1.,1.,1.,1.,1.,1.,1.,1.,1.,
1.,1.,1.,1.,1.,1.,1.,1.,1.,1.,1.))
REPRESENTATION_ITEM('')
);
#39=(
BOUNDED_CURVE()
B_SPLINE_CURVE(5,(#6258,#6259,#6260,#6261,#6262,#6263,#6264,#6265,#6266,
#6267,#6268,#6269,#6270,#6271,#6272,#6273,#6274,#6275,#6276,#6277,#6278,
#6279,#6280,#6281,#6282,#6283,#6284,#6285,#6286,#6287,#6288,#6289,#6290,
#6291,#6292,#6293,#6294,#6295,#6296,#6297,#6298,#6299,#6300,#6301,#6302,
#6303,#6304,#6305,#6306,#6307,#6308,#6309,#6310,#6311,#6312,#6313,#6314,
#6315,#6316,#6317,#6318,#6319,#6320,#6321,#6322,#6323,#6324,#6325,#6326,
#6327,#6328,#6329,#6330,#6331,#6332),.UNSPECIFIED.,.F.,.F.)
B_SPLINE_CURVE_WITH_KNOTS((6,1,1,1,1,1,1,1,1,1,1,1,1,1,1,1,1,1,1,1,1,1,
1,1,1,1,1,1,1,1,1,1,1,1,1,1,1,1,1,1,1,1,1,1,1,1,1,1,1,1,1,1,1,1,1,1,1,1,
1,1,1,1,1,1,1,1,1,1,1,1,6),(-1.,-0.985714285714284,-0.97142857142857,-0.957142857142856,
-0.942857142857141,-0.928571428571427,-0.914285714285713,-0.899999999999999,
-0.885714285714284,-0.87142857142857,-0.857142857142856,-0.842857142857142,
-0.828571428571428,-0.814285714285713,-0.799999999999999,-0.785714285714285,
-0.771428571428571,-0.757142857142856,-0.742857142857142,-0.728571428571428,
-0.714285714285714,-0.699999999999999,-0.685714285714285,-0.671428571428571,
-0.657142857142857,-0.642857142857142,-0.628571428571428,-0.614285714285714,
-0.6,-0.585714285714286,-0.571428571428571,-0.557142857142857,-0.542857142857143,
-0.528571428571429,-0.514285714285714,-0.5,-0.485714285714286,-0.471428571428572,
-0.457142857142857,-0.442857142857143,-0.428571428571429,-0.414285714285714,
-0.4,-0.385714285714286,-0.371428571428571,-0.357142857142857,-0.342857142857143,
-0.328571428571429,-0.314285714285714,-0.3,-0.285714285714286,-0.271428571428571,
-0.257142857142857,-0.242857142857143,-0.228571428571429,-0.214285714285714,
-0.2,-0.185714285714286,-0.171428571428571,-0.157142857142857,-0.142857142857143,
-0.128571428571429,-0.114285714285714,-0.1,-0.0857142857142857,-0.0714285714285714,
-0.0571428571428571,-0.0428571428571429,-0.0285714285714286,-0.0142857142857143,
0.),.UNSPECIFIED.)
CURVE()
GEOMETRIC_REPRESENTATION_ITEM()
RATIONAL_B_SPLINE_CURVE((1.,1.,1.,1.,1.,1.,1.,1.,1.,1.,1.,1.,1.,1.,1.,1.,
1.,1.,1.,1.,1.,1.,1.,1.,1.,1.,1.,1.,1.,1.,1.,1.,1.,1.,1.,1.,1.,1.,1.,1.,
1.,1.,1.,1.,1.,1.,1.,1.,1.,1.,1.,1.,1.,1.,1.,1.,1.,1.,1.,1.,1.,1.,1.,1.,
1.,1.,1.,1.,1.,1.,1.,1.,1.,1.,1.))
REPRESENTATION_ITEM('')
);
#40=(
BOUNDED_CURVE()
B_SPLINE_CURVE(5,(#6338,#6339,#6340,#6341,#6342,#6343,#6344,#6345,#6346,
#6347,#6348,#6349,#6350,#6351,#6352,#6353,#6354,#6355,#6356,#6357,#6358,
#6359,#6360,#6361,#6362,#6363,#6364,#6365,#6366,#6367,#6368,#6369,#6370,
#6371,#6372,#6373,#6374,#6375,#6376,#6377,#6378,#6379,#6380,#6381,#6382,
#6383,#6384,#6385,#6386,#6387,#6388,#6389,#6390,#6391,#6392,#6393,#6394,
#6395,#6396,#6397,#6398,#6399,#6400,#6401,#6402,#6403,#6404,#6405,#6406,
#6407,#6408,#6409,#6410,#6411,#6412),.UNSPECIFIED.,.F.,.F.)
B_SPLINE_CURVE_WITH_KNOTS((6,1,1,1,1,1,1,1,1,1,1,1,1,1,1,1,1,1,1,1,1,1,
1,1,1,1,1,1,1,1,1,1,1,1,1,1,1,1,1,1,1,1,1,1,1,1,1,1,1,1,1,1,1,1,1,1,1,1,
1,1,1,1,1,1,1,1,1,1,1,1,6),(-1.,-0.985714285714284,-0.97142857142857,-0.957142857142856,
-0.942857142857141,-0.928571428571427,-0.914285714285713,-0.899999999999999,
-0.885714285714284,-0.87142857142857,-0.857142857142856,-0.842857142857142,
-0.828571428571428,-0.814285714285713,-0.799999999999999,-0.785714285714285,
-0.771428571428571,-0.757142857142856,-0.742857142857142,-0.728571428571428,
-0.714285714285714,-0.699999999999999,-0.685714285714285,-0.671428571428571,
-0.657142857142857,-0.642857142857142,-0.628571428571428,-0.614285714285714,
-0.6,-0.585714285714286,-0.571428571428571,-0.557142857142857,-0.542857142857143,
-0.528571428571429,-0.514285714285714,-0.5,-0.485714285714286,-0.471428571428572,
-0.457142857142857,-0.442857142857143,-0.428571428571429,-0.414285714285714,
-0.4,-0.385714285714286,-0.371428571428571,-0.357142857142857,-0.342857142857143,
-0.328571428571429,-0.314285714285714,-0.3,-0.285714285714286,-0.271428571428571,
-0.257142857142857,-0.242857142857143,-0.228571428571429,-0.214285714285714,
-0.2,-0.185714285714286,-0.171428571428571,-0.157142857142857,-0.142857142857143,
-0.128571428571429,-0.114285714285714,-0.1,-0.0857142857142857,-0.0714285714285714,
-0.0571428571428571,-0.0428571428571429,-0.0285714285714286,-0.0142857142857143,
0.),.UNSPECIFIED.)
CURVE()
GEOMETRIC_REPRESENTATION_ITEM()
RATIONAL_B_SPLINE_CURVE((1.,1.,1.,1.,1.,1.,1.,1.,1.,1.,1.,1.,1.,1.,1.,1.,
1.,1.,1.,1.,1.,1.,1.,1.,1.,1.,1.,1.,1.,1.,1.,1.,1.,1.,1.,1.,1.,1.,1.,1.,
1.,1.,1.,1.,1.,1.,1.,1.,1.,1.,1.,1.,1.,1.,1.,1.,1.,1.,1.,1.,1.,1.,1.,1.,
1.,1.,1.,1.,1.,1.,1.,1.,1.,1.,1.))
REPRESENTATION_ITEM('')
);
#41=(
BOUNDED_CURVE()
B_SPLINE_CURVE(5,(#6470,#6471,#6472,#6473,#6474,#6475,#6476,#6477,#6478,
#6479,#6480,#6481,#6482,#6483,#6484,#6485,#6486,#6487,#6488,#6489,#6490,
#6491,#6492,#6493,#6494,#6495,#6496,#6497,#6498,#6499,#6500,#6501,#6502,
#6503,#6504,#6505,#6506,#6507,#6508,#6509,#6510,#6511,#6512,#6513,#6514,
#6515,#6516,#6517,#6518,#6519,#6520,#6521,#6522,#6523,#6524,#6525,#6526,
#6527,#6528,#6529,#6530,#6531,#6532,#6533,#6534,#6535,#6536,#6537,#6538,
#6539,#6540,#6541,#6542,#6543,#6544),.UNSPECIFIED.,.F.,.F.)
B_SPLINE_CURVE_WITH_KNOTS((6,1,1,1,1,1,1,1,1,1,1,1,1,1,1,1,1,1,1,1,1,1,
1,1,1,1,1,1,1,1,1,1,1,1,1,1,1,1,1,1,1,1,1,1,1,1,1,1,1,1,1,1,1,1,1,1,1,1,
1,1,1,1,1,1,1,1,1,1,1,1,6),(0.,0.0142857142857143,0.0285714285714286,0.0428571428571429,
0.0571428571428571,0.0714285714285714,0.0857142857142857,0.1,0.114285714285714,
0.128571428571429,0.142857142857143,0.157142857142857,0.171428571428571,
0.185714285714286,0.2,0.214285714285714,0.228571428571429,0.242857142857143,
0.257142857142857,0.271428571428571,0.285714285714286,0.3,0.314285714285714,
0.328571428571429,0.342857142857143,0.357142857142857,0.371428571428571,
0.385714285714286,0.4,0.414285714285714,0.428571428571429,0.442857142857143,
0.457142857142857,0.471428571428572,0.485714285714286,0.5,0.514285714285714,
0.528571428571429,0.542857142857143,0.557142857142857,0.571428571428571,
0.585714285714286,0.6,0.614285714285714,0.628571428571428,0.642857142857142,
0.657142857142857,0.671428571428571,0.685714285714285,0.699999999999999,
0.714285714285714,0.728571428571428,0.742857142857142,0.757142857142856,
0.771428571428571,0.785714285714285,0.799999999999999,0.814285714285713,
0.828571428571428,0.842857142857142,0.857142857142856,0.87142857142857,
0.885714285714284,0.899999999999999,0.914285714285713,0.928571428571427,
0.942857142857141,0.957142857142856,0.97142857142857,0.985714285714284,
1.),.UNSPECIFIED.)
CURVE()
GEOMETRIC_REPRESENTATION_ITEM()
RATIONAL_B_SPLINE_CURVE((1.,1.,1.,1.,1.,1.,1.,1.,1.,1.,1.,1.,1.,1.,1.,1.,
1.,1.,1.,1.,1.,1.,1.,1.,1.,1.,1.,1.,1.,1.,1.,1.,1.,1.,1.,1.,1.,1.,1.,1.,
1.,1.,1.,1.,1.,1.,1.,1.,1.,1.,1.,1.,1.,1.,1.,1.,1.,1.,1.,1.,1.,1.,1.,1.,
1.,1.,1.,1.,1.,1.,1.,1.,1.,1.,1.))
REPRESENTATION_ITEM('')
);
#42=(
BOUNDED_CURVE()
B_SPLINE_CURVE(5,(#6550,#6551,#6552,#6553,#6554,#6555,#6556,#6557,#6558,
#6559,#6560,#6561,#6562,#6563,#6564,#6565,#6566,#6567,#6568,#6569,#6570,
#6571,#6572,#6573,#6574,#6575,#6576,#6577,#6578,#6579,#6580,#6581,#6582,
#6583,#6584,#6585,#6586,#6587,#6588,#6589,#6590,#6591,#6592,#6593,#6594,
#6595,#6596,#6597,#6598,#6599,#6600,#6601,#6602,#6603,#6604,#6605,#6606,
#6607,#6608,#6609,#6610,#6611,#6612,#6613,#6614,#6615,#6616,#6617,#6618,
#6619,#6620,#6621,#6622,#6623,#6624),.UNSPECIFIED.,.F.,.F.)
B_SPLINE_CURVE_WITH_KNOTS((6,1,1,1,1,1,1,1,1,1,1,1,1,1,1,1,1,1,1,1,1,1,
1,1,1,1,1,1,1,1,1,1,1,1,1,1,1,1,1,1,1,1,1,1,1,1,1,1,1,1,1,1,1,1,1,1,1,1,
1,1,1,1,1,1,1,1,1,1,1,1,6),(0.,0.0142857142857143,0.0285714285714286,0.0428571428571429,
0.0571428571428571,0.0714285714285714,0.0857142857142857,0.1,0.114285714285714,
0.128571428571429,0.142857142857143,0.157142857142857,0.171428571428571,
0.185714285714286,0.2,0.214285714285714,0.228571428571429,0.242857142857143,
0.257142857142857,0.271428571428571,0.285714285714286,0.3,0.314285714285714,
0.328571428571429,0.342857142857143,0.357142857142857,0.371428571428571,
0.385714285714286,0.4,0.414285714285714,0.428571428571429,0.442857142857143,
0.457142857142857,0.471428571428572,0.485714285714286,0.5,0.514285714285714,
0.528571428571429,0.542857142857143,0.557142857142857,0.571428571428571,
0.585714285714286,0.6,0.614285714285714,0.628571428571428,0.642857142857142,
0.657142857142857,0.671428571428571,0.685714285714285,0.699999999999999,
0.714285714285714,0.728571428571428,0.742857142857142,0.757142857142856,
0.771428571428571,0.785714285714285,0.799999999999999,0.814285714285713,
0.828571428571428,0.842857142857142,0.857142857142856,0.87142857142857,
0.885714285714284,0.899999999999999,0.914285714285713,0.928571428571427,
0.942857142857141,0.957142857142856,0.97142857142857,0.985714285714284,
1.),.UNSPECIFIED.)
CURVE()
GEOMETRIC_REPRESENTATION_ITEM()
RATIONAL_B_SPLINE_CURVE((1.,1.,1.,1.,1.,1.,1.,1.,1.,1.,1.,1.,1.,1.,1.,1.,
1.,1.,1.,1.,1.,1.,1.,1.,1.,1.,1.,1.,1.,1.,1.,1.,1.,1.,1.,1.,1.,1.,1.,1.,
1.,1.,1.,1.,1.,1.,1.,1.,1.,1.,1.,1.,1.,1.,1.,1.,1.,1.,1.,1.,1.,1.,1.,1.,
1.,1.,1.,1.,1.,1.,1.,1.,1.,1.,1.))
REPRESENTATION_ITEM('')
);
#43=(
BOUNDED_CURVE()
B_SPLINE_CURVE(5,(#6786,#6787,#6788,#6789,#6790,#6791,#6792,#6793,#6794,
#6795,#6796,#6797,#6798,#6799,#6800,#6801,#6802,#6803,#6804,#6805,#6806,
#6807,#6808,#6809,#6810,#6811,#6812,#6813,#6814,#6815,#6816,#6817,#6818,
#6819,#6820,#6821,#6822,#6823,#6824,#6825,#6826,#6827,#6828,#6829,#6830,
#6831,#6832,#6833,#6834,#6835,#6836,#6837,#6838,#6839,#6840,#6841,#6842,
#6843,#6844,#6845,#6846,#6847,#6848,#6849,#6850,#6851,#6852,#6853,#6854,
#6855,#6856,#6857,#6858,#6859,#6860),.UNSPECIFIED.,.F.,.F.)
B_SPLINE_CURVE_WITH_KNOTS((6,1,1,1,1,1,1,1,1,1,1,1,1,1,1,1,1,1,1,1,1,1,
1,1,1,1,1,1,1,1,1,1,1,1,1,1,1,1,1,1,1,1,1,1,1,1,1,1,1,1,1,1,1,1,1,1,1,1,
1,1,1,1,1,1,1,1,1,1,1,1,6),(-1.,-0.985714285714284,-0.97142857142857,-0.957142857142856,
-0.942857142857141,-0.928571428571427,-0.914285714285713,-0.899999999999999,
-0.885714285714284,-0.87142857142857,-0.857142857142856,-0.842857142857142,
-0.828571428571428,-0.814285714285713,-0.799999999999999,-0.785714285714285,
-0.771428571428571,-0.757142857142856,-0.742857142857142,-0.728571428571428,
-0.714285714285714,-0.699999999999999,-0.685714285714285,-0.671428571428571,
-0.657142857142857,-0.642857142857142,-0.628571428571428,-0.614285714285714,
-0.6,-0.585714285714286,-0.571428571428571,-0.557142857142857,-0.542857142857143,
-0.528571428571429,-0.514285714285714,-0.5,-0.485714285714286,-0.471428571428572,
-0.457142857142857,-0.442857142857143,-0.428571428571429,-0.414285714285714,
-0.4,-0.385714285714286,-0.371428571428571,-0.357142857142857,-0.342857142857143,
-0.328571428571429,-0.314285714285714,-0.3,-0.285714285714286,-0.271428571428571,
-0.257142857142857,-0.242857142857143,-0.228571428571429,-0.214285714285714,
-0.2,-0.185714285714286,-0.171428571428571,-0.157142857142857,-0.142857142857143,
-0.128571428571429,-0.114285714285714,-0.1,-0.0857142857142857,-0.0714285714285714,
-0.0571428571428571,-0.0428571428571429,-0.0285714285714286,-0.0142857142857143,
0.),.UNSPECIFIED.)
CURVE()
GEOMETRIC_REPRESENTATION_ITEM()
RATIONAL_B_SPLINE_CURVE((1.,1.,1.,1.,1.,1.,1.,1.,1.,1.,1.,1.,1.,1.,1.,1.,
1.,1.,1.,1.,1.,1.,1.,1.,1.,1.,1.,1.,1.,1.,1.,1.,1.,1.,1.,1.,1.,1.,1.,1.,
1.,1.,1.,1.,1.,1.,1.,1.,1.,1.,1.,1.,1.,1.,1.,1.,1.,1.,1.,1.,1.,1.,1.,1.,
1.,1.,1.,1.,1.,1.,1.,1.,1.,1.,1.))
REPRESENTATION_ITEM('')
);
#44=(
BOUNDED_CURVE()
B_SPLINE_CURVE(5,(#6866,#6867,#6868,#6869,#6870,#6871,#6872,#6873,#6874,
#6875,#6876,#6877,#6878,#6879,#6880,#6881,#6882,#6883,#6884,#6885,#6886,
#6887,#6888,#6889,#6890,#6891,#6892,#6893,#6894,#6895,#6896,#6897,#6898,
#6899,#6900,#6901,#6902,#6903,#6904,#6905,#6906,#6907,#6908,#6909,#6910,
#6911,#6912,#6913,#6914,#6915,#6916,#6917,#6918,#6919,#6920,#6921,#6922,
#6923,#6924,#6925,#6926,#6927,#6928,#6929,#6930,#6931,#6932,#6933,#6934,
#6935,#6936,#6937,#6938,#6939,#6940),.UNSPECIFIED.,.F.,.F.)
B_SPLINE_CURVE_WITH_KNOTS((6,1,1,1,1,1,1,1,1,1,1,1,1,1,1,1,1,1,1,1,1,1,
1,1,1,1,1,1,1,1,1,1,1,1,1,1,1,1,1,1,1,1,1,1,1,1,1,1,1,1,1,1,1,1,1,1,1,1,
1,1,1,1,1,1,1,1,1,1,1,1,6),(-1.,-0.985714285714284,-0.97142857142857,-0.957142857142856,
-0.942857142857141,-0.928571428571427,-0.914285714285713,-0.899999999999999,
-0.885714285714284,-0.87142857142857,-0.857142857142856,-0.842857142857142,
-0.828571428571428,-0.814285714285713,-0.799999999999999,-0.785714285714285,
-0.771428571428571,-0.757142857142856,-0.742857142857142,-0.728571428571428,
-0.714285714285714,-0.699999999999999,-0.685714285714285,-0.671428571428571,
-0.657142857142857,-0.642857142857142,-0.628571428571428,-0.614285714285714,
-0.6,-0.585714285714286,-0.571428571428571,-0.557142857142857,-0.542857142857143,
-0.528571428571429,-0.514285714285714,-0.5,-0.485714285714286,-0.471428571428572,
-0.457142857142857,-0.442857142857143,-0.428571428571429,-0.414285714285714,
-0.4,-0.385714285714286,-0.371428571428571,-0.357142857142857,-0.342857142857143,
-0.328571428571429,-0.314285714285714,-0.3,-0.285714285714286,-0.271428571428571,
-0.257142857142857,-0.242857142857143,-0.228571428571429,-0.214285714285714,
-0.2,-0.185714285714286,-0.171428571428571,-0.157142857142857,-0.142857142857143,
-0.128571428571429,-0.114285714285714,-0.1,-0.0857142857142857,-0.0714285714285714,
-0.0571428571428571,-0.0428571428571429,-0.0285714285714286,-0.0142857142857143,
0.),.UNSPECIFIED.)
CURVE()
GEOMETRIC_REPRESENTATION_ITEM()
RATIONAL_B_SPLINE_CURVE((1.,1.,1.,1.,1.,1.,1.,1.,1.,1.,1.,1.,1.,1.,1.,1.,
1.,1.,1.,1.,1.,1.,1.,1.,1.,1.,1.,1.,1.,1.,1.,1.,1.,1.,1.,1.,1.,1.,1.,1.,
1.,1.,1.,1.,1.,1.,1.,1.,1.,1.,1.,1.,1.,1.,1.,1.,1.,1.,1.,1.,1.,1.,1.,1.,
1.,1.,1.,1.,1.,1.,1.,1.,1.,1.,1.))
REPRESENTATION_ITEM('')
);
#45=(
BOUNDED_CURVE()
B_SPLINE_CURVE(5,(#6998,#6999,#7000,#7001,#7002,#7003,#7004,#7005,#7006,
#7007,#7008,#7009,#7010,#7011,#7012,#7013,#7014,#7015,#7016,#7017,#7018,
#7019,#7020,#7021,#7022,#7023,#7024,#7025,#7026,#7027,#7028,#7029,#7030,
#7031,#7032,#7033,#7034,#7035,#7036,#7037,#7038,#7039,#7040,#7041,#7042,
#7043,#7044,#7045,#7046,#7047,#7048,#7049,#7050,#7051,#7052,#7053,#7054,
#7055,#7056,#7057,#7058,#7059,#7060,#7061,#7062,#7063,#7064,#7065,#7066,
#7067,#7068,#7069,#7070,#7071,#7072),.UNSPECIFIED.,.F.,.F.)
B_SPLINE_CURVE_WITH_KNOTS((6,1,1,1,1,1,1,1,1,1,1,1,1,1,1,1,1,1,1,1,1,1,
1,1,1,1,1,1,1,1,1,1,1,1,1,1,1,1,1,1,1,1,1,1,1,1,1,1,1,1,1,1,1,1,1,1,1,1,
1,1,1,1,1,1,1,1,1,1,1,1,6),(0.,0.0142857142857143,0.0285714285714286,0.0428571428571429,
0.0571428571428571,0.0714285714285714,0.0857142857142857,0.1,0.114285714285714,
0.128571428571429,0.142857142857143,0.157142857142857,0.171428571428571,
0.185714285714286,0.2,0.214285714285714,0.228571428571429,0.242857142857143,
0.257142857142857,0.271428571428571,0.285714285714286,0.3,0.314285714285714,
0.328571428571429,0.342857142857143,0.357142857142857,0.371428571428571,
0.385714285714286,0.4,0.414285714285714,0.428571428571429,0.442857142857143,
0.457142857142857,0.471428571428572,0.485714285714286,0.5,0.514285714285714,
0.528571428571429,0.542857142857143,0.557142857142857,0.571428571428571,
0.585714285714286,0.6,0.614285714285714,0.628571428571428,0.642857142857142,
0.657142857142857,0.671428571428571,0.685714285714285,0.699999999999999,
0.714285714285714,0.728571428571428,0.742857142857142,0.757142857142856,
0.771428571428571,0.785714285714285,0.799999999999999,0.814285714285713,
0.828571428571428,0.842857142857142,0.857142857142856,0.87142857142857,
0.885714285714284,0.899999999999999,0.914285714285713,0.928571428571427,
0.942857142857141,0.957142857142856,0.97142857142857,0.985714285714284,
1.),.UNSPECIFIED.)
CURVE()
GEOMETRIC_REPRESENTATION_ITEM()
RATIONAL_B_SPLINE_CURVE((1.,1.,1.,1.,1.,1.,1.,1.,1.,1.,1.,1.,1.,1.,1.,1.,
1.,1.,1.,1.,1.,1.,1.,1.,1.,1.,1.,1.,1.,1.,1.,1.,1.,1.,1.,1.,1.,1.,1.,1.,
1.,1.,1.,1.,1.,1.,1.,1.,1.,1.,1.,1.,1.,1.,1.,1.,1.,1.,1.,1.,1.,1.,1.,1.,
1.,1.,1.,1.,1.,1.,1.,1.,1.,1.,1.))
REPRESENTATION_ITEM('')
);
#46=(
BOUNDED_CURVE()
B_SPLINE_CURVE(5,(#7078,#7079,#7080,#7081,#7082,#7083,#7084,#7085,#7086,
#7087,#7088,#7089,#7090,#7091,#7092,#7093,#7094,#7095,#7096,#7097,#7098,
#7099,#7100,#7101,#7102,#7103,#7104,#7105,#7106,#7107,#7108,#7109,#7110,
#7111,#7112,#7113,#7114,#7115,#7116,#7117,#7118,#7119,#7120,#7121,#7122,
#7123,#7124,#7125,#7126,#7127,#7128,#7129,#7130,#7131,#7132,#7133,#7134,
#7135,#7136,#7137,#7138,#7139,#7140,#7141,#7142,#7143,#7144,#7145,#7146,
#7147,#7148,#7149,#7150,#7151,#7152),.UNSPECIFIED.,.F.,.F.)
B_SPLINE_CURVE_WITH_KNOTS((6,1,1,1,1,1,1,1,1,1,1,1,1,1,1,1,1,1,1,1,1,1,
1,1,1,1,1,1,1,1,1,1,1,1,1,1,1,1,1,1,1,1,1,1,1,1,1,1,1,1,1,1,1,1,1,1,1,1,
1,1,1,1,1,1,1,1,1,1,1,1,6),(0.,0.0142857142857143,0.0285714285714286,0.0428571428571429,
0.0571428571428571,0.0714285714285714,0.0857142857142857,0.1,0.114285714285714,
0.128571428571429,0.142857142857143,0.157142857142857,0.171428571428571,
0.185714285714286,0.2,0.214285714285714,0.228571428571429,0.242857142857143,
0.257142857142857,0.271428571428571,0.285714285714286,0.3,0.314285714285714,
0.328571428571429,0.342857142857143,0.357142857142857,0.371428571428571,
0.385714285714286,0.4,0.414285714285714,0.428571428571429,0.442857142857143,
0.457142857142857,0.471428571428572,0.485714285714286,0.5,0.514285714285714,
0.528571428571429,0.542857142857143,0.557142857142857,0.571428571428571,
0.585714285714286,0.6,0.614285714285714,0.628571428571428,0.642857142857142,
0.657142857142857,0.671428571428571,0.685714285714285,0.699999999999999,
0.714285714285714,0.728571428571428,0.742857142857142,0.757142857142856,
0.771428571428571,0.785714285714285,0.799999999999999,0.814285714285713,
0.828571428571428,0.842857142857142,0.857142857142856,0.87142857142857,
0.885714285714284,0.899999999999999,0.914285714285713,0.928571428571427,
0.942857142857141,0.957142857142856,0.97142857142857,0.985714285714284,
1.),.UNSPECIFIED.)
CURVE()
GEOMETRIC_REPRESENTATION_ITEM()
RATIONAL_B_SPLINE_CURVE((1.,1.,1.,1.,1.,1.,1.,1.,1.,1.,1.,1.,1.,1.,1.,1.,
1.,1.,1.,1.,1.,1.,1.,1.,1.,1.,1.,1.,1.,1.,1.,1.,1.,1.,1.,1.,1.,1.,1.,1.,
1.,1.,1.,1.,1.,1.,1.,1.,1.,1.,1.,1.,1.,1.,1.,1.,1.,1.,1.,1.,1.,1.,1.,1.,
1.,1.,1.,1.,1.,1.,1.,1.,1.,1.,1.))
REPRESENTATION_ITEM('')
);
#47=(
BOUNDED_CURVE()
B_SPLINE_CURVE(5,(#7306,#7307,#7308,#7309,#7310,#7311,#7312,#7313,#7314,
#7315,#7316,#7317,#7318,#7319,#7320,#7321,#7322,#7323,#7324,#7325,#7326,
#7327,#7328,#7329,#7330,#7331,#7332,#7333,#7334,#7335,#7336,#7337,#7338,
#7339,#7340,#7341,#7342,#7343,#7344,#7345,#7346,#7347,#7348,#7349,#7350,
#7351,#7352,#7353,#7354,#7355,#7356,#7357,#7358,#7359,#7360,#7361,#7362,
#7363,#7364,#7365,#7366,#7367,#7368,#7369,#7370,#7371,#7372,#7373,#7374,
#7375,#7376,#7377,#7378,#7379,#7380),.UNSPECIFIED.,.F.,.F.)
B_SPLINE_CURVE_WITH_KNOTS((6,1,1,1,1,1,1,1,1,1,1,1,1,1,1,1,1,1,1,1,1,1,
1,1,1,1,1,1,1,1,1,1,1,1,1,1,1,1,1,1,1,1,1,1,1,1,1,1,1,1,1,1,1,1,1,1,1,1,
1,1,1,1,1,1,1,1,1,1,1,1,6),(-1.,-0.985714285714284,-0.97142857142857,-0.957142857142856,
-0.942857142857141,-0.928571428571427,-0.914285714285713,-0.899999999999999,
-0.885714285714284,-0.87142857142857,-0.857142857142856,-0.842857142857142,
-0.828571428571428,-0.814285714285713,-0.799999999999999,-0.785714285714285,
-0.771428571428571,-0.757142857142856,-0.742857142857142,-0.728571428571428,
-0.714285714285714,-0.699999999999999,-0.685714285714285,-0.671428571428571,
-0.657142857142857,-0.642857142857142,-0.628571428571428,-0.614285714285714,
-0.6,-0.585714285714286,-0.571428571428571,-0.557142857142857,-0.542857142857143,
-0.528571428571429,-0.514285714285714,-0.5,-0.485714285714286,-0.471428571428572,
-0.457142857142857,-0.442857142857143,-0.428571428571429,-0.414285714285714,
-0.4,-0.385714285714286,-0.371428571428571,-0.357142857142857,-0.342857142857143,
-0.328571428571429,-0.314285714285714,-0.3,-0.285714285714286,-0.271428571428571,
-0.257142857142857,-0.242857142857143,-0.228571428571429,-0.214285714285714,
-0.2,-0.185714285714286,-0.171428571428571,-0.157142857142857,-0.142857142857143,
-0.128571428571429,-0.114285714285714,-0.1,-0.0857142857142857,-0.0714285714285714,
-0.0571428571428571,-0.0428571428571429,-0.0285714285714286,-0.0142857142857143,
0.),.UNSPECIFIED.)
CURVE()
GEOMETRIC_REPRESENTATION_ITEM()
RATIONAL_B_SPLINE_CURVE((1.,1.,1.,1.,1.,1.,1.,1.,1.,1.,1.,1.,1.,1.,1.,1.,
1.,1.,1.,1.,1.,1.,1.,1.,1.,1.,1.,1.,1.,1.,1.,1.,1.,1.,1.,1.,1.,1.,1.,1.,
1.,1.,1.,1.,1.,1.,1.,1.,1.,1.,1.,1.,1.,1.,1.,1.,1.,1.,1.,1.,1.,1.,1.,1.,
1.,1.,1.,1.,1.,1.,1.,1.,1.,1.,1.))
REPRESENTATION_ITEM('')
);
#48=(
BOUNDED_CURVE()
B_SPLINE_CURVE(5,(#7440,#7441,#7442,#7443,#7444,#7445,#7446,#7447,#7448,
#7449,#7450,#7451,#7452,#7453,#7454,#7455,#7456,#7457,#7458,#7459,#7460,
#7461,#7462,#7463,#7464,#7465,#7466,#7467,#7468,#7469,#7470,#7471,#7472,
#7473,#7474,#7475,#7476,#7477,#7478,#7479,#7480,#7481,#7482,#7483,#7484,
#7485,#7486,#7487,#7488,#7489,#7490,#7491,#7492,#7493,#7494,#7495,#7496,
#7497,#7498,#7499,#7500,#7501,#7502,#7503,#7504,#7505,#7506,#7507,#7508,
#7509,#7510,#7511,#7512,#7513,#7514),.UNSPECIFIED.,.F.,.F.)
B_SPLINE_CURVE_WITH_KNOTS((6,1,1,1,1,1,1,1,1,1,1,1,1,1,1,1,1,1,1,1,1,1,
1,1,1,1,1,1,1,1,1,1,1,1,1,1,1,1,1,1,1,1,1,1,1,1,1,1,1,1,1,1,1,1,1,1,1,1,
1,1,1,1,1,1,1,1,1,1,1,1,6),(0.,0.0142857142857143,0.0285714285714286,0.0428571428571429,
0.0571428571428571,0.0714285714285714,0.0857142857142857,0.1,0.114285714285714,
0.128571428571429,0.142857142857143,0.157142857142857,0.171428571428571,
0.185714285714286,0.2,0.214285714285714,0.228571428571429,0.242857142857143,
0.257142857142857,0.271428571428571,0.285714285714286,0.3,0.314285714285714,
0.328571428571429,0.342857142857143,0.357142857142857,0.371428571428571,
0.385714285714286,0.4,0.414285714285714,0.428571428571429,0.442857142857143,
0.457142857142857,0.471428571428572,0.485714285714286,0.5,0.514285714285714,
0.528571428571429,0.542857142857143,0.557142857142857,0.571428571428571,
0.585714285714286,0.6,0.614285714285714,0.628571428571428,0.642857142857142,
0.657142857142857,0.671428571428571,0.685714285714285,0.699999999999999,
0.714285714285714,0.728571428571428,0.742857142857142,0.757142857142856,
0.771428571428571,0.785714285714285,0.799999999999999,0.814285714285713,
0.828571428571428,0.842857142857142,0.857142857142856,0.87142857142857,
0.885714285714284,0.899999999999999,0.914285714285713,0.928571428571427,
0.942857142857141,0.957142857142856,0.97142857142857,0.985714285714284,
1.),.UNSPECIFIED.)
CURVE()
GEOMETRIC_REPRESENTATION_ITEM()
RATIONAL_B_SPLINE_CURVE((1.,1.,1.,1.,1.,1.,1.,1.,1.,1.,1.,1.,1.,1.,1.,1.,
1.,1.,1.,1.,1.,1.,1.,1.,1.,1.,1.,1.,1.,1.,1.,1.,1.,1.,1.,1.,1.,1.,1.,1.,
1.,1.,1.,1.,1.,1.,1.,1.,1.,1.,1.,1.,1.,1.,1.,1.,1.,1.,1.,1.,1.,1.,1.,1.,
1.,1.,1.,1.,1.,1.,1.,1.,1.,1.,1.))
REPRESENTATION_ITEM('')
);
#49=(
BOUNDED_CURVE()
B_SPLINE_CURVE(5,(#7670,#7671,#7672,#7673,#7674,#7675,#7676,#7677,#7678,
#7679,#7680,#7681,#7682,#7683,#7684,#7685,#7686,#7687,#7688,#7689,#7690,
#7691,#7692,#7693,#7694,#7695,#7696,#7697,#7698,#7699,#7700,#7701,#7702,
#7703,#7704,#7705,#7706,#7707,#7708,#7709,#7710,#7711,#7712,#7713,#7714,
#7715,#7716,#7717,#7718,#7719,#7720,#7721,#7722,#7723,#7724,#7725,#7726,
#7727,#7728,#7729,#7730,#7731,#7732,#7733,#7734,#7735,#7736,#7737,#7738,
#7739,#7740,#7741,#7742,#7743,#7744),.UNSPECIFIED.,.F.,.F.)
B_SPLINE_CURVE_WITH_KNOTS((6,1,1,1,1,1,1,1,1,1,1,1,1,1,1,1,1,1,1,1,1,1,
1,1,1,1,1,1,1,1,1,1,1,1,1,1,1,1,1,1,1,1,1,1,1,1,1,1,1,1,1,1,1,1,1,1,1,1,
1,1,1,1,1,1,1,1,1,1,1,1,6),(-1.,-0.985714285714284,-0.97142857142857,-0.957142857142856,
-0.942857142857141,-0.928571428571427,-0.914285714285713,-0.899999999999999,
-0.885714285714284,-0.87142857142857,-0.857142857142856,-0.842857142857142,
-0.828571428571428,-0.814285714285713,-0.799999999999999,-0.785714285714285,
-0.771428571428571,-0.757142857142856,-0.742857142857142,-0.728571428571428,
-0.714285714285714,-0.699999999999999,-0.685714285714285,-0.671428571428571,
-0.657142857142857,-0.642857142857142,-0.628571428571428,-0.614285714285714,
-0.6,-0.585714285714286,-0.571428571428571,-0.557142857142857,-0.542857142857143,
-0.528571428571429,-0.514285714285714,-0.5,-0.485714285714286,-0.471428571428572,
-0.457142857142857,-0.442857142857143,-0.428571428571429,-0.414285714285714,
-0.4,-0.385714285714286,-0.371428571428571,-0.357142857142857,-0.342857142857143,
-0.328571428571429,-0.314285714285714,-0.3,-0.285714285714286,-0.271428571428571,
-0.257142857142857,-0.242857142857143,-0.228571428571429,-0.214285714285714,
-0.2,-0.185714285714286,-0.171428571428571,-0.157142857142857,-0.142857142857143,
-0.128571428571429,-0.114285714285714,-0.1,-0.0857142857142857,-0.0714285714285714,
-0.0571428571428571,-0.0428571428571429,-0.0285714285714286,-0.0142857142857143,
0.),.UNSPECIFIED.)
CURVE()
GEOMETRIC_REPRESENTATION_ITEM()
RATIONAL_B_SPLINE_CURVE((1.,1.,1.,1.,1.,1.,1.,1.,1.,1.,1.,1.,1.,1.,1.,1.,
1.,1.,1.,1.,1.,1.,1.,1.,1.,1.,1.,1.,1.,1.,1.,1.,1.,1.,1.,1.,1.,1.,1.,1.,
1.,1.,1.,1.,1.,1.,1.,1.,1.,1.,1.,1.,1.,1.,1.,1.,1.,1.,1.,1.,1.,1.,1.,1.,
1.,1.,1.,1.,1.,1.,1.,1.,1.,1.,1.))
REPRESENTATION_ITEM('')
);
#50=(
BOUNDED_CURVE()
B_SPLINE_CURVE(5,(#7804,#7805,#7806,#7807,#7808,#7809,#7810,#7811,#7812,
#7813,#7814,#7815,#7816,#7817,#7818,#7819,#7820,#7821,#7822,#7823,#7824,
#7825,#7826,#7827,#7828,#7829,#7830,#7831,#7832,#7833,#7834,#7835,#7836,
#7837,#7838,#7839,#7840,#7841,#7842,#7843,#7844,#7845,#7846,#7847,#7848,
#7849,#7850,#7851,#7852,#7853,#7854,#7855,#7856,#7857,#7858,#7859,#7860,
#7861,#7862,#7863,#7864,#7865,#7866,#7867,#7868,#7869,#7870,#7871,#7872,
#7873,#7874,#7875,#7876,#7877,#7878),.UNSPECIFIED.,.F.,.F.)
B_SPLINE_CURVE_WITH_KNOTS((6,1,1,1,1,1,1,1,1,1,1,1,1,1,1,1,1,1,1,1,1,1,
1,1,1,1,1,1,1,1,1,1,1,1,1,1,1,1,1,1,1,1,1,1,1,1,1,1,1,1,1,1,1,1,1,1,1,1,
1,1,1,1,1,1,1,1,1,1,1,1,6),(0.,0.0142857142857143,0.0285714285714286,0.0428571428571429,
0.0571428571428571,0.0714285714285714,0.0857142857142857,0.1,0.114285714285714,
0.128571428571429,0.142857142857143,0.157142857142857,0.171428571428571,
0.185714285714286,0.2,0.214285714285714,0.228571428571429,0.242857142857143,
0.257142857142857,0.271428571428571,0.285714285714286,0.3,0.314285714285714,
0.328571428571429,0.342857142857143,0.357142857142857,0.371428571428571,
0.385714285714286,0.4,0.414285714285714,0.428571428571429,0.442857142857143,
0.457142857142857,0.471428571428572,0.485714285714286,0.5,0.514285714285714,
0.528571428571429,0.542857142857143,0.557142857142857,0.571428571428571,
0.585714285714286,0.6,0.614285714285714,0.628571428571428,0.642857142857142,
0.657142857142857,0.671428571428571,0.685714285714285,0.699999999999999,
0.714285714285714,0.728571428571428,0.742857142857142,0.757142857142856,
0.771428571428571,0.785714285714285,0.799999999999999,0.814285714285713,
0.828571428571428,0.842857142857142,0.857142857142856,0.87142857142857,
0.885714285714284,0.899999999999999,0.914285714285713,0.928571428571427,
0.942857142857141,0.957142857142856,0.97142857142857,0.985714285714284,
1.),.UNSPECIFIED.)
CURVE()
GEOMETRIC_REPRESENTATION_ITEM()
RATIONAL_B_SPLINE_CURVE((1.,1.,1.,1.,1.,1.,1.,1.,1.,1.,1.,1.,1.,1.,1.,1.,
1.,1.,1.,1.,1.,1.,1.,1.,1.,1.,1.,1.,1.,1.,1.,1.,1.,1.,1.,1.,1.,1.,1.,1.,
1.,1.,1.,1.,1.,1.,1.,1.,1.,1.,1.,1.,1.,1.,1.,1.,1.,1.,1.,1.,1.,1.,1.,1.,
1.,1.,1.,1.,1.,1.,1.,1.,1.,1.,1.))
REPRESENTATION_ITEM('')
);
#51=(
BOUNDED_CURVE()
B_SPLINE_CURVE(5,(#8034,#8035,#8036,#8037,#8038,#8039,#8040,#8041,#8042,
#8043,#8044,#8045,#8046,#8047,#8048,#8049,#8050,#8051,#8052,#8053,#8054,
#8055,#8056,#8057,#8058,#8059,#8060,#8061,#8062,#8063,#8064,#8065,#8066,
#8067,#8068,#8069,#8070,#8071,#8072,#8073,#8074,#8075,#8076,#8077,#8078,
#8079,#8080,#8081,#8082,#8083,#8084,#8085,#8086,#8087,#8088,#8089,#8090,
#8091,#8092,#8093,#8094,#8095,#8096,#8097,#8098,#8099,#8100,#8101,#8102,
#8103,#8104,#8105,#8106,#8107,#8108),.UNSPECIFIED.,.F.,.F.)
B_SPLINE_CURVE_WITH_KNOTS((6,1,1,1,1,1,1,1,1,1,1,1,1,1,1,1,1,1,1,1,1,1,
1,1,1,1,1,1,1,1,1,1,1,1,1,1,1,1,1,1,1,1,1,1,1,1,1,1,1,1,1,1,1,1,1,1,1,1,
1,1,1,1,1,1,1,1,1,1,1,1,6),(-1.,-0.985714285714284,-0.97142857142857,-0.957142857142856,
-0.942857142857141,-0.928571428571427,-0.914285714285713,-0.899999999999999,
-0.885714285714284,-0.87142857142857,-0.857142857142856,-0.842857142857142,
-0.828571428571428,-0.814285714285713,-0.799999999999999,-0.785714285714285,
-0.771428571428571,-0.757142857142856,-0.742857142857142,-0.728571428571428,
-0.714285714285714,-0.699999999999999,-0.685714285714285,-0.671428571428571,
-0.657142857142857,-0.642857142857142,-0.628571428571428,-0.614285714285714,
-0.6,-0.585714285714286,-0.571428571428571,-0.557142857142857,-0.542857142857143,
-0.528571428571429,-0.514285714285714,-0.5,-0.485714285714286,-0.471428571428572,
-0.457142857142857,-0.442857142857143,-0.428571428571429,-0.414285714285714,
-0.4,-0.385714285714286,-0.371428571428571,-0.357142857142857,-0.342857142857143,
-0.328571428571429,-0.314285714285714,-0.3,-0.285714285714286,-0.271428571428571,
-0.257142857142857,-0.242857142857143,-0.228571428571429,-0.214285714285714,
-0.2,-0.185714285714286,-0.171428571428571,-0.157142857142857,-0.142857142857143,
-0.128571428571429,-0.114285714285714,-0.1,-0.0857142857142857,-0.0714285714285714,
-0.0571428571428571,-0.0428571428571429,-0.0285714285714286,-0.0142857142857143,
0.),.UNSPECIFIED.)
CURVE()
GEOMETRIC_REPRESENTATION_ITEM()
RATIONAL_B_SPLINE_CURVE((1.,1.,1.,1.,1.,1.,1.,1.,1.,1.,1.,1.,1.,1.,1.,1.,
1.,1.,1.,1.,1.,1.,1.,1.,1.,1.,1.,1.,1.,1.,1.,1.,1.,1.,1.,1.,1.,1.,1.,1.,
1.,1.,1.,1.,1.,1.,1.,1.,1.,1.,1.,1.,1.,1.,1.,1.,1.,1.,1.,1.,1.,1.,1.,1.,
1.,1.,1.,1.,1.,1.,1.,1.,1.,1.,1.))
REPRESENTATION_ITEM('')
);
#52=(
BOUNDED_CURVE()
B_SPLINE_CURVE(5,(#8168,#8169,#8170,#8171,#8172,#8173,#8174,#8175,#8176,
#8177,#8178,#8179,#8180,#8181,#8182,#8183,#8184,#8185,#8186,#8187,#8188,
#8189,#8190,#8191,#8192,#8193,#8194,#8195,#8196,#8197,#8198,#8199,#8200,
#8201,#8202,#8203,#8204,#8205,#8206,#8207,#8208,#8209,#8210,#8211,#8212,
#8213,#8214,#8215,#8216,#8217,#8218,#8219,#8220,#8221,#8222,#8223,#8224,
#8225,#8226,#8227,#8228,#8229,#8230,#8231,#8232,#8233,#8234,#8235,#8236,
#8237,#8238,#8239,#8240,#8241,#8242),.UNSPECIFIED.,.F.,.F.)
B_SPLINE_CURVE_WITH_KNOTS((6,1,1,1,1,1,1,1,1,1,1,1,1,1,1,1,1,1,1,1,1,1,
1,1,1,1,1,1,1,1,1,1,1,1,1,1,1,1,1,1,1,1,1,1,1,1,1,1,1,1,1,1,1,1,1,1,1,1,
1,1,1,1,1,1,1,1,1,1,1,1,6),(0.,0.0142857142857143,0.0285714285714286,0.0428571428571429,
0.0571428571428571,0.0714285714285714,0.0857142857142857,0.1,0.114285714285714,
0.128571428571429,0.142857142857143,0.157142857142857,0.171428571428571,
0.185714285714286,0.2,0.214285714285714,0.228571428571429,0.242857142857143,
0.257142857142857,0.271428571428571,0.285714285714286,0.3,0.314285714285714,
0.328571428571429,0.342857142857143,0.357142857142857,0.371428571428571,
0.385714285714286,0.4,0.414285714285714,0.428571428571429,0.442857142857143,
0.457142857142857,0.471428571428572,0.485714285714286,0.5,0.514285714285714,
0.528571428571429,0.542857142857143,0.557142857142857,0.571428571428571,
0.585714285714286,0.6,0.614285714285714,0.628571428571428,0.642857142857142,
0.657142857142857,0.671428571428571,0.685714285714285,0.699999999999999,
0.714285714285714,0.728571428571428,0.742857142857142,0.757142857142856,
0.771428571428571,0.785714285714285,0.799999999999999,0.814285714285713,
0.828571428571428,0.842857142857142,0.857142857142856,0.87142857142857,
0.885714285714284,0.899999999999999,0.914285714285713,0.928571428571427,
0.942857142857141,0.957142857142856,0.97142857142857,0.985714285714284,
1.),.UNSPECIFIED.)
CURVE()
GEOMETRIC_REPRESENTATION_ITEM()
RATIONAL_B_SPLINE_CURVE((1.,1.,1.,1.,1.,1.,1.,1.,1.,1.,1.,1.,1.,1.,1.,1.,
1.,1.,1.,1.,1.,1.,1.,1.,1.,1.,1.,1.,1.,1.,1.,1.,1.,1.,1.,1.,1.,1.,1.,1.,
1.,1.,1.,1.,1.,1.,1.,1.,1.,1.,1.,1.,1.,1.,1.,1.,1.,1.,1.,1.,1.,1.,1.,1.,
1.,1.,1.,1.,1.,1.,1.,1.,1.,1.,1.))
REPRESENTATION_ITEM('')
);
#53=(
BOUNDED_CURVE()
B_SPLINE_CURVE(5,(#8398,#8399,#8400,#8401,#8402,#8403,#8404,#8405,#8406,
#8407,#8408,#8409,#8410,#8411,#8412,#8413,#8414,#8415,#8416,#8417,#8418,
#8419,#8420,#8421,#8422,#8423,#8424,#8425,#8426,#8427,#8428,#8429,#8430,
#8431,#8432,#8433,#8434,#8435,#8436,#8437,#8438,#8439,#8440,#8441,#8442,
#8443,#8444,#8445,#8446,#8447,#8448,#8449,#8450,#8451,#8452,#8453,#8454,
#8455,#8456,#8457,#8458,#8459,#8460,#8461,#8462,#8463,#8464,#8465,#8466,
#8467,#8468,#8469,#8470,#8471,#8472),.UNSPECIFIED.,.F.,.F.)
B_SPLINE_CURVE_WITH_KNOTS((6,1,1,1,1,1,1,1,1,1,1,1,1,1,1,1,1,1,1,1,1,1,
1,1,1,1,1,1,1,1,1,1,1,1,1,1,1,1,1,1,1,1,1,1,1,1,1,1,1,1,1,1,1,1,1,1,1,1,
1,1,1,1,1,1,1,1,1,1,1,1,6),(-1.,-0.985714285714284,-0.97142857142857,-0.957142857142856,
-0.942857142857141,-0.928571428571427,-0.914285714285713,-0.899999999999999,
-0.885714285714284,-0.87142857142857,-0.857142857142856,-0.842857142857142,
-0.828571428571428,-0.814285714285713,-0.799999999999999,-0.785714285714285,
-0.771428571428571,-0.757142857142856,-0.742857142857142,-0.728571428571428,
-0.714285714285714,-0.699999999999999,-0.685714285714285,-0.671428571428571,
-0.657142857142857,-0.642857142857142,-0.628571428571428,-0.614285714285714,
-0.6,-0.585714285714286,-0.571428571428571,-0.557142857142857,-0.542857142857143,
-0.528571428571429,-0.514285714285714,-0.5,-0.485714285714286,-0.471428571428572,
-0.457142857142857,-0.442857142857143,-0.428571428571429,-0.414285714285714,
-0.4,-0.385714285714286,-0.371428571428571,-0.357142857142857,-0.342857142857143,
-0.328571428571429,-0.314285714285714,-0.3,-0.285714285714286,-0.271428571428571,
-0.257142857142857,-0.242857142857143,-0.228571428571429,-0.214285714285714,
-0.2,-0.185714285714286,-0.171428571428571,-0.157142857142857,-0.142857142857143,
-0.128571428571429,-0.114285714285714,-0.1,-0.0857142857142857,-0.0714285714285714,
-0.0571428571428571,-0.0428571428571429,-0.0285714285714286,-0.0142857142857143,
0.),.UNSPECIFIED.)
CURVE()
GEOMETRIC_REPRESENTATION_ITEM()
RATIONAL_B_SPLINE_CURVE((1.,1.,1.,1.,1.,1.,1.,1.,1.,1.,1.,1.,1.,1.,1.,1.,
1.,1.,1.,1.,1.,1.,1.,1.,1.,1.,1.,1.,1.,1.,1.,1.,1.,1.,1.,1.,1.,1.,1.,1.,
1.,1.,1.,1.,1.,1.,1.,1.,1.,1.,1.,1.,1.,1.,1.,1.,1.,1.,1.,1.,1.,1.,1.,1.,
1.,1.,1.,1.,1.,1.,1.,1.,1.,1.,1.))
REPRESENTATION_ITEM('')
);
#54=(
BOUNDED_CURVE()
B_SPLINE_CURVE(5,(#8532,#8533,#8534,#8535,#8536,#8537,#8538,#8539,#8540,
#8541,#8542,#8543,#8544,#8545,#8546,#8547,#8548,#8549,#8550,#8551,#8552,
#8553,#8554,#8555,#8556,#8557,#8558,#8559,#8560,#8561,#8562,#8563,#8564,
#8565,#8566,#8567,#8568,#8569,#8570,#8571,#8572,#8573,#8574,#8575,#8576,
#8577,#8578,#8579,#8580,#8581,#8582,#8583,#8584,#8585,#8586,#8587,#8588,
#8589,#8590,#8591,#8592,#8593,#8594,#8595,#8596,#8597,#8598,#8599,#8600,
#8601,#8602,#8603,#8604,#8605,#8606),.UNSPECIFIED.,.F.,.F.)
B_SPLINE_CURVE_WITH_KNOTS((6,1,1,1,1,1,1,1,1,1,1,1,1,1,1,1,1,1,1,1,1,1,
1,1,1,1,1,1,1,1,1,1,1,1,1,1,1,1,1,1,1,1,1,1,1,1,1,1,1,1,1,1,1,1,1,1,1,1,
1,1,1,1,1,1,1,1,1,1,1,1,6),(0.,0.0142857142857143,0.0285714285714286,0.0428571428571429,
0.0571428571428571,0.0714285714285714,0.0857142857142857,0.1,0.114285714285714,
0.128571428571429,0.142857142857143,0.157142857142857,0.171428571428571,
0.185714285714286,0.2,0.214285714285714,0.228571428571429,0.242857142857143,
0.257142857142857,0.271428571428571,0.285714285714286,0.3,0.314285714285714,
0.328571428571429,0.342857142857143,0.357142857142857,0.371428571428571,
0.385714285714286,0.4,0.414285714285714,0.428571428571429,0.442857142857143,
0.457142857142857,0.471428571428572,0.485714285714286,0.5,0.514285714285714,
0.528571428571429,0.542857142857143,0.557142857142857,0.571428571428571,
0.585714285714286,0.6,0.614285714285714,0.628571428571428,0.642857142857142,
0.657142857142857,0.671428571428571,0.685714285714285,0.699999999999999,
0.714285714285714,0.728571428571428,0.742857142857142,0.757142857142856,
0.771428571428571,0.785714285714285,0.799999999999999,0.814285714285713,
0.828571428571428,0.842857142857142,0.857142857142856,0.87142857142857,
0.885714285714284,0.899999999999999,0.914285714285713,0.928571428571427,
0.942857142857141,0.957142857142856,0.97142857142857,0.985714285714284,
1.),.UNSPECIFIED.)
CURVE()
GEOMETRIC_REPRESENTATION_ITEM()
RATIONAL_B_SPLINE_CURVE((1.,1.,1.,1.,1.,1.,1.,1.,1.,1.,1.,1.,1.,1.,1.,1.,
1.,1.,1.,1.,1.,1.,1.,1.,1.,1.,1.,1.,1.,1.,1.,1.,1.,1.,1.,1.,1.,1.,1.,1.,
1.,1.,1.,1.,1.,1.,1.,1.,1.,1.,1.,1.,1.,1.,1.,1.,1.,1.,1.,1.,1.,1.,1.,1.,
1.,1.,1.,1.,1.,1.,1.,1.,1.,1.,1.))
REPRESENTATION_ITEM('')
);
#55=(
BOUNDED_CURVE()
B_SPLINE_CURVE(5,(#8762,#8763,#8764,#8765,#8766,#8767,#8768,#8769,#8770,
#8771,#8772,#8773,#8774,#8775,#8776,#8777,#8778,#8779,#8780,#8781,#8782,
#8783,#8784,#8785,#8786,#8787,#8788,#8789,#8790,#8791,#8792,#8793,#8794,
#8795,#8796,#8797,#8798,#8799,#8800,#8801,#8802,#8803,#8804,#8805,#8806,
#8807,#8808,#8809,#8810,#8811,#8812,#8813,#8814,#8815,#8816,#8817,#8818,
#8819,#8820,#8821,#8822,#8823,#8824,#8825,#8826,#8827,#8828,#8829,#8830,
#8831,#8832,#8833,#8834,#8835,#8836),.UNSPECIFIED.,.F.,.F.)
B_SPLINE_CURVE_WITH_KNOTS((6,1,1,1,1,1,1,1,1,1,1,1,1,1,1,1,1,1,1,1,1,1,
1,1,1,1,1,1,1,1,1,1,1,1,1,1,1,1,1,1,1,1,1,1,1,1,1,1,1,1,1,1,1,1,1,1,1,1,
1,1,1,1,1,1,1,1,1,1,1,1,6),(-1.,-0.985714285714284,-0.97142857142857,-0.957142857142856,
-0.942857142857141,-0.928571428571427,-0.914285714285713,-0.899999999999999,
-0.885714285714284,-0.87142857142857,-0.857142857142856,-0.842857142857142,
-0.828571428571428,-0.814285714285713,-0.799999999999999,-0.785714285714285,
-0.771428571428571,-0.757142857142856,-0.742857142857142,-0.728571428571428,
-0.714285714285714,-0.699999999999999,-0.685714285714285,-0.671428571428571,
-0.657142857142857,-0.642857142857142,-0.628571428571428,-0.614285714285714,
-0.6,-0.585714285714286,-0.571428571428571,-0.557142857142857,-0.542857142857143,
-0.528571428571429,-0.514285714285714,-0.5,-0.485714285714286,-0.471428571428572,
-0.457142857142857,-0.442857142857143,-0.428571428571429,-0.414285714285714,
-0.4,-0.385714285714286,-0.371428571428571,-0.357142857142857,-0.342857142857143,
-0.328571428571429,-0.314285714285714,-0.3,-0.285714285714286,-0.271428571428571,
-0.257142857142857,-0.242857142857143,-0.228571428571429,-0.214285714285714,
-0.2,-0.185714285714286,-0.171428571428571,-0.157142857142857,-0.142857142857143,
-0.128571428571429,-0.114285714285714,-0.1,-0.0857142857142857,-0.0714285714285714,
-0.0571428571428571,-0.0428571428571429,-0.0285714285714286,-0.0142857142857143,
0.),.UNSPECIFIED.)
CURVE()
GEOMETRIC_REPRESENTATION_ITEM()
RATIONAL_B_SPLINE_CURVE((1.,1.,1.,1.,1.,1.,1.,1.,1.,1.,1.,1.,1.,1.,1.,1.,
1.,1.,1.,1.,1.,1.,1.,1.,1.,1.,1.,1.,1.,1.,1.,1.,1.,1.,1.,1.,1.,1.,1.,1.,
1.,1.,1.,1.,1.,1.,1.,1.,1.,1.,1.,1.,1.,1.,1.,1.,1.,1.,1.,1.,1.,1.,1.,1.,
1.,1.,1.,1.,1.,1.,1.,1.,1.,1.,1.))
REPRESENTATION_ITEM('')
);
#56=(
BOUNDED_CURVE()
B_SPLINE_CURVE(5,(#8896,#8897,#8898,#8899,#8900,#8901,#8902,#8903,#8904,
#8905,#8906,#8907,#8908,#8909,#8910,#8911,#8912,#8913,#8914,#8915,#8916,
#8917,#8918,#8919,#8920,#8921,#8922,#8923,#8924,#8925,#8926,#8927,#8928,
#8929,#8930,#8931,#8932,#8933,#8934,#8935,#8936,#8937,#8938,#8939,#8940,
#8941,#8942,#8943,#8944,#8945,#8946,#8947,#8948,#8949,#8950,#8951,#8952,
#8953,#8954,#8955,#8956,#8957,#8958,#8959,#8960,#8961,#8962,#8963,#8964,
#8965,#8966,#8967,#8968,#8969,#8970),.UNSPECIFIED.,.F.,.F.)
B_SPLINE_CURVE_WITH_KNOTS((6,1,1,1,1,1,1,1,1,1,1,1,1,1,1,1,1,1,1,1,1,1,
1,1,1,1,1,1,1,1,1,1,1,1,1,1,1,1,1,1,1,1,1,1,1,1,1,1,1,1,1,1,1,1,1,1,1,1,
1,1,1,1,1,1,1,1,1,1,1,1,6),(0.,0.0142857142857143,0.0285714285714286,0.0428571428571429,
0.0571428571428571,0.0714285714285714,0.0857142857142857,0.1,0.114285714285714,
0.128571428571429,0.142857142857143,0.157142857142857,0.171428571428571,
0.185714285714286,0.2,0.214285714285714,0.228571428571429,0.242857142857143,
0.257142857142857,0.271428571428571,0.285714285714286,0.3,0.314285714285714,
0.328571428571429,0.342857142857143,0.357142857142857,0.371428571428571,
0.385714285714286,0.4,0.414285714285714,0.428571428571429,0.442857142857143,
0.457142857142857,0.471428571428572,0.485714285714286,0.5,0.514285714285714,
0.528571428571429,0.542857142857143,0.557142857142857,0.571428571428571,
0.585714285714286,0.6,0.614285714285714,0.628571428571428,0.642857142857142,
0.657142857142857,0.671428571428571,0.685714285714285,0.699999999999999,
0.714285714285714,0.728571428571428,0.742857142857142,0.757142857142856,
0.771428571428571,0.785714285714285,0.799999999999999,0.814285714285713,
0.828571428571428,0.842857142857142,0.857142857142856,0.87142857142857,
0.885714285714284,0.899999999999999,0.914285714285713,0.928571428571427,
0.942857142857141,0.957142857142856,0.97142857142857,0.985714285714284,
1.),.UNSPECIFIED.)
CURVE()
GEOMETRIC_REPRESENTATION_ITEM()
RATIONAL_B_SPLINE_CURVE((1.,1.,1.,1.,1.,1.,1.,1.,1.,1.,1.,1.,1.,1.,1.,1.,
1.,1.,1.,1.,1.,1.,1.,1.,1.,1.,1.,1.,1.,1.,1.,1.,1.,1.,1.,1.,1.,1.,1.,1.,
1.,1.,1.,1.,1.,1.,1.,1.,1.,1.,1.,1.,1.,1.,1.,1.,1.,1.,1.,1.,1.,1.,1.,1.,
1.,1.,1.,1.,1.,1.,1.,1.,1.,1.,1.))
REPRESENTATION_ITEM('')
);
#57=(
BOUNDED_CURVE()
B_SPLINE_CURVE(5,(#9126,#9127,#9128,#9129,#9130,#9131,#9132,#9133,#9134,
#9135,#9136,#9137,#9138,#9139,#9140,#9141,#9142,#9143,#9144,#9145,#9146,
#9147,#9148,#9149,#9150,#9151,#9152,#9153,#9154,#9155,#9156,#9157,#9158,
#9159,#9160,#9161,#9162,#9163,#9164,#9165,#9166,#9167,#9168,#9169,#9170,
#9171,#9172,#9173,#9174,#9175,#9176,#9177,#9178,#9179,#9180,#9181,#9182,
#9183,#9184,#9185,#9186,#9187,#9188,#9189,#9190,#9191,#9192,#9193,#9194,
#9195,#9196,#9197,#9198,#9199,#9200),.UNSPECIFIED.,.F.,.F.)
B_SPLINE_CURVE_WITH_KNOTS((6,1,1,1,1,1,1,1,1,1,1,1,1,1,1,1,1,1,1,1,1,1,
1,1,1,1,1,1,1,1,1,1,1,1,1,1,1,1,1,1,1,1,1,1,1,1,1,1,1,1,1,1,1,1,1,1,1,1,
1,1,1,1,1,1,1,1,1,1,1,1,6),(-1.,-0.985714285714284,-0.97142857142857,-0.957142857142856,
-0.942857142857141,-0.928571428571427,-0.914285714285713,-0.899999999999999,
-0.885714285714284,-0.87142857142857,-0.857142857142856,-0.842857142857142,
-0.828571428571428,-0.814285714285713,-0.799999999999999,-0.785714285714285,
-0.771428571428571,-0.757142857142856,-0.742857142857142,-0.728571428571428,
-0.714285714285714,-0.699999999999999,-0.685714285714285,-0.671428571428571,
-0.657142857142857,-0.642857142857142,-0.628571428571428,-0.614285714285714,
-0.6,-0.585714285714286,-0.571428571428571,-0.557142857142857,-0.542857142857143,
-0.528571428571429,-0.514285714285714,-0.5,-0.485714285714286,-0.471428571428572,
-0.457142857142857,-0.442857142857143,-0.428571428571429,-0.414285714285714,
-0.4,-0.385714285714286,-0.371428571428571,-0.357142857142857,-0.342857142857143,
-0.328571428571429,-0.314285714285714,-0.3,-0.285714285714286,-0.271428571428571,
-0.257142857142857,-0.242857142857143,-0.228571428571429,-0.214285714285714,
-0.2,-0.185714285714286,-0.171428571428571,-0.157142857142857,-0.142857142857143,
-0.128571428571429,-0.114285714285714,-0.1,-0.0857142857142857,-0.0714285714285714,
-0.0571428571428571,-0.0428571428571429,-0.0285714285714286,-0.0142857142857143,
0.),.UNSPECIFIED.)
CURVE()
GEOMETRIC_REPRESENTATION_ITEM()
RATIONAL_B_SPLINE_CURVE((1.,1.,1.,1.,1.,1.,1.,1.,1.,1.,1.,1.,1.,1.,1.,1.,
1.,1.,1.,1.,1.,1.,1.,1.,1.,1.,1.,1.,1.,1.,1.,1.,1.,1.,1.,1.,1.,1.,1.,1.,
1.,1.,1.,1.,1.,1.,1.,1.,1.,1.,1.,1.,1.,1.,1.,1.,1.,1.,1.,1.,1.,1.,1.,1.,
1.,1.,1.,1.,1.,1.,1.,1.,1.,1.,1.))
REPRESENTATION_ITEM('')
);
#58=(
BOUNDED_CURVE()
B_SPLINE_CURVE(5,(#9260,#9261,#9262,#9263,#9264,#9265,#9266,#9267,#9268,
#9269,#9270,#9271,#9272,#9273,#9274,#9275,#9276,#9277,#9278,#9279,#9280,
#9281,#9282,#9283,#9284,#9285,#9286,#9287,#9288,#9289,#9290,#9291,#9292,
#9293,#9294,#9295,#9296,#9297,#9298,#9299,#9300,#9301,#9302,#9303,#9304,
#9305,#9306,#9307,#9308,#9309,#9310,#9311,#9312,#9313,#9314,#9315,#9316,
#9317,#9318,#9319,#9320,#9321,#9322,#9323,#9324,#9325,#9326,#9327,#9328,
#9329,#9330,#9331,#9332,#9333,#9334),.UNSPECIFIED.,.F.,.F.)
B_SPLINE_CURVE_WITH_KNOTS((6,1,1,1,1,1,1,1,1,1,1,1,1,1,1,1,1,1,1,1,1,1,
1,1,1,1,1,1,1,1,1,1,1,1,1,1,1,1,1,1,1,1,1,1,1,1,1,1,1,1,1,1,1,1,1,1,1,1,
1,1,1,1,1,1,1,1,1,1,1,1,6),(0.,0.0142857142857143,0.0285714285714286,0.0428571428571429,
0.0571428571428571,0.0714285714285714,0.0857142857142857,0.1,0.114285714285714,
0.128571428571429,0.142857142857143,0.157142857142857,0.171428571428571,
0.185714285714286,0.2,0.214285714285714,0.228571428571429,0.242857142857143,
0.257142857142857,0.271428571428571,0.285714285714286,0.3,0.314285714285714,
0.328571428571429,0.342857142857143,0.357142857142857,0.371428571428571,
0.385714285714286,0.4,0.414285714285714,0.428571428571429,0.442857142857143,
0.457142857142857,0.471428571428572,0.485714285714286,0.5,0.514285714285714,
0.528571428571429,0.542857142857143,0.557142857142857,0.571428571428571,
0.585714285714286,0.6,0.614285714285714,0.628571428571428,0.642857142857142,
0.657142857142857,0.671428571428571,0.685714285714285,0.699999999999999,
0.714285714285714,0.728571428571428,0.742857142857142,0.757142857142856,
0.771428571428571,0.785714285714285,0.799999999999999,0.814285714285713,
0.828571428571428,0.842857142857142,0.857142857142856,0.87142857142857,
0.885714285714284,0.899999999999999,0.914285714285713,0.928571428571427,
0.942857142857141,0.957142857142856,0.97142857142857,0.985714285714284,
1.),.UNSPECIFIED.)
CURVE()
GEOMETRIC_REPRESENTATION_ITEM()
RATIONAL_B_SPLINE_CURVE((1.,1.,1.,1.,1.,1.,1.,1.,1.,1.,1.,1.,1.,1.,1.,1.,
1.,1.,1.,1.,1.,1.,1.,1.,1.,1.,1.,1.,1.,1.,1.,1.,1.,1.,1.,1.,1.,1.,1.,1.,
1.,1.,1.,1.,1.,1.,1.,1.,1.,1.,1.,1.,1.,1.,1.,1.,1.,1.,1.,1.,1.,1.,1.,1.,
1.,1.,1.,1.,1.,1.,1.,1.,1.,1.,1.))
REPRESENTATION_ITEM('')
);
#59=(
BOUNDED_CURVE()
B_SPLINE_CURVE(5,(#9490,#9491,#9492,#9493,#9494,#9495,#9496,#9497,#9498,
#9499,#9500,#9501,#9502,#9503,#9504,#9505,#9506,#9507,#9508,#9509,#9510,
#9511,#9512,#9513,#9514,#9515,#9516,#9517,#9518,#9519,#9520,#9521,#9522,
#9523,#9524,#9525,#9526,#9527,#9528,#9529,#9530,#9531,#9532,#9533,#9534,
#9535,#9536,#9537,#9538,#9539,#9540,#9541,#9542,#9543,#9544,#9545,#9546,
#9547,#9548,#9549,#9550,#9551,#9552,#9553,#9554,#9555,#9556,#9557,#9558,
#9559,#9560,#9561,#9562,#9563,#9564),.UNSPECIFIED.,.F.,.F.)
B_SPLINE_CURVE_WITH_KNOTS((6,1,1,1,1,1,1,1,1,1,1,1,1,1,1,1,1,1,1,1,1,1,
1,1,1,1,1,1,1,1,1,1,1,1,1,1,1,1,1,1,1,1,1,1,1,1,1,1,1,1,1,1,1,1,1,1,1,1,
1,1,1,1,1,1,1,1,1,1,1,1,6),(-1.,-0.985714285714284,-0.97142857142857,-0.957142857142856,
-0.942857142857141,-0.928571428571427,-0.914285714285713,-0.899999999999999,
-0.885714285714284,-0.87142857142857,-0.857142857142856,-0.842857142857142,
-0.828571428571428,-0.814285714285713,-0.799999999999999,-0.785714285714285,
-0.771428571428571,-0.757142857142856,-0.742857142857142,-0.728571428571428,
-0.714285714285714,-0.699999999999999,-0.685714285714285,-0.671428571428571,
-0.657142857142857,-0.642857142857142,-0.628571428571428,-0.614285714285714,
-0.6,-0.585714285714286,-0.571428571428571,-0.557142857142857,-0.542857142857143,
-0.528571428571429,-0.514285714285714,-0.5,-0.485714285714286,-0.471428571428572,
-0.457142857142857,-0.442857142857143,-0.428571428571429,-0.414285714285714,
-0.4,-0.385714285714286,-0.371428571428571,-0.357142857142857,-0.342857142857143,
-0.328571428571429,-0.314285714285714,-0.3,-0.285714285714286,-0.271428571428571,
-0.257142857142857,-0.242857142857143,-0.228571428571429,-0.214285714285714,
-0.2,-0.185714285714286,-0.171428571428571,-0.157142857142857,-0.142857142857143,
-0.128571428571429,-0.114285714285714,-0.1,-0.0857142857142857,-0.0714285714285714,
-0.0571428571428571,-0.0428571428571429,-0.0285714285714286,-0.0142857142857143,
0.),.UNSPECIFIED.)
CURVE()
GEOMETRIC_REPRESENTATION_ITEM()
RATIONAL_B_SPLINE_CURVE((1.,1.,1.,1.,1.,1.,1.,1.,1.,1.,1.,1.,1.,1.,1.,1.,
1.,1.,1.,1.,1.,1.,1.,1.,1.,1.,1.,1.,1.,1.,1.,1.,1.,1.,1.,1.,1.,1.,1.,1.,
1.,1.,1.,1.,1.,1.,1.,1.,1.,1.,1.,1.,1.,1.,1.,1.,1.,1.,1.,1.,1.,1.,1.,1.,
1.,1.,1.,1.,1.,1.,1.,1.,1.,1.,1.))
REPRESENTATION_ITEM('')
);
#60=(
BOUNDED_CURVE()
B_SPLINE_CURVE(5,(#9624,#9625,#9626,#9627,#9628,#9629,#9630,#9631,#9632,
#9633,#9634,#9635,#9636,#9637,#9638,#9639,#9640,#9641,#9642,#9643,#9644,
#9645,#9646,#9647,#9648,#9649,#9650,#9651,#9652,#9653,#9654,#9655,#9656,
#9657,#9658,#9659,#9660,#9661,#9662,#9663,#9664,#9665,#9666,#9667,#9668,
#9669,#9670,#9671,#9672,#9673,#9674,#9675,#9676,#9677,#9678,#9679,#9680,
#9681,#9682,#9683,#9684,#9685,#9686,#9687,#9688,#9689,#9690,#9691,#9692,
#9693,#9694,#9695,#9696,#9697,#9698),.UNSPECIFIED.,.F.,.F.)
B_SPLINE_CURVE_WITH_KNOTS((6,1,1,1,1,1,1,1,1,1,1,1,1,1,1,1,1,1,1,1,1,1,
1,1,1,1,1,1,1,1,1,1,1,1,1,1,1,1,1,1,1,1,1,1,1,1,1,1,1,1,1,1,1,1,1,1,1,1,
1,1,1,1,1,1,1,1,1,1,1,1,6),(0.,0.0142857142857143,0.0285714285714286,0.0428571428571429,
0.0571428571428571,0.0714285714285714,0.0857142857142857,0.1,0.114285714285714,
0.128571428571429,0.142857142857143,0.157142857142857,0.171428571428571,
0.185714285714286,0.2,0.214285714285714,0.228571428571429,0.242857142857143,
0.257142857142857,0.271428571428571,0.285714285714286,0.3,0.314285714285714,
0.328571428571429,0.342857142857143,0.357142857142857,0.371428571428571,
0.385714285714286,0.4,0.414285714285714,0.428571428571429,0.442857142857143,
0.457142857142857,0.471428571428572,0.485714285714286,0.5,0.514285714285714,
0.528571428571429,0.542857142857143,0.557142857142857,0.571428571428571,
0.585714285714286,0.6,0.614285714285714,0.628571428571428,0.642857142857142,
0.657142857142857,0.671428571428571,0.685714285714285,0.699999999999999,
0.714285714285714,0.728571428571428,0.742857142857142,0.757142857142856,
0.771428571428571,0.785714285714285,0.799999999999999,0.814285714285713,
0.828571428571428,0.842857142857142,0.857142857142856,0.87142857142857,
0.885714285714284,0.899999999999999,0.914285714285713,0.928571428571427,
0.942857142857141,0.957142857142856,0.97142857142857,0.985714285714284,
1.),.UNSPECIFIED.)
CURVE()
GEOMETRIC_REPRESENTATION_ITEM()
RATIONAL_B_SPLINE_CURVE((1.,1.,1.,1.,1.,1.,1.,1.,1.,1.,1.,1.,1.,1.,1.,1.,
1.,1.,1.,1.,1.,1.,1.,1.,1.,1.,1.,1.,1.,1.,1.,1.,1.,1.,1.,1.,1.,1.,1.,1.,
1.,1.,1.,1.,1.,1.,1.,1.,1.,1.,1.,1.,1.,1.,1.,1.,1.,1.,1.,1.,1.,1.,1.,1.,
1.,1.,1.,1.,1.,1.,1.,1.,1.,1.,1.))
REPRESENTATION_ITEM('')
);
#61=(
BOUNDED_CURVE()
B_SPLINE_CURVE(5,(#9854,#9855,#9856,#9857,#9858,#9859,#9860,#9861,#9862,
#9863,#9864,#9865,#9866,#9867,#9868,#9869,#9870,#9871,#9872,#9873,#9874,
#9875,#9876,#9877,#9878,#9879,#9880,#9881,#9882,#9883,#9884,#9885,#9886,
#9887,#9888,#9889,#9890,#9891,#9892,#9893,#9894,#9895,#9896,#9897,#9898,
#9899,#9900,#9901,#9902,#9903,#9904,#9905,#9906,#9907,#9908,#9909,#9910,
#9911,#9912,#9913,#9914,#9915,#9916,#9917,#9918,#9919,#9920,#9921,#9922,
#9923,#9924,#9925,#9926,#9927,#9928),.UNSPECIFIED.,.F.,.F.)
B_SPLINE_CURVE_WITH_KNOTS((6,1,1,1,1,1,1,1,1,1,1,1,1,1,1,1,1,1,1,1,1,1,
1,1,1,1,1,1,1,1,1,1,1,1,1,1,1,1,1,1,1,1,1,1,1,1,1,1,1,1,1,1,1,1,1,1,1,1,
1,1,1,1,1,1,1,1,1,1,1,1,6),(-1.,-0.985714285714284,-0.97142857142857,-0.957142857142856,
-0.942857142857141,-0.928571428571427,-0.914285714285713,-0.899999999999999,
-0.885714285714284,-0.87142857142857,-0.857142857142856,-0.842857142857142,
-0.828571428571428,-0.814285714285713,-0.799999999999999,-0.785714285714285,
-0.771428571428571,-0.757142857142856,-0.742857142857142,-0.728571428571428,
-0.714285714285714,-0.699999999999999,-0.685714285714285,-0.671428571428571,
-0.657142857142857,-0.642857142857142,-0.628571428571428,-0.614285714285714,
-0.6,-0.585714285714286,-0.571428571428571,-0.557142857142857,-0.542857142857143,
-0.528571428571429,-0.514285714285714,-0.5,-0.485714285714286,-0.471428571428572,
-0.457142857142857,-0.442857142857143,-0.428571428571429,-0.414285714285714,
-0.4,-0.385714285714286,-0.371428571428571,-0.357142857142857,-0.342857142857143,
-0.328571428571429,-0.314285714285714,-0.3,-0.285714285714286,-0.271428571428571,
-0.257142857142857,-0.242857142857143,-0.228571428571429,-0.214285714285714,
-0.2,-0.185714285714286,-0.171428571428571,-0.157142857142857,-0.142857142857143,
-0.128571428571429,-0.114285714285714,-0.1,-0.0857142857142857,-0.0714285714285714,
-0.0571428571428571,-0.0428571428571429,-0.0285714285714286,-0.0142857142857143,
0.),.UNSPECIFIED.)
CURVE()
GEOMETRIC_REPRESENTATION_ITEM()
RATIONAL_B_SPLINE_CURVE((1.,1.,1.,1.,1.,1.,1.,1.,1.,1.,1.,1.,1.,1.,1.,1.,
1.,1.,1.,1.,1.,1.,1.,1.,1.,1.,1.,1.,1.,1.,1.,1.,1.,1.,1.,1.,1.,1.,1.,1.,
1.,1.,1.,1.,1.,1.,1.,1.,1.,1.,1.,1.,1.,1.,1.,1.,1.,1.,1.,1.,1.,1.,1.,1.,
1.,1.,1.,1.,1.,1.,1.,1.,1.,1.,1.))
REPRESENTATION_ITEM('')
);
#62=(
BOUNDED_CURVE()
B_SPLINE_CURVE(5,(#9988,#9989,#9990,#9991,#9992,#9993,#9994,#9995,#9996,
#9997,#9998,#9999,#10000,#10001,#10002,#10003,#10004,#10005,#10006,#10007,
#10008,#10009,#10010,#10011,#10012,#10013,#10014,#10015,#10016,#10017,#10018,
#10019,#10020,#10021,#10022,#10023,#10024,#10025,#10026,#10027,#10028,#10029,
#10030,#10031,#10032,#10033,#10034,#10035,#10036,#10037,#10038,#10039,#10040,
#10041,#10042,#10043,#10044,#10045,#10046,#10047,#10048,#10049,#10050,#10051,
#10052,#10053,#10054,#10055,#10056,#10057,#10058,#10059,#10060,#10061,#10062),
 .UNSPECIFIED.,.F.,.F.)
B_SPLINE_CURVE_WITH_KNOTS((6,1,1,1,1,1,1,1,1,1,1,1,1,1,1,1,1,1,1,1,1,1,
1,1,1,1,1,1,1,1,1,1,1,1,1,1,1,1,1,1,1,1,1,1,1,1,1,1,1,1,1,1,1,1,1,1,1,1,
1,1,1,1,1,1,1,1,1,1,1,1,6),(0.,0.0142857142857143,0.0285714285714286,0.0428571428571429,
0.0571428571428571,0.0714285714285714,0.0857142857142857,0.1,0.114285714285714,
0.128571428571429,0.142857142857143,0.157142857142857,0.171428571428571,
0.185714285714286,0.2,0.214285714285714,0.228571428571429,0.242857142857143,
0.257142857142857,0.271428571428571,0.285714285714286,0.3,0.314285714285714,
0.328571428571429,0.342857142857143,0.357142857142857,0.371428571428571,
0.385714285714286,0.4,0.414285714285714,0.428571428571429,0.442857142857143,
0.457142857142857,0.471428571428572,0.485714285714286,0.5,0.514285714285714,
0.528571428571429,0.542857142857143,0.557142857142857,0.571428571428571,
0.585714285714286,0.6,0.614285714285714,0.628571428571428,0.642857142857142,
0.657142857142857,0.671428571428571,0.685714285714285,0.699999999999999,
0.714285714285714,0.728571428571428,0.742857142857142,0.757142857142856,
0.771428571428571,0.785714285714285,0.799999999999999,0.814285714285713,
0.828571428571428,0.842857142857142,0.857142857142856,0.87142857142857,
0.885714285714284,0.899999999999999,0.914285714285713,0.928571428571427,
0.942857142857141,0.957142857142856,0.97142857142857,0.985714285714284,
1.),.UNSPECIFIED.)
CURVE()
GEOMETRIC_REPRESENTATION_ITEM()
RATIONAL_B_SPLINE_CURVE((1.,1.,1.,1.,1.,1.,1.,1.,1.,1.,1.,1.,1.,1.,1.,1.,
1.,1.,1.,1.,1.,1.,1.,1.,1.,1.,1.,1.,1.,1.,1.,1.,1.,1.,1.,1.,1.,1.,1.,1.,
1.,1.,1.,1.,1.,1.,1.,1.,1.,1.,1.,1.,1.,1.,1.,1.,1.,1.,1.,1.,1.,1.,1.,1.,
1.,1.,1.,1.,1.,1.,1.,1.,1.,1.,1.))
REPRESENTATION_ITEM('')
);
#63=B_SPLINE_SURFACE_WITH_KNOTS('',3,3,((#2947,#2948,#2949,#2950),(#2951,
#2952,#2953,#2954),(#2955,#2956,#2957,#2958),(#2959,#2960,#2961,#2962),
(#2963,#2964,#2965,#2966)),.UNSPECIFIED.,.F.,.F.,.F.,(4,1,4),(4,4),(-1.4206667450985,
-0.811809568627714,0.),(0.,0.75),.UNSPECIFIED.);
#64=B_SPLINE_SURFACE_WITH_KNOTS('',3,3,((#2981,#2982,#2983,#2984),(#2985,
#2986,#2987,#2988),(#2989,#2990,#2991,#2992),(#2993,#2994,#2995,#2996)),
 .UNSPECIFIED.,.F.,.F.,.F.,(4,4),(4,4),(4.29246272101339E-17,0.0626311505712552),
(0.,0.75),.UNSPECIFIED.);
#65=B_SPLINE_SURFACE_WITH_KNOTS('',3,3,((#3005,#3006,#3007,#3008),(#3009,
#3010,#3011,#3012),(#3013,#3014,#3015,#3016),(#3017,#3018,#3019,#3020),
(#3021,#3022,#3023,#3024)),.UNSPECIFIED.,.F.,.F.,.F.,(4,1,4),(4,4),(-1.4206667450985,
-0.811809568627714,0.),(0.,0.75),.UNSPECIFIED.);
#66=B_SPLINE_SURFACE_WITH_KNOTS('',3,3,((#3033,#3034,#3035,#3036),(#3037,
#3038,#3039,#3040),(#3041,#3042,#3043,#3044),(#3045,#3046,#3047,#3048)),
 .UNSPECIFIED.,.F.,.F.,.F.,(4,4),(4,4),(0.,0.181349413080126),(0.,0.75),
 .UNSPECIFIED.);
#67=B_SPLINE_SURFACE_WITH_KNOTS('',3,3,((#3057,#3058,#3059,#3060),(#3061,
#3062,#3063,#3064),(#3065,#3066,#3067,#3068),(#3069,#3070,#3071,#3072),
(#3073,#3074,#3075,#3076),(#3077,#3078,#3079,#3080),(#3081,#3082,#3083,
#3084),(#3085,#3086,#3087,#3088)),.UNSPECIFIED.,.F.,.F.,.F.,(4,1,1,1,1,
4),(4,4),(-1.,-0.571428571428571,-0.285714285714286,-0.142857142857143,
-0.0714285714285715,0.),(0.,0.75),.UNSPECIFIED.);
#68=B_SPLINE_SURFACE_WITH_KNOTS('',3,3,((#3245,#3246,#3247,#3248),(#3249,
#3250,#3251,#3252),(#3253,#3254,#3255,#3256),(#3257,#3258,#3259,#3260)),
 .UNSPECIFIED.,.F.,.F.,.F.,(4,4),(4,4),(0.,0.108251565497014),(0.,0.75),
 .UNSPECIFIED.);
#69=B_SPLINE_SURFACE_WITH_KNOTS('',3,3,((#3269,#3270,#3271,#3272),(#3273,
#3274,#3275,#3276),(#3277,#3278,#3279,#3280),(#3281,#3282,#3283,#3284),
(#3285,#3286,#3287,#3288),(#3289,#3290,#3291,#3292),(#3293,#3294,#3295,
#3296),(#3297,#3298,#3299,#3300)),.UNSPECIFIED.,.F.,.F.,.F.,(4,1,1,1,1,
4),(4,4),(0.,0.0714285714285714,0.142857142857143,0.285714285714286,0.571428571428571,
1.),(0.,0.75),.UNSPECIFIED.);
#70=B_SPLINE_SURFACE_WITH_KNOTS('',3,3,((#3457,#3458,#3459,#3460),(#3461,
#3462,#3463,#3464),(#3465,#3466,#3467,#3468),(#3469,#3470,#3471,#3472)),
 .UNSPECIFIED.,.F.,.F.,.F.,(4,4),(4,4),(0.,0.181349413080126),(0.,0.75),
 .UNSPECIFIED.);
#71=B_SPLINE_SURFACE_WITH_KNOTS('',3,3,((#3481,#3482,#3483,#3484),(#3485,
#3486,#3487,#3488),(#3489,#3490,#3491,#3492),(#3493,#3494,#3495,#3496),
(#3497,#3498,#3499,#3500)),.UNSPECIFIED.,.F.,.F.,.F.,(4,1,4),(4,4),(-1.4206667450985,
-0.811809568627713,0.),(0.,0.75),.UNSPECIFIED.);
#72=B_SPLINE_SURFACE_WITH_KNOTS('',3,3,((#3509,#3510,#3511,#3512),(#3513,
#3514,#3515,#3516),(#3517,#3518,#3519,#3520),(#3521,#3522,#3523,#3524)),
 .UNSPECIFIED.,.F.,.F.,.F.,(4,4),(4,4),(0.,0.0626311505712583),(0.,0.75),
 .UNSPECIFIED.);
#73=B_SPLINE_SURFACE_WITH_KNOTS('',3,3,((#3533,#3534,#3535,#3536),(#3537,
#3538,#3539,#3540),(#3541,#3542,#3543,#3544),(#3545,#3546,#3547,#3548),
(#3549,#3550,#3551,#3552)),.UNSPECIFIED.,.F.,.F.,.F.,(4,1,4),(4,4),(-1.4206667450985,
-0.811809568627714,-2.60208521396521E-16),(0.,0.75),.UNSPECIFIED.);
#74=B_SPLINE_SURFACE_WITH_KNOTS('',3,3,((#3561,#3562,#3563,#3564),(#3565,
#3566,#3567,#3568),(#3569,#3570,#3571,#3572),(#3573,#3574,#3575,#3576)),
 .UNSPECIFIED.,.F.,.F.,.F.,(4,4),(4,4),(0.,0.181349413080126),(0.,0.75),
 .UNSPECIFIED.);
#75=B_SPLINE_SURFACE_WITH_KNOTS('',3,3,((#3585,#3586,#3587,#3588),(#3589,
#3590,#3591,#3592),(#3593,#3594,#3595,#3596),(#3597,#3598,#3599,#3600),
(#3601,#3602,#3603,#3604),(#3605,#3606,#3607,#3608),(#3609,#3610,#3611,
#3612),(#3613,#3614,#3615,#3616)),.UNSPECIFIED.,.F.,.F.,.F.,(4,1,1,1,1,
4),(4,4),(-1.,-0.571428571428571,-0.285714285714286,-0.142857142857143,
-0.0714285714285715,0.),(0.,0.75),.UNSPECIFIED.);
#76=B_SPLINE_SURFACE_WITH_KNOTS('',3,3,((#3773,#3774,#3775,#3776),(#3777,
#3778,#3779,#3780),(#3781,#3782,#3783,#3784),(#3785,#3786,#3787,#3788)),
 .UNSPECIFIED.,.F.,.F.,.F.,(4,4),(4,4),(0.,0.108251565497012),(0.,0.75),
 .UNSPECIFIED.);
#77=B_SPLINE_SURFACE_WITH_KNOTS('',3,3,((#3797,#3798,#3799,#3800),(#3801,
#3802,#3803,#3804),(#3805,#3806,#3807,#3808),(#3809,#3810,#3811,#3812),
(#3813,#3814,#3815,#3816),(#3817,#3818,#3819,#3820),(#3821,#3822,#3823,
#3824),(#3825,#3826,#3827,#3828)),.UNSPECIFIED.,.F.,.F.,.F.,(4,1,1,1,1,
4),(4,4),(0.,0.0714285714285714,0.142857142857143,0.285714285714286,0.571428571428571,
1.),(0.,0.75),.UNSPECIFIED.);
#78=B_SPLINE_SURFACE_WITH_KNOTS('',3,3,((#3985,#3986,#3987,#3988),(#3989,
#3990,#3991,#3992),(#3993,#3994,#3995,#3996),(#3997,#3998,#3999,#4000)),
 .UNSPECIFIED.,.F.,.F.,.F.,(4,4),(4,4),(0.,0.181349413080126),(0.,0.75),
 .UNSPECIFIED.);
#79=B_SPLINE_SURFACE_WITH_KNOTS('',3,3,((#4009,#4010,#4011,#4012),(#4013,
#4014,#4015,#4016),(#4017,#4018,#4019,#4020),(#4021,#4022,#4023,#4024),
(#4025,#4026,#4027,#4028)),.UNSPECIFIED.,.F.,.F.,.F.,(4,1,4),(4,4),(-1.4206667450985,
-0.811809568627714,0.),(0.,0.75),.UNSPECIFIED.);
#80=B_SPLINE_SURFACE_WITH_KNOTS('',3,3,((#4037,#4038,#4039,#4040),(#4041,
#4042,#4043,#4044),(#4045,#4046,#4047,#4048),(#4049,#4050,#4051,#4052)),
 .UNSPECIFIED.,.F.,.F.,.F.,(4,4),(4,4),(0.,0.0626311505712581),(0.,0.75),
 .UNSPECIFIED.);
#81=B_SPLINE_SURFACE_WITH_KNOTS('',3,3,((#4061,#4062,#4063,#4064),(#4065,
#4066,#4067,#4068),(#4069,#4070,#4071,#4072),(#4073,#4074,#4075,#4076),
(#4077,#4078,#4079,#4080)),.UNSPECIFIED.,.F.,.F.,.F.,(4,1,4),(4,4),(-1.4206667450985,
-0.811809568627715,-2.60208521396521E-16),(0.,0.75),.UNSPECIFIED.);
#82=B_SPLINE_SURFACE_WITH_KNOTS('',3,3,((#4089,#4090,#4091,#4092),(#4093,
#4094,#4095,#4096),(#4097,#4098,#4099,#4100),(#4101,#4102,#4103,#4104)),
 .UNSPECIFIED.,.F.,.F.,.F.,(4,4),(4,4),(0.,0.181349413080126),(0.,0.75),
 .UNSPECIFIED.);
#83=B_SPLINE_SURFACE_WITH_KNOTS('',3,3,((#4113,#4114,#4115,#4116),(#4117,
#4118,#4119,#4120),(#4121,#4122,#4123,#4124),(#4125,#4126,#4127,#4128),
(#4129,#4130,#4131,#4132),(#4133,#4134,#4135,#4136),(#4137,#4138,#4139,
#4140),(#4141,#4142,#4143,#4144)),.UNSPECIFIED.,.F.,.F.,.F.,(4,1,1,1,1,
4),(4,4),(-1.,-0.571428571428571,-0.285714285714286,-0.142857142857143,
-0.0714285714285715,0.),(0.,0.75),.UNSPECIFIED.);
#84=B_SPLINE_SURFACE_WITH_KNOTS('',3,3,((#4301,#4302,#4303,#4304),(#4305,
#4306,#4307,#4308),(#4309,#4310,#4311,#4312),(#4313,#4314,#4315,#4316)),
 .UNSPECIFIED.,.F.,.F.,.F.,(4,4),(4,4),(0.,0.108251565497014),(0.,0.75),
 .UNSPECIFIED.);
#85=B_SPLINE_SURFACE_WITH_KNOTS('',3,3,((#4325,#4326,#4327,#4328),(#4329,
#4330,#4331,#4332),(#4333,#4334,#4335,#4336),(#4337,#4338,#4339,#4340),
(#4341,#4342,#4343,#4344),(#4345,#4346,#4347,#4348),(#4349,#4350,#4351,
#4352),(#4353,#4354,#4355,#4356)),.UNSPECIFIED.,.F.,.F.,.F.,(4,1,1,1,1,
4),(4,4),(0.,0.0714285714285714,0.142857142857143,0.285714285714286,0.571428571428571,
1.),(0.,0.75),.UNSPECIFIED.);
#86=B_SPLINE_SURFACE_WITH_KNOTS('',3,3,((#4513,#4514,#4515,#4516),(#4517,
#4518,#4519,#4520),(#4521,#4522,#4523,#4524),(#4525,#4526,#4527,#4528)),
 .UNSPECIFIED.,.F.,.F.,.F.,(4,4),(4,4),(0.,0.181349413080126),(0.,0.75),
 .UNSPECIFIED.);
#87=B_SPLINE_SURFACE_WITH_KNOTS('',3,3,((#4537,#4538,#4539,#4540),(#4541,
#4542,#4543,#4544),(#4545,#4546,#4547,#4548),(#4549,#4550,#4551,#4552),
(#4553,#4554,#4555,#4556)),.UNSPECIFIED.,.F.,.F.,.F.,(4,1,4),(4,4),(-1.4206667450985,
-0.811809568627714,0.),(0.,0.75),.UNSPECIFIED.);
#88=B_SPLINE_SURFACE_WITH_KNOTS('',3,3,((#4565,#4566,#4567,#4568),(#4569,
#4570,#4571,#4572),(#4573,#4574,#4575,#4576),(#4577,#4578,#4579,#4580)),
 .UNSPECIFIED.,.F.,.F.,.F.,(4,4),(4,4),(0.,0.0626311505712582),(0.,0.75),
 .UNSPECIFIED.);
#89=B_SPLINE_SURFACE_WITH_KNOTS('',3,3,((#4589,#4590,#4591,#4592),(#4593,
#4594,#4595,#4596),(#4597,#4598,#4599,#4600),(#4601,#4602,#4603,#4604),
(#4605,#4606,#4607,#4608)),.UNSPECIFIED.,.F.,.F.,.F.,(4,1,4),(4,4),(-1.4206667450985,
-0.811809568627714,-2.60208521396521E-16),(0.,0.75),.UNSPECIFIED.);
#90=B_SPLINE_SURFACE_WITH_KNOTS('',3,3,((#4617,#4618,#4619,#4620),(#4621,
#4622,#4623,#4624),(#4625,#4626,#4627,#4628),(#4629,#4630,#4631,#4632)),
 .UNSPECIFIED.,.F.,.F.,.F.,(4,4),(4,4),(0.,0.181349413080126),(0.,0.75),
 .UNSPECIFIED.);
#91=B_SPLINE_SURFACE_WITH_KNOTS('',3,3,((#4641,#4642,#4643,#4644),(#4645,
#4646,#4647,#4648),(#4649,#4650,#4651,#4652),(#4653,#4654,#4655,#4656),
(#4657,#4658,#4659,#4660),(#4661,#4662,#4663,#4664),(#4665,#4666,#4667,
#4668),(#4669,#4670,#4671,#4672)),.UNSPECIFIED.,.F.,.F.,.F.,(4,1,1,1,1,
4),(4,4),(-1.,-0.571428571428571,-0.285714285714286,-0.142857142857143,
-0.0714285714285715,0.),(0.,0.75),.UNSPECIFIED.);
#92=B_SPLINE_SURFACE_WITH_KNOTS('',3,3,((#4829,#4830,#4831,#4832),(#4833,
#4834,#4835,#4836),(#4837,#4838,#4839,#4840),(#4841,#4842,#4843,#4844)),
 .UNSPECIFIED.,.F.,.F.,.F.,(4,4),(4,4),(0.,0.108251565497012),(0.,0.75),
 .UNSPECIFIED.);
#93=B_SPLINE_SURFACE_WITH_KNOTS('',3,3,((#4853,#4854,#4855,#4856),(#4857,
#4858,#4859,#4860),(#4861,#4862,#4863,#4864),(#4865,#4866,#4867,#4868),
(#4869,#4870,#4871,#4872),(#4873,#4874,#4875,#4876),(#4877,#4878,#4879,
#4880),(#4881,#4882,#4883,#4884)),.UNSPECIFIED.,.F.,.F.,.F.,(4,1,1,1,1,
4),(4,4),(0.,0.0714285714285714,0.142857142857143,0.285714285714286,0.571428571428571,
1.),(0.,0.75),.UNSPECIFIED.);
#94=B_SPLINE_SURFACE_WITH_KNOTS('',3,3,((#5041,#5042,#5043,#5044),(#5045,
#5046,#5047,#5048),(#5049,#5050,#5051,#5052),(#5053,#5054,#5055,#5056)),
 .UNSPECIFIED.,.F.,.F.,.F.,(4,4),(4,4),(0.,0.181349413080126),(0.,0.75),
 .UNSPECIFIED.);
#95=B_SPLINE_SURFACE_WITH_KNOTS('',3,3,((#5065,#5066,#5067,#5068),(#5069,
#5070,#5071,#5072),(#5073,#5074,#5075,#5076),(#5077,#5078,#5079,#5080),
(#5081,#5082,#5083,#5084)),.UNSPECIFIED.,.F.,.F.,.F.,(4,1,4),(4,4),(-1.4206667450985,
-0.608857176470786,0.),(0.,0.75),.UNSPECIFIED.);
#96=B_SPLINE_SURFACE_WITH_KNOTS('',3,3,((#5093,#5094,#5095,#5096),(#5097,
#5098,#5099,#5100),(#5101,#5102,#5103,#5104),(#5105,#5106,#5107,#5108)),
 .UNSPECIFIED.,.F.,.F.,.F.,(4,4),(4,4),(0.,0.0626311505712574),(0.,0.75),
 .UNSPECIFIED.);
#97=B_SPLINE_SURFACE_WITH_KNOTS('',3,3,((#5117,#5118,#5119,#5120),(#5121,
#5122,#5123,#5124),(#5125,#5126,#5127,#5128),(#5129,#5130,#5131,#5132),
(#5133,#5134,#5135,#5136)),.UNSPECIFIED.,.F.,.F.,.F.,(4,1,4),(4,4),(-1.4206667450985,
-0.811809568627714,-2.60208521396521E-16),(0.,0.75),.UNSPECIFIED.);
#98=B_SPLINE_SURFACE_WITH_KNOTS('',3,3,((#5145,#5146,#5147,#5148),(#5149,
#5150,#5151,#5152),(#5153,#5154,#5155,#5156),(#5157,#5158,#5159,#5160)),
 .UNSPECIFIED.,.F.,.F.,.F.,(4,4),(4,4),(0.,0.181349413080126),(0.,0.75),
 .UNSPECIFIED.);
#99=B_SPLINE_SURFACE_WITH_KNOTS('',3,3,((#5169,#5170,#5171,#5172),(#5173,
#5174,#5175,#5176),(#5177,#5178,#5179,#5180),(#5181,#5182,#5183,#5184),
(#5185,#5186,#5187,#5188),(#5189,#5190,#5191,#5192),(#5193,#5194,#5195,
#5196),(#5197,#5198,#5199,#5200)),.UNSPECIFIED.,.F.,.F.,.F.,(4,1,1,1,1,
4),(4,4),(-1.,-0.571428571428571,-0.285714285714286,-0.142857142857143,
-0.0714285714285715,0.),(0.,0.75),.UNSPECIFIED.);
#100=B_SPLINE_SURFACE_WITH_KNOTS('',3,3,((#5357,#5358,#5359,#5360),(#5361,
#5362,#5363,#5364),(#5365,#5366,#5367,#5368),(#5369,#5370,#5371,#5372)),
 .UNSPECIFIED.,.F.,.F.,.F.,(4,4),(4,4),(0.,0.108251565497014),(0.,0.75),
 .UNSPECIFIED.);
#101=B_SPLINE_SURFACE_WITH_KNOTS('',3,3,((#5381,#5382,#5383,#5384),(#5385,
#5386,#5387,#5388),(#5389,#5390,#5391,#5392),(#5393,#5394,#5395,#5396),
(#5397,#5398,#5399,#5400),(#5401,#5402,#5403,#5404),(#5405,#5406,#5407,
#5408),(#5409,#5410,#5411,#5412)),.UNSPECIFIED.,.F.,.F.,.F.,(4,1,1,1,1,
4),(4,4),(0.,0.0714285714285714,0.142857142857143,0.285714285714286,0.571428571428571,
1.),(0.,0.75),.UNSPECIFIED.);
#102=B_SPLINE_SURFACE_WITH_KNOTS('',3,3,((#5569,#5570,#5571,#5572),(#5573,
#5574,#5575,#5576),(#5577,#5578,#5579,#5580),(#5581,#5582,#5583,#5584)),
 .UNSPECIFIED.,.F.,.F.,.F.,(4,4),(4,4),(0.,0.181349413080126),(0.,0.75),
 .UNSPECIFIED.);
#103=B_SPLINE_SURFACE_WITH_KNOTS('',3,3,((#5593,#5594,#5595,#5596),(#5597,
#5598,#5599,#5600),(#5601,#5602,#5603,#5604),(#5605,#5606,#5607,#5608),
(#5609,#5610,#5611,#5612)),.UNSPECIFIED.,.F.,.F.,.F.,(4,1,4),(4,4),(-1.4206667450985,
-0.811809568627715,0.),(0.,0.75),.UNSPECIFIED.);
#104=B_SPLINE_SURFACE_WITH_KNOTS('',3,3,((#5621,#5622,#5623,#5624),(#5625,
#5626,#5627,#5628),(#5629,#5630,#5631,#5632),(#5633,#5634,#5635,#5636)),
 .UNSPECIFIED.,.F.,.F.,.F.,(4,4),(4,4),(0.,0.0626311505712552),(0.,0.75),
 .UNSPECIFIED.);
#105=B_SPLINE_SURFACE_WITH_KNOTS('',3,3,((#5645,#5646,#5647,#5648),(#5649,
#5650,#5651,#5652),(#5653,#5654,#5655,#5656),(#5657,#5658,#5659,#5660),
(#5661,#5662,#5663,#5664)),.UNSPECIFIED.,.F.,.F.,.F.,(4,1,4),(4,4),(-1.4206667450985,
-0.811809568627714,0.),(0.,0.75),.UNSPECIFIED.);
#106=B_SPLINE_SURFACE_WITH_KNOTS('',3,3,((#5673,#5674,#5675,#5676),(#5677,
#5678,#5679,#5680),(#5681,#5682,#5683,#5684),(#5685,#5686,#5687,#5688)),
 .UNSPECIFIED.,.F.,.F.,.F.,(4,4),(4,4),(0.,0.181349413080126),(0.,0.75),
 .UNSPECIFIED.);
#107=B_SPLINE_SURFACE_WITH_KNOTS('',3,3,((#5697,#5698,#5699,#5700),(#5701,
#5702,#5703,#5704),(#5705,#5706,#5707,#5708),(#5709,#5710,#5711,#5712),
(#5713,#5714,#5715,#5716),(#5717,#5718,#5719,#5720),(#5721,#5722,#5723,
#5724),(#5725,#5726,#5727,#5728)),.UNSPECIFIED.,.F.,.F.,.F.,(4,1,1,1,1,
4),(4,4),(-1.,-0.571428571428571,-0.285714285714286,-0.142857142857143,
-0.0714285714285715,0.),(0.,0.75),.UNSPECIFIED.);
#108=B_SPLINE_SURFACE_WITH_KNOTS('',3,3,((#5885,#5886,#5887,#5888),(#5889,
#5890,#5891,#5892),(#5893,#5894,#5895,#5896),(#5897,#5898,#5899,#5900)),
 .UNSPECIFIED.,.F.,.F.,.F.,(4,4),(4,4),(0.,0.108251565497012),(0.,0.75),
 .UNSPECIFIED.);
#109=B_SPLINE_SURFACE_WITH_KNOTS('',3,3,((#5909,#5910,#5911,#5912),(#5913,
#5914,#5915,#5916),(#5917,#5918,#5919,#5920),(#5921,#5922,#5923,#5924),
(#5925,#5926,#5927,#5928),(#5929,#5930,#5931,#5932),(#5933,#5934,#5935,
#5936),(#5937,#5938,#5939,#5940)),.UNSPECIFIED.,.F.,.F.,.F.,(4,1,1,1,1,
4),(4,4),(0.,0.0714285714285714,0.142857142857143,0.285714285714286,0.571428571428571,
1.),(0.,0.75),.UNSPECIFIED.);
#110=B_SPLINE_SURFACE_WITH_KNOTS('',3,3,((#6097,#6098,#6099,#6100),(#6101,
#6102,#6103,#6104),(#6105,#6106,#6107,#6108),(#6109,#6110,#6111,#6112)),
 .UNSPECIFIED.,.F.,.F.,.F.,(4,4),(4,4),(0.,0.181349413080126),(0.,0.75),
 .UNSPECIFIED.);
#111=B_SPLINE_SURFACE_WITH_KNOTS('',3,3,((#6121,#6122,#6123,#6124),(#6125,
#6126,#6127,#6128),(#6129,#6130,#6131,#6132),(#6133,#6134,#6135,#6136),
(#6137,#6138,#6139,#6140)),.UNSPECIFIED.,.F.,.F.,.F.,(4,1,4),(4,4),(-1.4206667450985,
-0.811809568627714,0.),(0.,0.75),.UNSPECIFIED.);
#112=B_SPLINE_SURFACE_WITH_KNOTS('',3,3,((#6149,#6150,#6151,#6152),(#6153,
#6154,#6155,#6156),(#6157,#6158,#6159,#6160),(#6161,#6162,#6163,#6164)),
 .UNSPECIFIED.,.F.,.F.,.F.,(4,4),(4,4),(0.,0.0626311505712576),(0.,0.75),
 .UNSPECIFIED.);
#113=B_SPLINE_SURFACE_WITH_KNOTS('',3,3,((#6173,#6174,#6175,#6176),(#6177,
#6178,#6179,#6180),(#6181,#6182,#6183,#6184),(#6185,#6186,#6187,#6188),
(#6189,#6190,#6191,#6192)),.UNSPECIFIED.,.F.,.F.,.F.,(4,1,4),(4,4),(-1.4206667450985,
-0.811809568627714,0.),(0.,0.75),.UNSPECIFIED.);
#114=B_SPLINE_SURFACE_WITH_KNOTS('',3,3,((#6201,#6202,#6203,#6204),(#6205,
#6206,#6207,#6208),(#6209,#6210,#6211,#6212),(#6213,#6214,#6215,#6216)),
 .UNSPECIFIED.,.F.,.F.,.F.,(4,4),(4,4),(0.,0.181349413080126),(0.,0.75),
 .UNSPECIFIED.);
#115=B_SPLINE_SURFACE_WITH_KNOTS('',3,3,((#6225,#6226,#6227,#6228),(#6229,
#6230,#6231,#6232),(#6233,#6234,#6235,#6236),(#6237,#6238,#6239,#6240),
(#6241,#6242,#6243,#6244),(#6245,#6246,#6247,#6248),(#6249,#6250,#6251,
#6252),(#6253,#6254,#6255,#6256)),.UNSPECIFIED.,.F.,.F.,.F.,(4,1,1,1,1,
4),(4,4),(-1.,-0.571428571428571,-0.285714285714286,-0.142857142857143,
-0.0714285714285715,0.),(0.,0.75),.UNSPECIFIED.);
#116=B_SPLINE_SURFACE_WITH_KNOTS('',3,3,((#6413,#6414,#6415,#6416),(#6417,
#6418,#6419,#6420),(#6421,#6422,#6423,#6424),(#6425,#6426,#6427,#6428)),
 .UNSPECIFIED.,.F.,.F.,.F.,(4,4),(4,4),(0.,0.108251565497014),(0.,0.75),
 .UNSPECIFIED.);
#117=B_SPLINE_SURFACE_WITH_KNOTS('',3,3,((#6437,#6438,#6439,#6440),(#6441,
#6442,#6443,#6444),(#6445,#6446,#6447,#6448),(#6449,#6450,#6451,#6452),
(#6453,#6454,#6455,#6456),(#6457,#6458,#6459,#6460),(#6461,#6462,#6463,
#6464),(#6465,#6466,#6467,#6468)),.UNSPECIFIED.,.F.,.F.,.F.,(4,1,1,1,1,
4),(4,4),(0.,0.0714285714285714,0.142857142857143,0.285714285714286,0.571428571428571,
1.),(0.,0.75),.UNSPECIFIED.);
#118=B_SPLINE_SURFACE_WITH_KNOTS('',3,3,((#6625,#6626,#6627,#6628),(#6629,
#6630,#6631,#6632),(#6633,#6634,#6635,#6636),(#6637,#6638,#6639,#6640)),
 .UNSPECIFIED.,.F.,.F.,.F.,(4,4),(4,4),(0.,0.181349413080126),(0.,0.75),
 .UNSPECIFIED.);
#119=B_SPLINE_SURFACE_WITH_KNOTS('',3,3,((#6649,#6650,#6651,#6652),(#6653,
#6654,#6655,#6656),(#6657,#6658,#6659,#6660),(#6661,#6662,#6663,#6664),
(#6665,#6666,#6667,#6668)),.UNSPECIFIED.,.F.,.F.,.F.,(4,1,4),(4,4),(-1.4206667450985,
-0.811809568627714,0.),(0.,0.75),.UNSPECIFIED.);
#120=B_SPLINE_SURFACE_WITH_KNOTS('',3,3,((#6677,#6678,#6679,#6680),(#6681,
#6682,#6683,#6684),(#6685,#6686,#6687,#6688),(#6689,#6690,#6691,#6692)),
 .UNSPECIFIED.,.F.,.F.,.F.,(4,4),(4,4),(0.,0.0626311505712577),(0.,0.75),
 .UNSPECIFIED.);
#121=B_SPLINE_SURFACE_WITH_KNOTS('',3,3,((#6701,#6702,#6703,#6704),(#6705,
#6706,#6707,#6708),(#6709,#6710,#6711,#6712),(#6713,#6714,#6715,#6716),
(#6717,#6718,#6719,#6720)),.UNSPECIFIED.,.F.,.F.,.F.,(4,1,4),(4,4),(-1.4206667450985,
-0.811809568627714,0.),(0.,0.75),.UNSPECIFIED.);
#122=B_SPLINE_SURFACE_WITH_KNOTS('',3,3,((#6729,#6730,#6731,#6732),(#6733,
#6734,#6735,#6736),(#6737,#6738,#6739,#6740),(#6741,#6742,#6743,#6744)),
 .UNSPECIFIED.,.F.,.F.,.F.,(4,4),(4,4),(0.,0.181349413080126),(0.,0.75),
 .UNSPECIFIED.);
#123=B_SPLINE_SURFACE_WITH_KNOTS('',3,3,((#6753,#6754,#6755,#6756),(#6757,
#6758,#6759,#6760),(#6761,#6762,#6763,#6764),(#6765,#6766,#6767,#6768),
(#6769,#6770,#6771,#6772),(#6773,#6774,#6775,#6776),(#6777,#6778,#6779,
#6780),(#6781,#6782,#6783,#6784)),.UNSPECIFIED.,.F.,.F.,.F.,(4,1,1,1,1,
4),(4,4),(-1.,-0.571428571428571,-0.285714285714286,-0.142857142857143,
-0.0714285714285715,0.),(0.,0.75),.UNSPECIFIED.);
#124=B_SPLINE_SURFACE_WITH_KNOTS('',3,3,((#6941,#6942,#6943,#6944),(#6945,
#6946,#6947,#6948),(#6949,#6950,#6951,#6952),(#6953,#6954,#6955,#6956)),
 .UNSPECIFIED.,.F.,.F.,.F.,(4,4),(4,4),(0.,0.108251565497014),(0.,0.75),
 .UNSPECIFIED.);
#125=B_SPLINE_SURFACE_WITH_KNOTS('',3,3,((#6965,#6966,#6967,#6968),(#6969,
#6970,#6971,#6972),(#6973,#6974,#6975,#6976),(#6977,#6978,#6979,#6980),
(#6981,#6982,#6983,#6984),(#6985,#6986,#6987,#6988),(#6989,#6990,#6991,
#6992),(#6993,#6994,#6995,#6996)),.UNSPECIFIED.,.F.,.F.,.F.,(4,1,1,1,1,
4),(4,4),(0.,0.0714285714285714,0.142857142857143,0.285714285714286,0.571428571428571,
1.),(0.,0.75),.UNSPECIFIED.);
#126=B_SPLINE_SURFACE_WITH_KNOTS('',3,3,((#7153,#7154,#7155,#7156),(#7157,
#7158,#7159,#7160),(#7161,#7162,#7163,#7164),(#7165,#7166,#7167,#7168)),
 .UNSPECIFIED.,.F.,.F.,.F.,(4,4),(4,4),(0.,0.181349413080126),(0.,0.75),
 .UNSPECIFIED.);
#127=B_SPLINE_SURFACE_WITH_KNOTS('',3,3,((#7172,#7173,#7174,#7175),(#7176,
#7177,#7178,#7179),(#7180,#7181,#7182,#7183),(#7184,#7185,#7186,#7187),
(#7188,#7189,#7190,#7191)),.UNSPECIFIED.,.F.,.F.,.F.,(4,1,4),(4,4),(-1.4206667450985,
-0.811809568627714,0.),(0.,0.75),.UNSPECIFIED.);
#128=B_SPLINE_SURFACE_WITH_KNOTS('',3,3,((#7203,#7204,#7205,#7206),(#7207,
#7208,#7209,#7210),(#7211,#7212,#7213,#7214),(#7215,#7216,#7217,#7218)),
 .UNSPECIFIED.,.F.,.F.,.F.,(4,4),(4,4),(4.29246272101339E-17,0.0626311505712552),
(0.,0.75),.UNSPECIFIED.);
#129=B_SPLINE_SURFACE_WITH_KNOTS('',3,3,((#7225,#7226,#7227,#7228),(#7229,
#7230,#7231,#7232),(#7233,#7234,#7235,#7236),(#7237,#7238,#7239,#7240),
(#7241,#7242,#7243,#7244)),.UNSPECIFIED.,.F.,.F.,.F.,(4,1,4),(4,4),(-1.4206667450985,
-0.811809568627714,0.),(0.,0.75),.UNSPECIFIED.);
#130=B_SPLINE_SURFACE_WITH_KNOTS('',3,3,((#7251,#7252,#7253,#7254),(#7255,
#7256,#7257,#7258),(#7259,#7260,#7261,#7262),(#7263,#7264,#7265,#7266)),
 .UNSPECIFIED.,.F.,.F.,.F.,(4,4),(4,4),(0.,0.181349413080126),(0.,0.75),
 .UNSPECIFIED.);
#131=B_SPLINE_SURFACE_WITH_KNOTS('',3,3,((#7273,#7274,#7275,#7276),(#7277,
#7278,#7279,#7280),(#7281,#7282,#7283,#7284),(#7285,#7286,#7287,#7288),
(#7289,#7290,#7291,#7292),(#7293,#7294,#7295,#7296),(#7297,#7298,#7299,
#7300),(#7301,#7302,#7303,#7304)),.UNSPECIFIED.,.F.,.F.,.F.,(4,1,1,1,1,
4),(4,4),(-1.,-0.571428571428571,-0.285714285714286,-0.142857142857143,
-0.0714285714285715,0.),(0.,0.75),.UNSPECIFIED.);
#132=B_SPLINE_SURFACE_WITH_KNOTS('',3,3,((#7385,#7386,#7387,#7388),(#7389,
#7390,#7391,#7392),(#7393,#7394,#7395,#7396),(#7397,#7398,#7399,#7400)),
 .UNSPECIFIED.,.F.,.F.,.F.,(4,4),(4,4),(0.,0.108251565497014),(0.,0.75),
 .UNSPECIFIED.);
#133=B_SPLINE_SURFACE_WITH_KNOTS('',3,3,((#7407,#7408,#7409,#7410),(#7411,
#7412,#7413,#7414),(#7415,#7416,#7417,#7418),(#7419,#7420,#7421,#7422),
(#7423,#7424,#7425,#7426),(#7427,#7428,#7429,#7430),(#7431,#7432,#7433,
#7434),(#7435,#7436,#7437,#7438)),.UNSPECIFIED.,.F.,.F.,.F.,(4,1,1,1,1,
4),(4,4),(0.,0.0714285714285714,0.142857142857143,0.285714285714286,0.571428571428571,
1.),(0.,0.75),.UNSPECIFIED.);
#134=B_SPLINE_SURFACE_WITH_KNOTS('',3,3,((#7519,#7520,#7521,#7522),(#7523,
#7524,#7525,#7526),(#7527,#7528,#7529,#7530),(#7531,#7532,#7533,#7534)),
 .UNSPECIFIED.,.F.,.F.,.F.,(4,4),(4,4),(0.,0.181349413080126),(0.,0.75),
 .UNSPECIFIED.);
#135=B_SPLINE_SURFACE_WITH_KNOTS('',3,3,((#7541,#7542,#7543,#7544),(#7545,
#7546,#7547,#7548),(#7549,#7550,#7551,#7552),(#7553,#7554,#7555,#7556),
(#7557,#7558,#7559,#7560)),.UNSPECIFIED.,.F.,.F.,.F.,(4,1,4),(4,4),(-1.4206667450985,
-0.811809568627713,0.),(0.,0.75),.UNSPECIFIED.);
#136=B_SPLINE_SURFACE_WITH_KNOTS('',3,3,((#7567,#7568,#7569,#7570),(#7571,
#7572,#7573,#7574),(#7575,#7576,#7577,#7578),(#7579,#7580,#7581,#7582)),
 .UNSPECIFIED.,.F.,.F.,.F.,(4,4),(4,4),(0.,0.0626311505712583),(0.,0.75),
 .UNSPECIFIED.);
#137=B_SPLINE_SURFACE_WITH_KNOTS('',3,3,((#7589,#7590,#7591,#7592),(#7593,
#7594,#7595,#7596),(#7597,#7598,#7599,#7600),(#7601,#7602,#7603,#7604),
(#7605,#7606,#7607,#7608)),.UNSPECIFIED.,.F.,.F.,.F.,(4,1,4),(4,4),(-1.4206667450985,
-0.811809568627714,-2.60208521396521E-16),(0.,0.75),.UNSPECIFIED.);
#138=B_SPLINE_SURFACE_WITH_KNOTS('',3,3,((#7615,#7616,#7617,#7618),(#7619,
#7620,#7621,#7622),(#7623,#7624,#7625,#7626),(#7627,#7628,#7629,#7630)),
 .UNSPECIFIED.,.F.,.F.,.F.,(4,4),(4,4),(0.,0.181349413080126),(0.,0.75),
 .UNSPECIFIED.);
#139=B_SPLINE_SURFACE_WITH_KNOTS('',3,3,((#7637,#7638,#7639,#7640),(#7641,
#7642,#7643,#7644),(#7645,#7646,#7647,#7648),(#7649,#7650,#7651,#7652),
(#7653,#7654,#7655,#7656),(#7657,#7658,#7659,#7660),(#7661,#7662,#7663,
#7664),(#7665,#7666,#7667,#7668)),.UNSPECIFIED.,.F.,.F.,.F.,(4,1,1,1,1,
4),(4,4),(-1.,-0.571428571428571,-0.285714285714286,-0.142857142857143,
-0.0714285714285715,0.),(0.,0.75),.UNSPECIFIED.);
#140=B_SPLINE_SURFACE_WITH_KNOTS('',3,3,((#7749,#7750,#7751,#7752),(#7753,
#7754,#7755,#7756),(#7757,#7758,#7759,#7760),(#7761,#7762,#7763,#7764)),
 .UNSPECIFIED.,.F.,.F.,.F.,(4,4),(4,4),(0.,0.108251565497012),(0.,0.75),
 .UNSPECIFIED.);
#141=B_SPLINE_SURFACE_WITH_KNOTS('',3,3,((#7771,#7772,#7773,#7774),(#7775,
#7776,#7777,#7778),(#7779,#7780,#7781,#7782),(#7783,#7784,#7785,#7786),
(#7787,#7788,#7789,#7790),(#7791,#7792,#7793,#7794),(#7795,#7796,#7797,
#7798),(#7799,#7800,#7801,#7802)),.UNSPECIFIED.,.F.,.F.,.F.,(4,1,1,1,1,
4),(4,4),(0.,0.0714285714285714,0.142857142857143,0.285714285714286,0.571428571428571,
1.),(0.,0.75),.UNSPECIFIED.);
#142=B_SPLINE_SURFACE_WITH_KNOTS('',3,3,((#7883,#7884,#7885,#7886),(#7887,
#7888,#7889,#7890),(#7891,#7892,#7893,#7894),(#7895,#7896,#7897,#7898)),
 .UNSPECIFIED.,.F.,.F.,.F.,(4,4),(4,4),(0.,0.181349413080126),(0.,0.75),
 .UNSPECIFIED.);
#143=B_SPLINE_SURFACE_WITH_KNOTS('',3,3,((#7905,#7906,#7907,#7908),(#7909,
#7910,#7911,#7912),(#7913,#7914,#7915,#7916),(#7917,#7918,#7919,#7920),
(#7921,#7922,#7923,#7924)),.UNSPECIFIED.,.F.,.F.,.F.,(4,1,4),(4,4),(-1.4206667450985,
-0.811809568627714,0.),(0.,0.75),.UNSPECIFIED.);
#144=B_SPLINE_SURFACE_WITH_KNOTS('',3,3,((#7931,#7932,#7933,#7934),(#7935,
#7936,#7937,#7938),(#7939,#7940,#7941,#7942),(#7943,#7944,#7945,#7946)),
 .UNSPECIFIED.,.F.,.F.,.F.,(4,4),(4,4),(0.,0.0626311505712581),(0.,0.75),
 .UNSPECIFIED.);
#145=B_SPLINE_SURFACE_WITH_KNOTS('',3,3,((#7953,#7954,#7955,#7956),(#7957,
#7958,#7959,#7960),(#7961,#7962,#7963,#7964),(#7965,#7966,#7967,#7968),
(#7969,#7970,#7971,#7972)),.UNSPECIFIED.,.F.,.F.,.F.,(4,1,4),(4,4),(-1.4206667450985,
-0.811809568627715,-2.60208521396521E-16),(0.,0.75),.UNSPECIFIED.);
#146=B_SPLINE_SURFACE_WITH_KNOTS('',3,3,((#7979,#7980,#7981,#7982),(#7983,
#7984,#7985,#7986),(#7987,#7988,#7989,#7990),(#7991,#7992,#7993,#7994)),
 .UNSPECIFIED.,.F.,.F.,.F.,(4,4),(4,4),(0.,0.181349413080126),(0.,0.75),
 .UNSPECIFIED.);
#147=B_SPLINE_SURFACE_WITH_KNOTS('',3,3,((#8001,#8002,#8003,#8004),(#8005,
#8006,#8007,#8008),(#8009,#8010,#8011,#8012),(#8013,#8014,#8015,#8016),
(#8017,#8018,#8019,#8020),(#8021,#8022,#8023,#8024),(#8025,#8026,#8027,
#8028),(#8029,#8030,#8031,#8032)),.UNSPECIFIED.,.F.,.F.,.F.,(4,1,1,1,1,
4),(4,4),(-1.,-0.571428571428571,-0.285714285714286,-0.142857142857143,
-0.0714285714285715,0.),(0.,0.75),.UNSPECIFIED.);
#148=B_SPLINE_SURFACE_WITH_KNOTS('',3,3,((#8113,#8114,#8115,#8116),(#8117,
#8118,#8119,#8120),(#8121,#8122,#8123,#8124),(#8125,#8126,#8127,#8128)),
 .UNSPECIFIED.,.F.,.F.,.F.,(4,4),(4,4),(0.,0.108251565497014),(0.,0.75),
 .UNSPECIFIED.);
#149=B_SPLINE_SURFACE_WITH_KNOTS('',3,3,((#8135,#8136,#8137,#8138),(#8139,
#8140,#8141,#8142),(#8143,#8144,#8145,#8146),(#8147,#8148,#8149,#8150),
(#8151,#8152,#8153,#8154),(#8155,#8156,#8157,#8158),(#8159,#8160,#8161,
#8162),(#8163,#8164,#8165,#8166)),.UNSPECIFIED.,.F.,.F.,.F.,(4,1,1,1,1,
4),(4,4),(0.,0.0714285714285714,0.142857142857143,0.285714285714286,0.571428571428571,
1.),(0.,0.75),.UNSPECIFIED.);
#150=B_SPLINE_SURFACE_WITH_KNOTS('',3,3,((#8247,#8248,#8249,#8250),(#8251,
#8252,#8253,#8254),(#8255,#8256,#8257,#8258),(#8259,#8260,#8261,#8262)),
 .UNSPECIFIED.,.F.,.F.,.F.,(4,4),(4,4),(0.,0.181349413080126),(0.,0.75),
 .UNSPECIFIED.);
#151=B_SPLINE_SURFACE_WITH_KNOTS('',3,3,((#8269,#8270,#8271,#8272),(#8273,
#8274,#8275,#8276),(#8277,#8278,#8279,#8280),(#8281,#8282,#8283,#8284),
(#8285,#8286,#8287,#8288)),.UNSPECIFIED.,.F.,.F.,.F.,(4,1,4),(4,4),(-1.4206667450985,
-0.811809568627714,0.),(0.,0.75),.UNSPECIFIED.);
#152=B_SPLINE_SURFACE_WITH_KNOTS('',3,3,((#8295,#8296,#8297,#8298),(#8299,
#8300,#8301,#8302),(#8303,#8304,#8305,#8306),(#8307,#8308,#8309,#8310)),
 .UNSPECIFIED.,.F.,.F.,.F.,(4,4),(4,4),(0.,0.0626311505712582),(0.,0.75),
 .UNSPECIFIED.);
#153=B_SPLINE_SURFACE_WITH_KNOTS('',3,3,((#8317,#8318,#8319,#8320),(#8321,
#8322,#8323,#8324),(#8325,#8326,#8327,#8328),(#8329,#8330,#8331,#8332),
(#8333,#8334,#8335,#8336)),.UNSPECIFIED.,.F.,.F.,.F.,(4,1,4),(4,4),(-1.4206667450985,
-0.811809568627714,-2.60208521396521E-16),(0.,0.75),.UNSPECIFIED.);
#154=B_SPLINE_SURFACE_WITH_KNOTS('',3,3,((#8343,#8344,#8345,#8346),(#8347,
#8348,#8349,#8350),(#8351,#8352,#8353,#8354),(#8355,#8356,#8357,#8358)),
 .UNSPECIFIED.,.F.,.F.,.F.,(4,4),(4,4),(0.,0.181349413080126),(0.,0.75),
 .UNSPECIFIED.);
#155=B_SPLINE_SURFACE_WITH_KNOTS('',3,3,((#8365,#8366,#8367,#8368),(#8369,
#8370,#8371,#8372),(#8373,#8374,#8375,#8376),(#8377,#8378,#8379,#8380),
(#8381,#8382,#8383,#8384),(#8385,#8386,#8387,#8388),(#8389,#8390,#8391,
#8392),(#8393,#8394,#8395,#8396)),.UNSPECIFIED.,.F.,.F.,.F.,(4,1,1,1,1,
4),(4,4),(-1.,-0.571428571428571,-0.285714285714286,-0.142857142857143,
-0.0714285714285715,0.),(0.,0.75),.UNSPECIFIED.);
#156=B_SPLINE_SURFACE_WITH_KNOTS('',3,3,((#8477,#8478,#8479,#8480),(#8481,
#8482,#8483,#8484),(#8485,#8486,#8487,#8488),(#8489,#8490,#8491,#8492)),
 .UNSPECIFIED.,.F.,.F.,.F.,(4,4),(4,4),(0.,0.108251565497012),(0.,0.75),
 .UNSPECIFIED.);
#157=B_SPLINE_SURFACE_WITH_KNOTS('',3,3,((#8499,#8500,#8501,#8502),(#8503,
#8504,#8505,#8506),(#8507,#8508,#8509,#8510),(#8511,#8512,#8513,#8514),
(#8515,#8516,#8517,#8518),(#8519,#8520,#8521,#8522),(#8523,#8524,#8525,
#8526),(#8527,#8528,#8529,#8530)),.UNSPECIFIED.,.F.,.F.,.F.,(4,1,1,1,1,
4),(4,4),(0.,0.0714285714285714,0.142857142857143,0.285714285714286,0.571428571428571,
1.),(0.,0.75),.UNSPECIFIED.);
#158=B_SPLINE_SURFACE_WITH_KNOTS('',3,3,((#8611,#8612,#8613,#8614),(#8615,
#8616,#8617,#8618),(#8619,#8620,#8621,#8622),(#8623,#8624,#8625,#8626)),
 .UNSPECIFIED.,.F.,.F.,.F.,(4,4),(4,4),(0.,0.181349413080126),(0.,0.75),
 .UNSPECIFIED.);
#159=B_SPLINE_SURFACE_WITH_KNOTS('',3,3,((#8633,#8634,#8635,#8636),(#8637,
#8638,#8639,#8640),(#8641,#8642,#8643,#8644),(#8645,#8646,#8647,#8648),
(#8649,#8650,#8651,#8652)),.UNSPECIFIED.,.F.,.F.,.F.,(4,1,4),(4,4),(-1.4206667450985,
-0.608857176470786,0.),(0.,0.75),.UNSPECIFIED.);
#160=B_SPLINE_SURFACE_WITH_KNOTS('',3,3,((#8659,#8660,#8661,#8662),(#8663,
#8664,#8665,#8666),(#8667,#8668,#8669,#8670),(#8671,#8672,#8673,#8674)),
 .UNSPECIFIED.,.F.,.F.,.F.,(4,4),(4,4),(0.,0.0626311505712574),(0.,0.75),
 .UNSPECIFIED.);
#161=B_SPLINE_SURFACE_WITH_KNOTS('',3,3,((#8681,#8682,#8683,#8684),(#8685,
#8686,#8687,#8688),(#8689,#8690,#8691,#8692),(#8693,#8694,#8695,#8696),
(#8697,#8698,#8699,#8700)),.UNSPECIFIED.,.F.,.F.,.F.,(4,1,4),(4,4),(-1.4206667450985,
-0.811809568627714,-2.60208521396521E-16),(0.,0.75),.UNSPECIFIED.);
#162=B_SPLINE_SURFACE_WITH_KNOTS('',3,3,((#8707,#8708,#8709,#8710),(#8711,
#8712,#8713,#8714),(#8715,#8716,#8717,#8718),(#8719,#8720,#8721,#8722)),
 .UNSPECIFIED.,.F.,.F.,.F.,(4,4),(4,4),(0.,0.181349413080126),(0.,0.75),
 .UNSPECIFIED.);
#163=B_SPLINE_SURFACE_WITH_KNOTS('',3,3,((#8729,#8730,#8731,#8732),(#8733,
#8734,#8735,#8736),(#8737,#8738,#8739,#8740),(#8741,#8742,#8743,#8744),
(#8745,#8746,#8747,#8748),(#8749,#8750,#8751,#8752),(#8753,#8754,#8755,
#8756),(#8757,#8758,#8759,#8760)),.UNSPECIFIED.,.F.,.F.,.F.,(4,1,1,1,1,
4),(4,4),(-1.,-0.571428571428571,-0.285714285714286,-0.142857142857143,
-0.0714285714285715,0.),(0.,0.75),.UNSPECIFIED.);
#164=B_SPLINE_SURFACE_WITH_KNOTS('',3,3,((#8841,#8842,#8843,#8844),(#8845,
#8846,#8847,#8848),(#8849,#8850,#8851,#8852),(#8853,#8854,#8855,#8856)),
 .UNSPECIFIED.,.F.,.F.,.F.,(4,4),(4,4),(0.,0.108251565497014),(0.,0.75),
 .UNSPECIFIED.);
#165=B_SPLINE_SURFACE_WITH_KNOTS('',3,3,((#8863,#8864,#8865,#8866),(#8867,
#8868,#8869,#8870),(#8871,#8872,#8873,#8874),(#8875,#8876,#8877,#8878),
(#8879,#8880,#8881,#8882),(#8883,#8884,#8885,#8886),(#8887,#8888,#8889,
#8890),(#8891,#8892,#8893,#8894)),.UNSPECIFIED.,.F.,.F.,.F.,(4,1,1,1,1,
4),(4,4),(0.,0.0714285714285714,0.142857142857143,0.285714285714286,0.571428571428571,
1.),(0.,0.75),.UNSPECIFIED.);
#166=B_SPLINE_SURFACE_WITH_KNOTS('',3,3,((#8975,#8976,#8977,#8978),(#8979,
#8980,#8981,#8982),(#8983,#8984,#8985,#8986),(#8987,#8988,#8989,#8990)),
 .UNSPECIFIED.,.F.,.F.,.F.,(4,4),(4,4),(0.,0.181349413080126),(0.,0.75),
 .UNSPECIFIED.);
#167=B_SPLINE_SURFACE_WITH_KNOTS('',3,3,((#8997,#8998,#8999,#9000),(#9001,
#9002,#9003,#9004),(#9005,#9006,#9007,#9008),(#9009,#9010,#9011,#9012),
(#9013,#9014,#9015,#9016)),.UNSPECIFIED.,.F.,.F.,.F.,(4,1,4),(4,4),(-1.4206667450985,
-0.811809568627715,0.),(0.,0.75),.UNSPECIFIED.);
#168=B_SPLINE_SURFACE_WITH_KNOTS('',3,3,((#9023,#9024,#9025,#9026),(#9027,
#9028,#9029,#9030),(#9031,#9032,#9033,#9034),(#9035,#9036,#9037,#9038)),
 .UNSPECIFIED.,.F.,.F.,.F.,(4,4),(4,4),(0.,0.0626311505712552),(0.,0.75),
 .UNSPECIFIED.);
#169=B_SPLINE_SURFACE_WITH_KNOTS('',3,3,((#9045,#9046,#9047,#9048),(#9049,
#9050,#9051,#9052),(#9053,#9054,#9055,#9056),(#9057,#9058,#9059,#9060),
(#9061,#9062,#9063,#9064)),.UNSPECIFIED.,.F.,.F.,.F.,(4,1,4),(4,4),(-1.4206667450985,
-0.811809568627714,0.),(0.,0.75),.UNSPECIFIED.);
#170=B_SPLINE_SURFACE_WITH_KNOTS('',3,3,((#9071,#9072,#9073,#9074),(#9075,
#9076,#9077,#9078),(#9079,#9080,#9081,#9082),(#9083,#9084,#9085,#9086)),
 .UNSPECIFIED.,.F.,.F.,.F.,(4,4),(4,4),(0.,0.181349413080126),(0.,0.75),
 .UNSPECIFIED.);
#171=B_SPLINE_SURFACE_WITH_KNOTS('',3,3,((#9093,#9094,#9095,#9096),(#9097,
#9098,#9099,#9100),(#9101,#9102,#9103,#9104),(#9105,#9106,#9107,#9108),
(#9109,#9110,#9111,#9112),(#9113,#9114,#9115,#9116),(#9117,#9118,#9119,
#9120),(#9121,#9122,#9123,#9124)),.UNSPECIFIED.,.F.,.F.,.F.,(4,1,1,1,1,
4),(4,4),(-1.,-0.571428571428571,-0.285714285714286,-0.142857142857143,
-0.0714285714285715,0.),(0.,0.75),.UNSPECIFIED.);
#172=B_SPLINE_SURFACE_WITH_KNOTS('',3,3,((#9205,#9206,#9207,#9208),(#9209,
#9210,#9211,#9212),(#9213,#9214,#9215,#9216),(#9217,#9218,#9219,#9220)),
 .UNSPECIFIED.,.F.,.F.,.F.,(4,4),(4,4),(0.,0.108251565497012),(0.,0.75),
 .UNSPECIFIED.);
#173=B_SPLINE_SURFACE_WITH_KNOTS('',3,3,((#9227,#9228,#9229,#9230),(#9231,
#9232,#9233,#9234),(#9235,#9236,#9237,#9238),(#9239,#9240,#9241,#9242),
(#9243,#9244,#9245,#9246),(#9247,#9248,#9249,#9250),(#9251,#9252,#9253,
#9254),(#9255,#9256,#9257,#9258)),.UNSPECIFIED.,.F.,.F.,.F.,(4,1,1,1,1,
4),(4,4),(0.,0.0714285714285714,0.142857142857143,0.285714285714286,0.571428571428571,
1.),(0.,0.75),.UNSPECIFIED.);
#174=B_SPLINE_SURFACE_WITH_KNOTS('',3,3,((#9339,#9340,#9341,#9342),(#9343,
#9344,#9345,#9346),(#9347,#9348,#9349,#9350),(#9351,#9352,#9353,#9354)),
 .UNSPECIFIED.,.F.,.F.,.F.,(4,4),(4,4),(0.,0.181349413080126),(0.,0.75),
 .UNSPECIFIED.);
#175=B_SPLINE_SURFACE_WITH_KNOTS('',3,3,((#9361,#9362,#9363,#9364),(#9365,
#9366,#9367,#9368),(#9369,#9370,#9371,#9372),(#9373,#9374,#9375,#9376),
(#9377,#9378,#9379,#9380)),.UNSPECIFIED.,.F.,.F.,.F.,(4,1,4),(4,4),(-1.4206667450985,
-0.811809568627714,0.),(0.,0.75),.UNSPECIFIED.);
#176=B_SPLINE_SURFACE_WITH_KNOTS('',3,3,((#9387,#9388,#9389,#9390),(#9391,
#9392,#9393,#9394),(#9395,#9396,#9397,#9398),(#9399,#9400,#9401,#9402)),
 .UNSPECIFIED.,.F.,.F.,.F.,(4,4),(4,4),(0.,0.0626311505712576),(0.,0.75),
 .UNSPECIFIED.);
#177=B_SPLINE_SURFACE_WITH_KNOTS('',3,3,((#9409,#9410,#9411,#9412),(#9413,
#9414,#9415,#9416),(#9417,#9418,#9419,#9420),(#9421,#9422,#9423,#9424),
(#9425,#9426,#9427,#9428)),.UNSPECIFIED.,.F.,.F.,.F.,(4,1,4),(4,4),(-1.4206667450985,
-0.811809568627714,0.),(0.,0.75),.UNSPECIFIED.);
#178=B_SPLINE_SURFACE_WITH_KNOTS('',3,3,((#9435,#9436,#9437,#9438),(#9439,
#9440,#9441,#9442),(#9443,#9444,#9445,#9446),(#9447,#9448,#9449,#9450)),
 .UNSPECIFIED.,.F.,.F.,.F.,(4,4),(4,4),(0.,0.181349413080126),(0.,0.75),
 .UNSPECIFIED.);
#179=B_SPLINE_SURFACE_WITH_KNOTS('',3,3,((#9457,#9458,#9459,#9460),(#9461,
#9462,#9463,#9464),(#9465,#9466,#9467,#9468),(#9469,#9470,#9471,#9472),
(#9473,#9474,#9475,#9476),(#9477,#9478,#9479,#9480),(#9481,#9482,#9483,
#9484),(#9485,#9486,#9487,#9488)),.UNSPECIFIED.,.F.,.F.,.F.,(4,1,1,1,1,
4),(4,4),(-1.,-0.571428571428571,-0.285714285714286,-0.142857142857143,
-0.0714285714285715,0.),(0.,0.75),.UNSPECIFIED.);
#180=B_SPLINE_SURFACE_WITH_KNOTS('',3,3,((#9569,#9570,#9571,#9572),(#9573,
#9574,#9575,#9576),(#9577,#9578,#9579,#9580),(#9581,#9582,#9583,#9584)),
 .UNSPECIFIED.,.F.,.F.,.F.,(4,4),(4,4),(0.,0.108251565497014),(0.,0.75),
 .UNSPECIFIED.);
#181=B_SPLINE_SURFACE_WITH_KNOTS('',3,3,((#9591,#9592,#9593,#9594),(#9595,
#9596,#9597,#9598),(#9599,#9600,#9601,#9602),(#9603,#9604,#9605,#9606),
(#9607,#9608,#9609,#9610),(#9611,#9612,#9613,#9614),(#9615,#9616,#9617,
#9618),(#9619,#9620,#9621,#9622)),.UNSPECIFIED.,.F.,.F.,.F.,(4,1,1,1,1,
4),(4,4),(0.,0.0714285714285714,0.142857142857143,0.285714285714286,0.571428571428571,
1.),(0.,0.75),.UNSPECIFIED.);
#182=B_SPLINE_SURFACE_WITH_KNOTS('',3,3,((#9703,#9704,#9705,#9706),(#9707,
#9708,#9709,#9710),(#9711,#9712,#9713,#9714),(#9715,#9716,#9717,#9718)),
 .UNSPECIFIED.,.F.,.F.,.F.,(4,4),(4,4),(0.,0.181349413080126),(0.,0.75),
 .UNSPECIFIED.);
#183=B_SPLINE_SURFACE_WITH_KNOTS('',3,3,((#9725,#9726,#9727,#9728),(#9729,
#9730,#9731,#9732),(#9733,#9734,#9735,#9736),(#9737,#9738,#9739,#9740),
(#9741,#9742,#9743,#9744)),.UNSPECIFIED.,.F.,.F.,.F.,(4,1,4),(4,4),(-1.4206667450985,
-0.811809568627714,0.),(0.,0.75),.UNSPECIFIED.);
#184=B_SPLINE_SURFACE_WITH_KNOTS('',3,3,((#9751,#9752,#9753,#9754),(#9755,
#9756,#9757,#9758),(#9759,#9760,#9761,#9762),(#9763,#9764,#9765,#9766)),
 .UNSPECIFIED.,.F.,.F.,.F.,(4,4),(4,4),(0.,0.0626311505712577),(0.,0.75),
 .UNSPECIFIED.);
#185=B_SPLINE_SURFACE_WITH_KNOTS('',3,3,((#9773,#9774,#9775,#9776),(#9777,
#9778,#9779,#9780),(#9781,#9782,#9783,#9784),(#9785,#9786,#9787,#9788),
(#9789,#9790,#9791,#9792)),.UNSPECIFIED.,.F.,.F.,.F.,(4,1,4),(4,4),(-1.4206667450985,
-0.811809568627714,0.),(0.,0.75),.UNSPECIFIED.);
#186=B_SPLINE_SURFACE_WITH_KNOTS('',3,3,((#9799,#9800,#9801,#9802),(#9803,
#9804,#9805,#9806),(#9807,#9808,#9809,#9810),(#9811,#9812,#9813,#9814)),
 .UNSPECIFIED.,.F.,.F.,.F.,(4,4),(4,4),(0.,0.181349413080126),(0.,0.75),
 .UNSPECIFIED.);
#187=B_SPLINE_SURFACE_WITH_KNOTS('',3,3,((#9821,#9822,#9823,#9824),(#9825,
#9826,#9827,#9828),(#9829,#9830,#9831,#9832),(#9833,#9834,#9835,#9836),
(#9837,#9838,#9839,#9840),(#9841,#9842,#9843,#9844),(#9845,#9846,#9847,
#9848),(#9849,#9850,#9851,#9852)),.UNSPECIFIED.,.F.,.F.,.F.,(4,1,1,1,1,
4),(4,4),(-1.,-0.571428571428571,-0.285714285714286,-0.142857142857143,
-0.0714285714285715,0.),(0.,0.75),.UNSPECIFIED.);
#188=B_SPLINE_SURFACE_WITH_KNOTS('',3,3,((#9933,#9934,#9935,#9936),(#9937,
#9938,#9939,#9940),(#9941,#9942,#9943,#9944),(#9945,#9946,#9947,#9948)),
 .UNSPECIFIED.,.F.,.F.,.F.,(4,4),(4,4),(0.,0.108251565497014),(0.,0.75),
 .UNSPECIFIED.);
#189=B_SPLINE_SURFACE_WITH_KNOTS('',3,3,((#9955,#9956,#9957,#9958),(#9959,
#9960,#9961,#9962),(#9963,#9964,#9965,#9966),(#9967,#9968,#9969,#9970),
(#9971,#9972,#9973,#9974),(#9975,#9976,#9977,#9978),(#9979,#9980,#9981,
#9982),(#9983,#9984,#9985,#9986)),.UNSPECIFIED.,.F.,.F.,.F.,(4,1,1,1,1,
4),(4,4),(0.,0.0714285714285714,0.142857142857143,0.285714285714286,0.571428571428571,
1.),(0.,0.75),.UNSPECIFIED.);
#190=B_SPLINE_SURFACE_WITH_KNOTS('',3,3,((#10067,#10068,#10069,#10070),
(#10071,#10072,#10073,#10074),(#10075,#10076,#10077,#10078),(#10079,#10080,
#10081,#10082)),.UNSPECIFIED.,.F.,.F.,.F.,(4,4),(4,4),(0.,0.181349413080126),
(0.,0.75),.UNSPECIFIED.);
#191=CYLINDRICAL_SURFACE('',#2400,2.55);
#192=CYLINDRICAL_SURFACE('',#2402,3.);
#193=CYLINDRICAL_SURFACE('',#2403,1.2645);
#194=CYLINDRICAL_SURFACE('',#2409,11.);
#195=B_SPLINE_CURVE_WITH_KNOTS('',3,(#2901,#2902,#2903,#2904),
 .UNSPECIFIED.,.F.,.F.,(4,4),(-0.0499999999999998,0.),.UNSPECIFIED.);
#196=B_SPLINE_CURVE_WITH_KNOTS('',3,(#2912,#2913,#2914,#2915),
 .UNSPECIFIED.,.F.,.F.,(4,4),(-0.0999999999999996,-0.0499999999999998),
 .UNSPECIFIED.);
#197=B_SPLINE_CURVE_WITH_KNOTS('',3,(#2916,#2917,#2918,#2919,#2920,#2921,
#2922,#2923,#2924,#2925,#2926,#2927),.UNSPECIFIED.,.F.,.F.,(4,2,2,2,2,4),
(-0.429235646048598,-0.428768232115436,-0.351580026048235,-0.234386684032157,
-0.117193342016078,-0.0768818835665167),.UNSPECIFIED.);
#198=B_SPLINE_CURVE_WITH_KNOTS('',3,(#2971,#2972,#2973,#2974),
 .UNSPECIFIED.,.F.,.F.,(4,4),(0.,0.75),.UNSPECIFIED.);
#199=B_SPLINE_CURVE_WITH_KNOTS('',3,(#2977,#2978,#2979,#2980),
 .UNSPECIFIED.,.F.,.F.,(4,4),(0.,0.75),.UNSPECIFIED.);
#200=B_SPLINE_CURVE_WITH_KNOTS('',3,(#3000,#3001,#3002,#3003),
 .UNSPECIFIED.,.F.,.F.,(4,4),(0.,0.75),.UNSPECIFIED.);
#201=B_SPLINE_CURVE_WITH_KNOTS('',3,(#3028,#3029,#3030,#3031),
 .UNSPECIFIED.,.F.,.F.,(4,4),(0.,0.75),.UNSPECIFIED.);
#202=B_SPLINE_CURVE_WITH_KNOTS('',3,(#3052,#3053,#3054,#3055),
 .UNSPECIFIED.,.F.,.F.,(4,4),(0.,0.75),.UNSPECIFIED.);
#203=B_SPLINE_CURVE_WITH_KNOTS('',3,(#3166,#3167,#3168,#3169),
 .UNSPECIFIED.,.F.,.F.,(4,4),(0.,0.75),.UNSPECIFIED.);
#204=B_SPLINE_CURVE_WITH_KNOTS('',3,(#3264,#3265,#3266,#3267),
 .UNSPECIFIED.,.F.,.F.,(4,4),(0.,0.75),.UNSPECIFIED.);
#205=B_SPLINE_CURVE_WITH_KNOTS('',3,(#3378,#3379,#3380,#3381),
 .UNSPECIFIED.,.F.,.F.,(4,4),(0.,0.75),.UNSPECIFIED.);
#206=B_SPLINE_CURVE_WITH_KNOTS('',3,(#3476,#3477,#3478,#3479),
 .UNSPECIFIED.,.F.,.F.,(4,4),(0.,0.75),.UNSPECIFIED.);
#207=B_SPLINE_CURVE_WITH_KNOTS('',3,(#3504,#3505,#3506,#3507),
 .UNSPECIFIED.,.F.,.F.,(4,4),(0.,0.75),.UNSPECIFIED.);
#208=B_SPLINE_CURVE_WITH_KNOTS('',3,(#3528,#3529,#3530,#3531),
 .UNSPECIFIED.,.F.,.F.,(4,4),(0.,0.75),.UNSPECIFIED.);
#209=B_SPLINE_CURVE_WITH_KNOTS('',3,(#3556,#3557,#3558,#3559),
 .UNSPECIFIED.,.F.,.F.,(4,4),(0.,0.75),.UNSPECIFIED.);
#210=B_SPLINE_CURVE_WITH_KNOTS('',3,(#3580,#3581,#3582,#3583),
 .UNSPECIFIED.,.F.,.F.,(4,4),(0.,0.75),.UNSPECIFIED.);
#211=B_SPLINE_CURVE_WITH_KNOTS('',3,(#3694,#3695,#3696,#3697),
 .UNSPECIFIED.,.F.,.F.,(4,4),(0.,0.75),.UNSPECIFIED.);
#212=B_SPLINE_CURVE_WITH_KNOTS('',3,(#3792,#3793,#3794,#3795),
 .UNSPECIFIED.,.F.,.F.,(4,4),(0.,0.75),.UNSPECIFIED.);
#213=B_SPLINE_CURVE_WITH_KNOTS('',3,(#3906,#3907,#3908,#3909),
 .UNSPECIFIED.,.F.,.F.,(4,4),(0.,0.75),.UNSPECIFIED.);
#214=B_SPLINE_CURVE_WITH_KNOTS('',3,(#4004,#4005,#4006,#4007),
 .UNSPECIFIED.,.F.,.F.,(4,4),(0.,0.75),.UNSPECIFIED.);
#215=B_SPLINE_CURVE_WITH_KNOTS('',3,(#4032,#4033,#4034,#4035),
 .UNSPECIFIED.,.F.,.F.,(4,4),(0.,0.75),.UNSPECIFIED.);
#216=B_SPLINE_CURVE_WITH_KNOTS('',3,(#4056,#4057,#4058,#4059),
 .UNSPECIFIED.,.F.,.F.,(4,4),(0.,0.75),.UNSPECIFIED.);
#217=B_SPLINE_CURVE_WITH_KNOTS('',3,(#4084,#4085,#4086,#4087),
 .UNSPECIFIED.,.F.,.F.,(4,4),(0.,0.75),.UNSPECIFIED.);
#218=B_SPLINE_CURVE_WITH_KNOTS('',3,(#4108,#4109,#4110,#4111),
 .UNSPECIFIED.,.F.,.F.,(4,4),(0.,0.75),.UNSPECIFIED.);
#219=B_SPLINE_CURVE_WITH_KNOTS('',3,(#4222,#4223,#4224,#4225),
 .UNSPECIFIED.,.F.,.F.,(4,4),(0.,0.75),.UNSPECIFIED.);
#220=B_SPLINE_CURVE_WITH_KNOTS('',3,(#4320,#4321,#4322,#4323),
 .UNSPECIFIED.,.F.,.F.,(4,4),(0.,0.75),.UNSPECIFIED.);
#221=B_SPLINE_CURVE_WITH_KNOTS('',3,(#4434,#4435,#4436,#4437),
 .UNSPECIFIED.,.F.,.F.,(4,4),(0.,0.75),.UNSPECIFIED.);
#222=B_SPLINE_CURVE_WITH_KNOTS('',3,(#4532,#4533,#4534,#4535),
 .UNSPECIFIED.,.F.,.F.,(4,4),(0.,0.75),.UNSPECIFIED.);
#223=B_SPLINE_CURVE_WITH_KNOTS('',3,(#4560,#4561,#4562,#4563),
 .UNSPECIFIED.,.F.,.F.,(4,4),(0.,0.75),.UNSPECIFIED.);
#224=B_SPLINE_CURVE_WITH_KNOTS('',3,(#4584,#4585,#4586,#4587),
 .UNSPECIFIED.,.F.,.F.,(4,4),(0.,0.75),.UNSPECIFIED.);
#225=B_SPLINE_CURVE_WITH_KNOTS('',3,(#4612,#4613,#4614,#4615),
 .UNSPECIFIED.,.F.,.F.,(4,4),(0.,0.75),.UNSPECIFIED.);
#226=B_SPLINE_CURVE_WITH_KNOTS('',3,(#4636,#4637,#4638,#4639),
 .UNSPECIFIED.,.F.,.F.,(4,4),(0.,0.75),.UNSPECIFIED.);
#227=B_SPLINE_CURVE_WITH_KNOTS('',3,(#4750,#4751,#4752,#4753),
 .UNSPECIFIED.,.F.,.F.,(4,4),(0.,0.75),.UNSPECIFIED.);
#228=B_SPLINE_CURVE_WITH_KNOTS('',3,(#4848,#4849,#4850,#4851),
 .UNSPECIFIED.,.F.,.F.,(4,4),(0.,0.75),.UNSPECIFIED.);
#229=B_SPLINE_CURVE_WITH_KNOTS('',3,(#4962,#4963,#4964,#4965),
 .UNSPECIFIED.,.F.,.F.,(4,4),(0.,0.75),.UNSPECIFIED.);
#230=B_SPLINE_CURVE_WITH_KNOTS('',3,(#5060,#5061,#5062,#5063),
 .UNSPECIFIED.,.F.,.F.,(4,4),(0.,0.75),.UNSPECIFIED.);
#231=B_SPLINE_CURVE_WITH_KNOTS('',3,(#5088,#5089,#5090,#5091),
 .UNSPECIFIED.,.F.,.F.,(4,4),(0.,0.75),.UNSPECIFIED.);
#232=B_SPLINE_CURVE_WITH_KNOTS('',3,(#5112,#5113,#5114,#5115),
 .UNSPECIFIED.,.F.,.F.,(4,4),(0.,0.75),.UNSPECIFIED.);
#233=B_SPLINE_CURVE_WITH_KNOTS('',3,(#5140,#5141,#5142,#5143),
 .UNSPECIFIED.,.F.,.F.,(4,4),(0.,0.75),.UNSPECIFIED.);
#234=B_SPLINE_CURVE_WITH_KNOTS('',3,(#5164,#5165,#5166,#5167),
 .UNSPECIFIED.,.F.,.F.,(4,4),(0.,0.75),.UNSPECIFIED.);
#235=B_SPLINE_CURVE_WITH_KNOTS('',3,(#5278,#5279,#5280,#5281),
 .UNSPECIFIED.,.F.,.F.,(4,4),(0.,0.75),.UNSPECIFIED.);
#236=B_SPLINE_CURVE_WITH_KNOTS('',3,(#5376,#5377,#5378,#5379),
 .UNSPECIFIED.,.F.,.F.,(4,4),(0.,0.75),.UNSPECIFIED.);
#237=B_SPLINE_CURVE_WITH_KNOTS('',3,(#5490,#5491,#5492,#5493),
 .UNSPECIFIED.,.F.,.F.,(4,4),(0.,0.75),.UNSPECIFIED.);
#238=B_SPLINE_CURVE_WITH_KNOTS('',3,(#5588,#5589,#5590,#5591),
 .UNSPECIFIED.,.F.,.F.,(4,4),(0.,0.75),.UNSPECIFIED.);
#239=B_SPLINE_CURVE_WITH_KNOTS('',3,(#5616,#5617,#5618,#5619),
 .UNSPECIFIED.,.F.,.F.,(4,4),(0.,0.75),.UNSPECIFIED.);
#240=B_SPLINE_CURVE_WITH_KNOTS('',3,(#5640,#5641,#5642,#5643),
 .UNSPECIFIED.,.F.,.F.,(4,4),(0.,0.75),.UNSPECIFIED.);
#241=B_SPLINE_CURVE_WITH_KNOTS('',3,(#5668,#5669,#5670,#5671),
 .UNSPECIFIED.,.F.,.F.,(4,4),(0.,0.75),.UNSPECIFIED.);
#242=B_SPLINE_CURVE_WITH_KNOTS('',3,(#5692,#5693,#5694,#5695),
 .UNSPECIFIED.,.F.,.F.,(4,4),(0.,0.75),.UNSPECIFIED.);
#243=B_SPLINE_CURVE_WITH_KNOTS('',3,(#5806,#5807,#5808,#5809),
 .UNSPECIFIED.,.F.,.F.,(4,4),(0.,0.75),.UNSPECIFIED.);
#244=B_SPLINE_CURVE_WITH_KNOTS('',3,(#5904,#5905,#5906,#5907),
 .UNSPECIFIED.,.F.,.F.,(4,4),(0.,0.75),.UNSPECIFIED.);
#245=B_SPLINE_CURVE_WITH_KNOTS('',3,(#6018,#6019,#6020,#6021),
 .UNSPECIFIED.,.F.,.F.,(4,4),(0.,0.75),.UNSPECIFIED.);
#246=B_SPLINE_CURVE_WITH_KNOTS('',3,(#6116,#6117,#6118,#6119),
 .UNSPECIFIED.,.F.,.F.,(4,4),(0.,0.75),.UNSPECIFIED.);
#247=B_SPLINE_CURVE_WITH_KNOTS('',3,(#6144,#6145,#6146,#6147),
 .UNSPECIFIED.,.F.,.F.,(4,4),(0.,0.75),.UNSPECIFIED.);
#248=B_SPLINE_CURVE_WITH_KNOTS('',3,(#6168,#6169,#6170,#6171),
 .UNSPECIFIED.,.F.,.F.,(4,4),(0.,0.75),.UNSPECIFIED.);
#249=B_SPLINE_CURVE_WITH_KNOTS('',3,(#6196,#6197,#6198,#6199),
 .UNSPECIFIED.,.F.,.F.,(4,4),(0.,0.75),.UNSPECIFIED.);
#250=B_SPLINE_CURVE_WITH_KNOTS('',3,(#6220,#6221,#6222,#6223),
 .UNSPECIFIED.,.F.,.F.,(4,4),(0.,0.75),.UNSPECIFIED.);
#251=B_SPLINE_CURVE_WITH_KNOTS('',3,(#6334,#6335,#6336,#6337),
 .UNSPECIFIED.,.F.,.F.,(4,4),(0.,0.75),.UNSPECIFIED.);
#252=B_SPLINE_CURVE_WITH_KNOTS('',3,(#6432,#6433,#6434,#6435),
 .UNSPECIFIED.,.F.,.F.,(4,4),(0.,0.75),.UNSPECIFIED.);
#253=B_SPLINE_CURVE_WITH_KNOTS('',3,(#6546,#6547,#6548,#6549),
 .UNSPECIFIED.,.F.,.F.,(4,4),(0.,0.75),.UNSPECIFIED.);
#254=B_SPLINE_CURVE_WITH_KNOTS('',3,(#6644,#6645,#6646,#6647),
 .UNSPECIFIED.,.F.,.F.,(4,4),(0.,0.75),.UNSPECIFIED.);
#255=B_SPLINE_CURVE_WITH_KNOTS('',3,(#6672,#6673,#6674,#6675),
 .UNSPECIFIED.,.F.,.F.,(4,4),(0.,0.75),.UNSPECIFIED.);
#256=B_SPLINE_CURVE_WITH_KNOTS('',3,(#6696,#6697,#6698,#6699),
 .UNSPECIFIED.,.F.,.F.,(4,4),(0.,0.75),.UNSPECIFIED.);
#257=B_SPLINE_CURVE_WITH_KNOTS('',3,(#6724,#6725,#6726,#6727),
 .UNSPECIFIED.,.F.,.F.,(4,4),(0.,0.75),.UNSPECIFIED.);
#258=B_SPLINE_CURVE_WITH_KNOTS('',3,(#6748,#6749,#6750,#6751),
 .UNSPECIFIED.,.F.,.F.,(4,4),(0.,0.75),.UNSPECIFIED.);
#259=B_SPLINE_CURVE_WITH_KNOTS('',3,(#6862,#6863,#6864,#6865),
 .UNSPECIFIED.,.F.,.F.,(4,4),(0.,0.75),.UNSPECIFIED.);
#260=B_SPLINE_CURVE_WITH_KNOTS('',3,(#6960,#6961,#6962,#6963),
 .UNSPECIFIED.,.F.,.F.,(4,4),(0.,0.75),.UNSPECIFIED.);
#261=B_SPLINE_CURVE_WITH_KNOTS('',3,(#7074,#7075,#7076,#7077),
 .UNSPECIFIED.,.F.,.F.,(4,4),(0.,0.75),.UNSPECIFIED.);
#262=B_SPLINE_CURVE_WITH_KNOTS('',3,(#7195,#7196,#7197,#7198),
 .UNSPECIFIED.,.F.,.F.,(4,4),(0.,0.75),.UNSPECIFIED.);
#263=B_SPLINE_CURVE_WITH_KNOTS('',3,(#7199,#7200,#7201,#7202),
 .UNSPECIFIED.,.F.,.F.,(4,4),(0.,0.75),.UNSPECIFIED.);
#264=B_SPLINE_CURVE_WITH_KNOTS('',3,(#7221,#7222,#7223,#7224),
 .UNSPECIFIED.,.F.,.F.,(4,4),(0.,0.75),.UNSPECIFIED.);
#265=B_SPLINE_CURVE_WITH_KNOTS('',3,(#7247,#7248,#7249,#7250),
 .UNSPECIFIED.,.F.,.F.,(4,4),(0.,0.75),.UNSPECIFIED.);
#266=B_SPLINE_CURVE_WITH_KNOTS('',3,(#7269,#7270,#7271,#7272),
 .UNSPECIFIED.,.F.,.F.,(4,4),(0.,0.75),.UNSPECIFIED.);
#267=B_SPLINE_CURVE_WITH_KNOTS('',3,(#7381,#7382,#7383,#7384),
 .UNSPECIFIED.,.F.,.F.,(4,4),(0.,0.75),.UNSPECIFIED.);
#268=B_SPLINE_CURVE_WITH_KNOTS('',3,(#7403,#7404,#7405,#7406),
 .UNSPECIFIED.,.F.,.F.,(4,4),(0.,0.75),.UNSPECIFIED.);
#269=B_SPLINE_CURVE_WITH_KNOTS('',3,(#7515,#7516,#7517,#7518),
 .UNSPECIFIED.,.F.,.F.,(4,4),(0.,0.75),.UNSPECIFIED.);
#270=B_SPLINE_CURVE_WITH_KNOTS('',3,(#7537,#7538,#7539,#7540),
 .UNSPECIFIED.,.F.,.F.,(4,4),(0.,0.75),.UNSPECIFIED.);
#271=B_SPLINE_CURVE_WITH_KNOTS('',3,(#7563,#7564,#7565,#7566),
 .UNSPECIFIED.,.F.,.F.,(4,4),(0.,0.75),.UNSPECIFIED.);
#272=B_SPLINE_CURVE_WITH_KNOTS('',3,(#7585,#7586,#7587,#7588),
 .UNSPECIFIED.,.F.,.F.,(4,4),(0.,0.75),.UNSPECIFIED.);
#273=B_SPLINE_CURVE_WITH_KNOTS('',3,(#7611,#7612,#7613,#7614),
 .UNSPECIFIED.,.F.,.F.,(4,4),(0.,0.75),.UNSPECIFIED.);
#274=B_SPLINE_CURVE_WITH_KNOTS('',3,(#7633,#7634,#7635,#7636),
 .UNSPECIFIED.,.F.,.F.,(4,4),(0.,0.75),.UNSPECIFIED.);
#275=B_SPLINE_CURVE_WITH_KNOTS('',3,(#7745,#7746,#7747,#7748),
 .UNSPECIFIED.,.F.,.F.,(4,4),(0.,0.75),.UNSPECIFIED.);
#276=B_SPLINE_CURVE_WITH_KNOTS('',3,(#7767,#7768,#7769,#7770),
 .UNSPECIFIED.,.F.,.F.,(4,4),(0.,0.75),.UNSPECIFIED.);
#277=B_SPLINE_CURVE_WITH_KNOTS('',3,(#7879,#7880,#7881,#7882),
 .UNSPECIFIED.,.F.,.F.,(4,4),(0.,0.75),.UNSPECIFIED.);
#278=B_SPLINE_CURVE_WITH_KNOTS('',3,(#7901,#7902,#7903,#7904),
 .UNSPECIFIED.,.F.,.F.,(4,4),(0.,0.75),.UNSPECIFIED.);
#279=B_SPLINE_CURVE_WITH_KNOTS('',3,(#7927,#7928,#7929,#7930),
 .UNSPECIFIED.,.F.,.F.,(4,4),(0.,0.75),.UNSPECIFIED.);
#280=B_SPLINE_CURVE_WITH_KNOTS('',3,(#7949,#7950,#7951,#7952),
 .UNSPECIFIED.,.F.,.F.,(4,4),(0.,0.75),.UNSPECIFIED.);
#281=B_SPLINE_CURVE_WITH_KNOTS('',3,(#7975,#7976,#7977,#7978),
 .UNSPECIFIED.,.F.,.F.,(4,4),(0.,0.75),.UNSPECIFIED.);
#282=B_SPLINE_CURVE_WITH_KNOTS('',3,(#7997,#7998,#7999,#8000),
 .UNSPECIFIED.,.F.,.F.,(4,4),(0.,0.75),.UNSPECIFIED.);
#283=B_SPLINE_CURVE_WITH_KNOTS('',3,(#8109,#8110,#8111,#8112),
 .UNSPECIFIED.,.F.,.F.,(4,4),(0.,0.75),.UNSPECIFIED.);
#284=B_SPLINE_CURVE_WITH_KNOTS('',3,(#8131,#8132,#8133,#8134),
 .UNSPECIFIED.,.F.,.F.,(4,4),(0.,0.75),.UNSPECIFIED.);
#285=B_SPLINE_CURVE_WITH_KNOTS('',3,(#8243,#8244,#8245,#8246),
 .UNSPECIFIED.,.F.,.F.,(4,4),(0.,0.75),.UNSPECIFIED.);
#286=B_SPLINE_CURVE_WITH_KNOTS('',3,(#8265,#8266,#8267,#8268),
 .UNSPECIFIED.,.F.,.F.,(4,4),(0.,0.75),.UNSPECIFIED.);
#287=B_SPLINE_CURVE_WITH_KNOTS('',3,(#8291,#8292,#8293,#8294),
 .UNSPECIFIED.,.F.,.F.,(4,4),(0.,0.75),.UNSPECIFIED.);
#288=B_SPLINE_CURVE_WITH_KNOTS('',3,(#8313,#8314,#8315,#8316),
 .UNSPECIFIED.,.F.,.F.,(4,4),(0.,0.75),.UNSPECIFIED.);
#289=B_SPLINE_CURVE_WITH_KNOTS('',3,(#8339,#8340,#8341,#8342),
 .UNSPECIFIED.,.F.,.F.,(4,4),(0.,0.75),.UNSPECIFIED.);
#290=B_SPLINE_CURVE_WITH_KNOTS('',3,(#8361,#8362,#8363,#8364),
 .UNSPECIFIED.,.F.,.F.,(4,4),(0.,0.75),.UNSPECIFIED.);
#291=B_SPLINE_CURVE_WITH_KNOTS('',3,(#8473,#8474,#8475,#8476),
 .UNSPECIFIED.,.F.,.F.,(4,4),(0.,0.75),.UNSPECIFIED.);
#292=B_SPLINE_CURVE_WITH_KNOTS('',3,(#8495,#8496,#8497,#8498),
 .UNSPECIFIED.,.F.,.F.,(4,4),(0.,0.75),.UNSPECIFIED.);
#293=B_SPLINE_CURVE_WITH_KNOTS('',3,(#8607,#8608,#8609,#8610),
 .UNSPECIFIED.,.F.,.F.,(4,4),(0.,0.75),.UNSPECIFIED.);
#294=B_SPLINE_CURVE_WITH_KNOTS('',3,(#8629,#8630,#8631,#8632),
 .UNSPECIFIED.,.F.,.F.,(4,4),(0.,0.75),.UNSPECIFIED.);
#295=B_SPLINE_CURVE_WITH_KNOTS('',3,(#8655,#8656,#8657,#8658),
 .UNSPECIFIED.,.F.,.F.,(4,4),(0.,0.75),.UNSPECIFIED.);
#296=B_SPLINE_CURVE_WITH_KNOTS('',3,(#8677,#8678,#8679,#8680),
 .UNSPECIFIED.,.F.,.F.,(4,4),(0.,0.75),.UNSPECIFIED.);
#297=B_SPLINE_CURVE_WITH_KNOTS('',3,(#8703,#8704,#8705,#8706),
 .UNSPECIFIED.,.F.,.F.,(4,4),(0.,0.75),.UNSPECIFIED.);
#298=B_SPLINE_CURVE_WITH_KNOTS('',3,(#8725,#8726,#8727,#8728),
 .UNSPECIFIED.,.F.,.F.,(4,4),(0.,0.75),.UNSPECIFIED.);
#299=B_SPLINE_CURVE_WITH_KNOTS('',3,(#8837,#8838,#8839,#8840),
 .UNSPECIFIED.,.F.,.F.,(4,4),(0.,0.75),.UNSPECIFIED.);
#300=B_SPLINE_CURVE_WITH_KNOTS('',3,(#8859,#8860,#8861,#8862),
 .UNSPECIFIED.,.F.,.F.,(4,4),(0.,0.75),.UNSPECIFIED.);
#301=B_SPLINE_CURVE_WITH_KNOTS('',3,(#8971,#8972,#8973,#8974),
 .UNSPECIFIED.,.F.,.F.,(4,4),(0.,0.75),.UNSPECIFIED.);
#302=B_SPLINE_CURVE_WITH_KNOTS('',3,(#8993,#8994,#8995,#8996),
 .UNSPECIFIED.,.F.,.F.,(4,4),(0.,0.75),.UNSPECIFIED.);
#303=B_SPLINE_CURVE_WITH_KNOTS('',3,(#9019,#9020,#9021,#9022),
 .UNSPECIFIED.,.F.,.F.,(4,4),(0.,0.75),.UNSPECIFIED.);
#304=B_SPLINE_CURVE_WITH_KNOTS('',3,(#9041,#9042,#9043,#9044),
 .UNSPECIFIED.,.F.,.F.,(4,4),(0.,0.75),.UNSPECIFIED.);
#305=B_SPLINE_CURVE_WITH_KNOTS('',3,(#9067,#9068,#9069,#9070),
 .UNSPECIFIED.,.F.,.F.,(4,4),(0.,0.75),.UNSPECIFIED.);
#306=B_SPLINE_CURVE_WITH_KNOTS('',3,(#9089,#9090,#9091,#9092),
 .UNSPECIFIED.,.F.,.F.,(4,4),(0.,0.75),.UNSPECIFIED.);
#307=B_SPLINE_CURVE_WITH_KNOTS('',3,(#9201,#9202,#9203,#9204),
 .UNSPECIFIED.,.F.,.F.,(4,4),(0.,0.75),.UNSPECIFIED.);
#308=B_SPLINE_CURVE_WITH_KNOTS('',3,(#9223,#9224,#9225,#9226),
 .UNSPECIFIED.,.F.,.F.,(4,4),(0.,0.75),.UNSPECIFIED.);
#309=B_SPLINE_CURVE_WITH_KNOTS('',3,(#9335,#9336,#9337,#9338),
 .UNSPECIFIED.,.F.,.F.,(4,4),(0.,0.75),.UNSPECIFIED.);
#310=B_SPLINE_CURVE_WITH_KNOTS('',3,(#9357,#9358,#9359,#9360),
 .UNSPECIFIED.,.F.,.F.,(4,4),(0.,0.75),.UNSPECIFIED.);
#311=B_SPLINE_CURVE_WITH_KNOTS('',3,(#9383,#9384,#9385,#9386),
 .UNSPECIFIED.,.F.,.F.,(4,4),(0.,0.75),.UNSPECIFIED.);
#312=B_SPLINE_CURVE_WITH_KNOTS('',3,(#9405,#9406,#9407,#9408),
 .UNSPECIFIED.,.F.,.F.,(4,4),(0.,0.75),.UNSPECIFIED.);
#313=B_SPLINE_CURVE_WITH_KNOTS('',3,(#9431,#9432,#9433,#9434),
 .UNSPECIFIED.,.F.,.F.,(4,4),(0.,0.75),.UNSPECIFIED.);
#314=B_SPLINE_CURVE_WITH_KNOTS('',3,(#9453,#9454,#9455,#9456),
 .UNSPECIFIED.,.F.,.F.,(4,4),(0.,0.75),.UNSPECIFIED.);
#315=B_SPLINE_CURVE_WITH_KNOTS('',3,(#9565,#9566,#9567,#9568),
 .UNSPECIFIED.,.F.,.F.,(4,4),(0.,0.75),.UNSPECIFIED.);
#316=B_SPLINE_CURVE_WITH_KNOTS('',3,(#9587,#9588,#9589,#9590),
 .UNSPECIFIED.,.F.,.F.,(4,4),(0.,0.75),.UNSPECIFIED.);
#317=B_SPLINE_CURVE_WITH_KNOTS('',3,(#9699,#9700,#9701,#9702),
 .UNSPECIFIED.,.F.,.F.,(4,4),(0.,0.75),.UNSPECIFIED.);
#318=B_SPLINE_CURVE_WITH_KNOTS('',3,(#9721,#9722,#9723,#9724),
 .UNSPECIFIED.,.F.,.F.,(4,4),(0.,0.75),.UNSPECIFIED.);
#319=B_SPLINE_CURVE_WITH_KNOTS('',3,(#9747,#9748,#9749,#9750),
 .UNSPECIFIED.,.F.,.F.,(4,4),(0.,0.75),.UNSPECIFIED.);
#320=B_SPLINE_CURVE_WITH_KNOTS('',3,(#9769,#9770,#9771,#9772),
 .UNSPECIFIED.,.F.,.F.,(4,4),(0.,0.75),.UNSPECIFIED.);
#321=B_SPLINE_CURVE_WITH_KNOTS('',3,(#9795,#9796,#9797,#9798),
 .UNSPECIFIED.,.F.,.F.,(4,4),(0.,0.75),.UNSPECIFIED.);
#322=B_SPLINE_CURVE_WITH_KNOTS('',3,(#9817,#9818,#9819,#9820),
 .UNSPECIFIED.,.F.,.F.,(4,4),(0.,0.75),.UNSPECIFIED.);
#323=B_SPLINE_CURVE_WITH_KNOTS('',3,(#9929,#9930,#9931,#9932),
 .UNSPECIFIED.,.F.,.F.,(4,4),(0.,0.75),.UNSPECIFIED.);
#324=B_SPLINE_CURVE_WITH_KNOTS('',3,(#9951,#9952,#9953,#9954),
 .UNSPECIFIED.,.F.,.F.,(4,4),(0.,0.75),.UNSPECIFIED.);
#325=B_SPLINE_CURVE_WITH_KNOTS('',3,(#10063,#10064,#10065,#10066),
 .UNSPECIFIED.,.F.,.F.,(4,4),(0.,0.75),.UNSPECIFIED.);
#326=FACE_BOUND('',#587,.T.);
#327=FACE_BOUND('',#589,.T.);
#328=FACE_BOUND('',#596,.T.);
#329=FACE_BOUND('',#666,.T.);
#330=FACE_BOUND('',#732,.T.);
#331=CIRCLE('',#2390,2.55);
#332=CIRCLE('',#2391,3.);
#333=CIRCLE('',#2393,11.);
#334=CIRCLE('',#2394,2.55);
#335=CIRCLE('',#2395,2.55);
#336=CIRCLE('',#2397,1.2645);
#337=CIRCLE('',#2401,2.55);
#338=CIRCLE('',#2404,1.2645);
#339=CIRCLE('',#2410,11.);
#340=CIRCLE('',#2411,2.);
#341=CIRCLE('',#2412,2.);
#342=CIRCLE('',#2413,11.372);
#343=CIRCLE('',#2414,11.372);
#344=CIRCLE('',#2415,2.);
#345=CIRCLE('',#2416,2.);
#346=CIRCLE('',#2417,20.);
#347=CIRCLE('',#2418,20.);
#348=CIRCLE('',#2419,2.);
#349=CIRCLE('',#2420,2.);
#350=CIRCLE('',#2421,11.372);
#351=CIRCLE('',#2422,11.372);
#352=CIRCLE('',#2423,2.);
#353=CIRCLE('',#2424,2.);
#354=CIRCLE('',#2425,20.);
#355=CIRCLE('',#2426,20.);
#356=CIRCLE('',#2427,2.);
#357=CIRCLE('',#2428,2.);
#358=CIRCLE('',#2429,11.372);
#359=CIRCLE('',#2430,11.372);
#360=CIRCLE('',#2431,2.);
#361=CIRCLE('',#2432,2.);
#362=CIRCLE('',#2433,20.);
#363=CIRCLE('',#2434,20.);
#364=CIRCLE('',#2435,2.);
#365=CIRCLE('',#2436,2.);
#366=CIRCLE('',#2437,11.372);
#367=CIRCLE('',#2438,11.372);
#368=CIRCLE('',#2439,2.);
#369=CIRCLE('',#2440,2.);
#370=CIRCLE('',#2441,20.);
#371=CIRCLE('',#2442,20.);
#372=CIRCLE('',#2443,2.);
#373=CIRCLE('',#2444,2.);
#374=CIRCLE('',#2445,11.372);
#375=CIRCLE('',#2446,11.372);
#376=CIRCLE('',#2447,2.);
#377=CIRCLE('',#2448,2.);
#378=CIRCLE('',#2449,20.);
#379=CIRCLE('',#2450,20.);
#380=CIRCLE('',#2451,2.);
#381=CIRCLE('',#2452,2.);
#382=CIRCLE('',#2453,11.372);
#383=CIRCLE('',#2454,11.372);
#384=CIRCLE('',#2455,2.);
#385=CIRCLE('',#2456,2.);
#386=CIRCLE('',#2457,20.);
#387=CIRCLE('',#2458,20.);
#388=CIRCLE('',#2459,2.);
#389=CIRCLE('',#2460,2.);
#390=CIRCLE('',#2461,11.372);
#391=CIRCLE('',#2462,11.372);
#392=CIRCLE('',#2463,2.);
#393=CIRCLE('',#2464,2.);
#394=CIRCLE('',#2465,20.);
#395=CIRCLE('',#2466,20.);
#396=CIRCLE('',#2467,2.);
#397=CIRCLE('',#2468,2.);
#398=CIRCLE('',#2469,11.372);
#399=CIRCLE('',#2470,11.372);
#400=CIRCLE('',#2471,2.);
#401=CIRCLE('',#2472,2.);
#402=CIRCLE('',#2473,20.);
#403=CIRCLE('',#2474,20.);
#404=CIRCLE('',#2476,2.);
#405=CIRCLE('',#2477,11.372);
#406=CIRCLE('',#2478,2.);
#407=CIRCLE('',#2479,20.);
#408=CIRCLE('',#2480,2.);
#409=CIRCLE('',#2481,11.372);
#410=CIRCLE('',#2482,2.);
#411=CIRCLE('',#2483,20.);
#412=CIRCLE('',#2484,2.);
#413=CIRCLE('',#2485,11.372);
#414=CIRCLE('',#2486,2.);
#415=CIRCLE('',#2487,20.);
#416=CIRCLE('',#2488,2.);
#417=CIRCLE('',#2489,11.372);
#418=CIRCLE('',#2490,2.);
#419=CIRCLE('',#2491,20.);
#420=CIRCLE('',#2492,2.);
#421=CIRCLE('',#2493,11.372);
#422=CIRCLE('',#2494,2.);
#423=CIRCLE('',#2495,20.);
#424=CIRCLE('',#2496,2.);
#425=CIRCLE('',#2497,11.372);
#426=CIRCLE('',#2498,2.);
#427=CIRCLE('',#2499,20.);
#428=CIRCLE('',#2500,2.);
#429=CIRCLE('',#2501,11.372);
#430=CIRCLE('',#2502,2.);
#431=CIRCLE('',#2503,20.);
#432=CIRCLE('',#2504,2.);
#433=CIRCLE('',#2505,11.372);
#434=CIRCLE('',#2506,2.);
#435=CIRCLE('',#2507,20.);
#436=FACE_OUTER_BOUND('',#582,.T.);
#437=FACE_OUTER_BOUND('',#583,.T.);
#438=FACE_OUTER_BOUND('',#584,.T.);
#439=FACE_OUTER_BOUND('',#585,.T.);
#440=FACE_OUTER_BOUND('',#586,.T.);
#441=FACE_OUTER_BOUND('',#588,.T.);
#442=FACE_OUTER_BOUND('',#590,.T.);
#443=FACE_OUTER_BOUND('',#591,.T.);
#444=FACE_OUTER_BOUND('',#592,.T.);
#445=FACE_OUTER_BOUND('',#593,.T.);
#446=FACE_OUTER_BOUND('',#594,.T.);
#447=FACE_OUTER_BOUND('',#595,.T.);
#448=FACE_OUTER_BOUND('',#597,.T.);
#449=FACE_OUTER_BOUND('',#598,.T.);
#450=FACE_OUTER_BOUND('',#599,.T.);
#451=FACE_OUTER_BOUND('',#600,.T.);
#452=FACE_OUTER_BOUND('',#601,.T.);
#453=FACE_OUTER_BOUND('',#602,.T.);
#454=FACE_OUTER_BOUND('',#603,.T.);
#455=FACE_OUTER_BOUND('',#604,.T.);
#456=FACE_OUTER_BOUND('',#605,.T.);
#457=FACE_OUTER_BOUND('',#606,.T.);
#458=FACE_OUTER_BOUND('',#607,.T.);
#459=FACE_OUTER_BOUND('',#608,.T.);
#460=FACE_OUTER_BOUND('',#609,.T.);
#461=FACE_OUTER_BOUND('',#610,.T.);
#462=FACE_OUTER_BOUND('',#611,.T.);
#463=FACE_OUTER_BOUND('',#612,.T.);
#464=FACE_OUTER_BOUND('',#613,.T.);
#465=FACE_OUTER_BOUND('',#614,.T.);
#466=FACE_OUTER_BOUND('',#615,.T.);
#467=FACE_OUTER_BOUND('',#616,.T.);
#468=FACE_OUTER_BOUND('',#617,.T.);
#469=FACE_OUTER_BOUND('',#618,.T.);
#470=FACE_OUTER_BOUND('',#619,.T.);
#471=FACE_OUTER_BOUND('',#620,.T.);
#472=FACE_OUTER_BOUND('',#621,.T.);
#473=FACE_OUTER_BOUND('',#622,.T.);
#474=FACE_OUTER_BOUND('',#623,.T.);
#475=FACE_OUTER_BOUND('',#624,.T.);
#476=FACE_OUTER_BOUND('',#625,.T.);
#477=FACE_OUTER_BOUND('',#626,.T.);
#478=FACE_OUTER_BOUND('',#627,.T.);
#479=FACE_OUTER_BOUND('',#628,.T.);
#480=FACE_OUTER_BOUND('',#629,.T.);
#481=FACE_OUTER_BOUND('',#630,.T.);
#482=FACE_OUTER_BOUND('',#631,.T.);
#483=FACE_OUTER_BOUND('',#632,.T.);
#484=FACE_OUTER_BOUND('',#633,.T.);
#485=FACE_OUTER_BOUND('',#634,.T.);
#486=FACE_OUTER_BOUND('',#635,.T.);
#487=FACE_OUTER_BOUND('',#636,.T.);
#488=FACE_OUTER_BOUND('',#637,.T.);
#489=FACE_OUTER_BOUND('',#638,.T.);
#490=FACE_OUTER_BOUND('',#639,.T.);
#491=FACE_OUTER_BOUND('',#640,.T.);
#492=FACE_OUTER_BOUND('',#641,.T.);
#493=FACE_OUTER_BOUND('',#642,.T.);
#494=FACE_OUTER_BOUND('',#643,.T.);
#495=FACE_OUTER_BOUND('',#644,.T.);
#496=FACE_OUTER_BOUND('',#645,.T.);
#497=FACE_OUTER_BOUND('',#646,.T.);
#498=FACE_OUTER_BOUND('',#647,.T.);
#499=FACE_OUTER_BOUND('',#648,.T.);
#500=FACE_OUTER_BOUND('',#649,.T.);
#501=FACE_OUTER_BOUND('',#650,.T.);
#502=FACE_OUTER_BOUND('',#651,.T.);
#503=FACE_OUTER_BOUND('',#652,.T.);
#504=FACE_OUTER_BOUND('',#653,.T.);
#505=FACE_OUTER_BOUND('',#654,.T.);
#506=FACE_OUTER_BOUND('',#655,.T.);
#507=FACE_OUTER_BOUND('',#656,.T.);
#508=FACE_OUTER_BOUND('',#657,.T.);
#509=FACE_OUTER_BOUND('',#658,.T.);
#510=FACE_OUTER_BOUND('',#659,.T.);
#511=FACE_OUTER_BOUND('',#660,.T.);
#512=FACE_OUTER_BOUND('',#661,.T.);
#513=FACE_OUTER_BOUND('',#662,.T.);
#514=FACE_OUTER_BOUND('',#663,.T.);
#515=FACE_OUTER_BOUND('',#664,.T.);
#516=FACE_OUTER_BOUND('',#665,.T.);
#517=FACE_OUTER_BOUND('',#667,.T.);
#518=FACE_OUTER_BOUND('',#668,.T.);
#519=FACE_OUTER_BOUND('',#669,.T.);
#520=FACE_OUTER_BOUND('',#670,.T.);
#521=FACE_OUTER_BOUND('',#671,.T.);
#522=FACE_OUTER_BOUND('',#672,.T.);
#523=FACE_OUTER_BOUND('',#673,.T.);
#524=FACE_OUTER_BOUND('',#674,.T.);
#525=FACE_OUTER_BOUND('',#675,.T.);
#526=FACE_OUTER_BOUND('',#676,.T.);
#527=FACE_OUTER_BOUND('',#677,.T.);
#528=FACE_OUTER_BOUND('',#678,.T.);
#529=FACE_OUTER_BOUND('',#679,.T.);
#530=FACE_OUTER_BOUND('',#680,.T.);
#531=FACE_OUTER_BOUND('',#681,.T.);
#532=FACE_OUTER_BOUND('',#682,.T.);
#533=FACE_OUTER_BOUND('',#683,.T.);
#534=FACE_OUTER_BOUND('',#684,.T.);
#535=FACE_OUTER_BOUND('',#685,.T.);
#536=FACE_OUTER_BOUND('',#686,.T.);
#537=FACE_OUTER_BOUND('',#687,.T.);
#538=FACE_OUTER_BOUND('',#688,.T.);
#539=FACE_OUTER_BOUND('',#689,.T.);
#540=FACE_OUTER_BOUND('',#690,.T.);
#541=FACE_OUTER_BOUND('',#691,.T.);
#542=FACE_OUTER_BOUND('',#692,.T.);
#543=FACE_OUTER_BOUND('',#693,.T.);
#544=FACE_OUTER_BOUND('',#694,.T.);
#545=FACE_OUTER_BOUND('',#695,.T.);
#546=FACE_OUTER_BOUND('',#696,.T.);
#547=FACE_OUTER_BOUND('',#697,.T.);
#548=FACE_OUTER_BOUND('',#698,.T.);
#549=FACE_OUTER_BOUND('',#699,.T.);
#550=FACE_OUTER_BOUND('',#700,.T.);
#551=FACE_OUTER_BOUND('',#701,.T.);
#552=FACE_OUTER_BOUND('',#702,.T.);
#553=FACE_OUTER_BOUND('',#703,.T.);
#554=FACE_OUTER_BOUND('',#704,.T.);
#555=FACE_OUTER_BOUND('',#705,.T.);
#556=FACE_OUTER_BOUND('',#706,.T.);
#557=FACE_OUTER_BOUND('',#707,.T.);
#558=FACE_OUTER_BOUND('',#708,.T.);
#559=FACE_OUTER_BOUND('',#709,.T.);
#560=FACE_OUTER_BOUND('',#710,.T.);
#561=FACE_OUTER_BOUND('',#711,.T.);
#562=FACE_OUTER_BOUND('',#712,.T.);
#563=FACE_OUTER_BOUND('',#713,.T.);
#564=FACE_OUTER_BOUND('',#714,.T.);
#565=FACE_OUTER_BOUND('',#715,.T.);
#566=FACE_OUTER_BOUND('',#716,.T.);
#567=FACE_OUTER_BOUND('',#717,.T.);
#568=FACE_OUTER_BOUND('',#718,.T.);
#569=FACE_OUTER_BOUND('',#719,.T.);
#570=FACE_OUTER_BOUND('',#720,.T.);
#571=FACE_OUTER_BOUND('',#721,.T.);
#572=FACE_OUTER_BOUND('',#722,.T.);
#573=FACE_OUTER_BOUND('',#723,.T.);
#574=FACE_OUTER_BOUND('',#724,.T.);
#575=FACE_OUTER_BOUND('',#725,.T.);
#576=FACE_OUTER_BOUND('',#726,.T.);
#577=FACE_OUTER_BOUND('',#727,.T.);
#578=FACE_OUTER_BOUND('',#728,.T.);
#579=FACE_OUTER_BOUND('',#729,.T.);
#580=FACE_OUTER_BOUND('',#730,.T.);
#581=FACE_OUTER_BOUND('',#731,.T.);
#582=EDGE_LOOP('',(#1482,#1483,#1484,#1485));
#583=EDGE_LOOP('',(#1486,#1487,#1488,#1489));
#584=EDGE_LOOP('',(#1490,#1491,#1492,#1493));
#585=EDGE_LOOP('',(#1494,#1495,#1496,#1497,#1498,#1499,#1500,#1501,#1502,
#1503));
#586=EDGE_LOOP('',(#1504,#1505));
#587=EDGE_LOOP('',(#1506,#1507,#1508,#1509,#1510,#1511,#1512));
#588=EDGE_LOOP('',(#1513,#1514,#1515,#1516,#1517,#1518));
#589=EDGE_LOOP('',(#1519));
#590=EDGE_LOOP('',(#1520,#1521,#1522,#1523));
#591=EDGE_LOOP('',(#1524,#1525,#1526,#1527));
#592=EDGE_LOOP('',(#1528,#1529,#1530,#1531,#1532,#1533,#1534,#1535));
#593=EDGE_LOOP('',(#1536,#1537,#1538,#1539));
#594=EDGE_LOOP('',(#1540,#1541,#1542,#1543));
#595=EDGE_LOOP('',(#1544,#1545,#1546,#1547));
#596=EDGE_LOOP('',(#1548));
#597=EDGE_LOOP('',(#1549,#1550,#1551,#1552));
#598=EDGE_LOOP('',(#1553,#1554,#1555,#1556,#1557,#1558));
#599=EDGE_LOOP('',(#1559,#1560,#1561,#1562,#1563,#1564));
#600=EDGE_LOOP('',(#1565,#1566,#1567,#1568));
#601=EDGE_LOOP('',(#1569,#1570,#1571,#1572));
#602=EDGE_LOOP('',(#1573,#1574,#1575,#1576));
#603=EDGE_LOOP('',(#1577,#1578,#1579,#1580));
#604=EDGE_LOOP('',(#1581,#1582,#1583,#1584));
#605=EDGE_LOOP('',(#1585,#1586,#1587,#1588));
#606=EDGE_LOOP('',(#1589,#1590,#1591,#1592));
#607=EDGE_LOOP('',(#1593,#1594,#1595,#1596));
#608=EDGE_LOOP('',(#1597,#1598,#1599,#1600));
#609=EDGE_LOOP('',(#1601,#1602,#1603,#1604));
#610=EDGE_LOOP('',(#1605,#1606,#1607,#1608));
#611=EDGE_LOOP('',(#1609,#1610,#1611,#1612));
#612=EDGE_LOOP('',(#1613,#1614,#1615,#1616));
#613=EDGE_LOOP('',(#1617,#1618,#1619,#1620));
#614=EDGE_LOOP('',(#1621,#1622,#1623,#1624));
#615=EDGE_LOOP('',(#1625,#1626,#1627,#1628));
#616=EDGE_LOOP('',(#1629,#1630,#1631,#1632));
#617=EDGE_LOOP('',(#1633,#1634,#1635,#1636));
#618=EDGE_LOOP('',(#1637,#1638,#1639,#1640));
#619=EDGE_LOOP('',(#1641,#1642,#1643,#1644));
#620=EDGE_LOOP('',(#1645,#1646,#1647,#1648));
#621=EDGE_LOOP('',(#1649,#1650,#1651,#1652));
#622=EDGE_LOOP('',(#1653,#1654,#1655,#1656));
#623=EDGE_LOOP('',(#1657,#1658,#1659,#1660));
#624=EDGE_LOOP('',(#1661,#1662,#1663,#1664));
#625=EDGE_LOOP('',(#1665,#1666,#1667,#1668));
#626=EDGE_LOOP('',(#1669,#1670,#1671,#1672));
#627=EDGE_LOOP('',(#1673,#1674,#1675,#1676));
#628=EDGE_LOOP('',(#1677,#1678,#1679,#1680));
#629=EDGE_LOOP('',(#1681,#1682,#1683,#1684));
#630=EDGE_LOOP('',(#1685,#1686,#1687,#1688));
#631=EDGE_LOOP('',(#1689,#1690,#1691,#1692));
#632=EDGE_LOOP('',(#1693,#1694,#1695,#1696));
#633=EDGE_LOOP('',(#1697,#1698,#1699,#1700));
#634=EDGE_LOOP('',(#1701,#1702,#1703,#1704));
#635=EDGE_LOOP('',(#1705,#1706,#1707,#1708));
#636=EDGE_LOOP('',(#1709,#1710,#1711,#1712));
#637=EDGE_LOOP('',(#1713,#1714,#1715,#1716));
#638=EDGE_LOOP('',(#1717,#1718,#1719,#1720));
#639=EDGE_LOOP('',(#1721,#1722,#1723,#1724));
#640=EDGE_LOOP('',(#1725,#1726,#1727,#1728));
#641=EDGE_LOOP('',(#1729,#1730,#1731,#1732));
#642=EDGE_LOOP('',(#1733,#1734,#1735,#1736));
#643=EDGE_LOOP('',(#1737,#1738,#1739,#1740));
#644=EDGE_LOOP('',(#1741,#1742,#1743,#1744));
#645=EDGE_LOOP('',(#1745,#1746,#1747,#1748));
#646=EDGE_LOOP('',(#1749,#1750,#1751,#1752));
#647=EDGE_LOOP('',(#1753,#1754,#1755,#1756));
#648=EDGE_LOOP('',(#1757,#1758,#1759,#1760));
#649=EDGE_LOOP('',(#1761,#1762,#1763,#1764));
#650=EDGE_LOOP('',(#1765,#1766,#1767,#1768));
#651=EDGE_LOOP('',(#1769,#1770,#1771,#1772));
#652=EDGE_LOOP('',(#1773,#1774,#1775,#1776));
#653=EDGE_LOOP('',(#1777,#1778,#1779,#1780));
#654=EDGE_LOOP('',(#1781,#1782,#1783,#1784));
#655=EDGE_LOOP('',(#1785,#1786,#1787,#1788));
#656=EDGE_LOOP('',(#1789,#1790,#1791,#1792));
#657=EDGE_LOOP('',(#1793,#1794,#1795,#1796));
#658=EDGE_LOOP('',(#1797,#1798,#1799,#1800));
#659=EDGE_LOOP('',(#1801,#1802,#1803,#1804));
#660=EDGE_LOOP('',(#1805,#1806,#1807,#1808));
#661=EDGE_LOOP('',(#1809,#1810,#1811,#1812));
#662=EDGE_LOOP('',(#1813,#1814,#1815,#1816));
#663=EDGE_LOOP('',(#1817,#1818,#1819,#1820));
#664=EDGE_LOOP('',(#1821,#1822,#1823,#1824));
#665=EDGE_LOOP('',(#1825,#1826,#1827,#1828,#1829,#1830,#1831,#1832,#1833,
#1834,#1835,#1836,#1837,#1838,#1839,#1840,#1841,#1842,#1843,#1844,#1845,
#1846,#1847,#1848,#1849,#1850,#1851,#1852,#1853,#1854,#1855,#1856,#1857,
#1858,#1859,#1860,#1861,#1862,#1863,#1864,#1865,#1866,#1867,#1868,#1869,
#1870,#1871,#1872,#1873,#1874,#1875,#1876,#1877,#1878,#1879,#1880,#1881,
#1882,#1883,#1884,#1885,#1886,#1887,#1888));
#666=EDGE_LOOP('',(#1889,#1890));
#667=EDGE_LOOP('',(#1891,#1892,#1893,#1894));
#668=EDGE_LOOP('',(#1895,#1896,#1897,#1898));
#669=EDGE_LOOP('',(#1899,#1900,#1901,#1902));
#670=EDGE_LOOP('',(#1903,#1904,#1905,#1906));
#671=EDGE_LOOP('',(#1907,#1908,#1909,#1910));
#672=EDGE_LOOP('',(#1911,#1912,#1913,#1914));
#673=EDGE_LOOP('',(#1915,#1916,#1917,#1918));
#674=EDGE_LOOP('',(#1919,#1920,#1921,#1922));
#675=EDGE_LOOP('',(#1923,#1924,#1925,#1926));
#676=EDGE_LOOP('',(#1927,#1928,#1929,#1930));
#677=EDGE_LOOP('',(#1931,#1932,#1933,#1934));
#678=EDGE_LOOP('',(#1935,#1936,#1937,#1938));
#679=EDGE_LOOP('',(#1939,#1940,#1941,#1942));
#680=EDGE_LOOP('',(#1943,#1944,#1945,#1946));
#681=EDGE_LOOP('',(#1947,#1948,#1949,#1950));
#682=EDGE_LOOP('',(#1951,#1952,#1953,#1954));
#683=EDGE_LOOP('',(#1955,#1956,#1957,#1958));
#684=EDGE_LOOP('',(#1959,#1960,#1961,#1962));
#685=EDGE_LOOP('',(#1963,#1964,#1965,#1966));
#686=EDGE_LOOP('',(#1967,#1968,#1969,#1970));
#687=EDGE_LOOP('',(#1971,#1972,#1973,#1974));
#688=EDGE_LOOP('',(#1975,#1976,#1977,#1978));
#689=EDGE_LOOP('',(#1979,#1980,#1981,#1982));
#690=EDGE_LOOP('',(#1983,#1984,#1985,#1986));
#691=EDGE_LOOP('',(#1987,#1988,#1989,#1990));
#692=EDGE_LOOP('',(#1991,#1992,#1993,#1994));
#693=EDGE_LOOP('',(#1995,#1996,#1997,#1998));
#694=EDGE_LOOP('',(#1999,#2000,#2001,#2002));
#695=EDGE_LOOP('',(#2003,#2004,#2005,#2006));
#696=EDGE_LOOP('',(#2007,#2008,#2009,#2010));
#697=EDGE_LOOP('',(#2011,#2012,#2013,#2014));
#698=EDGE_LOOP('',(#2015,#2016,#2017,#2018));
#699=EDGE_LOOP('',(#2019,#2020,#2021,#2022));
#700=EDGE_LOOP('',(#2023,#2024,#2025,#2026));
#701=EDGE_LOOP('',(#2027,#2028,#2029,#2030));
#702=EDGE_LOOP('',(#2031,#2032,#2033,#2034));
#703=EDGE_LOOP('',(#2035,#2036,#2037,#2038));
#704=EDGE_LOOP('',(#2039,#2040,#2041,#2042));
#705=EDGE_LOOP('',(#2043,#2044,#2045,#2046));
#706=EDGE_LOOP('',(#2047,#2048,#2049,#2050));
#707=EDGE_LOOP('',(#2051,#2052,#2053,#2054));
#708=EDGE_LOOP('',(#2055,#2056,#2057,#2058));
#709=EDGE_LOOP('',(#2059,#2060,#2061,#2062));
#710=EDGE_LOOP('',(#2063,#2064,#2065,#2066));
#711=EDGE_LOOP('',(#2067,#2068,#2069,#2070));
#712=EDGE_LOOP('',(#2071,#2072,#2073,#2074));
#713=EDGE_LOOP('',(#2075,#2076,#2077,#2078));
#714=EDGE_LOOP('',(#2079,#2080,#2081,#2082));
#715=EDGE_LOOP('',(#2083,#2084,#2085,#2086));
#716=EDGE_LOOP('',(#2087,#2088,#2089,#2090));
#717=EDGE_LOOP('',(#2091,#2092,#2093,#2094));
#718=EDGE_LOOP('',(#2095,#2096,#2097,#2098));
#719=EDGE_LOOP('',(#2099,#2100,#2101,#2102));
#720=EDGE_LOOP('',(#2103,#2104,#2105,#2106));
#721=EDGE_LOOP('',(#2107,#2108,#2109,#2110));
#722=EDGE_LOOP('',(#2111,#2112,#2113,#2114));
#723=EDGE_LOOP('',(#2115,#2116,#2117,#2118));
#724=EDGE_LOOP('',(#2119,#2120,#2121,#2122));
#725=EDGE_LOOP('',(#2123,#2124,#2125,#2126));
#726=EDGE_LOOP('',(#2127,#2128,#2129,#2130));
#727=EDGE_LOOP('',(#2131,#2132,#2133,#2134));
#728=EDGE_LOOP('',(#2135,#2136,#2137,#2138));
#729=EDGE_LOOP('',(#2139,#2140,#2141,#2142));
#730=EDGE_LOOP('',(#2143,#2144,#2145,#2146));
#731=EDGE_LOOP('',(#2147,#2148,#2149,#2150,#2151,#2152,#2153,#2154,#2155,
#2156,#2157,#2158,#2159,#2160,#2161,#2162,#2163,#2164,#2165,#2166,#2167,
#2168,#2169,#2170,#2171,#2172,#2173,#2174,#2175,#2176,#2177,#2178,#2179,
#2180,#2181,#2182,#2183,#2184,#2185,#2186,#2187,#2188,#2189,#2190,#2191,
#2192,#2193,#2194,#2195,#2196,#2197,#2198,#2199,#2200,#2201,#2202,#2203,
#2204,#2205,#2206,#2207,#2208,#2209,#2210));
#732=EDGE_LOOP('',(#2211));
#733=LINE('',#2842,#814);
#734=LINE('',#2844,#815);
#735=LINE('',#2846,#816);
#736=LINE('',#2847,#817);
#737=LINE('',#2851,#818);
#738=LINE('',#2853,#819);
#739=LINE('',#2855,#820);
#740=LINE('',#2856,#821);
#741=LINE('',#2859,#822);
#742=LINE('',#2861,#823);
#743=LINE('',#2862,#824);
#744=LINE('',#2866,#825);
#745=LINE('',#2868,#826);
#746=LINE('',#2872,#827);
#747=LINE('',#2874,#828);
#748=LINE('',#2875,#829);
#749=LINE('',#2879,#830);
#750=LINE('',#2882,#831);
#751=LINE('',#2883,#832);
#752=LINE('',#2889,#833);
#753=LINE('',#2891,#834);
#754=LINE('',#2892,#835);
#755=LINE('',#2897,#836);
#756=LINE('',#2898,#837);
#757=LINE('',#2905,#838);
#758=LINE('',#2908,#839);
#759=LINE('',#2931,#840);
#760=LINE('',#2934,#841);
#761=LINE('',#2936,#842);
#762=LINE('',#2937,#843);
#763=LINE('',#2940,#844);
#764=LINE('',#2941,#845);
#765=LINE('',#2943,#846);
#766=LINE('',#3050,#847);
#767=LINE('',#3056,#848);
#768=LINE('',#3474,#849);
#769=LINE('',#3480,#850);
#770=LINE('',#3578,#851);
#771=LINE('',#3584,#852);
#772=LINE('',#4002,#853);
#773=LINE('',#4008,#854);
#774=LINE('',#4106,#855);
#775=LINE('',#4112,#856);
#776=LINE('',#4530,#857);
#777=LINE('',#4536,#858);
#778=LINE('',#4634,#859);
#779=LINE('',#4640,#860);
#780=LINE('',#5058,#861);
#781=LINE('',#5064,#862);
#782=LINE('',#5162,#863);
#783=LINE('',#5168,#864);
#784=LINE('',#5586,#865);
#785=LINE('',#5592,#866);
#786=LINE('',#5690,#867);
#787=LINE('',#5696,#868);
#788=LINE('',#6114,#869);
#789=LINE('',#6120,#870);
#790=LINE('',#6218,#871);
#791=LINE('',#6224,#872);
#792=LINE('',#6642,#873);
#793=LINE('',#6648,#874);
#794=LINE('',#6746,#875);
#795=LINE('',#6752,#876);
#796=LINE('',#7169,#877);
#797=LINE('',#7170,#878);
#798=LINE('',#7268,#879);
#799=LINE('',#7536,#880);
#800=LINE('',#7632,#881);
#801=LINE('',#7900,#882);
#802=LINE('',#7996,#883);
#803=LINE('',#8264,#884);
#804=LINE('',#8360,#885);
#805=LINE('',#8628,#886);
#806=LINE('',#8724,#887);
#807=LINE('',#8992,#888);
#808=LINE('',#9088,#889);
#809=LINE('',#9356,#890);
#810=LINE('',#9452,#891);
#811=LINE('',#9720,#892);
#812=LINE('',#9816,#893);
#813=LINE('',#10083,#894);
#814=VECTOR('',#2513,10.);
#815=VECTOR('',#2514,10.);
#816=VECTOR('',#2515,10.);
#817=VECTOR('',#2516,10.);
#818=VECTOR('',#2519,10.);
#819=VECTOR('',#2520,10.);
#820=VECTOR('',#2521,10.);
#821=VECTOR('',#2522,10.);
#822=VECTOR('',#2525,10.);
#823=VECTOR('',#2526,10.);
#824=VECTOR('',#2527,10.);
#825=VECTOR('',#2532,10.);
#826=VECTOR('',#2533,10.);
#827=VECTOR('',#2536,10.);
#828=VECTOR('',#2537,10.);
#829=VECTOR('',#2538,10.);
#830=VECTOR('',#2541,10.);
#831=VECTOR('',#2544,10.);
#832=VECTOR('',#2545,10.);
#833=VECTOR('',#2552,10.);
#834=VECTOR('',#2553,10.);
#835=VECTOR('',#2554,10.);
#836=VECTOR('',#2559,10.);
#837=VECTOR('',#2560,10.);
#838=VECTOR('',#2563,10.);
#839=VECTOR('',#2566,2.55);
#840=VECTOR('',#2575,1.2645);
#841=VECTOR('',#2578,10.);
#842=VECTOR('',#2579,10.);
#843=VECTOR('',#2580,10.);
#844=VECTOR('',#2583,10.);
#845=VECTOR('',#2584,10.);
#846=VECTOR('',#2587,10.);
#847=VECTOR('',#2606,10.);
#848=VECTOR('',#2607,10.);
#849=VECTOR('',#2612,10.);
#850=VECTOR('',#2613,10.);
#851=VECTOR('',#2626,10.);
#852=VECTOR('',#2627,10.);
#853=VECTOR('',#2632,10.);
#854=VECTOR('',#2633,10.);
#855=VECTOR('',#2646,10.);
#856=VECTOR('',#2647,10.);
#857=VECTOR('',#2652,10.);
#858=VECTOR('',#2653,10.);
#859=VECTOR('',#2666,10.);
#860=VECTOR('',#2667,10.);
#861=VECTOR('',#2672,10.);
#862=VECTOR('',#2673,10.);
#863=VECTOR('',#2686,10.);
#864=VECTOR('',#2687,10.);
#865=VECTOR('',#2692,10.);
#866=VECTOR('',#2693,10.);
#867=VECTOR('',#2706,10.);
#868=VECTOR('',#2707,10.);
#869=VECTOR('',#2712,10.);
#870=VECTOR('',#2713,10.);
#871=VECTOR('',#2726,10.);
#872=VECTOR('',#2727,10.);
#873=VECTOR('',#2732,10.);
#874=VECTOR('',#2733,10.);
#875=VECTOR('',#2746,10.);
#876=VECTOR('',#2747,10.);
#877=VECTOR('',#2752,10.);
#878=VECTOR('',#2753,10.);
#879=VECTOR('',#2762,10.);
#880=VECTOR('',#2765,10.);
#881=VECTOR('',#2772,10.);
#882=VECTOR('',#2775,10.);
#883=VECTOR('',#2782,10.);
#884=VECTOR('',#2785,10.);
#885=VECTOR('',#2792,10.);
#886=VECTOR('',#2795,10.);
#887=VECTOR('',#2802,10.);
#888=VECTOR('',#2805,10.);
#889=VECTOR('',#2812,10.);
#890=VECTOR('',#2815,10.);
#891=VECTOR('',#2822,10.);
#892=VECTOR('',#2825,10.);
#893=VECTOR('',#2832,10.);
#894=VECTOR('',#2835,10.);
#895=VERTEX_POINT('',#2840);
#896=VERTEX_POINT('',#2841);
#897=VERTEX_POINT('',#2843);
#898=VERTEX_POINT('',#2845);
#899=VERTEX_POINT('',#2849);
#900=VERTEX_POINT('',#2850);
#901=VERTEX_POINT('',#2852);
#902=VERTEX_POINT('',#2854);
#903=VERTEX_POINT('',#2858);
#904=VERTEX_POINT('',#2860);
#905=VERTEX_POINT('',#2865);
#906=VERTEX_POINT('',#2867);
#907=VERTEX_POINT('',#2869);
#908=VERTEX_POINT('',#2871);
#909=VERTEX_POINT('',#2873);
#910=VERTEX_POINT('',#2877);
#911=VERTEX_POINT('',#2878);
#912=VERTEX_POINT('',#2881);
#913=VERTEX_POINT('',#2884);
#914=VERTEX_POINT('',#2888);
#915=VERTEX_POINT('',#2890);
#916=VERTEX_POINT('',#2893);
#917=VERTEX_POINT('',#2896);
#918=VERTEX_POINT('',#2900);
#919=VERTEX_POINT('',#2907);
#920=VERTEX_POINT('',#2911);
#921=VERTEX_POINT('',#2929);
#922=VERTEX_POINT('',#2933);
#923=VERTEX_POINT('',#2935);
#924=VERTEX_POINT('',#2939);
#925=VERTEX_POINT('',#2967);
#926=VERTEX_POINT('',#2968);
#927=VERTEX_POINT('',#2970);
#928=VERTEX_POINT('',#2975);
#929=VERTEX_POINT('',#2997);
#930=VERTEX_POINT('',#2999);
#931=VERTEX_POINT('',#3025);
#932=VERTEX_POINT('',#3027);
#933=VERTEX_POINT('',#3049);
#934=VERTEX_POINT('',#3051);
#935=VERTEX_POINT('',#3089);
#936=VERTEX_POINT('',#3165);
#937=VERTEX_POINT('',#3261);
#938=VERTEX_POINT('',#3263);
#939=VERTEX_POINT('',#3301);
#940=VERTEX_POINT('',#3377);
#941=VERTEX_POINT('',#3473);
#942=VERTEX_POINT('',#3475);
#943=VERTEX_POINT('',#3501);
#944=VERTEX_POINT('',#3503);
#945=VERTEX_POINT('',#3525);
#946=VERTEX_POINT('',#3527);
#947=VERTEX_POINT('',#3553);
#948=VERTEX_POINT('',#3555);
#949=VERTEX_POINT('',#3577);
#950=VERTEX_POINT('',#3579);
#951=VERTEX_POINT('',#3617);
#952=VERTEX_POINT('',#3693);
#953=VERTEX_POINT('',#3789);
#954=VERTEX_POINT('',#3791);
#955=VERTEX_POINT('',#3829);
#956=VERTEX_POINT('',#3905);
#957=VERTEX_POINT('',#4001);
#958=VERTEX_POINT('',#4003);
#959=VERTEX_POINT('',#4029);
#960=VERTEX_POINT('',#4031);
#961=VERTEX_POINT('',#4053);
#962=VERTEX_POINT('',#4055);
#963=VERTEX_POINT('',#4081);
#964=VERTEX_POINT('',#4083);
#965=VERTEX_POINT('',#4105);
#966=VERTEX_POINT('',#4107);
#967=VERTEX_POINT('',#4145);
#968=VERTEX_POINT('',#4221);
#969=VERTEX_POINT('',#4317);
#970=VERTEX_POINT('',#4319);
#971=VERTEX_POINT('',#4357);
#972=VERTEX_POINT('',#4433);
#973=VERTEX_POINT('',#4529);
#974=VERTEX_POINT('',#4531);
#975=VERTEX_POINT('',#4557);
#976=VERTEX_POINT('',#4559);
#977=VERTEX_POINT('',#4581);
#978=VERTEX_POINT('',#4583);
#979=VERTEX_POINT('',#4609);
#980=VERTEX_POINT('',#4611);
#981=VERTEX_POINT('',#4633);
#982=VERTEX_POINT('',#4635);
#983=VERTEX_POINT('',#4673);
#984=VERTEX_POINT('',#4749);
#985=VERTEX_POINT('',#4845);
#986=VERTEX_POINT('',#4847);
#987=VERTEX_POINT('',#4885);
#988=VERTEX_POINT('',#4961);
#989=VERTEX_POINT('',#5057);
#990=VERTEX_POINT('',#5059);
#991=VERTEX_POINT('',#5085);
#992=VERTEX_POINT('',#5087);
#993=VERTEX_POINT('',#5109);
#994=VERTEX_POINT('',#5111);
#995=VERTEX_POINT('',#5137);
#996=VERTEX_POINT('',#5139);
#997=VERTEX_POINT('',#5161);
#998=VERTEX_POINT('',#5163);
#999=VERTEX_POINT('',#5201);
#1000=VERTEX_POINT('',#5277);
#1001=VERTEX_POINT('',#5373);
#1002=VERTEX_POINT('',#5375);
#1003=VERTEX_POINT('',#5413);
#1004=VERTEX_POINT('',#5489);
#1005=VERTEX_POINT('',#5585);
#1006=VERTEX_POINT('',#5587);
#1007=VERTEX_POINT('',#5613);
#1008=VERTEX_POINT('',#5615);
#1009=VERTEX_POINT('',#5637);
#1010=VERTEX_POINT('',#5639);
#1011=VERTEX_POINT('',#5665);
#1012=VERTEX_POINT('',#5667);
#1013=VERTEX_POINT('',#5689);
#1014=VERTEX_POINT('',#5691);
#1015=VERTEX_POINT('',#5729);
#1016=VERTEX_POINT('',#5805);
#1017=VERTEX_POINT('',#5901);
#1018=VERTEX_POINT('',#5903);
#1019=VERTEX_POINT('',#5941);
#1020=VERTEX_POINT('',#6017);
#1021=VERTEX_POINT('',#6113);
#1022=VERTEX_POINT('',#6115);
#1023=VERTEX_POINT('',#6141);
#1024=VERTEX_POINT('',#6143);
#1025=VERTEX_POINT('',#6165);
#1026=VERTEX_POINT('',#6167);
#1027=VERTEX_POINT('',#6193);
#1028=VERTEX_POINT('',#6195);
#1029=VERTEX_POINT('',#6217);
#1030=VERTEX_POINT('',#6219);
#1031=VERTEX_POINT('',#6257);
#1032=VERTEX_POINT('',#6333);
#1033=VERTEX_POINT('',#6429);
#1034=VERTEX_POINT('',#6431);
#1035=VERTEX_POINT('',#6469);
#1036=VERTEX_POINT('',#6545);
#1037=VERTEX_POINT('',#6641);
#1038=VERTEX_POINT('',#6643);
#1039=VERTEX_POINT('',#6669);
#1040=VERTEX_POINT('',#6671);
#1041=VERTEX_POINT('',#6693);
#1042=VERTEX_POINT('',#6695);
#1043=VERTEX_POINT('',#6721);
#1044=VERTEX_POINT('',#6723);
#1045=VERTEX_POINT('',#6745);
#1046=VERTEX_POINT('',#6747);
#1047=VERTEX_POINT('',#6785);
#1048=VERTEX_POINT('',#6861);
#1049=VERTEX_POINT('',#6957);
#1050=VERTEX_POINT('',#6959);
#1051=VERTEX_POINT('',#6997);
#1052=VERTEX_POINT('',#7073);
#1053=VERTEX_POINT('',#7192);
#1054=VERTEX_POINT('',#7193);
#1055=VERTEX_POINT('',#7219);
#1056=VERTEX_POINT('',#7245);
#1057=VERTEX_POINT('',#7267);
#1058=VERTEX_POINT('',#7305);
#1059=VERTEX_POINT('',#7401);
#1060=VERTEX_POINT('',#7439);
#1061=VERTEX_POINT('',#7535);
#1062=VERTEX_POINT('',#7561);
#1063=VERTEX_POINT('',#7583);
#1064=VERTEX_POINT('',#7609);
#1065=VERTEX_POINT('',#7631);
#1066=VERTEX_POINT('',#7669);
#1067=VERTEX_POINT('',#7765);
#1068=VERTEX_POINT('',#7803);
#1069=VERTEX_POINT('',#7899);
#1070=VERTEX_POINT('',#7925);
#1071=VERTEX_POINT('',#7947);
#1072=VERTEX_POINT('',#7973);
#1073=VERTEX_POINT('',#7995);
#1074=VERTEX_POINT('',#8033);
#1075=VERTEX_POINT('',#8129);
#1076=VERTEX_POINT('',#8167);
#1077=VERTEX_POINT('',#8263);
#1078=VERTEX_POINT('',#8289);
#1079=VERTEX_POINT('',#8311);
#1080=VERTEX_POINT('',#8337);
#1081=VERTEX_POINT('',#8359);
#1082=VERTEX_POINT('',#8397);
#1083=VERTEX_POINT('',#8493);
#1084=VERTEX_POINT('',#8531);
#1085=VERTEX_POINT('',#8627);
#1086=VERTEX_POINT('',#8653);
#1087=VERTEX_POINT('',#8675);
#1088=VERTEX_POINT('',#8701);
#1089=VERTEX_POINT('',#8723);
#1090=VERTEX_POINT('',#8761);
#1091=VERTEX_POINT('',#8857);
#1092=VERTEX_POINT('',#8895);
#1093=VERTEX_POINT('',#8991);
#1094=VERTEX_POINT('',#9017);
#1095=VERTEX_POINT('',#9039);
#1096=VERTEX_POINT('',#9065);
#1097=VERTEX_POINT('',#9087);
#1098=VERTEX_POINT('',#9125);
#1099=VERTEX_POINT('',#9221);
#1100=VERTEX_POINT('',#9259);
#1101=VERTEX_POINT('',#9355);
#1102=VERTEX_POINT('',#9381);
#1103=VERTEX_POINT('',#9403);
#1104=VERTEX_POINT('',#9429);
#1105=VERTEX_POINT('',#9451);
#1106=VERTEX_POINT('',#9489);
#1107=VERTEX_POINT('',#9585);
#1108=VERTEX_POINT('',#9623);
#1109=VERTEX_POINT('',#9719);
#1110=VERTEX_POINT('',#9745);
#1111=VERTEX_POINT('',#9767);
#1112=VERTEX_POINT('',#9793);
#1113=VERTEX_POINT('',#9815);
#1114=VERTEX_POINT('',#9853);
#1115=VERTEX_POINT('',#9949);
#1116=VERTEX_POINT('',#9987);
#1117=EDGE_CURVE('',#895,#896,#733,.T.);
#1118=EDGE_CURVE('',#897,#895,#734,.T.);
#1119=EDGE_CURVE('',#897,#898,#735,.T.);
#1120=EDGE_CURVE('',#898,#896,#736,.T.);
#1121=EDGE_CURVE('',#899,#900,#737,.T.);
#1122=EDGE_CURVE('',#899,#901,#738,.T.);
#1123=EDGE_CURVE('',#902,#901,#739,.T.);
#1124=EDGE_CURVE('',#900,#902,#740,.T.);
#1125=EDGE_CURVE('',#902,#903,#741,.T.);
#1126=EDGE_CURVE('',#901,#904,#742,.T.);
#1127=EDGE_CURVE('',#903,#904,#743,.T.);
#1128=EDGE_CURVE('',#896,#899,#331,.T.);
#1129=EDGE_CURVE('',#905,#898,#744,.T.);
#1130=EDGE_CURVE('',#906,#905,#745,.T.);
#1131=EDGE_CURVE('',#907,#906,#332,.T.);
#1132=EDGE_CURVE('',#908,#907,#746,.T.);
#1133=EDGE_CURVE('',#909,#908,#747,.T.);
#1134=EDGE_CURVE('',#904,#909,#748,.T.);
#1135=EDGE_CURVE('',#910,#911,#749,.T.);
#1136=EDGE_CURVE('',#911,#910,#333,.T.);
#1137=EDGE_CURVE('',#903,#912,#750,.T.);
#1138=EDGE_CURVE('',#912,#897,#751,.T.);
#1139=EDGE_CURVE('',#895,#913,#334,.T.);
#1140=EDGE_CURVE('',#913,#900,#335,.T.);
#1141=EDGE_CURVE('',#909,#914,#752,.T.);
#1142=EDGE_CURVE('',#914,#915,#753,.T.);
#1143=EDGE_CURVE('',#912,#915,#754,.T.);
#1144=EDGE_CURVE('',#916,#916,#336,.T.);
#1145=EDGE_CURVE('',#908,#917,#755,.T.);
#1146=EDGE_CURVE('',#917,#914,#756,.T.);
#1147=EDGE_CURVE('',#918,#907,#195,.T.);
#1148=EDGE_CURVE('',#918,#917,#757,.T.);
#1149=EDGE_CURVE('',#913,#919,#758,.T.);
#1150=EDGE_CURVE('',#919,#919,#337,.T.);
#1151=EDGE_CURVE('',#906,#920,#196,.T.);
#1152=EDGE_CURVE('',#920,#918,#197,.T.);
#1153=EDGE_CURVE('',#921,#921,#338,.T.);
#1154=EDGE_CURVE('',#921,#916,#759,.T.);
#1155=EDGE_CURVE('',#922,#910,#760,.T.);
#1156=EDGE_CURVE('',#922,#923,#761,.T.);
#1157=EDGE_CURVE('',#911,#923,#762,.T.);
#1158=EDGE_CURVE('',#905,#924,#763,.T.);
#1159=EDGE_CURVE('',#924,#920,#764,.T.);
#1160=EDGE_CURVE('',#915,#924,#765,.T.);
#1161=EDGE_CURVE('',#922,#923,#339,.T.);
#1162=EDGE_CURVE('',#925,#926,#340,.T.);
#1163=EDGE_CURVE('',#926,#927,#198,.T.);
#1164=EDGE_CURVE('',#927,#928,#341,.T.);
#1165=EDGE_CURVE('',#925,#928,#199,.T.);
#1166=EDGE_CURVE('',#929,#926,#342,.T.);
#1167=EDGE_CURVE('',#929,#930,#200,.T.);
#1168=EDGE_CURVE('',#930,#927,#343,.T.);
#1169=EDGE_CURVE('',#929,#931,#344,.T.);
#1170=EDGE_CURVE('',#931,#932,#201,.T.);
#1171=EDGE_CURVE('',#932,#930,#345,.T.);
#1172=EDGE_CURVE('',#933,#931,#766,.T.);
#1173=EDGE_CURVE('',#933,#934,#202,.T.);
#1174=EDGE_CURVE('',#934,#932,#767,.T.);
#1175=EDGE_CURVE('',#935,#933,#15,.T.);
#1176=EDGE_CURVE('',#935,#936,#203,.T.);
#1177=EDGE_CURVE('',#936,#934,#16,.T.);
#1178=EDGE_CURVE('',#937,#935,#346,.T.);
#1179=EDGE_CURVE('',#937,#938,#204,.T.);
#1180=EDGE_CURVE('',#938,#936,#347,.T.);
#1181=EDGE_CURVE('',#939,#937,#17,.T.);
#1182=EDGE_CURVE('',#939,#940,#205,.T.);
#1183=EDGE_CURVE('',#940,#938,#18,.T.);
#1184=EDGE_CURVE('',#941,#939,#768,.T.);
#1185=EDGE_CURVE('',#941,#942,#206,.T.);
#1186=EDGE_CURVE('',#942,#940,#769,.T.);
#1187=EDGE_CURVE('',#941,#943,#348,.T.);
#1188=EDGE_CURVE('',#943,#944,#207,.T.);
#1189=EDGE_CURVE('',#944,#942,#349,.T.);
#1190=EDGE_CURVE('',#945,#943,#350,.T.);
#1191=EDGE_CURVE('',#945,#946,#208,.T.);
#1192=EDGE_CURVE('',#946,#944,#351,.T.);
#1193=EDGE_CURVE('',#945,#947,#352,.T.);
#1194=EDGE_CURVE('',#947,#948,#209,.T.);
#1195=EDGE_CURVE('',#948,#946,#353,.T.);
#1196=EDGE_CURVE('',#949,#947,#770,.T.);
#1197=EDGE_CURVE('',#949,#950,#210,.T.);
#1198=EDGE_CURVE('',#950,#948,#771,.T.);
#1199=EDGE_CURVE('',#951,#949,#19,.T.);
#1200=EDGE_CURVE('',#951,#952,#211,.T.);
#1201=EDGE_CURVE('',#952,#950,#20,.T.);
#1202=EDGE_CURVE('',#953,#951,#354,.T.);
#1203=EDGE_CURVE('',#953,#954,#212,.T.);
#1204=EDGE_CURVE('',#954,#952,#355,.T.);
#1205=EDGE_CURVE('',#955,#953,#21,.T.);
#1206=EDGE_CURVE('',#955,#956,#213,.T.);
#1207=EDGE_CURVE('',#956,#954,#22,.T.);
#1208=EDGE_CURVE('',#957,#955,#772,.T.);
#1209=EDGE_CURVE('',#957,#958,#214,.T.);
#1210=EDGE_CURVE('',#958,#956,#773,.T.);
#1211=EDGE_CURVE('',#957,#959,#356,.T.);
#1212=EDGE_CURVE('',#959,#960,#215,.T.);
#1213=EDGE_CURVE('',#960,#958,#357,.T.);
#1214=EDGE_CURVE('',#961,#959,#358,.T.);
#1215=EDGE_CURVE('',#961,#962,#216,.T.);
#1216=EDGE_CURVE('',#962,#960,#359,.T.);
#1217=EDGE_CURVE('',#961,#963,#360,.T.);
#1218=EDGE_CURVE('',#963,#964,#217,.T.);
#1219=EDGE_CURVE('',#964,#962,#361,.T.);
#1220=EDGE_CURVE('',#965,#963,#774,.T.);
#1221=EDGE_CURVE('',#965,#966,#218,.T.);
#1222=EDGE_CURVE('',#966,#964,#775,.T.);
#1223=EDGE_CURVE('',#967,#965,#23,.T.);
#1224=EDGE_CURVE('',#967,#968,#219,.T.);
#1225=EDGE_CURVE('',#968,#966,#24,.T.);
#1226=EDGE_CURVE('',#969,#967,#362,.T.);
#1227=EDGE_CURVE('',#969,#970,#220,.T.);
#1228=EDGE_CURVE('',#970,#968,#363,.T.);
#1229=EDGE_CURVE('',#971,#969,#25,.T.);
#1230=EDGE_CURVE('',#971,#972,#221,.T.);
#1231=EDGE_CURVE('',#972,#970,#26,.T.);
#1232=EDGE_CURVE('',#973,#971,#776,.T.);
#1233=EDGE_CURVE('',#973,#974,#222,.T.);
#1234=EDGE_CURVE('',#974,#972,#777,.T.);
#1235=EDGE_CURVE('',#973,#975,#364,.T.);
#1236=EDGE_CURVE('',#975,#976,#223,.T.);
#1237=EDGE_CURVE('',#976,#974,#365,.T.);
#1238=EDGE_CURVE('',#977,#975,#366,.T.);
#1239=EDGE_CURVE('',#977,#978,#224,.T.);
#1240=EDGE_CURVE('',#978,#976,#367,.T.);
#1241=EDGE_CURVE('',#977,#979,#368,.T.);
#1242=EDGE_CURVE('',#979,#980,#225,.T.);
#1243=EDGE_CURVE('',#980,#978,#369,.T.);
#1244=EDGE_CURVE('',#981,#979,#778,.T.);
#1245=EDGE_CURVE('',#981,#982,#226,.T.);
#1246=EDGE_CURVE('',#982,#980,#779,.T.);
#1247=EDGE_CURVE('',#983,#981,#27,.T.);
#1248=EDGE_CURVE('',#983,#984,#227,.T.);
#1249=EDGE_CURVE('',#984,#982,#28,.T.);
#1250=EDGE_CURVE('',#985,#983,#370,.T.);
#1251=EDGE_CURVE('',#985,#986,#228,.T.);
#1252=EDGE_CURVE('',#986,#984,#371,.T.);
#1253=EDGE_CURVE('',#987,#985,#29,.T.);
#1254=EDGE_CURVE('',#987,#988,#229,.T.);
#1255=EDGE_CURVE('',#988,#986,#30,.T.);
#1256=EDGE_CURVE('',#989,#987,#780,.T.);
#1257=EDGE_CURVE('',#989,#990,#230,.T.);
#1258=EDGE_CURVE('',#990,#988,#781,.T.);
#1259=EDGE_CURVE('',#989,#991,#372,.T.);
#1260=EDGE_CURVE('',#991,#992,#231,.T.);
#1261=EDGE_CURVE('',#992,#990,#373,.T.);
#1262=EDGE_CURVE('',#993,#991,#374,.T.);
#1263=EDGE_CURVE('',#993,#994,#232,.T.);
#1264=EDGE_CURVE('',#994,#992,#375,.T.);
#1265=EDGE_CURVE('',#993,#995,#376,.T.);
#1266=EDGE_CURVE('',#995,#996,#233,.T.);
#1267=EDGE_CURVE('',#996,#994,#377,.T.);
#1268=EDGE_CURVE('',#997,#995,#782,.T.);
#1269=EDGE_CURVE('',#997,#998,#234,.T.);
#1270=EDGE_CURVE('',#998,#996,#783,.T.);
#1271=EDGE_CURVE('',#999,#997,#31,.T.);
#1272=EDGE_CURVE('',#999,#1000,#235,.T.);
#1273=EDGE_CURVE('',#1000,#998,#32,.T.);
#1274=EDGE_CURVE('',#1001,#999,#378,.T.);
#1275=EDGE_CURVE('',#1001,#1002,#236,.T.);
#1276=EDGE_CURVE('',#1002,#1000,#379,.T.);
#1277=EDGE_CURVE('',#1003,#1001,#33,.T.);
#1278=EDGE_CURVE('',#1003,#1004,#237,.T.);
#1279=EDGE_CURVE('',#1004,#1002,#34,.T.);
#1280=EDGE_CURVE('',#1005,#1003,#784,.T.);
#1281=EDGE_CURVE('',#1005,#1006,#238,.T.);
#1282=EDGE_CURVE('',#1006,#1004,#785,.T.);
#1283=EDGE_CURVE('',#1005,#1007,#380,.T.);
#1284=EDGE_CURVE('',#1007,#1008,#239,.T.);
#1285=EDGE_CURVE('',#1008,#1006,#381,.T.);
#1286=EDGE_CURVE('',#1009,#1007,#382,.T.);
#1287=EDGE_CURVE('',#1009,#1010,#240,.T.);
#1288=EDGE_CURVE('',#1010,#1008,#383,.T.);
#1289=EDGE_CURVE('',#1009,#1011,#384,.T.);
#1290=EDGE_CURVE('',#1011,#1012,#241,.T.);
#1291=EDGE_CURVE('',#1012,#1010,#385,.T.);
#1292=EDGE_CURVE('',#1013,#1011,#786,.T.);
#1293=EDGE_CURVE('',#1013,#1014,#242,.T.);
#1294=EDGE_CURVE('',#1014,#1012,#787,.T.);
#1295=EDGE_CURVE('',#1015,#1013,#35,.T.);
#1296=EDGE_CURVE('',#1015,#1016,#243,.T.);
#1297=EDGE_CURVE('',#1016,#1014,#36,.T.);
#1298=EDGE_CURVE('',#1017,#1015,#386,.T.);
#1299=EDGE_CURVE('',#1017,#1018,#244,.T.);
#1300=EDGE_CURVE('',#1018,#1016,#387,.T.);
#1301=EDGE_CURVE('',#1019,#1017,#37,.T.);
#1302=EDGE_CURVE('',#1019,#1020,#245,.T.);
#1303=EDGE_CURVE('',#1020,#1018,#38,.T.);
#1304=EDGE_CURVE('',#1021,#1019,#788,.T.);
#1305=EDGE_CURVE('',#1021,#1022,#246,.T.);
#1306=EDGE_CURVE('',#1022,#1020,#789,.T.);
#1307=EDGE_CURVE('',#1021,#1023,#388,.T.);
#1308=EDGE_CURVE('',#1023,#1024,#247,.T.);
#1309=EDGE_CURVE('',#1024,#1022,#389,.T.);
#1310=EDGE_CURVE('',#1025,#1023,#390,.T.);
#1311=EDGE_CURVE('',#1025,#1026,#248,.T.);
#1312=EDGE_CURVE('',#1026,#1024,#391,.T.);
#1313=EDGE_CURVE('',#1025,#1027,#392,.T.);
#1314=EDGE_CURVE('',#1027,#1028,#249,.T.);
#1315=EDGE_CURVE('',#1028,#1026,#393,.T.);
#1316=EDGE_CURVE('',#1029,#1027,#790,.T.);
#1317=EDGE_CURVE('',#1029,#1030,#250,.T.);
#1318=EDGE_CURVE('',#1030,#1028,#791,.T.);
#1319=EDGE_CURVE('',#1031,#1029,#39,.T.);
#1320=EDGE_CURVE('',#1031,#1032,#251,.T.);
#1321=EDGE_CURVE('',#1032,#1030,#40,.T.);
#1322=EDGE_CURVE('',#1033,#1031,#394,.T.);
#1323=EDGE_CURVE('',#1033,#1034,#252,.T.);
#1324=EDGE_CURVE('',#1034,#1032,#395,.T.);
#1325=EDGE_CURVE('',#1035,#1033,#41,.T.);
#1326=EDGE_CURVE('',#1035,#1036,#253,.T.);
#1327=EDGE_CURVE('',#1036,#1034,#42,.T.);
#1328=EDGE_CURVE('',#1037,#1035,#792,.T.);
#1329=EDGE_CURVE('',#1037,#1038,#254,.T.);
#1330=EDGE_CURVE('',#1038,#1036,#793,.T.);
#1331=EDGE_CURVE('',#1037,#1039,#396,.T.);
#1332=EDGE_CURVE('',#1039,#1040,#255,.T.);
#1333=EDGE_CURVE('',#1040,#1038,#397,.T.);
#1334=EDGE_CURVE('',#1041,#1039,#398,.T.);
#1335=EDGE_CURVE('',#1041,#1042,#256,.T.);
#1336=EDGE_CURVE('',#1042,#1040,#399,.T.);
#1337=EDGE_CURVE('',#1041,#1043,#400,.T.);
#1338=EDGE_CURVE('',#1043,#1044,#257,.T.);
#1339=EDGE_CURVE('',#1044,#1042,#401,.T.);
#1340=EDGE_CURVE('',#1045,#1043,#794,.T.);
#1341=EDGE_CURVE('',#1045,#1046,#258,.T.);
#1342=EDGE_CURVE('',#1046,#1044,#795,.T.);
#1343=EDGE_CURVE('',#1047,#1045,#43,.T.);
#1344=EDGE_CURVE('',#1047,#1048,#259,.T.);
#1345=EDGE_CURVE('',#1048,#1046,#44,.T.);
#1346=EDGE_CURVE('',#1049,#1047,#402,.T.);
#1347=EDGE_CURVE('',#1049,#1050,#260,.T.);
#1348=EDGE_CURVE('',#1050,#1048,#403,.T.);
#1349=EDGE_CURVE('',#1051,#1049,#45,.T.);
#1350=EDGE_CURVE('',#1051,#1052,#261,.T.);
#1351=EDGE_CURVE('',#1052,#1050,#46,.T.);
#1352=EDGE_CURVE('',#925,#1051,#796,.T.);
#1353=EDGE_CURVE('',#928,#1052,#797,.T.);
#1354=EDGE_CURVE('',#1053,#1054,#404,.T.);
#1355=EDGE_CURVE('',#1053,#928,#262,.T.);
#1356=EDGE_CURVE('',#1054,#927,#263,.T.);
#1357=EDGE_CURVE('',#1055,#1054,#405,.T.);
#1358=EDGE_CURVE('',#1055,#930,#264,.T.);
#1359=EDGE_CURVE('',#1055,#1056,#406,.T.);
#1360=EDGE_CURVE('',#1056,#932,#265,.T.);
#1361=EDGE_CURVE('',#1057,#1056,#798,.T.);
#1362=EDGE_CURVE('',#1057,#934,#266,.T.);
#1363=EDGE_CURVE('',#1058,#1057,#47,.T.);
#1364=EDGE_CURVE('',#1058,#936,#267,.T.);
#1365=EDGE_CURVE('',#1059,#1058,#407,.T.);
#1366=EDGE_CURVE('',#1059,#938,#268,.T.);
#1367=EDGE_CURVE('',#1060,#1059,#48,.T.);
#1368=EDGE_CURVE('',#1060,#940,#269,.T.);
#1369=EDGE_CURVE('',#1061,#1060,#799,.T.);
#1370=EDGE_CURVE('',#1061,#942,#270,.T.);
#1371=EDGE_CURVE('',#1061,#1062,#408,.T.);
#1372=EDGE_CURVE('',#1062,#944,#271,.T.);
#1373=EDGE_CURVE('',#1063,#1062,#409,.T.);
#1374=EDGE_CURVE('',#1063,#946,#272,.T.);
#1375=EDGE_CURVE('',#1063,#1064,#410,.T.);
#1376=EDGE_CURVE('',#1064,#948,#273,.T.);
#1377=EDGE_CURVE('',#1065,#1064,#800,.T.);
#1378=EDGE_CURVE('',#1065,#950,#274,.T.);
#1379=EDGE_CURVE('',#1066,#1065,#49,.T.);
#1380=EDGE_CURVE('',#1066,#952,#275,.T.);
#1381=EDGE_CURVE('',#1067,#1066,#411,.T.);
#1382=EDGE_CURVE('',#1067,#954,#276,.T.);
#1383=EDGE_CURVE('',#1068,#1067,#50,.T.);
#1384=EDGE_CURVE('',#1068,#956,#277,.T.);
#1385=EDGE_CURVE('',#1069,#1068,#801,.T.);
#1386=EDGE_CURVE('',#1069,#958,#278,.T.);
#1387=EDGE_CURVE('',#1069,#1070,#412,.T.);
#1388=EDGE_CURVE('',#1070,#960,#279,.T.);
#1389=EDGE_CURVE('',#1071,#1070,#413,.T.);
#1390=EDGE_CURVE('',#1071,#962,#280,.T.);
#1391=EDGE_CURVE('',#1071,#1072,#414,.T.);
#1392=EDGE_CURVE('',#1072,#964,#281,.T.);
#1393=EDGE_CURVE('',#1073,#1072,#802,.T.);
#1394=EDGE_CURVE('',#1073,#966,#282,.T.);
#1395=EDGE_CURVE('',#1074,#1073,#51,.T.);
#1396=EDGE_CURVE('',#1074,#968,#283,.T.);
#1397=EDGE_CURVE('',#1075,#1074,#415,.T.);
#1398=EDGE_CURVE('',#1075,#970,#284,.T.);
#1399=EDGE_CURVE('',#1076,#1075,#52,.T.);
#1400=EDGE_CURVE('',#1076,#972,#285,.T.);
#1401=EDGE_CURVE('',#1077,#1076,#803,.T.);
#1402=EDGE_CURVE('',#1077,#974,#286,.T.);
#1403=EDGE_CURVE('',#1077,#1078,#416,.T.);
#1404=EDGE_CURVE('',#1078,#976,#287,.T.);
#1405=EDGE_CURVE('',#1079,#1078,#417,.T.);
#1406=EDGE_CURVE('',#1079,#978,#288,.T.);
#1407=EDGE_CURVE('',#1079,#1080,#418,.T.);
#1408=EDGE_CURVE('',#1080,#980,#289,.T.);
#1409=EDGE_CURVE('',#1081,#1080,#804,.T.);
#1410=EDGE_CURVE('',#1081,#982,#290,.T.);
#1411=EDGE_CURVE('',#1082,#1081,#53,.T.);
#1412=EDGE_CURVE('',#1082,#984,#291,.T.);
#1413=EDGE_CURVE('',#1083,#1082,#419,.T.);
#1414=EDGE_CURVE('',#1083,#986,#292,.T.);
#1415=EDGE_CURVE('',#1084,#1083,#54,.T.);
#1416=EDGE_CURVE('',#1084,#988,#293,.T.);
#1417=EDGE_CURVE('',#1085,#1084,#805,.T.);
#1418=EDGE_CURVE('',#1085,#990,#294,.T.);
#1419=EDGE_CURVE('',#1085,#1086,#420,.T.);
#1420=EDGE_CURVE('',#1086,#992,#295,.T.);
#1421=EDGE_CURVE('',#1087,#1086,#421,.T.);
#1422=EDGE_CURVE('',#1087,#994,#296,.T.);
#1423=EDGE_CURVE('',#1087,#1088,#422,.T.);
#1424=EDGE_CURVE('',#1088,#996,#297,.T.);
#1425=EDGE_CURVE('',#1089,#1088,#806,.T.);
#1426=EDGE_CURVE('',#1089,#998,#298,.T.);
#1427=EDGE_CURVE('',#1090,#1089,#55,.T.);
#1428=EDGE_CURVE('',#1090,#1000,#299,.T.);
#1429=EDGE_CURVE('',#1091,#1090,#423,.T.);
#1430=EDGE_CURVE('',#1091,#1002,#300,.T.);
#1431=EDGE_CURVE('',#1092,#1091,#56,.T.);
#1432=EDGE_CURVE('',#1092,#1004,#301,.T.);
#1433=EDGE_CURVE('',#1093,#1092,#807,.T.);
#1434=EDGE_CURVE('',#1093,#1006,#302,.T.);
#1435=EDGE_CURVE('',#1093,#1094,#424,.T.);
#1436=EDGE_CURVE('',#1094,#1008,#303,.T.);
#1437=EDGE_CURVE('',#1095,#1094,#425,.T.);
#1438=EDGE_CURVE('',#1095,#1010,#304,.T.);
#1439=EDGE_CURVE('',#1095,#1096,#426,.T.);
#1440=EDGE_CURVE('',#1096,#1012,#305,.T.);
#1441=EDGE_CURVE('',#1097,#1096,#808,.T.);
#1442=EDGE_CURVE('',#1097,#1014,#306,.T.);
#1443=EDGE_CURVE('',#1098,#1097,#57,.T.);
#1444=EDGE_CURVE('',#1098,#1016,#307,.T.);
#1445=EDGE_CURVE('',#1099,#1098,#427,.T.);
#1446=EDGE_CURVE('',#1099,#1018,#308,.T.);
#1447=EDGE_CURVE('',#1100,#1099,#58,.T.);
#1448=EDGE_CURVE('',#1100,#1020,#309,.T.);
#1449=EDGE_CURVE('',#1101,#1100,#809,.T.);
#1450=EDGE_CURVE('',#1101,#1022,#310,.T.);
#1451=EDGE_CURVE('',#1101,#1102,#428,.T.);
#1452=EDGE_CURVE('',#1102,#1024,#311,.T.);
#1453=EDGE_CURVE('',#1103,#1102,#429,.T.);
#1454=EDGE_CURVE('',#1103,#1026,#312,.T.);
#1455=EDGE_CURVE('',#1103,#1104,#430,.T.);
#1456=EDGE_CURVE('',#1104,#1028,#313,.T.);
#1457=EDGE_CURVE('',#1105,#1104,#810,.T.);
#1458=EDGE_CURVE('',#1105,#1030,#314,.T.);
#1459=EDGE_CURVE('',#1106,#1105,#59,.T.);
#1460=EDGE_CURVE('',#1106,#1032,#315,.T.);
#1461=EDGE_CURVE('',#1107,#1106,#431,.T.);
#1462=EDGE_CURVE('',#1107,#1034,#316,.T.);
#1463=EDGE_CURVE('',#1108,#1107,#60,.T.);
#1464=EDGE_CURVE('',#1108,#1036,#317,.T.);
#1465=EDGE_CURVE('',#1109,#1108,#811,.T.);
#1466=EDGE_CURVE('',#1109,#1038,#318,.T.);
#1467=EDGE_CURVE('',#1109,#1110,#432,.T.);
#1468=EDGE_CURVE('',#1110,#1040,#319,.T.);
#1469=EDGE_CURVE('',#1111,#1110,#433,.T.);
#1470=EDGE_CURVE('',#1111,#1042,#320,.T.);
#1471=EDGE_CURVE('',#1111,#1112,#434,.T.);
#1472=EDGE_CURVE('',#1112,#1044,#321,.T.);
#1473=EDGE_CURVE('',#1113,#1112,#812,.T.);
#1474=EDGE_CURVE('',#1113,#1046,#322,.T.);
#1475=EDGE_CURVE('',#1114,#1113,#61,.T.);
#1476=EDGE_CURVE('',#1114,#1048,#323,.T.);
#1477=EDGE_CURVE('',#1115,#1114,#435,.T.);
#1478=EDGE_CURVE('',#1115,#1050,#324,.T.);
#1479=EDGE_CURVE('',#1116,#1115,#62,.T.);
#1480=EDGE_CURVE('',#1116,#1052,#325,.T.);
#1481=EDGE_CURVE('',#1053,#1116,#813,.T.);
#1482=ORIENTED_EDGE('',*,*,#1117,.F.);
#1483=ORIENTED_EDGE('',*,*,#1118,.F.);
#1484=ORIENTED_EDGE('',*,*,#1119,.T.);
#1485=ORIENTED_EDGE('',*,*,#1120,.T.);
#1486=ORIENTED_EDGE('',*,*,#1121,.F.);
#1487=ORIENTED_EDGE('',*,*,#1122,.T.);
#1488=ORIENTED_EDGE('',*,*,#1123,.F.);
#1489=ORIENTED_EDGE('',*,*,#1124,.F.);
#1490=ORIENTED_EDGE('',*,*,#1125,.F.);
#1491=ORIENTED_EDGE('',*,*,#1123,.T.);
#1492=ORIENTED_EDGE('',*,*,#1126,.T.);
#1493=ORIENTED_EDGE('',*,*,#1127,.F.);
#1494=ORIENTED_EDGE('',*,*,#1128,.F.);
#1495=ORIENTED_EDGE('',*,*,#1120,.F.);
#1496=ORIENTED_EDGE('',*,*,#1129,.F.);
#1497=ORIENTED_EDGE('',*,*,#1130,.F.);
#1498=ORIENTED_EDGE('',*,*,#1131,.F.);
#1499=ORIENTED_EDGE('',*,*,#1132,.F.);
#1500=ORIENTED_EDGE('',*,*,#1133,.F.);
#1501=ORIENTED_EDGE('',*,*,#1134,.F.);
#1502=ORIENTED_EDGE('',*,*,#1126,.F.);
#1503=ORIENTED_EDGE('',*,*,#1122,.F.);
#1504=ORIENTED_EDGE('',*,*,#1135,.T.);
#1505=ORIENTED_EDGE('',*,*,#1136,.T.);
#1506=ORIENTED_EDGE('',*,*,#1124,.T.);
#1507=ORIENTED_EDGE('',*,*,#1125,.T.);
#1508=ORIENTED_EDGE('',*,*,#1137,.T.);
#1509=ORIENTED_EDGE('',*,*,#1138,.T.);
#1510=ORIENTED_EDGE('',*,*,#1118,.T.);
#1511=ORIENTED_EDGE('',*,*,#1139,.T.);
#1512=ORIENTED_EDGE('',*,*,#1140,.T.);
#1513=ORIENTED_EDGE('',*,*,#1141,.T.);
#1514=ORIENTED_EDGE('',*,*,#1142,.T.);
#1515=ORIENTED_EDGE('',*,*,#1143,.F.);
#1516=ORIENTED_EDGE('',*,*,#1137,.F.);
#1517=ORIENTED_EDGE('',*,*,#1127,.T.);
#1518=ORIENTED_EDGE('',*,*,#1134,.T.);
#1519=ORIENTED_EDGE('',*,*,#1144,.T.);
#1520=ORIENTED_EDGE('',*,*,#1133,.T.);
#1521=ORIENTED_EDGE('',*,*,#1145,.T.);
#1522=ORIENTED_EDGE('',*,*,#1146,.T.);
#1523=ORIENTED_EDGE('',*,*,#1141,.F.);
#1524=ORIENTED_EDGE('',*,*,#1132,.T.);
#1525=ORIENTED_EDGE('',*,*,#1147,.F.);
#1526=ORIENTED_EDGE('',*,*,#1148,.T.);
#1527=ORIENTED_EDGE('',*,*,#1145,.F.);
#1528=ORIENTED_EDGE('',*,*,#1121,.T.);
#1529=ORIENTED_EDGE('',*,*,#1140,.F.);
#1530=ORIENTED_EDGE('',*,*,#1149,.T.);
#1531=ORIENTED_EDGE('',*,*,#1150,.F.);
#1532=ORIENTED_EDGE('',*,*,#1149,.F.);
#1533=ORIENTED_EDGE('',*,*,#1139,.F.);
#1534=ORIENTED_EDGE('',*,*,#1117,.T.);
#1535=ORIENTED_EDGE('',*,*,#1128,.T.);
#1536=ORIENTED_EDGE('',*,*,#1131,.T.);
#1537=ORIENTED_EDGE('',*,*,#1151,.T.);
#1538=ORIENTED_EDGE('',*,*,#1152,.T.);
#1539=ORIENTED_EDGE('',*,*,#1147,.T.);
#1540=ORIENTED_EDGE('',*,*,#1153,.F.);
#1541=ORIENTED_EDGE('',*,*,#1154,.T.);
#1542=ORIENTED_EDGE('',*,*,#1144,.F.);
#1543=ORIENTED_EDGE('',*,*,#1154,.F.);
#1544=ORIENTED_EDGE('',*,*,#1155,.F.);
#1545=ORIENTED_EDGE('',*,*,#1156,.T.);
#1546=ORIENTED_EDGE('',*,*,#1157,.F.);
#1547=ORIENTED_EDGE('',*,*,#1135,.F.);
#1548=ORIENTED_EDGE('',*,*,#1153,.T.);
#1549=ORIENTED_EDGE('',*,*,#1130,.T.);
#1550=ORIENTED_EDGE('',*,*,#1158,.T.);
#1551=ORIENTED_EDGE('',*,*,#1159,.T.);
#1552=ORIENTED_EDGE('',*,*,#1151,.F.);
#1553=ORIENTED_EDGE('',*,*,#1143,.T.);
#1554=ORIENTED_EDGE('',*,*,#1160,.T.);
#1555=ORIENTED_EDGE('',*,*,#1158,.F.);
#1556=ORIENTED_EDGE('',*,*,#1129,.T.);
#1557=ORIENTED_EDGE('',*,*,#1119,.F.);
#1558=ORIENTED_EDGE('',*,*,#1138,.F.);
#1559=ORIENTED_EDGE('',*,*,#1152,.F.);
#1560=ORIENTED_EDGE('',*,*,#1159,.F.);
#1561=ORIENTED_EDGE('',*,*,#1160,.F.);
#1562=ORIENTED_EDGE('',*,*,#1142,.F.);
#1563=ORIENTED_EDGE('',*,*,#1146,.F.);
#1564=ORIENTED_EDGE('',*,*,#1148,.F.);
#1565=ORIENTED_EDGE('',*,*,#1155,.T.);
#1566=ORIENTED_EDGE('',*,*,#1136,.F.);
#1567=ORIENTED_EDGE('',*,*,#1157,.T.);
#1568=ORIENTED_EDGE('',*,*,#1161,.F.);
#1569=ORIENTED_EDGE('',*,*,#1162,.T.);
#1570=ORIENTED_EDGE('',*,*,#1163,.T.);
#1571=ORIENTED_EDGE('',*,*,#1164,.T.);
#1572=ORIENTED_EDGE('',*,*,#1165,.F.);
#1573=ORIENTED_EDGE('',*,*,#1166,.F.);
#1574=ORIENTED_EDGE('',*,*,#1167,.T.);
#1575=ORIENTED_EDGE('',*,*,#1168,.T.);
#1576=ORIENTED_EDGE('',*,*,#1163,.F.);
#1577=ORIENTED_EDGE('',*,*,#1169,.T.);
#1578=ORIENTED_EDGE('',*,*,#1170,.T.);
#1579=ORIENTED_EDGE('',*,*,#1171,.T.);
#1580=ORIENTED_EDGE('',*,*,#1167,.F.);
#1581=ORIENTED_EDGE('',*,*,#1172,.F.);
#1582=ORIENTED_EDGE('',*,*,#1173,.T.);
#1583=ORIENTED_EDGE('',*,*,#1174,.T.);
#1584=ORIENTED_EDGE('',*,*,#1170,.F.);
#1585=ORIENTED_EDGE('',*,*,#1175,.F.);
#1586=ORIENTED_EDGE('',*,*,#1176,.T.);
#1587=ORIENTED_EDGE('',*,*,#1177,.T.);
#1588=ORIENTED_EDGE('',*,*,#1173,.F.);
#1589=ORIENTED_EDGE('',*,*,#1178,.F.);
#1590=ORIENTED_EDGE('',*,*,#1179,.T.);
#1591=ORIENTED_EDGE('',*,*,#1180,.T.);
#1592=ORIENTED_EDGE('',*,*,#1176,.F.);
#1593=ORIENTED_EDGE('',*,*,#1181,.F.);
#1594=ORIENTED_EDGE('',*,*,#1182,.T.);
#1595=ORIENTED_EDGE('',*,*,#1183,.T.);
#1596=ORIENTED_EDGE('',*,*,#1179,.F.);
#1597=ORIENTED_EDGE('',*,*,#1184,.F.);
#1598=ORIENTED_EDGE('',*,*,#1185,.T.);
#1599=ORIENTED_EDGE('',*,*,#1186,.T.);
#1600=ORIENTED_EDGE('',*,*,#1182,.F.);
#1601=ORIENTED_EDGE('',*,*,#1187,.T.);
#1602=ORIENTED_EDGE('',*,*,#1188,.T.);
#1603=ORIENTED_EDGE('',*,*,#1189,.T.);
#1604=ORIENTED_EDGE('',*,*,#1185,.F.);
#1605=ORIENTED_EDGE('',*,*,#1190,.F.);
#1606=ORIENTED_EDGE('',*,*,#1191,.T.);
#1607=ORIENTED_EDGE('',*,*,#1192,.T.);
#1608=ORIENTED_EDGE('',*,*,#1188,.F.);
#1609=ORIENTED_EDGE('',*,*,#1193,.T.);
#1610=ORIENTED_EDGE('',*,*,#1194,.T.);
#1611=ORIENTED_EDGE('',*,*,#1195,.T.);
#1612=ORIENTED_EDGE('',*,*,#1191,.F.);
#1613=ORIENTED_EDGE('',*,*,#1196,.F.);
#1614=ORIENTED_EDGE('',*,*,#1197,.T.);
#1615=ORIENTED_EDGE('',*,*,#1198,.T.);
#1616=ORIENTED_EDGE('',*,*,#1194,.F.);
#1617=ORIENTED_EDGE('',*,*,#1199,.F.);
#1618=ORIENTED_EDGE('',*,*,#1200,.T.);
#1619=ORIENTED_EDGE('',*,*,#1201,.T.);
#1620=ORIENTED_EDGE('',*,*,#1197,.F.);
#1621=ORIENTED_EDGE('',*,*,#1202,.F.);
#1622=ORIENTED_EDGE('',*,*,#1203,.T.);
#1623=ORIENTED_EDGE('',*,*,#1204,.T.);
#1624=ORIENTED_EDGE('',*,*,#1200,.F.);
#1625=ORIENTED_EDGE('',*,*,#1205,.F.);
#1626=ORIENTED_EDGE('',*,*,#1206,.T.);
#1627=ORIENTED_EDGE('',*,*,#1207,.T.);
#1628=ORIENTED_EDGE('',*,*,#1203,.F.);
#1629=ORIENTED_EDGE('',*,*,#1208,.F.);
#1630=ORIENTED_EDGE('',*,*,#1209,.T.);
#1631=ORIENTED_EDGE('',*,*,#1210,.T.);
#1632=ORIENTED_EDGE('',*,*,#1206,.F.);
#1633=ORIENTED_EDGE('',*,*,#1211,.T.);
#1634=ORIENTED_EDGE('',*,*,#1212,.T.);
#1635=ORIENTED_EDGE('',*,*,#1213,.T.);
#1636=ORIENTED_EDGE('',*,*,#1209,.F.);
#1637=ORIENTED_EDGE('',*,*,#1214,.F.);
#1638=ORIENTED_EDGE('',*,*,#1215,.T.);
#1639=ORIENTED_EDGE('',*,*,#1216,.T.);
#1640=ORIENTED_EDGE('',*,*,#1212,.F.);
#1641=ORIENTED_EDGE('',*,*,#1217,.T.);
#1642=ORIENTED_EDGE('',*,*,#1218,.T.);
#1643=ORIENTED_EDGE('',*,*,#1219,.T.);
#1644=ORIENTED_EDGE('',*,*,#1215,.F.);
#1645=ORIENTED_EDGE('',*,*,#1220,.F.);
#1646=ORIENTED_EDGE('',*,*,#1221,.T.);
#1647=ORIENTED_EDGE('',*,*,#1222,.T.);
#1648=ORIENTED_EDGE('',*,*,#1218,.F.);
#1649=ORIENTED_EDGE('',*,*,#1223,.F.);
#1650=ORIENTED_EDGE('',*,*,#1224,.T.);
#1651=ORIENTED_EDGE('',*,*,#1225,.T.);
#1652=ORIENTED_EDGE('',*,*,#1221,.F.);
#1653=ORIENTED_EDGE('',*,*,#1226,.F.);
#1654=ORIENTED_EDGE('',*,*,#1227,.T.);
#1655=ORIENTED_EDGE('',*,*,#1228,.T.);
#1656=ORIENTED_EDGE('',*,*,#1224,.F.);
#1657=ORIENTED_EDGE('',*,*,#1229,.F.);
#1658=ORIENTED_EDGE('',*,*,#1230,.T.);
#1659=ORIENTED_EDGE('',*,*,#1231,.T.);
#1660=ORIENTED_EDGE('',*,*,#1227,.F.);
#1661=ORIENTED_EDGE('',*,*,#1232,.F.);
#1662=ORIENTED_EDGE('',*,*,#1233,.T.);
#1663=ORIENTED_EDGE('',*,*,#1234,.T.);
#1664=ORIENTED_EDGE('',*,*,#1230,.F.);
#1665=ORIENTED_EDGE('',*,*,#1235,.T.);
#1666=ORIENTED_EDGE('',*,*,#1236,.T.);
#1667=ORIENTED_EDGE('',*,*,#1237,.T.);
#1668=ORIENTED_EDGE('',*,*,#1233,.F.);
#1669=ORIENTED_EDGE('',*,*,#1238,.F.);
#1670=ORIENTED_EDGE('',*,*,#1239,.T.);
#1671=ORIENTED_EDGE('',*,*,#1240,.T.);
#1672=ORIENTED_EDGE('',*,*,#1236,.F.);
#1673=ORIENTED_EDGE('',*,*,#1241,.T.);
#1674=ORIENTED_EDGE('',*,*,#1242,.T.);
#1675=ORIENTED_EDGE('',*,*,#1243,.T.);
#1676=ORIENTED_EDGE('',*,*,#1239,.F.);
#1677=ORIENTED_EDGE('',*,*,#1244,.F.);
#1678=ORIENTED_EDGE('',*,*,#1245,.T.);
#1679=ORIENTED_EDGE('',*,*,#1246,.T.);
#1680=ORIENTED_EDGE('',*,*,#1242,.F.);
#1681=ORIENTED_EDGE('',*,*,#1247,.F.);
#1682=ORIENTED_EDGE('',*,*,#1248,.T.);
#1683=ORIENTED_EDGE('',*,*,#1249,.T.);
#1684=ORIENTED_EDGE('',*,*,#1245,.F.);
#1685=ORIENTED_EDGE('',*,*,#1250,.F.);
#1686=ORIENTED_EDGE('',*,*,#1251,.T.);
#1687=ORIENTED_EDGE('',*,*,#1252,.T.);
#1688=ORIENTED_EDGE('',*,*,#1248,.F.);
#1689=ORIENTED_EDGE('',*,*,#1253,.F.);
#1690=ORIENTED_EDGE('',*,*,#1254,.T.);
#1691=ORIENTED_EDGE('',*,*,#1255,.T.);
#1692=ORIENTED_EDGE('',*,*,#1251,.F.);
#1693=ORIENTED_EDGE('',*,*,#1256,.F.);
#1694=ORIENTED_EDGE('',*,*,#1257,.T.);
#1695=ORIENTED_EDGE('',*,*,#1258,.T.);
#1696=ORIENTED_EDGE('',*,*,#1254,.F.);
#1697=ORIENTED_EDGE('',*,*,#1259,.T.);
#1698=ORIENTED_EDGE('',*,*,#1260,.T.);
#1699=ORIENTED_EDGE('',*,*,#1261,.T.);
#1700=ORIENTED_EDGE('',*,*,#1257,.F.);
#1701=ORIENTED_EDGE('',*,*,#1262,.F.);
#1702=ORIENTED_EDGE('',*,*,#1263,.T.);
#1703=ORIENTED_EDGE('',*,*,#1264,.T.);
#1704=ORIENTED_EDGE('',*,*,#1260,.F.);
#1705=ORIENTED_EDGE('',*,*,#1265,.T.);
#1706=ORIENTED_EDGE('',*,*,#1266,.T.);
#1707=ORIENTED_EDGE('',*,*,#1267,.T.);
#1708=ORIENTED_EDGE('',*,*,#1263,.F.);
#1709=ORIENTED_EDGE('',*,*,#1268,.F.);
#1710=ORIENTED_EDGE('',*,*,#1269,.T.);
#1711=ORIENTED_EDGE('',*,*,#1270,.T.);
#1712=ORIENTED_EDGE('',*,*,#1266,.F.);
#1713=ORIENTED_EDGE('',*,*,#1271,.F.);
#1714=ORIENTED_EDGE('',*,*,#1272,.T.);
#1715=ORIENTED_EDGE('',*,*,#1273,.T.);
#1716=ORIENTED_EDGE('',*,*,#1269,.F.);
#1717=ORIENTED_EDGE('',*,*,#1274,.F.);
#1718=ORIENTED_EDGE('',*,*,#1275,.T.);
#1719=ORIENTED_EDGE('',*,*,#1276,.T.);
#1720=ORIENTED_EDGE('',*,*,#1272,.F.);
#1721=ORIENTED_EDGE('',*,*,#1277,.F.);
#1722=ORIENTED_EDGE('',*,*,#1278,.T.);
#1723=ORIENTED_EDGE('',*,*,#1279,.T.);
#1724=ORIENTED_EDGE('',*,*,#1275,.F.);
#1725=ORIENTED_EDGE('',*,*,#1280,.F.);
#1726=ORIENTED_EDGE('',*,*,#1281,.T.);
#1727=ORIENTED_EDGE('',*,*,#1282,.T.);
#1728=ORIENTED_EDGE('',*,*,#1278,.F.);
#1729=ORIENTED_EDGE('',*,*,#1283,.T.);
#1730=ORIENTED_EDGE('',*,*,#1284,.T.);
#1731=ORIENTED_EDGE('',*,*,#1285,.T.);
#1732=ORIENTED_EDGE('',*,*,#1281,.F.);
#1733=ORIENTED_EDGE('',*,*,#1286,.F.);
#1734=ORIENTED_EDGE('',*,*,#1287,.T.);
#1735=ORIENTED_EDGE('',*,*,#1288,.T.);
#1736=ORIENTED_EDGE('',*,*,#1284,.F.);
#1737=ORIENTED_EDGE('',*,*,#1289,.T.);
#1738=ORIENTED_EDGE('',*,*,#1290,.T.);
#1739=ORIENTED_EDGE('',*,*,#1291,.T.);
#1740=ORIENTED_EDGE('',*,*,#1287,.F.);
#1741=ORIENTED_EDGE('',*,*,#1292,.F.);
#1742=ORIENTED_EDGE('',*,*,#1293,.T.);
#1743=ORIENTED_EDGE('',*,*,#1294,.T.);
#1744=ORIENTED_EDGE('',*,*,#1290,.F.);
#1745=ORIENTED_EDGE('',*,*,#1295,.F.);
#1746=ORIENTED_EDGE('',*,*,#1296,.T.);
#1747=ORIENTED_EDGE('',*,*,#1297,.T.);
#1748=ORIENTED_EDGE('',*,*,#1293,.F.);
#1749=ORIENTED_EDGE('',*,*,#1298,.F.);
#1750=ORIENTED_EDGE('',*,*,#1299,.T.);
#1751=ORIENTED_EDGE('',*,*,#1300,.T.);
#1752=ORIENTED_EDGE('',*,*,#1296,.F.);
#1753=ORIENTED_EDGE('',*,*,#1301,.F.);
#1754=ORIENTED_EDGE('',*,*,#1302,.T.);
#1755=ORIENTED_EDGE('',*,*,#1303,.T.);
#1756=ORIENTED_EDGE('',*,*,#1299,.F.);
#1757=ORIENTED_EDGE('',*,*,#1304,.F.);
#1758=ORIENTED_EDGE('',*,*,#1305,.T.);
#1759=ORIENTED_EDGE('',*,*,#1306,.T.);
#1760=ORIENTED_EDGE('',*,*,#1302,.F.);
#1761=ORIENTED_EDGE('',*,*,#1307,.T.);
#1762=ORIENTED_EDGE('',*,*,#1308,.T.);
#1763=ORIENTED_EDGE('',*,*,#1309,.T.);
#1764=ORIENTED_EDGE('',*,*,#1305,.F.);
#1765=ORIENTED_EDGE('',*,*,#1310,.F.);
#1766=ORIENTED_EDGE('',*,*,#1311,.T.);
#1767=ORIENTED_EDGE('',*,*,#1312,.T.);
#1768=ORIENTED_EDGE('',*,*,#1308,.F.);
#1769=ORIENTED_EDGE('',*,*,#1313,.T.);
#1770=ORIENTED_EDGE('',*,*,#1314,.T.);
#1771=ORIENTED_EDGE('',*,*,#1315,.T.);
#1772=ORIENTED_EDGE('',*,*,#1311,.F.);
#1773=ORIENTED_EDGE('',*,*,#1316,.F.);
#1774=ORIENTED_EDGE('',*,*,#1317,.T.);
#1775=ORIENTED_EDGE('',*,*,#1318,.T.);
#1776=ORIENTED_EDGE('',*,*,#1314,.F.);
#1777=ORIENTED_EDGE('',*,*,#1319,.F.);
#1778=ORIENTED_EDGE('',*,*,#1320,.T.);
#1779=ORIENTED_EDGE('',*,*,#1321,.T.);
#1780=ORIENTED_EDGE('',*,*,#1317,.F.);
#1781=ORIENTED_EDGE('',*,*,#1322,.F.);
#1782=ORIENTED_EDGE('',*,*,#1323,.T.);
#1783=ORIENTED_EDGE('',*,*,#1324,.T.);
#1784=ORIENTED_EDGE('',*,*,#1320,.F.);
#1785=ORIENTED_EDGE('',*,*,#1325,.F.);
#1786=ORIENTED_EDGE('',*,*,#1326,.T.);
#1787=ORIENTED_EDGE('',*,*,#1327,.T.);
#1788=ORIENTED_EDGE('',*,*,#1323,.F.);
#1789=ORIENTED_EDGE('',*,*,#1328,.F.);
#1790=ORIENTED_EDGE('',*,*,#1329,.T.);
#1791=ORIENTED_EDGE('',*,*,#1330,.T.);
#1792=ORIENTED_EDGE('',*,*,#1326,.F.);
#1793=ORIENTED_EDGE('',*,*,#1331,.T.);
#1794=ORIENTED_EDGE('',*,*,#1332,.T.);
#1795=ORIENTED_EDGE('',*,*,#1333,.T.);
#1796=ORIENTED_EDGE('',*,*,#1329,.F.);
#1797=ORIENTED_EDGE('',*,*,#1334,.F.);
#1798=ORIENTED_EDGE('',*,*,#1335,.T.);
#1799=ORIENTED_EDGE('',*,*,#1336,.T.);
#1800=ORIENTED_EDGE('',*,*,#1332,.F.);
#1801=ORIENTED_EDGE('',*,*,#1337,.T.);
#1802=ORIENTED_EDGE('',*,*,#1338,.T.);
#1803=ORIENTED_EDGE('',*,*,#1339,.T.);
#1804=ORIENTED_EDGE('',*,*,#1335,.F.);
#1805=ORIENTED_EDGE('',*,*,#1340,.F.);
#1806=ORIENTED_EDGE('',*,*,#1341,.T.);
#1807=ORIENTED_EDGE('',*,*,#1342,.T.);
#1808=ORIENTED_EDGE('',*,*,#1338,.F.);
#1809=ORIENTED_EDGE('',*,*,#1343,.F.);
#1810=ORIENTED_EDGE('',*,*,#1344,.T.);
#1811=ORIENTED_EDGE('',*,*,#1345,.T.);
#1812=ORIENTED_EDGE('',*,*,#1341,.F.);
#1813=ORIENTED_EDGE('',*,*,#1346,.F.);
#1814=ORIENTED_EDGE('',*,*,#1347,.T.);
#1815=ORIENTED_EDGE('',*,*,#1348,.T.);
#1816=ORIENTED_EDGE('',*,*,#1344,.F.);
#1817=ORIENTED_EDGE('',*,*,#1349,.F.);
#1818=ORIENTED_EDGE('',*,*,#1350,.T.);
#1819=ORIENTED_EDGE('',*,*,#1351,.T.);
#1820=ORIENTED_EDGE('',*,*,#1347,.F.);
#1821=ORIENTED_EDGE('',*,*,#1352,.F.);
#1822=ORIENTED_EDGE('',*,*,#1165,.T.);
#1823=ORIENTED_EDGE('',*,*,#1353,.T.);
#1824=ORIENTED_EDGE('',*,*,#1350,.F.);
#1825=ORIENTED_EDGE('',*,*,#1220,.T.);
#1826=ORIENTED_EDGE('',*,*,#1217,.F.);
#1827=ORIENTED_EDGE('',*,*,#1214,.T.);
#1828=ORIENTED_EDGE('',*,*,#1211,.F.);
#1829=ORIENTED_EDGE('',*,*,#1208,.T.);
#1830=ORIENTED_EDGE('',*,*,#1205,.T.);
#1831=ORIENTED_EDGE('',*,*,#1202,.T.);
#1832=ORIENTED_EDGE('',*,*,#1199,.T.);
#1833=ORIENTED_EDGE('',*,*,#1196,.T.);
#1834=ORIENTED_EDGE('',*,*,#1193,.F.);
#1835=ORIENTED_EDGE('',*,*,#1190,.T.);
#1836=ORIENTED_EDGE('',*,*,#1187,.F.);
#1837=ORIENTED_EDGE('',*,*,#1184,.T.);
#1838=ORIENTED_EDGE('',*,*,#1181,.T.);
#1839=ORIENTED_EDGE('',*,*,#1178,.T.);
#1840=ORIENTED_EDGE('',*,*,#1175,.T.);
#1841=ORIENTED_EDGE('',*,*,#1172,.T.);
#1842=ORIENTED_EDGE('',*,*,#1169,.F.);
#1843=ORIENTED_EDGE('',*,*,#1166,.T.);
#1844=ORIENTED_EDGE('',*,*,#1162,.F.);
#1845=ORIENTED_EDGE('',*,*,#1352,.T.);
#1846=ORIENTED_EDGE('',*,*,#1349,.T.);
#1847=ORIENTED_EDGE('',*,*,#1346,.T.);
#1848=ORIENTED_EDGE('',*,*,#1343,.T.);
#1849=ORIENTED_EDGE('',*,*,#1340,.T.);
#1850=ORIENTED_EDGE('',*,*,#1337,.F.);
#1851=ORIENTED_EDGE('',*,*,#1334,.T.);
#1852=ORIENTED_EDGE('',*,*,#1331,.F.);
#1853=ORIENTED_EDGE('',*,*,#1328,.T.);
#1854=ORIENTED_EDGE('',*,*,#1325,.T.);
#1855=ORIENTED_EDGE('',*,*,#1322,.T.);
#1856=ORIENTED_EDGE('',*,*,#1319,.T.);
#1857=ORIENTED_EDGE('',*,*,#1316,.T.);
#1858=ORIENTED_EDGE('',*,*,#1313,.F.);
#1859=ORIENTED_EDGE('',*,*,#1310,.T.);
#1860=ORIENTED_EDGE('',*,*,#1307,.F.);
#1861=ORIENTED_EDGE('',*,*,#1304,.T.);
#1862=ORIENTED_EDGE('',*,*,#1301,.T.);
#1863=ORIENTED_EDGE('',*,*,#1298,.T.);
#1864=ORIENTED_EDGE('',*,*,#1295,.T.);
#1865=ORIENTED_EDGE('',*,*,#1292,.T.);
#1866=ORIENTED_EDGE('',*,*,#1289,.F.);
#1867=ORIENTED_EDGE('',*,*,#1286,.T.);
#1868=ORIENTED_EDGE('',*,*,#1283,.F.);
#1869=ORIENTED_EDGE('',*,*,#1280,.T.);
#1870=ORIENTED_EDGE('',*,*,#1277,.T.);
#1871=ORIENTED_EDGE('',*,*,#1274,.T.);
#1872=ORIENTED_EDGE('',*,*,#1271,.T.);
#1873=ORIENTED_EDGE('',*,*,#1268,.T.);
#1874=ORIENTED_EDGE('',*,*,#1265,.F.);
#1875=ORIENTED_EDGE('',*,*,#1262,.T.);
#1876=ORIENTED_EDGE('',*,*,#1259,.F.);
#1877=ORIENTED_EDGE('',*,*,#1256,.T.);
#1878=ORIENTED_EDGE('',*,*,#1253,.T.);
#1879=ORIENTED_EDGE('',*,*,#1250,.T.);
#1880=ORIENTED_EDGE('',*,*,#1247,.T.);
#1881=ORIENTED_EDGE('',*,*,#1244,.T.);
#1882=ORIENTED_EDGE('',*,*,#1241,.F.);
#1883=ORIENTED_EDGE('',*,*,#1238,.T.);
#1884=ORIENTED_EDGE('',*,*,#1235,.F.);
#1885=ORIENTED_EDGE('',*,*,#1232,.T.);
#1886=ORIENTED_EDGE('',*,*,#1229,.T.);
#1887=ORIENTED_EDGE('',*,*,#1226,.T.);
#1888=ORIENTED_EDGE('',*,*,#1223,.T.);
#1889=ORIENTED_EDGE('',*,*,#1161,.T.);
#1890=ORIENTED_EDGE('',*,*,#1156,.F.);
#1891=ORIENTED_EDGE('',*,*,#1354,.F.);
#1892=ORIENTED_EDGE('',*,*,#1355,.T.);
#1893=ORIENTED_EDGE('',*,*,#1164,.F.);
#1894=ORIENTED_EDGE('',*,*,#1356,.F.);
#1895=ORIENTED_EDGE('',*,*,#1357,.T.);
#1896=ORIENTED_EDGE('',*,*,#1356,.T.);
#1897=ORIENTED_EDGE('',*,*,#1168,.F.);
#1898=ORIENTED_EDGE('',*,*,#1358,.F.);
#1899=ORIENTED_EDGE('',*,*,#1359,.F.);
#1900=ORIENTED_EDGE('',*,*,#1358,.T.);
#1901=ORIENTED_EDGE('',*,*,#1171,.F.);
#1902=ORIENTED_EDGE('',*,*,#1360,.F.);
#1903=ORIENTED_EDGE('',*,*,#1361,.T.);
#1904=ORIENTED_EDGE('',*,*,#1360,.T.);
#1905=ORIENTED_EDGE('',*,*,#1174,.F.);
#1906=ORIENTED_EDGE('',*,*,#1362,.F.);
#1907=ORIENTED_EDGE('',*,*,#1363,.T.);
#1908=ORIENTED_EDGE('',*,*,#1362,.T.);
#1909=ORIENTED_EDGE('',*,*,#1177,.F.);
#1910=ORIENTED_EDGE('',*,*,#1364,.F.);
#1911=ORIENTED_EDGE('',*,*,#1365,.T.);
#1912=ORIENTED_EDGE('',*,*,#1364,.T.);
#1913=ORIENTED_EDGE('',*,*,#1180,.F.);
#1914=ORIENTED_EDGE('',*,*,#1366,.F.);
#1915=ORIENTED_EDGE('',*,*,#1367,.T.);
#1916=ORIENTED_EDGE('',*,*,#1366,.T.);
#1917=ORIENTED_EDGE('',*,*,#1183,.F.);
#1918=ORIENTED_EDGE('',*,*,#1368,.F.);
#1919=ORIENTED_EDGE('',*,*,#1369,.T.);
#1920=ORIENTED_EDGE('',*,*,#1368,.T.);
#1921=ORIENTED_EDGE('',*,*,#1186,.F.);
#1922=ORIENTED_EDGE('',*,*,#1370,.F.);
#1923=ORIENTED_EDGE('',*,*,#1371,.F.);
#1924=ORIENTED_EDGE('',*,*,#1370,.T.);
#1925=ORIENTED_EDGE('',*,*,#1189,.F.);
#1926=ORIENTED_EDGE('',*,*,#1372,.F.);
#1927=ORIENTED_EDGE('',*,*,#1373,.T.);
#1928=ORIENTED_EDGE('',*,*,#1372,.T.);
#1929=ORIENTED_EDGE('',*,*,#1192,.F.);
#1930=ORIENTED_EDGE('',*,*,#1374,.F.);
#1931=ORIENTED_EDGE('',*,*,#1375,.F.);
#1932=ORIENTED_EDGE('',*,*,#1374,.T.);
#1933=ORIENTED_EDGE('',*,*,#1195,.F.);
#1934=ORIENTED_EDGE('',*,*,#1376,.F.);
#1935=ORIENTED_EDGE('',*,*,#1377,.T.);
#1936=ORIENTED_EDGE('',*,*,#1376,.T.);
#1937=ORIENTED_EDGE('',*,*,#1198,.F.);
#1938=ORIENTED_EDGE('',*,*,#1378,.F.);
#1939=ORIENTED_EDGE('',*,*,#1379,.T.);
#1940=ORIENTED_EDGE('',*,*,#1378,.T.);
#1941=ORIENTED_EDGE('',*,*,#1201,.F.);
#1942=ORIENTED_EDGE('',*,*,#1380,.F.);
#1943=ORIENTED_EDGE('',*,*,#1381,.T.);
#1944=ORIENTED_EDGE('',*,*,#1380,.T.);
#1945=ORIENTED_EDGE('',*,*,#1204,.F.);
#1946=ORIENTED_EDGE('',*,*,#1382,.F.);
#1947=ORIENTED_EDGE('',*,*,#1383,.T.);
#1948=ORIENTED_EDGE('',*,*,#1382,.T.);
#1949=ORIENTED_EDGE('',*,*,#1207,.F.);
#1950=ORIENTED_EDGE('',*,*,#1384,.F.);
#1951=ORIENTED_EDGE('',*,*,#1385,.T.);
#1952=ORIENTED_EDGE('',*,*,#1384,.T.);
#1953=ORIENTED_EDGE('',*,*,#1210,.F.);
#1954=ORIENTED_EDGE('',*,*,#1386,.F.);
#1955=ORIENTED_EDGE('',*,*,#1387,.F.);
#1956=ORIENTED_EDGE('',*,*,#1386,.T.);
#1957=ORIENTED_EDGE('',*,*,#1213,.F.);
#1958=ORIENTED_EDGE('',*,*,#1388,.F.);
#1959=ORIENTED_EDGE('',*,*,#1389,.T.);
#1960=ORIENTED_EDGE('',*,*,#1388,.T.);
#1961=ORIENTED_EDGE('',*,*,#1216,.F.);
#1962=ORIENTED_EDGE('',*,*,#1390,.F.);
#1963=ORIENTED_EDGE('',*,*,#1391,.F.);
#1964=ORIENTED_EDGE('',*,*,#1390,.T.);
#1965=ORIENTED_EDGE('',*,*,#1219,.F.);
#1966=ORIENTED_EDGE('',*,*,#1392,.F.);
#1967=ORIENTED_EDGE('',*,*,#1393,.T.);
#1968=ORIENTED_EDGE('',*,*,#1392,.T.);
#1969=ORIENTED_EDGE('',*,*,#1222,.F.);
#1970=ORIENTED_EDGE('',*,*,#1394,.F.);
#1971=ORIENTED_EDGE('',*,*,#1395,.T.);
#1972=ORIENTED_EDGE('',*,*,#1394,.T.);
#1973=ORIENTED_EDGE('',*,*,#1225,.F.);
#1974=ORIENTED_EDGE('',*,*,#1396,.F.);
#1975=ORIENTED_EDGE('',*,*,#1397,.T.);
#1976=ORIENTED_EDGE('',*,*,#1396,.T.);
#1977=ORIENTED_EDGE('',*,*,#1228,.F.);
#1978=ORIENTED_EDGE('',*,*,#1398,.F.);
#1979=ORIENTED_EDGE('',*,*,#1399,.T.);
#1980=ORIENTED_EDGE('',*,*,#1398,.T.);
#1981=ORIENTED_EDGE('',*,*,#1231,.F.);
#1982=ORIENTED_EDGE('',*,*,#1400,.F.);
#1983=ORIENTED_EDGE('',*,*,#1401,.T.);
#1984=ORIENTED_EDGE('',*,*,#1400,.T.);
#1985=ORIENTED_EDGE('',*,*,#1234,.F.);
#1986=ORIENTED_EDGE('',*,*,#1402,.F.);
#1987=ORIENTED_EDGE('',*,*,#1403,.F.);
#1988=ORIENTED_EDGE('',*,*,#1402,.T.);
#1989=ORIENTED_EDGE('',*,*,#1237,.F.);
#1990=ORIENTED_EDGE('',*,*,#1404,.F.);
#1991=ORIENTED_EDGE('',*,*,#1405,.T.);
#1992=ORIENTED_EDGE('',*,*,#1404,.T.);
#1993=ORIENTED_EDGE('',*,*,#1240,.F.);
#1994=ORIENTED_EDGE('',*,*,#1406,.F.);
#1995=ORIENTED_EDGE('',*,*,#1407,.F.);
#1996=ORIENTED_EDGE('',*,*,#1406,.T.);
#1997=ORIENTED_EDGE('',*,*,#1243,.F.);
#1998=ORIENTED_EDGE('',*,*,#1408,.F.);
#1999=ORIENTED_EDGE('',*,*,#1409,.T.);
#2000=ORIENTED_EDGE('',*,*,#1408,.T.);
#2001=ORIENTED_EDGE('',*,*,#1246,.F.);
#2002=ORIENTED_EDGE('',*,*,#1410,.F.);
#2003=ORIENTED_EDGE('',*,*,#1411,.T.);
#2004=ORIENTED_EDGE('',*,*,#1410,.T.);
#2005=ORIENTED_EDGE('',*,*,#1249,.F.);
#2006=ORIENTED_EDGE('',*,*,#1412,.F.);
#2007=ORIENTED_EDGE('',*,*,#1413,.T.);
#2008=ORIENTED_EDGE('',*,*,#1412,.T.);
#2009=ORIENTED_EDGE('',*,*,#1252,.F.);
#2010=ORIENTED_EDGE('',*,*,#1414,.F.);
#2011=ORIENTED_EDGE('',*,*,#1415,.T.);
#2012=ORIENTED_EDGE('',*,*,#1414,.T.);
#2013=ORIENTED_EDGE('',*,*,#1255,.F.);
#2014=ORIENTED_EDGE('',*,*,#1416,.F.);
#2015=ORIENTED_EDGE('',*,*,#1417,.T.);
#2016=ORIENTED_EDGE('',*,*,#1416,.T.);
#2017=ORIENTED_EDGE('',*,*,#1258,.F.);
#2018=ORIENTED_EDGE('',*,*,#1418,.F.);
#2019=ORIENTED_EDGE('',*,*,#1419,.F.);
#2020=ORIENTED_EDGE('',*,*,#1418,.T.);
#2021=ORIENTED_EDGE('',*,*,#1261,.F.);
#2022=ORIENTED_EDGE('',*,*,#1420,.F.);
#2023=ORIENTED_EDGE('',*,*,#1421,.T.);
#2024=ORIENTED_EDGE('',*,*,#1420,.T.);
#2025=ORIENTED_EDGE('',*,*,#1264,.F.);
#2026=ORIENTED_EDGE('',*,*,#1422,.F.);
#2027=ORIENTED_EDGE('',*,*,#1423,.F.);
#2028=ORIENTED_EDGE('',*,*,#1422,.T.);
#2029=ORIENTED_EDGE('',*,*,#1267,.F.);
#2030=ORIENTED_EDGE('',*,*,#1424,.F.);
#2031=ORIENTED_EDGE('',*,*,#1425,.T.);
#2032=ORIENTED_EDGE('',*,*,#1424,.T.);
#2033=ORIENTED_EDGE('',*,*,#1270,.F.);
#2034=ORIENTED_EDGE('',*,*,#1426,.F.);
#2035=ORIENTED_EDGE('',*,*,#1427,.T.);
#2036=ORIENTED_EDGE('',*,*,#1426,.T.);
#2037=ORIENTED_EDGE('',*,*,#1273,.F.);
#2038=ORIENTED_EDGE('',*,*,#1428,.F.);
#2039=ORIENTED_EDGE('',*,*,#1429,.T.);
#2040=ORIENTED_EDGE('',*,*,#1428,.T.);
#2041=ORIENTED_EDGE('',*,*,#1276,.F.);
#2042=ORIENTED_EDGE('',*,*,#1430,.F.);
#2043=ORIENTED_EDGE('',*,*,#1431,.T.);
#2044=ORIENTED_EDGE('',*,*,#1430,.T.);
#2045=ORIENTED_EDGE('',*,*,#1279,.F.);
#2046=ORIENTED_EDGE('',*,*,#1432,.F.);
#2047=ORIENTED_EDGE('',*,*,#1433,.T.);
#2048=ORIENTED_EDGE('',*,*,#1432,.T.);
#2049=ORIENTED_EDGE('',*,*,#1282,.F.);
#2050=ORIENTED_EDGE('',*,*,#1434,.F.);
#2051=ORIENTED_EDGE('',*,*,#1435,.F.);
#2052=ORIENTED_EDGE('',*,*,#1434,.T.);
#2053=ORIENTED_EDGE('',*,*,#1285,.F.);
#2054=ORIENTED_EDGE('',*,*,#1436,.F.);
#2055=ORIENTED_EDGE('',*,*,#1437,.T.);
#2056=ORIENTED_EDGE('',*,*,#1436,.T.);
#2057=ORIENTED_EDGE('',*,*,#1288,.F.);
#2058=ORIENTED_EDGE('',*,*,#1438,.F.);
#2059=ORIENTED_EDGE('',*,*,#1439,.F.);
#2060=ORIENTED_EDGE('',*,*,#1438,.T.);
#2061=ORIENTED_EDGE('',*,*,#1291,.F.);
#2062=ORIENTED_EDGE('',*,*,#1440,.F.);
#2063=ORIENTED_EDGE('',*,*,#1441,.T.);
#2064=ORIENTED_EDGE('',*,*,#1440,.T.);
#2065=ORIENTED_EDGE('',*,*,#1294,.F.);
#2066=ORIENTED_EDGE('',*,*,#1442,.F.);
#2067=ORIENTED_EDGE('',*,*,#1443,.T.);
#2068=ORIENTED_EDGE('',*,*,#1442,.T.);
#2069=ORIENTED_EDGE('',*,*,#1297,.F.);
#2070=ORIENTED_EDGE('',*,*,#1444,.F.);
#2071=ORIENTED_EDGE('',*,*,#1445,.T.);
#2072=ORIENTED_EDGE('',*,*,#1444,.T.);
#2073=ORIENTED_EDGE('',*,*,#1300,.F.);
#2074=ORIENTED_EDGE('',*,*,#1446,.F.);
#2075=ORIENTED_EDGE('',*,*,#1447,.T.);
#2076=ORIENTED_EDGE('',*,*,#1446,.T.);
#2077=ORIENTED_EDGE('',*,*,#1303,.F.);
#2078=ORIENTED_EDGE('',*,*,#1448,.F.);
#2079=ORIENTED_EDGE('',*,*,#1449,.T.);
#2080=ORIENTED_EDGE('',*,*,#1448,.T.);
#2081=ORIENTED_EDGE('',*,*,#1306,.F.);
#2082=ORIENTED_EDGE('',*,*,#1450,.F.);
#2083=ORIENTED_EDGE('',*,*,#1451,.F.);
#2084=ORIENTED_EDGE('',*,*,#1450,.T.);
#2085=ORIENTED_EDGE('',*,*,#1309,.F.);
#2086=ORIENTED_EDGE('',*,*,#1452,.F.);
#2087=ORIENTED_EDGE('',*,*,#1453,.T.);
#2088=ORIENTED_EDGE('',*,*,#1452,.T.);
#2089=ORIENTED_EDGE('',*,*,#1312,.F.);
#2090=ORIENTED_EDGE('',*,*,#1454,.F.);
#2091=ORIENTED_EDGE('',*,*,#1455,.F.);
#2092=ORIENTED_EDGE('',*,*,#1454,.T.);
#2093=ORIENTED_EDGE('',*,*,#1315,.F.);
#2094=ORIENTED_EDGE('',*,*,#1456,.F.);
#2095=ORIENTED_EDGE('',*,*,#1457,.T.);
#2096=ORIENTED_EDGE('',*,*,#1456,.T.);
#2097=ORIENTED_EDGE('',*,*,#1318,.F.);
#2098=ORIENTED_EDGE('',*,*,#1458,.F.);
#2099=ORIENTED_EDGE('',*,*,#1459,.T.);
#2100=ORIENTED_EDGE('',*,*,#1458,.T.);
#2101=ORIENTED_EDGE('',*,*,#1321,.F.);
#2102=ORIENTED_EDGE('',*,*,#1460,.F.);
#2103=ORIENTED_EDGE('',*,*,#1461,.T.);
#2104=ORIENTED_EDGE('',*,*,#1460,.T.);
#2105=ORIENTED_EDGE('',*,*,#1324,.F.);
#2106=ORIENTED_EDGE('',*,*,#1462,.F.);
#2107=ORIENTED_EDGE('',*,*,#1463,.T.);
#2108=ORIENTED_EDGE('',*,*,#1462,.T.);
#2109=ORIENTED_EDGE('',*,*,#1327,.F.);
#2110=ORIENTED_EDGE('',*,*,#1464,.F.);
#2111=ORIENTED_EDGE('',*,*,#1465,.T.);
#2112=ORIENTED_EDGE('',*,*,#1464,.T.);
#2113=ORIENTED_EDGE('',*,*,#1330,.F.);
#2114=ORIENTED_EDGE('',*,*,#1466,.F.);
#2115=ORIENTED_EDGE('',*,*,#1467,.F.);
#2116=ORIENTED_EDGE('',*,*,#1466,.T.);
#2117=ORIENTED_EDGE('',*,*,#1333,.F.);
#2118=ORIENTED_EDGE('',*,*,#1468,.F.);
#2119=ORIENTED_EDGE('',*,*,#1469,.T.);
#2120=ORIENTED_EDGE('',*,*,#1468,.T.);
#2121=ORIENTED_EDGE('',*,*,#1336,.F.);
#2122=ORIENTED_EDGE('',*,*,#1470,.F.);
#2123=ORIENTED_EDGE('',*,*,#1471,.F.);
#2124=ORIENTED_EDGE('',*,*,#1470,.T.);
#2125=ORIENTED_EDGE('',*,*,#1339,.F.);
#2126=ORIENTED_EDGE('',*,*,#1472,.F.);
#2127=ORIENTED_EDGE('',*,*,#1473,.T.);
#2128=ORIENTED_EDGE('',*,*,#1472,.T.);
#2129=ORIENTED_EDGE('',*,*,#1342,.F.);
#2130=ORIENTED_EDGE('',*,*,#1474,.F.);
#2131=ORIENTED_EDGE('',*,*,#1475,.T.);
#2132=ORIENTED_EDGE('',*,*,#1474,.T.);
#2133=ORIENTED_EDGE('',*,*,#1345,.F.);
#2134=ORIENTED_EDGE('',*,*,#1476,.F.);
#2135=ORIENTED_EDGE('',*,*,#1477,.T.);
#2136=ORIENTED_EDGE('',*,*,#1476,.T.);
#2137=ORIENTED_EDGE('',*,*,#1348,.F.);
#2138=ORIENTED_EDGE('',*,*,#1478,.F.);
#2139=ORIENTED_EDGE('',*,*,#1479,.T.);
#2140=ORIENTED_EDGE('',*,*,#1478,.T.);
#2141=ORIENTED_EDGE('',*,*,#1351,.F.);
#2142=ORIENTED_EDGE('',*,*,#1480,.F.);
#2143=ORIENTED_EDGE('',*,*,#1481,.T.);
#2144=ORIENTED_EDGE('',*,*,#1480,.T.);
#2145=ORIENTED_EDGE('',*,*,#1353,.F.);
#2146=ORIENTED_EDGE('',*,*,#1355,.F.);
#2147=ORIENTED_EDGE('',*,*,#1481,.F.);
#2148=ORIENTED_EDGE('',*,*,#1354,.T.);
#2149=ORIENTED_EDGE('',*,*,#1357,.F.);
#2150=ORIENTED_EDGE('',*,*,#1359,.T.);
#2151=ORIENTED_EDGE('',*,*,#1361,.F.);
#2152=ORIENTED_EDGE('',*,*,#1363,.F.);
#2153=ORIENTED_EDGE('',*,*,#1365,.F.);
#2154=ORIENTED_EDGE('',*,*,#1367,.F.);
#2155=ORIENTED_EDGE('',*,*,#1369,.F.);
#2156=ORIENTED_EDGE('',*,*,#1371,.T.);
#2157=ORIENTED_EDGE('',*,*,#1373,.F.);
#2158=ORIENTED_EDGE('',*,*,#1375,.T.);
#2159=ORIENTED_EDGE('',*,*,#1377,.F.);
#2160=ORIENTED_EDGE('',*,*,#1379,.F.);
#2161=ORIENTED_EDGE('',*,*,#1381,.F.);
#2162=ORIENTED_EDGE('',*,*,#1383,.F.);
#2163=ORIENTED_EDGE('',*,*,#1385,.F.);
#2164=ORIENTED_EDGE('',*,*,#1387,.T.);
#2165=ORIENTED_EDGE('',*,*,#1389,.F.);
#2166=ORIENTED_EDGE('',*,*,#1391,.T.);
#2167=ORIENTED_EDGE('',*,*,#1393,.F.);
#2168=ORIENTED_EDGE('',*,*,#1395,.F.);
#2169=ORIENTED_EDGE('',*,*,#1397,.F.);
#2170=ORIENTED_EDGE('',*,*,#1399,.F.);
#2171=ORIENTED_EDGE('',*,*,#1401,.F.);
#2172=ORIENTED_EDGE('',*,*,#1403,.T.);
#2173=ORIENTED_EDGE('',*,*,#1405,.F.);
#2174=ORIENTED_EDGE('',*,*,#1407,.T.);
#2175=ORIENTED_EDGE('',*,*,#1409,.F.);
#2176=ORIENTED_EDGE('',*,*,#1411,.F.);
#2177=ORIENTED_EDGE('',*,*,#1413,.F.);
#2178=ORIENTED_EDGE('',*,*,#1415,.F.);
#2179=ORIENTED_EDGE('',*,*,#1417,.F.);
#2180=ORIENTED_EDGE('',*,*,#1419,.T.);
#2181=ORIENTED_EDGE('',*,*,#1421,.F.);
#2182=ORIENTED_EDGE('',*,*,#1423,.T.);
#2183=ORIENTED_EDGE('',*,*,#1425,.F.);
#2184=ORIENTED_EDGE('',*,*,#1427,.F.);
#2185=ORIENTED_EDGE('',*,*,#1429,.F.);
#2186=ORIENTED_EDGE('',*,*,#1431,.F.);
#2187=ORIENTED_EDGE('',*,*,#1433,.F.);
#2188=ORIENTED_EDGE('',*,*,#1435,.T.);
#2189=ORIENTED_EDGE('',*,*,#1437,.F.);
#2190=ORIENTED_EDGE('',*,*,#1439,.T.);
#2191=ORIENTED_EDGE('',*,*,#1441,.F.);
#2192=ORIENTED_EDGE('',*,*,#1443,.F.);
#2193=ORIENTED_EDGE('',*,*,#1445,.F.);
#2194=ORIENTED_EDGE('',*,*,#1447,.F.);
#2195=ORIENTED_EDGE('',*,*,#1449,.F.);
#2196=ORIENTED_EDGE('',*,*,#1451,.T.);
#2197=ORIENTED_EDGE('',*,*,#1453,.F.);
#2198=ORIENTED_EDGE('',*,*,#1455,.T.);
#2199=ORIENTED_EDGE('',*,*,#1457,.F.);
#2200=ORIENTED_EDGE('',*,*,#1459,.F.);
#2201=ORIENTED_EDGE('',*,*,#1461,.F.);
#2202=ORIENTED_EDGE('',*,*,#1463,.F.);
#2203=ORIENTED_EDGE('',*,*,#1465,.F.);
#2204=ORIENTED_EDGE('',*,*,#1467,.T.);
#2205=ORIENTED_EDGE('',*,*,#1469,.F.);
#2206=ORIENTED_EDGE('',*,*,#1471,.T.);
#2207=ORIENTED_EDGE('',*,*,#1473,.F.);
#2208=ORIENTED_EDGE('',*,*,#1475,.F.);
#2209=ORIENTED_EDGE('',*,*,#1477,.F.);
#2210=ORIENTED_EDGE('',*,*,#1479,.F.);
#2211=ORIENTED_EDGE('',*,*,#1150,.T.);
#2212=PLANE('',#2386);
#2213=PLANE('',#2387);
#2214=PLANE('',#2388);
#2215=PLANE('',#2389);
#2216=PLANE('',#2392);
#2217=PLANE('',#2396);
#2218=PLANE('',#2398);
#2219=PLANE('',#2399);
#2220=PLANE('',#2405);
#2221=PLANE('',#2406);
#2222=PLANE('',#2407);
#2223=PLANE('',#2408);
#2224=PLANE('',#2475);
#2225=PLANE('',#2508);
#2226=ADVANCED_FACE('',(#436),#2212,.F.);
#2227=ADVANCED_FACE('',(#437),#2213,.F.);
#2228=ADVANCED_FACE('',(#438),#2214,.F.);
#2229=ADVANCED_FACE('',(#439),#2215,.F.);
#2230=ADVANCED_FACE('',(#440,#326),#2216,.T.);
#2231=ADVANCED_FACE('',(#441,#327),#2217,.F.);
#2232=ADVANCED_FACE('',(#442),#2218,.F.);
#2233=ADVANCED_FACE('',(#443),#2219,.F.);
#2234=ADVANCED_FACE('',(#444),#191,.F.);
#2235=ADVANCED_FACE('',(#445),#192,.T.);
#2236=ADVANCED_FACE('',(#446),#193,.F.);
#2237=ADVANCED_FACE('',(#447,#328),#2220,.F.);
#2238=ADVANCED_FACE('',(#448),#2221,.F.);
#2239=ADVANCED_FACE('',(#449),#2222,.F.);
#2240=ADVANCED_FACE('',(#450),#2223,.F.);
#2241=ADVANCED_FACE('',(#451),#194,.T.);
#2242=ADVANCED_FACE('',(#452),#63,.F.);
#2243=ADVANCED_FACE('',(#453),#64,.F.);
#2244=ADVANCED_FACE('',(#454),#65,.F.);
#2245=ADVANCED_FACE('',(#455),#66,.F.);
#2246=ADVANCED_FACE('',(#456),#67,.F.);
#2247=ADVANCED_FACE('',(#457),#68,.F.);
#2248=ADVANCED_FACE('',(#458),#69,.F.);
#2249=ADVANCED_FACE('',(#459),#70,.F.);
#2250=ADVANCED_FACE('',(#460),#71,.F.);
#2251=ADVANCED_FACE('',(#461),#72,.F.);
#2252=ADVANCED_FACE('',(#462),#73,.F.);
#2253=ADVANCED_FACE('',(#463),#74,.F.);
#2254=ADVANCED_FACE('',(#464),#75,.F.);
#2255=ADVANCED_FACE('',(#465),#76,.F.);
#2256=ADVANCED_FACE('',(#466),#77,.F.);
#2257=ADVANCED_FACE('',(#467),#78,.F.);
#2258=ADVANCED_FACE('',(#468),#79,.F.);
#2259=ADVANCED_FACE('',(#469),#80,.F.);
#2260=ADVANCED_FACE('',(#470),#81,.F.);
#2261=ADVANCED_FACE('',(#471),#82,.F.);
#2262=ADVANCED_FACE('',(#472),#83,.F.);
#2263=ADVANCED_FACE('',(#473),#84,.F.);
#2264=ADVANCED_FACE('',(#474),#85,.F.);
#2265=ADVANCED_FACE('',(#475),#86,.F.);
#2266=ADVANCED_FACE('',(#476),#87,.F.);
#2267=ADVANCED_FACE('',(#477),#88,.F.);
#2268=ADVANCED_FACE('',(#478),#89,.F.);
#2269=ADVANCED_FACE('',(#479),#90,.F.);
#2270=ADVANCED_FACE('',(#480),#91,.F.);
#2271=ADVANCED_FACE('',(#481),#92,.F.);
#2272=ADVANCED_FACE('',(#482),#93,.F.);
#2273=ADVANCED_FACE('',(#483),#94,.F.);
#2274=ADVANCED_FACE('',(#484),#95,.F.);
#2275=ADVANCED_FACE('',(#485),#96,.F.);
#2276=ADVANCED_FACE('',(#486),#97,.F.);
#2277=ADVANCED_FACE('',(#487),#98,.F.);
#2278=ADVANCED_FACE('',(#488),#99,.F.);
#2279=ADVANCED_FACE('',(#489),#100,.F.);
#2280=ADVANCED_FACE('',(#490),#101,.F.);
#2281=ADVANCED_FACE('',(#491),#102,.F.);
#2282=ADVANCED_FACE('',(#492),#103,.F.);
#2283=ADVANCED_FACE('',(#493),#104,.F.);
#2284=ADVANCED_FACE('',(#494),#105,.F.);
#2285=ADVANCED_FACE('',(#495),#106,.F.);
#2286=ADVANCED_FACE('',(#496),#107,.F.);
#2287=ADVANCED_FACE('',(#497),#108,.F.);
#2288=ADVANCED_FACE('',(#498),#109,.F.);
#2289=ADVANCED_FACE('',(#499),#110,.F.);
#2290=ADVANCED_FACE('',(#500),#111,.F.);
#2291=ADVANCED_FACE('',(#501),#112,.F.);
#2292=ADVANCED_FACE('',(#502),#113,.F.);
#2293=ADVANCED_FACE('',(#503),#114,.F.);
#2294=ADVANCED_FACE('',(#504),#115,.F.);
#2295=ADVANCED_FACE('',(#505),#116,.F.);
#2296=ADVANCED_FACE('',(#506),#117,.F.);
#2297=ADVANCED_FACE('',(#507),#118,.F.);
#2298=ADVANCED_FACE('',(#508),#119,.F.);
#2299=ADVANCED_FACE('',(#509),#120,.F.);
#2300=ADVANCED_FACE('',(#510),#121,.F.);
#2301=ADVANCED_FACE('',(#511),#122,.F.);
#2302=ADVANCED_FACE('',(#512),#123,.F.);
#2303=ADVANCED_FACE('',(#513),#124,.F.);
#2304=ADVANCED_FACE('',(#514),#125,.F.);
#2305=ADVANCED_FACE('',(#515),#126,.F.);
#2306=ADVANCED_FACE('',(#516,#329),#2224,.T.);
#2307=ADVANCED_FACE('',(#517),#127,.T.);
#2308=ADVANCED_FACE('',(#518),#128,.T.);
#2309=ADVANCED_FACE('',(#519),#129,.T.);
#2310=ADVANCED_FACE('',(#520),#130,.T.);
#2311=ADVANCED_FACE('',(#521),#131,.T.);
#2312=ADVANCED_FACE('',(#522),#132,.T.);
#2313=ADVANCED_FACE('',(#523),#133,.T.);
#2314=ADVANCED_FACE('',(#524),#134,.T.);
#2315=ADVANCED_FACE('',(#525),#135,.T.);
#2316=ADVANCED_FACE('',(#526),#136,.T.);
#2317=ADVANCED_FACE('',(#527),#137,.T.);
#2318=ADVANCED_FACE('',(#528),#138,.T.);
#2319=ADVANCED_FACE('',(#529),#139,.T.);
#2320=ADVANCED_FACE('',(#530),#140,.T.);
#2321=ADVANCED_FACE('',(#531),#141,.T.);
#2322=ADVANCED_FACE('',(#532),#142,.T.);
#2323=ADVANCED_FACE('',(#533),#143,.T.);
#2324=ADVANCED_FACE('',(#534),#144,.T.);
#2325=ADVANCED_FACE('',(#535),#145,.T.);
#2326=ADVANCED_FACE('',(#536),#146,.T.);
#2327=ADVANCED_FACE('',(#537),#147,.T.);
#2328=ADVANCED_FACE('',(#538),#148,.T.);
#2329=ADVANCED_FACE('',(#539),#149,.T.);
#2330=ADVANCED_FACE('',(#540),#150,.T.);
#2331=ADVANCED_FACE('',(#541),#151,.T.);
#2332=ADVANCED_FACE('',(#542),#152,.T.);
#2333=ADVANCED_FACE('',(#543),#153,.T.);
#2334=ADVANCED_FACE('',(#544),#154,.T.);
#2335=ADVANCED_FACE('',(#545),#155,.T.);
#2336=ADVANCED_FACE('',(#546),#156,.T.);
#2337=ADVANCED_FACE('',(#547),#157,.T.);
#2338=ADVANCED_FACE('',(#548),#158,.T.);
#2339=ADVANCED_FACE('',(#549),#159,.T.);
#2340=ADVANCED_FACE('',(#550),#160,.T.);
#2341=ADVANCED_FACE('',(#551),#161,.T.);
#2342=ADVANCED_FACE('',(#552),#162,.T.);
#2343=ADVANCED_FACE('',(#553),#163,.T.);
#2344=ADVANCED_FACE('',(#554),#164,.T.);
#2345=ADVANCED_FACE('',(#555),#165,.T.);
#2346=ADVANCED_FACE('',(#556),#166,.T.);
#2347=ADVANCED_FACE('',(#557),#167,.T.);
#2348=ADVANCED_FACE('',(#558),#168,.T.);
#2349=ADVANCED_FACE('',(#559),#169,.T.);
#2350=ADVANCED_FACE('',(#560),#170,.T.);
#2351=ADVANCED_FACE('',(#561),#171,.T.);
#2352=ADVANCED_FACE('',(#562),#172,.T.);
#2353=ADVANCED_FACE('',(#563),#173,.T.);
#2354=ADVANCED_FACE('',(#564),#174,.T.);
#2355=ADVANCED_FACE('',(#565),#175,.T.);
#2356=ADVANCED_FACE('',(#566),#176,.T.);
#2357=ADVANCED_FACE('',(#567),#177,.T.);
#2358=ADVANCED_FACE('',(#568),#178,.T.);
#2359=ADVANCED_FACE('',(#569),#179,.T.);
#2360=ADVANCED_FACE('',(#570),#180,.T.);
#2361=ADVANCED_FACE('',(#571),#181,.T.);
#2362=ADVANCED_FACE('',(#572),#182,.T.);
#2363=ADVANCED_FACE('',(#573),#183,.T.);
#2364=ADVANCED_FACE('',(#574),#184,.T.);
#2365=ADVANCED_FACE('',(#575),#185,.T.);
#2366=ADVANCED_FACE('',(#576),#186,.T.);
#2367=ADVANCED_FACE('',(#577),#187,.T.);
#2368=ADVANCED_FACE('',(#578),#188,.T.);
#2369=ADVANCED_FACE('',(#579),#189,.T.);
#2370=ADVANCED_FACE('',(#580),#190,.T.);
#2371=ADVANCED_FACE('',(#581,#330),#2225,.F.);
#2372=CLOSED_SHELL('',(#2226,#2227,#2228,#2229,#2230,#2231,#2232,#2233,
#2234,#2235,#2236,#2237,#2238,#2239,#2240,#2241,#2242,#2243,#2244,#2245,
#2246,#2247,#2248,#2249,#2250,#2251,#2252,#2253,#2254,#2255,#2256,#2257,
#2258,#2259,#2260,#2261,#2262,#2263,#2264,#2265,#2266,#2267,#2268,#2269,
#2270,#2271,#2272,#2273,#2274,#2275,#2276,#2277,#2278,#2279,#2280,#2281,
#2282,#2283,#2284,#2285,#2286,#2287,#2288,#2289,#2290,#2291,#2292,#2293,
#2294,#2295,#2296,#2297,#2298,#2299,#2300,#2301,#2302,#2303,#2304,#2305,
#2306,#2307,#2308,#2309,#2310,#2311,#2312,#2313,#2314,#2315,#2316,#2317,
#2318,#2319,#2320,#2321,#2322,#2323,#2324,#2325,#2326,#2327,#2328,#2329,
#2330,#2331,#2332,#2333,#2334,#2335,#2336,#2337,#2338,#2339,#2340,#2341,
#2342,#2343,#2344,#2345,#2346,#2347,#2348,#2349,#2350,#2351,#2352,#2353,
#2354,#2355,#2356,#2357,#2358,#2359,#2360,#2361,#2362,#2363,#2364,#2365,
#2366,#2367,#2368,#2369,#2370,#2371));
#2373=DERIVED_UNIT_ELEMENT(#2375,1.);
#2374=DERIVED_UNIT_ELEMENT(#10090,-3.);
#2375=(
MASS_UNIT()
NAMED_UNIT(*)
SI_UNIT(.KILO.,.GRAM.)
);
#2376=DERIVED_UNIT((#2373,#2374));
#2377=MEASURE_REPRESENTATION_ITEM('density measure',
POSITIVE_RATIO_MEASURE(7850.),#2376);
#2378=PROPERTY_DEFINITION_REPRESENTATION(#2383,#2380);
#2379=PROPERTY_DEFINITION_REPRESENTATION(#2384,#2381);
#2380=REPRESENTATION('material name',(#2382),#10087);
#2381=REPRESENTATION('density',(#2377),#10087);
#2382=DESCRIPTIVE_REPRESENTATION_ITEM('Steel','Steel');
#2383=PROPERTY_DEFINITION('material property','material name',#10097);
#2384=PROPERTY_DEFINITION('material property','density of part',#10097);
#2385=AXIS2_PLACEMENT_3D('',#2838,#2509,#2510);
#2386=AXIS2_PLACEMENT_3D('',#2839,#2511,#2512);
#2387=AXIS2_PLACEMENT_3D('',#2848,#2517,#2518);
#2388=AXIS2_PLACEMENT_3D('',#2857,#2523,#2524);
#2389=AXIS2_PLACEMENT_3D('',#2863,#2528,#2529);
#2390=AXIS2_PLACEMENT_3D('',#2864,#2530,#2531);
#2391=AXIS2_PLACEMENT_3D('',#2870,#2534,#2535);
#2392=AXIS2_PLACEMENT_3D('',#2876,#2539,#2540);
#2393=AXIS2_PLACEMENT_3D('',#2880,#2542,#2543);
#2394=AXIS2_PLACEMENT_3D('',#2885,#2546,#2547);
#2395=AXIS2_PLACEMENT_3D('',#2886,#2548,#2549);
#2396=AXIS2_PLACEMENT_3D('',#2887,#2550,#2551);
#2397=AXIS2_PLACEMENT_3D('',#2894,#2555,#2556);
#2398=AXIS2_PLACEMENT_3D('',#2895,#2557,#2558);
#2399=AXIS2_PLACEMENT_3D('',#2899,#2561,#2562);
#2400=AXIS2_PLACEMENT_3D('',#2906,#2564,#2565);
#2401=AXIS2_PLACEMENT_3D('',#2909,#2567,#2568);
#2402=AXIS2_PLACEMENT_3D('',#2910,#2569,#2570);
#2403=AXIS2_PLACEMENT_3D('',#2928,#2571,#2572);
#2404=AXIS2_PLACEMENT_3D('',#2930,#2573,#2574);
#2405=AXIS2_PLACEMENT_3D('',#2932,#2576,#2577);
#2406=AXIS2_PLACEMENT_3D('',#2938,#2581,#2582);
#2407=AXIS2_PLACEMENT_3D('',#2942,#2585,#2586);
#2408=AXIS2_PLACEMENT_3D('',#2944,#2588,#2589);
#2409=AXIS2_PLACEMENT_3D('',#2945,#2590,#2591);
#2410=AXIS2_PLACEMENT_3D('',#2946,#2592,#2593);
#2411=AXIS2_PLACEMENT_3D('',#2969,#2594,#2595);
#2412=AXIS2_PLACEMENT_3D('',#2976,#2596,#2597);
#2413=AXIS2_PLACEMENT_3D('',#2998,#2598,#2599);
#2414=AXIS2_PLACEMENT_3D('',#3004,#2600,#2601);
#2415=AXIS2_PLACEMENT_3D('',#3026,#2602,#2603);
#2416=AXIS2_PLACEMENT_3D('',#3032,#2604,#2605);
#2417=AXIS2_PLACEMENT_3D('',#3262,#2608,#2609);
#2418=AXIS2_PLACEMENT_3D('',#3268,#2610,#2611);
#2419=AXIS2_PLACEMENT_3D('',#3502,#2614,#2615);
#2420=AXIS2_PLACEMENT_3D('',#3508,#2616,#2617);
#2421=AXIS2_PLACEMENT_3D('',#3526,#2618,#2619);
#2422=AXIS2_PLACEMENT_3D('',#3532,#2620,#2621);
#2423=AXIS2_PLACEMENT_3D('',#3554,#2622,#2623);
#2424=AXIS2_PLACEMENT_3D('',#3560,#2624,#2625);
#2425=AXIS2_PLACEMENT_3D('',#3790,#2628,#2629);
#2426=AXIS2_PLACEMENT_3D('',#3796,#2630,#2631);
#2427=AXIS2_PLACEMENT_3D('',#4030,#2634,#2635);
#2428=AXIS2_PLACEMENT_3D('',#4036,#2636,#2637);
#2429=AXIS2_PLACEMENT_3D('',#4054,#2638,#2639);
#2430=AXIS2_PLACEMENT_3D('',#4060,#2640,#2641);
#2431=AXIS2_PLACEMENT_3D('',#4082,#2642,#2643);
#2432=AXIS2_PLACEMENT_3D('',#4088,#2644,#2645);
#2433=AXIS2_PLACEMENT_3D('',#4318,#2648,#2649);
#2434=AXIS2_PLACEMENT_3D('',#4324,#2650,#2651);
#2435=AXIS2_PLACEMENT_3D('',#4558,#2654,#2655);
#2436=AXIS2_PLACEMENT_3D('',#4564,#2656,#2657);
#2437=AXIS2_PLACEMENT_3D('',#4582,#2658,#2659);
#2438=AXIS2_PLACEMENT_3D('',#4588,#2660,#2661);
#2439=AXIS2_PLACEMENT_3D('',#4610,#2662,#2663);
#2440=AXIS2_PLACEMENT_3D('',#4616,#2664,#2665);
#2441=AXIS2_PLACEMENT_3D('',#4846,#2668,#2669);
#2442=AXIS2_PLACEMENT_3D('',#4852,#2670,#2671);
#2443=AXIS2_PLACEMENT_3D('',#5086,#2674,#2675);
#2444=AXIS2_PLACEMENT_3D('',#5092,#2676,#2677);
#2445=AXIS2_PLACEMENT_3D('',#5110,#2678,#2679);
#2446=AXIS2_PLACEMENT_3D('',#5116,#2680,#2681);
#2447=AXIS2_PLACEMENT_3D('',#5138,#2682,#2683);
#2448=AXIS2_PLACEMENT_3D('',#5144,#2684,#2685);
#2449=AXIS2_PLACEMENT_3D('',#5374,#2688,#2689);
#2450=AXIS2_PLACEMENT_3D('',#5380,#2690,#2691);
#2451=AXIS2_PLACEMENT_3D('',#5614,#2694,#2695);
#2452=AXIS2_PLACEMENT_3D('',#5620,#2696,#2697);
#2453=AXIS2_PLACEMENT_3D('',#5638,#2698,#2699);
#2454=AXIS2_PLACEMENT_3D('',#5644,#2700,#2701);
#2455=AXIS2_PLACEMENT_3D('',#5666,#2702,#2703);
#2456=AXIS2_PLACEMENT_3D('',#5672,#2704,#2705);
#2457=AXIS2_PLACEMENT_3D('',#5902,#2708,#2709);
#2458=AXIS2_PLACEMENT_3D('',#5908,#2710,#2711);
#2459=AXIS2_PLACEMENT_3D('',#6142,#2714,#2715);
#2460=AXIS2_PLACEMENT_3D('',#6148,#2716,#2717);
#2461=AXIS2_PLACEMENT_3D('',#6166,#2718,#2719);
#2462=AXIS2_PLACEMENT_3D('',#6172,#2720,#2721);
#2463=AXIS2_PLACEMENT_3D('',#6194,#2722,#2723);
#2464=AXIS2_PLACEMENT_3D('',#6200,#2724,#2725);
#2465=AXIS2_PLACEMENT_3D('',#6430,#2728,#2729);
#2466=AXIS2_PLACEMENT_3D('',#6436,#2730,#2731);
#2467=AXIS2_PLACEMENT_3D('',#6670,#2734,#2735);
#2468=AXIS2_PLACEMENT_3D('',#6676,#2736,#2737);
#2469=AXIS2_PLACEMENT_3D('',#6694,#2738,#2739);
#2470=AXIS2_PLACEMENT_3D('',#6700,#2740,#2741);
#2471=AXIS2_PLACEMENT_3D('',#6722,#2742,#2743);
#2472=AXIS2_PLACEMENT_3D('',#6728,#2744,#2745);
#2473=AXIS2_PLACEMENT_3D('',#6958,#2748,#2749);
#2474=AXIS2_PLACEMENT_3D('',#6964,#2750,#2751);
#2475=AXIS2_PLACEMENT_3D('',#7171,#2754,#2755);
#2476=AXIS2_PLACEMENT_3D('',#7194,#2756,#2757);
#2477=AXIS2_PLACEMENT_3D('',#7220,#2758,#2759);
#2478=AXIS2_PLACEMENT_3D('',#7246,#2760,#2761);
#2479=AXIS2_PLACEMENT_3D('',#7402,#2763,#2764);
#2480=AXIS2_PLACEMENT_3D('',#7562,#2766,#2767);
#2481=AXIS2_PLACEMENT_3D('',#7584,#2768,#2769);
#2482=AXIS2_PLACEMENT_3D('',#7610,#2770,#2771);
#2483=AXIS2_PLACEMENT_3D('',#7766,#2773,#2774);
#2484=AXIS2_PLACEMENT_3D('',#7926,#2776,#2777);
#2485=AXIS2_PLACEMENT_3D('',#7948,#2778,#2779);
#2486=AXIS2_PLACEMENT_3D('',#7974,#2780,#2781);
#2487=AXIS2_PLACEMENT_3D('',#8130,#2783,#2784);
#2488=AXIS2_PLACEMENT_3D('',#8290,#2786,#2787);
#2489=AXIS2_PLACEMENT_3D('',#8312,#2788,#2789);
#2490=AXIS2_PLACEMENT_3D('',#8338,#2790,#2791);
#2491=AXIS2_PLACEMENT_3D('',#8494,#2793,#2794);
#2492=AXIS2_PLACEMENT_3D('',#8654,#2796,#2797);
#2493=AXIS2_PLACEMENT_3D('',#8676,#2798,#2799);
#2494=AXIS2_PLACEMENT_3D('',#8702,#2800,#2801);
#2495=AXIS2_PLACEMENT_3D('',#8858,#2803,#2804);
#2496=AXIS2_PLACEMENT_3D('',#9018,#2806,#2807);
#2497=AXIS2_PLACEMENT_3D('',#9040,#2808,#2809);
#2498=AXIS2_PLACEMENT_3D('',#9066,#2810,#2811);
#2499=AXIS2_PLACEMENT_3D('',#9222,#2813,#2814);
#2500=AXIS2_PLACEMENT_3D('',#9382,#2816,#2817);
#2501=AXIS2_PLACEMENT_3D('',#9404,#2818,#2819);
#2502=AXIS2_PLACEMENT_3D('',#9430,#2820,#2821);
#2503=AXIS2_PLACEMENT_3D('',#9586,#2823,#2824);
#2504=AXIS2_PLACEMENT_3D('',#9746,#2826,#2827);
#2505=AXIS2_PLACEMENT_3D('',#9768,#2828,#2829);
#2506=AXIS2_PLACEMENT_3D('',#9794,#2830,#2831);
#2507=AXIS2_PLACEMENT_3D('',#9950,#2833,#2834);
#2508=AXIS2_PLACEMENT_3D('',#10084,#2836,#2837);
#2509=DIRECTION('axis',(0.,0.,1.));
#2510=DIRECTION('refdir',(1.,0.,0.));
#2511=DIRECTION('center_axis',(0.,1.,0.));
#2512=DIRECTION('ref_axis',(1.,0.,0.));
#2513=DIRECTION('',(0.,0.,-1.));
#2514=DIRECTION('',(1.,0.,0.));
#2515=DIRECTION('',(0.,0.,-1.));
#2516=DIRECTION('',(1.,0.,0.));
#2517=DIRECTION('center_axis',(0.,1.,0.));
#2518=DIRECTION('ref_axis',(1.,0.,0.));
#2519=DIRECTION('',(0.,0.,1.));
#2520=DIRECTION('',(1.,0.,0.));
#2521=DIRECTION('',(0.,0.,-1.));
#2522=DIRECTION('',(1.,0.,0.));
#2523=DIRECTION('center_axis',(1.,0.,0.));
#2524=DIRECTION('ref_axis',(0.,-1.,0.));
#2525=DIRECTION('',(0.,-1.,0.));
#2526=DIRECTION('',(0.,-1.,0.));
#2527=DIRECTION('',(0.,0.,-1.));
#2528=DIRECTION('center_axis',(0.,0.,-1.));
#2529=DIRECTION('ref_axis',(-1.,0.,0.));
#2530=DIRECTION('center_axis',(0.,0.,1.));
#2531=DIRECTION('ref_axis',(1.,0.,0.));
#2532=DIRECTION('',(0.,1.,0.));
#2533=DIRECTION('',(-1.,0.,0.));
#2534=DIRECTION('center_axis',(0.,0.,-1.));
#2535=DIRECTION('ref_axis',(1.,0.,0.));
#2536=DIRECTION('',(-1.,0.,0.));
#2537=DIRECTION('',(0.,1.,0.));
#2538=DIRECTION('',(-1.,0.,0.));
#2539=DIRECTION('center_axis',(0.,0.,1.));
#2540=DIRECTION('ref_axis',(-1.,0.,0.));
#2541=DIRECTION('',(1.,0.,0.));
#2542=DIRECTION('center_axis',(0.,0.,1.));
#2543=DIRECTION('ref_axis',(-1.,0.,0.));
#2544=DIRECTION('',(-1.,0.,0.));
#2545=DIRECTION('',(0.,1.,0.));
#2546=DIRECTION('center_axis',(0.,0.,-1.));
#2547=DIRECTION('ref_axis',(1.,0.,0.));
#2548=DIRECTION('center_axis',(0.,0.,-1.));
#2549=DIRECTION('ref_axis',(1.,0.,0.));
#2550=DIRECTION('center_axis',(0.,-1.,0.));
#2551=DIRECTION('ref_axis',(-1.,0.,0.));
#2552=DIRECTION('',(0.,0.,-1.));
#2553=DIRECTION('',(-1.,0.,0.));
#2554=DIRECTION('',(0.,0.,-1.));
#2555=DIRECTION('center_axis',(0.,-1.,0.));
#2556=DIRECTION('ref_axis',(0.,0.,-1.));
#2557=DIRECTION('center_axis',(1.,0.,0.));
#2558=DIRECTION('ref_axis',(0.,-1.,0.));
#2559=DIRECTION('',(0.,0.,-1.));
#2560=DIRECTION('',(0.,-1.,0.));
#2561=DIRECTION('center_axis',(0.,1.,0.));
#2562=DIRECTION('ref_axis',(1.,0.,0.));
#2563=DIRECTION('',(1.,0.,0.));
#2564=DIRECTION('center_axis',(0.,0.,1.));
#2565=DIRECTION('ref_axis',(1.,0.,0.));
#2566=DIRECTION('',(0.,0.,-1.));
#2567=DIRECTION('center_axis',(0.,0.,1.));
#2568=DIRECTION('ref_axis',(1.,0.,0.));
#2569=DIRECTION('center_axis',(0.,0.,1.));
#2570=DIRECTION('ref_axis',(1.,0.,0.));
#2571=DIRECTION('center_axis',(0.,1.,0.));
#2572=DIRECTION('ref_axis',(0.,0.,-1.));
#2573=DIRECTION('center_axis',(0.,1.,0.));
#2574=DIRECTION('ref_axis',(0.,0.,-1.));
#2575=DIRECTION('',(0.,1.,0.));
#2576=DIRECTION('center_axis',(0.,1.,0.));
#2577=DIRECTION('ref_axis',(1.,0.,0.));
#2578=DIRECTION('',(0.,0.,1.));
#2579=DIRECTION('',(1.,0.,0.));
#2580=DIRECTION('',(0.,0.,-1.));
#2581=DIRECTION('center_axis',(0.,1.,0.));
#2582=DIRECTION('ref_axis',(1.,0.,0.));
#2583=DIRECTION('',(0.,0.,-1.));
#2584=DIRECTION('',(1.,0.,0.));
#2585=DIRECTION('center_axis',(-1.,0.,0.));
#2586=DIRECTION('ref_axis',(0.,1.,0.));
#2587=DIRECTION('',(0.,1.,0.));
#2588=DIRECTION('center_axis',(0.,0.,-1.));
#2589=DIRECTION('ref_axis',(-1.,0.,0.));
#2590=DIRECTION('center_axis',(0.,0.,1.));
#2591=DIRECTION('ref_axis',(-6.12323399573677E-17,1.,0.));
#2592=DIRECTION('center_axis',(0.,0.,-1.));
#2593=DIRECTION('ref_axis',(-1.,0.,0.));
#2594=DIRECTION('center_axis',(0.,0.,1.));
#2595=DIRECTION('ref_axis',(0.209686112778826,0.977768752879588,0.));
#2596=DIRECTION('center_axis',(0.,0.,-1.));
#2597=DIRECTION('ref_axis',(-0.254659980767617,0.967030658353414,0.));
#2598=DIRECTION('center_axis',(0.,0.,1.));
#2599=DIRECTION('ref_axis',(0.91144456802668,-0.411422896074901,0.));
#2600=DIRECTION('center_axis',(0.,0.,1.));
#2601=DIRECTION('ref_axis',(0.998999541406728,0.0447204234008031,0.));
#2602=DIRECTION('center_axis',(0.,0.,1.));
#2603=DIRECTION('ref_axis',(-0.91144456802668,0.4114228960749,0.));
#2604=DIRECTION('center_axis',(0.,0.,-1.));
#2605=DIRECTION('ref_axis',(-0.998999541406728,-0.0447204234008043,0.));
#2606=DIRECTION('',(-0.839657387860026,0.543116443326914,0.));
#2607=DIRECTION('',(-0.994451166425509,0.105199228110024,0.));
#2608=DIRECTION('center_axis',(0.,0.,1.));
#2609=DIRECTION('ref_axis',(0.66781724042243,-0.74432528735397,0.));
#2610=DIRECTION('center_axis',(0.,0.,1.));
#2611=DIRECTION('ref_axis',(0.932047195535447,-0.362336894746461,0.));
#2612=DIRECTION('',(0.543116443326915,-0.839657387860026,0.));
#2613=DIRECTION('',(0.863865735434608,-0.503722136839373,0.));
#2614=DIRECTION('center_axis',(0.,0.,1.));
#2615=DIRECTION('ref_axis',(0.839657387860026,0.543116443326914,0.));
#2616=DIRECTION('center_axis',(0.,0.,-1.));
#2617=DIRECTION('ref_axis',(0.503722136839373,0.863865735434608,0.));
#2618=DIRECTION('center_axis',(0.,0.,1.));
#2619=DIRECTION('ref_axis',(0.353568714977338,-0.93540855447728,0.));
#2620=DIRECTION('center_axis',(0.,0.,1.));
#2621=DIRECTION('ref_axis',(0.73802146477519,-0.674777235486707,0.));
#2622=DIRECTION('center_axis',(0.,0.,1.));
#2623=DIRECTION('ref_axis',(-0.353568714977338,0.93540855447728,0.));
#2624=DIRECTION('center_axis',(0.,0.,-1.));
#2625=DIRECTION('ref_axis',(-0.73802146477519,0.674777235486707,0.));
#2626=DIRECTION('',(-0.209686112778825,0.977768752879589,0.));
#2627=DIRECTION('',(-0.628796075766159,0.77757025091054,0.));
#2628=DIRECTION('center_axis',(0.,0.,1.));
#2629=DIRECTION('ref_axis',(-0.0540993588006309,-0.998535557392605,0.));
#2630=DIRECTION('center_axis',(0.,0.,1.));
#2631=DIRECTION('ref_axis',(0.402846016999719,-0.915267767698318,0.));
#2632=DIRECTION('',(-0.209686112778828,-0.977768752879588,0.));
#2633=DIRECTION('',(0.254659980767616,-0.967030658353414,0.));
#2634=DIRECTION('center_axis',(0.,0.,1.));
#2635=DIRECTION('ref_axis',(0.977768752879588,-0.209686112778827,0.));
#2636=DIRECTION('center_axis',(0.,0.,-1.));
#2637=DIRECTION('ref_axis',(0.967030658353414,0.254659980767616,0.));
#2638=DIRECTION('center_axis',(0.,0.,1.));
#2639=DIRECTION('ref_axis',(-0.411422896074901,-0.91144456802668,0.));
#2640=DIRECTION('center_axis',(0.,0.,1.));
#2641=DIRECTION('ref_axis',(0.0447204234008033,-0.998999541406728,0.));
#2642=DIRECTION('center_axis',(0.,0.,1.));
#2643=DIRECTION('ref_axis',(0.411422896074901,0.91144456802668,0.));
#2644=DIRECTION('center_axis',(0.,0.,-1.));
#2645=DIRECTION('ref_axis',(-0.0447204234008035,0.998999541406728,0.));
#2646=DIRECTION('',(0.543116443326914,0.839657387860027,0.));
#2647=DIRECTION('',(0.105199228110024,0.994451166425509,0.));
#2648=DIRECTION('center_axis',(0.,0.,1.));
#2649=DIRECTION('ref_axis',(-0.74432528735397,-0.66781724042243,0.));
#2650=DIRECTION('center_axis',(0.,0.,1.));
#2651=DIRECTION('ref_axis',(-0.362336894746461,-0.932047195535447,0.));
#2652=DIRECTION('',(-0.839657387860026,-0.543116443326914,0.));
#2653=DIRECTION('',(-0.503722136839374,-0.863865735434608,0.));
#2654=DIRECTION('center_axis',(0.,0.,1.));
#2655=DIRECTION('ref_axis',(0.543116443326914,-0.839657387860026,0.));
#2656=DIRECTION('center_axis',(0.,0.,-1.));
#2657=DIRECTION('ref_axis',(0.863865735434608,-0.503722136839374,0.));
#2658=DIRECTION('center_axis',(0.,0.,1.));
#2659=DIRECTION('ref_axis',(-0.93540855447728,-0.353568714977338,0.));
#2660=DIRECTION('center_axis',(0.,0.,1.));
#2661=DIRECTION('ref_axis',(-0.674777235486707,-0.73802146477519,0.));
#2662=DIRECTION('center_axis',(0.,0.,1.));
#2663=DIRECTION('ref_axis',(0.93540855447728,0.353568714977338,0.));
#2664=DIRECTION('center_axis',(0.,0.,-1.));
#2665=DIRECTION('ref_axis',(0.674777235486707,0.73802146477519,0.));
#2666=DIRECTION('',(0.977768752879589,0.209686112778825,0.));
#2667=DIRECTION('',(0.77757025091054,0.628796075766159,0.));
#2668=DIRECTION('center_axis',(0.,0.,1.));
#2669=DIRECTION('ref_axis',(-0.998535557392605,0.0540993588006309,0.));
#2670=DIRECTION('center_axis',(0.,0.,1.));
#2671=DIRECTION('ref_axis',(-0.915267767698318,-0.402846016999719,0.));
#2672=DIRECTION('',(-0.977768752879588,0.209686112778826,0.));
#2673=DIRECTION('',(-0.967030658353414,-0.254659980767617,0.));
#2674=DIRECTION('center_axis',(0.,0.,1.));
#2675=DIRECTION('ref_axis',(-0.209686112778827,-0.977768752879588,0.));
#2676=DIRECTION('center_axis',(0.,0.,-1.));
#2677=DIRECTION('ref_axis',(0.254659980767616,-0.967030658353414,0.));
#2678=DIRECTION('center_axis',(0.,0.,1.));
#2679=DIRECTION('ref_axis',(-0.91144456802668,0.411422896074901,0.));
#2680=DIRECTION('center_axis',(0.,0.,1.));
#2681=DIRECTION('ref_axis',(-0.998999541406728,-0.0447204234008035,0.));
#2682=DIRECTION('center_axis',(0.,0.,1.));
#2683=DIRECTION('ref_axis',(0.91144456802668,-0.411422896074901,0.));
#2684=DIRECTION('center_axis',(0.,0.,-1.));
#2685=DIRECTION('ref_axis',(0.998999541406728,0.0447204234008038,0.));
#2686=DIRECTION('',(0.839657387860027,-0.543116443326914,0.));
#2687=DIRECTION('',(0.994451166425509,-0.105199228110024,0.));
#2688=DIRECTION('center_axis',(0.,0.,1.));
#2689=DIRECTION('ref_axis',(-0.66781724042243,0.74432528735397,0.));
#2690=DIRECTION('center_axis',(0.,0.,1.));
#2691=DIRECTION('ref_axis',(-0.932047195535447,0.362336894746461,0.));
#2692=DIRECTION('',(-0.543116443326914,0.839657387860026,0.));
#2693=DIRECTION('',(-0.863865735434608,0.503722136839374,0.));
#2694=DIRECTION('center_axis',(0.,0.,1.));
#2695=DIRECTION('ref_axis',(-0.839657387860026,-0.543116443326914,0.));
#2696=DIRECTION('center_axis',(0.,0.,-1.));
#2697=DIRECTION('ref_axis',(-0.503722136839374,-0.863865735434608,0.));
#2698=DIRECTION('center_axis',(0.,0.,1.));
#2699=DIRECTION('ref_axis',(-0.353568714977338,0.93540855447728,0.));
#2700=DIRECTION('center_axis',(0.,0.,1.));
#2701=DIRECTION('ref_axis',(-0.73802146477519,0.674777235486707,0.));
#2702=DIRECTION('center_axis',(0.,0.,1.));
#2703=DIRECTION('ref_axis',(0.353568714977338,-0.93540855447728,0.));
#2704=DIRECTION('center_axis',(0.,0.,-1.));
#2705=DIRECTION('ref_axis',(0.73802146477519,-0.674777235486707,0.));
#2706=DIRECTION('',(0.209686112778826,-0.977768752879588,0.));
#2707=DIRECTION('',(0.62879607576616,-0.777570250910538,0.));
#2708=DIRECTION('center_axis',(0.,0.,1.));
#2709=DIRECTION('ref_axis',(0.0540993588006307,0.998535557392605,0.));
#2710=DIRECTION('center_axis',(0.,0.,1.));
#2711=DIRECTION('ref_axis',(-0.40284601699972,0.915267767698318,0.));
#2712=DIRECTION('',(0.209686112778826,0.977768752879588,0.));
#2713=DIRECTION('',(-0.254659980767618,0.967030658353414,0.));
#2714=DIRECTION('center_axis',(0.,0.,1.));
#2715=DIRECTION('ref_axis',(-0.977768752879588,0.209686112778826,0.));
#2716=DIRECTION('center_axis',(0.,0.,-1.));
#2717=DIRECTION('ref_axis',(-0.967030658353414,-0.254659980767617,0.));
#2718=DIRECTION('center_axis',(0.,0.,1.));
#2719=DIRECTION('ref_axis',(0.411422896074901,0.91144456802668,0.));
#2720=DIRECTION('center_axis',(0.,0.,1.));
#2721=DIRECTION('ref_axis',(-0.0447204234008035,0.998999541406728,0.));
#2722=DIRECTION('center_axis',(0.,0.,1.));
#2723=DIRECTION('ref_axis',(-0.411422896074901,-0.91144456802668,0.));
#2724=DIRECTION('center_axis',(0.,0.,-1.));
#2725=DIRECTION('ref_axis',(0.0447204234008035,-0.998999541406728,0.));
#2726=DIRECTION('',(-0.543116443326914,-0.839657387860026,0.));
#2727=DIRECTION('',(-0.105199228110024,-0.994451166425509,0.));
#2728=DIRECTION('center_axis',(0.,0.,1.));
#2729=DIRECTION('ref_axis',(0.74432528735397,0.66781724042243,0.));
#2730=DIRECTION('center_axis',(0.,0.,1.));
#2731=DIRECTION('ref_axis',(0.362336894746461,0.932047195535447,0.));
#2732=DIRECTION('',(0.839657387860026,0.543116443326915,0.));
#2733=DIRECTION('',(0.503722136839372,0.863865735434608,0.));
#2734=DIRECTION('center_axis',(0.,0.,1.));
#2735=DIRECTION('ref_axis',(-0.543116443326915,0.839657387860026,0.));
#2736=DIRECTION('center_axis',(0.,0.,-1.));
#2737=DIRECTION('ref_axis',(-0.863865735434608,0.503722136839373,0.));
#2738=DIRECTION('center_axis',(0.,0.,1.));
#2739=DIRECTION('ref_axis',(0.93540855447728,0.353568714977338,0.));
#2740=DIRECTION('center_axis',(0.,0.,1.));
#2741=DIRECTION('ref_axis',(0.674777235486707,0.73802146477519,0.));
#2742=DIRECTION('center_axis',(0.,0.,1.));
#2743=DIRECTION('ref_axis',(-0.93540855447728,-0.353568714977338,0.));
#2744=DIRECTION('center_axis',(0.,0.,-1.));
#2745=DIRECTION('ref_axis',(-0.674777235486707,-0.73802146477519,0.));
#2746=DIRECTION('',(-0.977768752879588,-0.209686112778827,0.));
#2747=DIRECTION('',(-0.777570250910538,-0.62879607576616,0.));
#2748=DIRECTION('center_axis',(0.,0.,1.));
#2749=DIRECTION('ref_axis',(0.998535557392605,-0.0540993588006308,0.));
#2750=DIRECTION('center_axis',(0.,0.,1.));
#2751=DIRECTION('ref_axis',(0.915267767698318,0.40284601699972,0.));
#2752=DIRECTION('',(0.977768752879588,-0.209686112778827,0.));
#2753=DIRECTION('',(0.967030658353414,0.254659980767617,0.));
#2754=DIRECTION('center_axis',(0.,0.,1.));
#2755=DIRECTION('ref_axis',(-1.,0.,0.));
#2756=DIRECTION('center_axis',(0.,0.,1.));
#2757=DIRECTION('ref_axis',(0.209686112778826,0.977768752879588,0.));
#2758=DIRECTION('center_axis',(0.,0.,1.));
#2759=DIRECTION('ref_axis',(0.91144456802668,-0.411422896074901,0.));
#2760=DIRECTION('center_axis',(0.,0.,1.));
#2761=DIRECTION('ref_axis',(-0.91144456802668,0.4114228960749,0.));
#2762=DIRECTION('',(-0.839657387860026,0.543116443326914,0.));
#2763=DIRECTION('center_axis',(0.,0.,1.));
#2764=DIRECTION('ref_axis',(0.66781724042243,-0.74432528735397,0.));
#2765=DIRECTION('',(0.543116443326915,-0.839657387860026,0.));
#2766=DIRECTION('center_axis',(0.,0.,1.));
#2767=DIRECTION('ref_axis',(0.839657387860026,0.543116443326914,0.));
#2768=DIRECTION('center_axis',(0.,0.,1.));
#2769=DIRECTION('ref_axis',(0.353568714977338,-0.93540855447728,0.));
#2770=DIRECTION('center_axis',(0.,0.,1.));
#2771=DIRECTION('ref_axis',(-0.353568714977338,0.93540855447728,0.));
#2772=DIRECTION('',(-0.209686112778825,0.977768752879589,0.));
#2773=DIRECTION('center_axis',(0.,0.,1.));
#2774=DIRECTION('ref_axis',(-0.0540993588006309,-0.998535557392605,0.));
#2775=DIRECTION('',(-0.209686112778828,-0.977768752879588,0.));
#2776=DIRECTION('center_axis',(0.,0.,1.));
#2777=DIRECTION('ref_axis',(0.977768752879588,-0.209686112778827,0.));
#2778=DIRECTION('center_axis',(0.,0.,1.));
#2779=DIRECTION('ref_axis',(-0.411422896074901,-0.91144456802668,0.));
#2780=DIRECTION('center_axis',(0.,0.,1.));
#2781=DIRECTION('ref_axis',(0.411422896074901,0.91144456802668,0.));
#2782=DIRECTION('',(0.543116443326914,0.839657387860027,0.));
#2783=DIRECTION('center_axis',(0.,0.,1.));
#2784=DIRECTION('ref_axis',(-0.74432528735397,-0.66781724042243,0.));
#2785=DIRECTION('',(-0.839657387860026,-0.543116443326914,0.));
#2786=DIRECTION('center_axis',(0.,0.,1.));
#2787=DIRECTION('ref_axis',(0.543116443326914,-0.839657387860026,0.));
#2788=DIRECTION('center_axis',(0.,0.,1.));
#2789=DIRECTION('ref_axis',(-0.93540855447728,-0.353568714977338,0.));
#2790=DIRECTION('center_axis',(0.,0.,1.));
#2791=DIRECTION('ref_axis',(0.93540855447728,0.353568714977338,0.));
#2792=DIRECTION('',(0.977768752879589,0.209686112778825,0.));
#2793=DIRECTION('center_axis',(0.,0.,1.));
#2794=DIRECTION('ref_axis',(-0.998535557392605,0.0540993588006309,0.));
#2795=DIRECTION('',(-0.977768752879588,0.209686112778826,0.));
#2796=DIRECTION('center_axis',(0.,0.,1.));
#2797=DIRECTION('ref_axis',(-0.209686112778827,-0.977768752879588,0.));
#2798=DIRECTION('center_axis',(0.,0.,1.));
#2799=DIRECTION('ref_axis',(-0.91144456802668,0.411422896074901,0.));
#2800=DIRECTION('center_axis',(0.,0.,1.));
#2801=DIRECTION('ref_axis',(0.91144456802668,-0.411422896074901,0.));
#2802=DIRECTION('',(0.839657387860027,-0.543116443326914,0.));
#2803=DIRECTION('center_axis',(0.,0.,1.));
#2804=DIRECTION('ref_axis',(-0.66781724042243,0.74432528735397,0.));
#2805=DIRECTION('',(-0.543116443326914,0.839657387860026,0.));
#2806=DIRECTION('center_axis',(0.,0.,1.));
#2807=DIRECTION('ref_axis',(-0.839657387860026,-0.543116443326914,0.));
#2808=DIRECTION('center_axis',(0.,0.,1.));
#2809=DIRECTION('ref_axis',(-0.353568714977338,0.93540855447728,0.));
#2810=DIRECTION('center_axis',(0.,0.,1.));
#2811=DIRECTION('ref_axis',(0.353568714977338,-0.93540855447728,0.));
#2812=DIRECTION('',(0.209686112778826,-0.977768752879588,0.));
#2813=DIRECTION('center_axis',(0.,0.,1.));
#2814=DIRECTION('ref_axis',(0.0540993588006307,0.998535557392605,0.));
#2815=DIRECTION('',(0.209686112778826,0.977768752879588,0.));
#2816=DIRECTION('center_axis',(0.,0.,1.));
#2817=DIRECTION('ref_axis',(-0.977768752879588,0.209686112778826,0.));
#2818=DIRECTION('center_axis',(0.,0.,1.));
#2819=DIRECTION('ref_axis',(0.411422896074901,0.91144456802668,0.));
#2820=DIRECTION('center_axis',(0.,0.,1.));
#2821=DIRECTION('ref_axis',(-0.411422896074901,-0.91144456802668,0.));
#2822=DIRECTION('',(-0.543116443326914,-0.839657387860026,0.));
#2823=DIRECTION('center_axis',(0.,0.,1.));
#2824=DIRECTION('ref_axis',(0.74432528735397,0.66781724042243,0.));
#2825=DIRECTION('',(0.839657387860026,0.543116443326915,0.));
#2826=DIRECTION('center_axis',(0.,0.,1.));
#2827=DIRECTION('ref_axis',(-0.543116443326915,0.839657387860026,0.));
#2828=DIRECTION('center_axis',(0.,0.,1.));
#2829=DIRECTION('ref_axis',(0.93540855447728,0.353568714977338,0.));
#2830=DIRECTION('center_axis',(0.,0.,1.));
#2831=DIRECTION('ref_axis',(-0.93540855447728,-0.353568714977338,0.));
#2832=DIRECTION('',(-0.977768752879588,-0.209686112778827,0.));
#2833=DIRECTION('center_axis',(0.,0.,1.));
#2834=DIRECTION('ref_axis',(0.998535557392605,-0.0540993588006308,0.));
#2835=DIRECTION('',(0.977768752879588,-0.209686112778827,0.));
#2836=DIRECTION('center_axis',(0.,0.,1.));
#2837=DIRECTION('ref_axis',(-1.,0.,0.));
#2838=CARTESIAN_POINT('',(0.,0.,0.));
#2839=CARTESIAN_POINT('Origin',(-2.5000000372529,-2.20621303111326,44.));
#2840=CARTESIAN_POINT('',(-1.27871969615942,-2.20621303111326,44.));
#2841=CARTESIAN_POINT('',(-1.27871969615942,-2.20621303111326,20.));
#2842=CARTESIAN_POINT('',(-1.27871969615942,-2.20621303111326,5.));
#2843=CARTESIAN_POINT('',(-2.5000000372529,-2.20621303111326,44.));
#2844=CARTESIAN_POINT('',(-1.25000001862645,-2.20621303111326,44.));
#2845=CARTESIAN_POINT('',(-2.5000000372529,-2.20621303111326,20.));
#2846=CARTESIAN_POINT('',(-2.5000000372529,-2.20621303111326,44.));
#2847=CARTESIAN_POINT('',(2.53039180507137,-2.20621303111326,20.));
#2848=CARTESIAN_POINT('Origin',(-2.5000000372529,-2.20621303111326,44.));
#2849=CARTESIAN_POINT('',(1.27871969615942,-2.20621303111326,20.));
#2850=CARTESIAN_POINT('',(1.27871969615942,-2.20621303111326,44.));
#2851=CARTESIAN_POINT('',(1.27871969615942,-2.20621303111326,5.));
#2852=CARTESIAN_POINT('',(2.53039180507137,-2.20621303111326,20.));
#2853=CARTESIAN_POINT('',(2.53039180507137,-2.20621303111326,20.));
#2854=CARTESIAN_POINT('',(2.53039180507137,-2.20621303111326,44.));
#2855=CARTESIAN_POINT('',(2.53039180507137,-2.20621303111326,44.));
#2856=CARTESIAN_POINT('',(-1.25000001862645,-2.20621303111326,44.));
#2857=CARTESIAN_POINT('Origin',(2.53039180507137,-2.20621303111326,44.));
#2858=CARTESIAN_POINT('',(2.53039180507137,-4.50000006705523,44.));
#2859=CARTESIAN_POINT('',(2.53039180507137,-1.10310651555663,44.));
#2860=CARTESIAN_POINT('',(2.53039180507137,-4.50000006705523,20.));
#2861=CARTESIAN_POINT('',(2.53039180507137,-4.50000006705523,20.));
#2862=CARTESIAN_POINT('',(2.53039180507137,-4.50000006705523,44.));
#2863=CARTESIAN_POINT('Origin',(0.015195883909232,-3.35310654908424,20.));
#2864=CARTESIAN_POINT('Origin',(0.,0.,20.));
#2865=CARTESIAN_POINT('',(-2.5000000372529,-2.5000000372529,20.));
#2866=CARTESIAN_POINT('',(-2.5000000372529,-2.20621303111326,20.));
#2867=CARTESIAN_POINT('',(-1.65831233901684,-2.5000000372529,20.));
#2868=CARTESIAN_POINT('',(-1.24240207667184,-2.5000000372529,20.));
#2869=CARTESIAN_POINT('',(1.65831233901684,-2.5000000372529,20.));
#2870=CARTESIAN_POINT('Origin',(0.,0.,20.));
#2871=CARTESIAN_POINT('',(2.5000000372529,-2.5000000372529,20.));
#2872=CARTESIAN_POINT('',(-1.24240207667184,-2.5000000372529,20.));
#2873=CARTESIAN_POINT('',(2.5000000372529,-4.50000006705523,20.));
#2874=CARTESIAN_POINT('',(2.5000000372529,-2.92655329316857,20.));
#2875=CARTESIAN_POINT('',(-2.5000000372529,-4.50000006705523,20.));
#2876=CARTESIAN_POINT('Origin',(0.,0.,44.));
#2877=CARTESIAN_POINT('',(-7.5498343089535,-8.00000011920929,44.));
#2878=CARTESIAN_POINT('',(7.5498343089535,-8.00000011920929,44.));
#2879=CARTESIAN_POINT('',(-5.20215117114562,-8.00000011920929,44.));
#2880=CARTESIAN_POINT('Origin',(0.,0.,44.));
#2881=CARTESIAN_POINT('',(-2.5000000372529,-4.50000006705523,44.));
#2882=CARTESIAN_POINT('',(1.25000001862645,-4.50000006705523,44.));
#2883=CARTESIAN_POINT('',(-2.5000000372529,-2.25000003352761,44.));
#2884=CARTESIAN_POINT('',(-2.55,-3.12284933782575E-16,44.));
#2885=CARTESIAN_POINT('Origin',(0.,0.,44.));
#2886=CARTESIAN_POINT('Origin',(0.,0.,44.));
#2887=CARTESIAN_POINT('Origin',(2.5000000372529,-4.50000006705523,44.));
#2888=CARTESIAN_POINT('',(2.5000000372529,-4.50000006705523,19.5));
#2889=CARTESIAN_POINT('',(2.5000000372529,-4.50000006705523,44.));
#2890=CARTESIAN_POINT('',(-2.5000000372529,-4.50000006705523,19.5));
#2891=CARTESIAN_POINT('',(2.5000000372529,-4.50000006705523,19.5));
#2892=CARTESIAN_POINT('',(-2.5000000372529,-4.50000006705523,44.));
#2893=CARTESIAN_POINT('',(-1.54856587752183E-16,-4.50000006705523,30.2645));
#2894=CARTESIAN_POINT('Origin',(0.,-4.50000006705523,29.));
#2895=CARTESIAN_POINT('Origin',(2.5000000372529,-2.5000000372529,44.));
#2896=CARTESIAN_POINT('',(2.5000000372529,-2.5000000372529,19.5));
#2897=CARTESIAN_POINT('',(2.5000000372529,-2.5000000372529,44.));
#2898=CARTESIAN_POINT('',(2.5000000372529,-3.50000005215406,19.5));
#2899=CARTESIAN_POINT('Origin',(-2.5000000372529,-2.5000000372529,44.));
#2900=CARTESIAN_POINT('',(1.65831233901684,-2.5000000372529,19.5));
#2901=CARTESIAN_POINT('Ctrl Pts',(1.65831233901684,-2.5000000372529,19.5));
#2902=CARTESIAN_POINT('Ctrl Pts',(1.65831233901684,-2.5000000372529,19.6666666666667));
#2903=CARTESIAN_POINT('Ctrl Pts',(1.65831233901684,-2.5000000372529,19.8333333333333));
#2904=CARTESIAN_POINT('Ctrl Pts',(1.65831233901684,-2.5000000372529,20.));
#2905=CARTESIAN_POINT('',(2.5000000372529,-2.5000000372529,19.5));
#2906=CARTESIAN_POINT('Origin',(0.,0.,5.));
#2907=CARTESIAN_POINT('',(-2.55,3.12284933782575E-16,5.));
#2908=CARTESIAN_POINT('',(-2.55,-3.12284933782575E-16,5.));
#2909=CARTESIAN_POINT('Origin',(0.,0.,5.));
#2910=CARTESIAN_POINT('Origin',(0.,0.,5.));
#2911=CARTESIAN_POINT('',(-1.65831233901684,-2.5000000372529,19.5));
#2912=CARTESIAN_POINT('Ctrl Pts',(-1.65831233901684,-2.5000000372529,20.));
#2913=CARTESIAN_POINT('Ctrl Pts',(-1.65831233901684,-2.5000000372529,19.8333333333333));
#2914=CARTESIAN_POINT('Ctrl Pts',(-1.65831233901684,-2.5000000372529,19.6666666666667));
#2915=CARTESIAN_POINT('Ctrl Pts',(-1.65831233901684,-2.5000000372529,19.5));
#2916=CARTESIAN_POINT('Ctrl Pts',(-1.65831233901684,-2.5000000372529,19.5));
#2917=CARTESIAN_POINT('Ctrl Pts',(-1.65701403168197,-2.50086123686937,19.5));
#2918=CARTESIAN_POINT('Ctrl Pts',(-1.65571502132904,-2.50172144645524,19.5));
#2919=CARTESIAN_POINT('Ctrl Pts',(-1.43978229560894,-2.64447105374479,19.5));
#2920=CARTESIAN_POINT('Ctrl Pts',(-1.207784475356,-2.75816186507102,19.5));
#2921=CARTESIAN_POINT('Ctrl Pts',(-0.594218902506935,-2.96639629862418,
19.5));
#2922=CARTESIAN_POINT('Ctrl Pts',(-0.203312845353707,-3.0184875337662,19.5));
#2923=CARTESIAN_POINT('Ctrl Pts',(0.576463694672187,-2.96989776142423,19.5));
#2924=CARTESIAN_POINT('Ctrl Pts',(0.957879088811156,-2.8696812986473,19.5));
#2925=CARTESIAN_POINT('Ctrl Pts',(1.43025071095979,-2.64053756106223,19.5));
#2926=CARTESIAN_POINT('Ctrl Pts',(1.54681101969999,-2.5739616416067,19.5));
#2927=CARTESIAN_POINT('Ctrl Pts',(1.65831233901684,-2.5000000372529,19.5));
#2928=CARTESIAN_POINT('Origin',(0.,-4.00000011920929,29.));
#2929=CARTESIAN_POINT('',(1.54856587752183E-16,-8.00000011920929,30.2645));
#2930=CARTESIAN_POINT('Origin',(0.,-8.00000011920929,29.));
#2931=CARTESIAN_POINT('',(1.54856587752183E-16,-4.00000011920929,30.2645));
#2932=CARTESIAN_POINT('Origin',(-10.4043023422912,-8.00000011920929,44.));
#2933=CARTESIAN_POINT('',(-7.5498343089535,-8.00000011920929,20.));
#2934=CARTESIAN_POINT('',(-7.5498343089535,-8.00000011920929,20.));
#2935=CARTESIAN_POINT('',(7.5498343089535,-8.00000011920929,20.));
#2936=CARTESIAN_POINT('',(10.0000001490116,-8.00000011920929,20.));
#2937=CARTESIAN_POINT('',(7.5498343089535,-8.00000011920929,20.));
#2938=CARTESIAN_POINT('Origin',(-2.5000000372529,-2.5000000372529,44.));
#2939=CARTESIAN_POINT('',(-2.5000000372529,-2.5000000372529,19.5));
#2940=CARTESIAN_POINT('',(-2.5000000372529,-2.5000000372529,44.));
#2941=CARTESIAN_POINT('',(2.5000000372529,-2.5000000372529,19.5));
#2942=CARTESIAN_POINT('Origin',(-2.5000000372529,-4.50000006705523,44.));
#2943=CARTESIAN_POINT('',(-2.5000000372529,-2.5000000372529,19.5));
#2944=CARTESIAN_POINT('Origin',(0.,-3.50000005215406,19.5));
#2945=CARTESIAN_POINT('Origin',(0.,0.,20.));
#2946=CARTESIAN_POINT('Origin',(0.,0.,20.));
#2947=CARTESIAN_POINT('Ctrl Pts',(10.6374660815156,-4.02078342672229,20.));
#2948=CARTESIAN_POINT('Ctrl Pts',(11.2657134919408,-2.35867935148593,17.5));
#2949=CARTESIAN_POINT('Ctrl Pts',(11.4969277298946,-0.548016002689739,15.));
#2950=CARTESIAN_POINT('Ctrl Pts',(11.3065172124333,1.21862731175248,12.5));
#2951=CARTESIAN_POINT('Ctrl Pts',(10.7809813145086,-3.64109661917185,20.));
#2952=CARTESIAN_POINT('Ctrl Pts',(11.3499349896583,-1.95674555255432,17.5));
#2953=CARTESIAN_POINT('Ctrl Pts',(11.5163793333004,-0.137508591163206,15.));
#2954=CARTESIAN_POINT('Ctrl Pts',(11.2630203204059,1.62219479596403,12.5));
#2955=CARTESIAN_POINT('Ctrl Pts',(11.393702555916,-2.85870797829375,20.));
#2956=CARTESIAN_POINT('Ctrl Pts',(11.8406337849405,-1.07835629726768,17.5));
#2957=CARTESIAN_POINT('Ctrl Pts',(11.861778408613,0.80677753497804,15.));
#2958=CARTESIAN_POINT('Ctrl Pts',(11.4561887206156,2.59700004533812,12.5));
#2959=CARTESIAN_POINT('Ctrl Pts',(12.3984807296993,-2.65889988907632,20.));
#2960=CARTESIAN_POINT('Ctrl Pts',(12.8132207096535,-0.721734988971856,17.5));
#2961=CARTESIAN_POINT('Ctrl Pts',(12.7674699202046,1.31360790958331,15.));
#2962=CARTESIAN_POINT('Ctrl Pts',(12.2623175953545,3.22918568922781,12.5));
#2963=CARTESIAN_POINT('Ctrl Pts',(12.9276554160278,-2.77238335091779,20.));
#2964=CARTESIAN_POINT('Ctrl Pts',(13.3608403146086,-0.752437192163993,17.5));
#2965=CARTESIAN_POINT('Ctrl Pts',(13.3117759588194,1.36924667712588,15.));
#2966=CARTESIAN_POINT('Ctrl Pts',(12.7856807564263,3.36700929531694,12.5));
#2967=CARTESIAN_POINT('',(12.9276554160278,-2.77238335091779,20.));
#2968=CARTESIAN_POINT('',(10.6374660815156,-4.02078342672229,20.));
#2969=CARTESIAN_POINT('Origin',(12.5082831904702,-4.72792085667697,20.));
#2970=CARTESIAN_POINT('',(11.3065172124333,1.21862731175248,12.5));
#2971=CARTESIAN_POINT('Ctrl Pts',(10.6374660815156,-4.02078342672232,20.));
#2972=CARTESIAN_POINT('Ctrl Pts',(11.2657134919408,-2.35867935148596,17.5));
#2973=CARTESIAN_POINT('Ctrl Pts',(11.4969277298946,-0.548016002689774,15.));
#2974=CARTESIAN_POINT('Ctrl Pts',(11.3065172124333,1.21862731175245,12.5));
#2975=CARTESIAN_POINT('',(12.7856807564263,3.36700929531694,12.5));
#2976=CARTESIAN_POINT('Origin',(13.2950007179615,1.43294797861011,12.5));
#2977=CARTESIAN_POINT('Ctrl Pts',(12.9276554160278,-2.77238335091779,20.));
#2978=CARTESIAN_POINT('Ctrl Pts',(13.3608403146086,-0.752437192163993,17.5));
#2979=CARTESIAN_POINT('Ctrl Pts',(13.3117759588194,1.36924667712588,15.));
#2980=CARTESIAN_POINT('Ctrl Pts',(12.7856807564263,3.36700929531694,12.5));
#2981=CARTESIAN_POINT('Ctrl Pts',(10.3649476275994,-4.67870117416378,20.));
#2982=CARTESIAN_POINT('Ctrl Pts',(11.0959946860623,-3.05917810735181,17.5));
#2983=CARTESIAN_POINT('Ctrl Pts',(11.4400853872076,-1.26653665522266,15.));
#2984=CARTESIAN_POINT('Ctrl Pts',(11.3606227848773,0.508560654913934,12.5));
#2985=CARTESIAN_POINT('Ctrl Pts',(10.4626251068384,-4.46231164232133,20.));
#2986=CARTESIAN_POINT('Ctrl Pts',(11.1598613325032,-2.82752639425663,17.5));
#2987=CARTESIAN_POINT('Ctrl Pts',(11.4665269423157,-1.02770149968421,15.));
#2988=CARTESIAN_POINT('Ctrl Pts',(11.3500055385598,0.745736946988228,12.5));
#2989=CARTESIAN_POINT('Ctrl Pts',(10.5535239841111,-4.242862340005,20.));
#2990=CARTESIAN_POINT('Ctrl Pts',(11.2164712555449,-2.59387414205826,17.5));
#2991=CARTESIAN_POINT('Ctrl Pts',(11.4854867788933,-0.788038021154162,15.));
#2992=CARTESIAN_POINT('Ctrl Pts',(11.3319585559842,0.982580584429651,12.5));
#2993=CARTESIAN_POINT('Ctrl Pts',(10.6374660815156,-4.02078342672232,20.));
#2994=CARTESIAN_POINT('Ctrl Pts',(11.2657134919408,-2.35867935148596,17.5));
#2995=CARTESIAN_POINT('Ctrl Pts',(11.4969277298946,-0.548016002689774,15.));
#2996=CARTESIAN_POINT('Ctrl Pts',(11.3065172124333,1.21862731175245,12.5));
#2997=CARTESIAN_POINT('',(10.3649476275994,-4.67870117416378,20.));
#2998=CARTESIAN_POINT('Origin',(0.,0.,20.));
#2999=CARTESIAN_POINT('',(11.3606227848773,0.508560654913934,12.5));
#3000=CARTESIAN_POINT('Ctrl Pts',(10.3649476275994,-4.67870117416378,20.));
#3001=CARTESIAN_POINT('Ctrl Pts',(11.0959946860623,-3.05917810735181,17.5));
#3002=CARTESIAN_POINT('Ctrl Pts',(11.4400853872076,-1.26653665522266,15.));
#3003=CARTESIAN_POINT('Ctrl Pts',(11.3606227848773,0.508560654913934,12.5));
#3004=CARTESIAN_POINT('Origin',(0.,0.,12.5));
#3005=CARTESIAN_POINT('Ctrl Pts',(11.1016038769989,-7.18086174203363,20.));
#3006=CARTESIAN_POINT('Ctrl Pts',(12.2236135241914,-5.44623613625302,17.5));
#3007=CARTESIAN_POINT('Ctrl Pts',(12.9308951566059,-3.44531073917721,15.));
#3008=CARTESIAN_POINT('Ctrl Pts',(13.1482234114707,-1.39090083113547,12.5));
#3009=CARTESIAN_POINT('Ctrl Pts',(10.7607829260821,-6.96040817924771,20.));
#3010=CARTESIAN_POINT('Ctrl Pts',(11.8485267973035,-5.27904167846842,17.5));
#3011=CARTESIAN_POINT('Ctrl Pts',(12.5337513796292,-3.33961532677919,15.));
#3012=CARTESIAN_POINT('Ctrl Pts',(12.7445709252521,-1.34819996113949,12.5));
#3013=CARTESIAN_POINT('Ctrl Pts',(10.1254484135202,-6.19628234341157,20.));
#3014=CARTESIAN_POINT('Ctrl Pts',(11.0935901621993,-4.61391547701829,17.5));
#3015=CARTESIAN_POINT('Ctrl Pts',(11.6837136708735,-2.80258518874699,15.));
#3016=CARTESIAN_POINT('Ctrl Pts',(11.8325573429643,-0.953523560062518,12.5));
#3017=CARTESIAN_POINT('Ctrl Pts',(10.142282931742,-5.17198078856232,20.));
#3018=CARTESIAN_POINT('Ctrl Pts',(10.9503498571154,-3.58796676155416,17.5));
#3019=CARTESIAN_POINT('Ctrl Pts',(11.3795343756724,-1.81031814730225,15.));
#3020=CARTESIAN_POINT('Ctrl Pts',(11.3848257632972,-0.0321042695985188,
12.5));
#3021=CARTESIAN_POINT('Ctrl Pts',(10.3649476275994,-4.67870117416378,20.));
#3022=CARTESIAN_POINT('Ctrl Pts',(11.0959946860623,-3.05917810735181,17.5));
#3023=CARTESIAN_POINT('Ctrl Pts',(11.4400853872076,-1.26653665522266,15.));
#3024=CARTESIAN_POINT('Ctrl Pts',(11.3606227848773,0.508560654913934,12.5));
#3025=CARTESIAN_POINT('',(11.1016038769989,-7.18086174203363,20.));
#3026=CARTESIAN_POINT('Origin',(12.1878367636528,-5.50154696631358,20.));
#3027=CARTESIAN_POINT('',(13.1482234114707,-1.39090083113547,12.5));
#3028=CARTESIAN_POINT('Ctrl Pts',(11.1016038769989,-7.18086174203363,20.));
#3029=CARTESIAN_POINT('Ctrl Pts',(12.2236135241914,-5.44623613625302,17.5));
#3030=CARTESIAN_POINT('Ctrl Pts',(12.9308951566059,-3.44531073917722,15.));
#3031=CARTESIAN_POINT('Ctrl Pts',(13.1482234114707,-1.39090083113548,12.5));
#3032=CARTESIAN_POINT('Origin',(13.3586218676908,0.598001501715543,12.5));
#3033=CARTESIAN_POINT('Ctrl Pts',(12.624317621767,-8.16580022434864,20.));
#3034=CARTESIAN_POINT('Ctrl Pts',(13.9002239068211,-6.19325059594809,17.5));
#3035=CARTESIAN_POINT('Ctrl Pts',(14.7045174192335,-3.91787507093217,15.));
#3036=CARTESIAN_POINT('Ctrl Pts',(14.9516547651518,-1.58167901387783,12.5));
#3037=CARTESIAN_POINT('Ctrl Pts',(12.116746373511,-7.8374873969103,20.));
#3038=CARTESIAN_POINT('Ctrl Pts',(13.3413537792779,-5.94424577604974,17.5));
#3039=CARTESIAN_POINT('Ctrl Pts',(14.1133099983576,-3.76035362701385,15.));
#3040=CARTESIAN_POINT('Ctrl Pts',(14.3505109805915,-1.51808628629704,12.5));
#3041=CARTESIAN_POINT('Ctrl Pts',(11.609175125255,-7.50917456947197,20.));
#3042=CARTESIAN_POINT('Ctrl Pts',(12.7824836517346,-5.69524095615137,17.5));
#3043=CARTESIAN_POINT('Ctrl Pts',(13.5221025774817,-3.60283218309553,15.));
#3044=CARTESIAN_POINT('Ctrl Pts',(13.7493671960311,-1.45449355871626,12.5));
#3045=CARTESIAN_POINT('Ctrl Pts',(11.1016038769989,-7.18086174203363,20.));
#3046=CARTESIAN_POINT('Ctrl Pts',(12.2236135241914,-5.44623613625302,17.5));
#3047=CARTESIAN_POINT('Ctrl Pts',(12.9308951566059,-3.44531073917722,15.));
#3048=CARTESIAN_POINT('Ctrl Pts',(13.1482234114707,-1.39090083113548,12.5));
#3049=CARTESIAN_POINT('',(12.624317621767,-8.16580022434864,20.));
#3050=CARTESIAN_POINT('',(12.624317621767,-8.16580022434864,20.));
#3051=CARTESIAN_POINT('',(14.9516547651518,-1.58167901387783,12.5));
#3052=CARTESIAN_POINT('Ctrl Pts',(12.624317621767,-8.16580022434865,20.));
#3053=CARTESIAN_POINT('Ctrl Pts',(13.9002239068211,-6.19325059594809,17.5));
#3054=CARTESIAN_POINT('Ctrl Pts',(14.7045174192335,-3.91787507093217,15.));
#3055=CARTESIAN_POINT('Ctrl Pts',(14.9516547651518,-1.58167901387783,12.5));
#3056=CARTESIAN_POINT('',(14.9516547651518,-1.58167901387783,12.5));
#3057=CARTESIAN_POINT('Ctrl Pts',(14.8865057470794,-13.3563448084486,20.));
#3058=CARTESIAN_POINT('Ctrl Pts',(16.9734346233989,-11.0303282854681,17.5));
#3059=CARTESIAN_POINT('Ctrl Pts',(18.5037773192062,-8.20827935204603,15.));
#3060=CARTESIAN_POINT('Ctrl Pts',(19.3147689906524,-5.19034669725741,12.5));
#3061=CARTESIAN_POINT('Ctrl Pts',(14.7794558792944,-12.4644787915267,20.));
#3062=CARTESIAN_POINT('Ctrl Pts',(16.7271361276358,-10.1552205512521,17.5));
#3063=CARTESIAN_POINT('Ctrl Pts',(18.1220123813765,-7.38311851301148,15.));
#3064=CARTESIAN_POINT('Ctrl Pts',(18.8163465732505,-4.44304504453327,12.5));
#3065=CARTESIAN_POINT('Ctrl Pts',(14.4560461421802,-11.0416731603627,20.));
#3066=CARTESIAN_POINT('Ctrl Pts',(16.1813531534061,-8.78296190523073,17.5));
#3067=CARTESIAN_POINT('Ctrl Pts',(17.3662556353668,-6.11433640123266,15.));
#3068=CARTESIAN_POINT('Ctrl Pts',(17.8850388544301,-3.31981948615352,12.5));
#3069=CARTESIAN_POINT('Ctrl Pts',(13.7644299262121,-9.55306981439907,20.));
#3070=CARTESIAN_POINT('Ctrl Pts',(15.2568936088547,-7.40219795057673,17.5));
#3071=CARTESIAN_POINT('Ctrl Pts',(16.2357415976048,-4.89735653861564,15.));
#3072=CARTESIAN_POINT('Ctrl Pts',(16.5955161970629,-2.30423875182414,12.5));
#3073=CARTESIAN_POINT('Ctrl Pts',(13.248913989968,-8.79350551912192,20.));
#3074=CARTESIAN_POINT('Ctrl Pts',(14.6229642297049,-6.72342216765533,17.5));
#3075=CARTESIAN_POINT('Ctrl Pts',(15.5018256567186,-4.32704905731709,15.));
#3076=CARTESIAN_POINT('Ctrl Pts',(15.792457578409,-1.85950124026576,12.5));
#3077=CARTESIAN_POINT('Ctrl Pts',(12.9084068155849,-8.41297652266435,20.));
#3078=CARTESIAN_POINT('Ctrl Pts',(14.2228305675099,-6.39594922862044,17.5));
#3079=CARTESIAN_POINT('Ctrl Pts',(15.0553611729188,-4.06712710029445,15.));
#3080=CARTESIAN_POINT('Ctrl Pts',(15.3167675085907,-1.67384992616411,12.5));
#3081=CARTESIAN_POINT('Ctrl Pts',(12.7298751246713,-8.2340780914558,20.));
#3082=CARTESIAN_POINT('Ctrl Pts',(14.0164204697635,-6.24502083877407,17.5));
#3083=CARTESIAN_POINT('Ctrl Pts',(14.8275010270116,-3.95063362041172,15.));
#3084=CARTESIAN_POINT('Ctrl Pts',(15.0766721632071,-1.59490413163098,12.5));
#3085=CARTESIAN_POINT('Ctrl Pts',(12.624317621767,-8.16580022434865,20.));
#3086=CARTESIAN_POINT('Ctrl Pts',(13.9002239068211,-6.19325059594809,17.5));
#3087=CARTESIAN_POINT('Ctrl Pts',(14.7045174192335,-3.91787507093217,15.));
#3088=CARTESIAN_POINT('Ctrl Pts',(14.9516547651518,-1.58167901387783,12.5));
#3089=CARTESIAN_POINT('',(14.8865057470794,-13.3563448084486,20.));
#3090=CARTESIAN_POINT('Ctrl Pts',(14.8865057470794,-13.3563448084486,20.));
#3091=CARTESIAN_POINT('Ctrl Pts',(14.8843647497237,-13.3385074881102,20.));
#3092=CARTESIAN_POINT('Ctrl Pts',(14.8800244716855,-13.3028604822497,20.));
#3093=CARTESIAN_POINT('Ctrl Pts',(14.8733392046655,-13.2494728779379,20.));
#3094=CARTESIAN_POINT('Ctrl Pts',(14.864075699041,-13.1784552693088,20.));
#3095=CARTESIAN_POINT('Ctrl Pts',(14.8519125851461,-13.0899603053849,20.));
#3096=CARTESIAN_POINT('Ctrl Pts',(14.8391647871815,-13.0017436530765,20.));
#3097=CARTESIAN_POINT('Ctrl Pts',(14.8258312821015,-12.9138074356755,20.));
#3098=CARTESIAN_POINT('Ctrl Pts',(14.8119111392299,-12.8261548032507,20.));
#3099=CARTESIAN_POINT('Ctrl Pts',(14.7974037278703,-12.7387901814901,20.));
#3100=CARTESIAN_POINT('Ctrl Pts',(14.782308676768,-12.6517190296453,20.));
#3101=CARTESIAN_POINT('Ctrl Pts',(14.7666257649144,-12.5649474629705,20.));
#3102=CARTESIAN_POINT('Ctrl Pts',(14.7503548372419,-12.4784819052573,20.));
#3103=CARTESIAN_POINT('Ctrl Pts',(14.7334957198899,-12.392328759273,20.));
#3104=CARTESIAN_POINT('Ctrl Pts',(14.7160481263492,-12.306493987699,20.));
#3105=CARTESIAN_POINT('Ctrl Pts',(14.6980116309817,-12.2209830735032,20.));
#3106=CARTESIAN_POINT('Ctrl Pts',(14.6793856966386,-12.1358012689786,20.));
#3107=CARTESIAN_POINT('Ctrl Pts',(14.6601696906082,-12.0509537651764,20.));
#3108=CARTESIAN_POINT('Ctrl Pts',(14.6403629088669,-11.966445876642,20.));
#3109=CARTESIAN_POINT('Ctrl Pts',(14.6199646027398,-11.8822832532646,20.));
#3110=CARTESIAN_POINT('Ctrl Pts',(14.5989740026594,-11.7984719512947,20.));
#3111=CARTESIAN_POINT('Ctrl Pts',(14.5773903318122,-11.7150182801752,20.));
#3112=CARTESIAN_POINT('Ctrl Pts',(14.5552128283653,-11.6319286961582,20.));
#3113=CARTESIAN_POINT('Ctrl Pts',(14.5324407636517,-11.5492096851044,20.));
#3114=CARTESIAN_POINT('Ctrl Pts',(14.5090734782308,-11.4668676224729,20.));
#3115=CARTESIAN_POINT('Ctrl Pts',(14.4851103778028,-11.3849087189428,20.));
#3116=CARTESIAN_POINT('Ctrl Pts',(14.4605508141118,-11.3033392198388,20.));
#3117=CARTESIAN_POINT('Ctrl Pts',(14.4353939866875,-11.2221655609517,20.));
#3118=CARTESIAN_POINT('Ctrl Pts',(14.4096388479634,-11.1413945283905,20.));
#3119=CARTESIAN_POINT('Ctrl Pts',(14.3832839935496,-11.061033439188,20.));
#3120=CARTESIAN_POINT('Ctrl Pts',(14.356327615155,-10.9810902361574,20.));
#3121=CARTESIAN_POINT('Ctrl Pts',(14.3287677533735,-10.9015731554793,20.));
#3122=CARTESIAN_POINT('Ctrl Pts',(14.300602520918,-10.8224904404045,20.));
#3123=CARTESIAN_POINT('Ctrl Pts',(14.2718303286039,-10.7438500503328,20.));
#3124=CARTESIAN_POINT('Ctrl Pts',(14.2424501455798,-10.6656593304413,20.));
#3125=CARTESIAN_POINT('Ctrl Pts',(14.2124616614653,-10.5879248040656,20.));
#3126=CARTESIAN_POINT('Ctrl Pts',(14.1818646439513,-10.5106529647363,20.));
#3127=CARTESIAN_POINT('Ctrl Pts',(14.1506583635453,-10.4338509862733,20.));
#3128=CARTESIAN_POINT('Ctrl Pts',(14.1188410215307,-10.3575274309762,20.));
#3129=CARTESIAN_POINT('Ctrl Pts',(14.0864091215387,-10.2816930281935,20.));
#3130=CARTESIAN_POINT('Ctrl Pts',(14.0533570342902,-10.2063612178498,20.));
#3131=CARTESIAN_POINT('Ctrl Pts',(14.0196784301156,-10.1315464068528,20.));
#3132=CARTESIAN_POINT('Ctrl Pts',(13.9853676004447,-10.0572623632795,20.));
#3133=CARTESIAN_POINT('Ctrl Pts',(13.9504207549052,-9.98352064121693,20.));
#3134=CARTESIAN_POINT('Ctrl Pts',(13.9148375021819,-9.91032878340386,20.));
#3135=CARTESIAN_POINT('Ctrl Pts',(13.8786217822922,-9.83768919310329,20.));
#3136=CARTESIAN_POINT('Ctrl Pts',(13.8417783443288,-9.76560343159785,20.));
#3137=CARTESIAN_POINT('Ctrl Pts',(13.804309510557,-9.69407616811107,20.));
#3138=CARTESIAN_POINT('Ctrl Pts',(13.7662120836234,-9.62311895705797,20.));
#3139=CARTESIAN_POINT('Ctrl Pts',(13.7274736064747,-9.55275480390224,20.));
#3140=CARTESIAN_POINT('Ctrl Pts',(13.6880706164715,-9.48302030623244,20.));
#3141=CARTESIAN_POINT('Ctrl Pts',(13.6479769857967,-9.41395552661586,20.));
#3142=CARTESIAN_POINT('Ctrl Pts',(13.6071714475272,-9.34559485650564,20.));
#3143=CARTESIAN_POINT('Ctrl Pts',(13.5656445232525,-9.27795861095857,20.));
#3144=CARTESIAN_POINT('Ctrl Pts',(13.5234078986116,-9.21104164260603,20.));
#3145=CARTESIAN_POINT('Ctrl Pts',(13.4804960137588,-9.14481143920218,20.));
#3146=CARTESIAN_POINT('Ctrl Pts',(13.4369453813188,-9.07923335292214,20.));
#3147=CARTESIAN_POINT('Ctrl Pts',(13.392776352303,-9.01429284636908,20.));
#3148=CARTESIAN_POINT('Ctrl Pts',(13.347976982039,-8.9500151877732,20.));
#3149=CARTESIAN_POINT('Ctrl Pts',(13.3024786052905,-8.88649523115063,20.));
#3150=CARTESIAN_POINT('Ctrl Pts',(13.2561602376586,-8.82389213883333,20.));
#3151=CARTESIAN_POINT('Ctrl Pts',(13.2088971414606,-8.76237043972678,20.));
#3152=CARTESIAN_POINT('Ctrl Pts',(13.1606032755602,-8.70204845598488,20.));
#3153=CARTESIAN_POINT('Ctrl Pts',(13.1112673619381,-8.64295465211946,20.));
#3154=CARTESIAN_POINT('Ctrl Pts',(13.0610136054146,-8.58495361828217,20.));
#3155=CARTESIAN_POINT('Ctrl Pts',(13.0100603243419,-8.52779768790006,20.));
#3156=CARTESIAN_POINT('Ctrl Pts',(12.9585999022391,-8.47127526633241,20.));
#3157=CARTESIAN_POINT('Ctrl Pts',(12.9066947185573,-8.4153396865354,20.));
#3158=CARTESIAN_POINT('Ctrl Pts',(12.854180932266,-8.36022799173676,20.));
#3159=CARTESIAN_POINT('Ctrl Pts',(12.8005313129497,-8.30663116150125,20.));
#3160=CARTESIAN_POINT('Ctrl Pts',(12.7449836302164,-8.25553134311827,20.));
#3161=CARTESIAN_POINT('Ctrl Pts',(12.6983981518787,-8.21745455738575,20.));
#3162=CARTESIAN_POINT('Ctrl Pts',(12.6619690684798,-8.1908337660322,20.));
#3163=CARTESIAN_POINT('Ctrl Pts',(12.6369845221155,-8.1739935684015,20.));
#3164=CARTESIAN_POINT('Ctrl Pts',(12.624317621767,-8.16580022434865,20.));
#3165=CARTESIAN_POINT('',(19.3147689906524,-5.19034669725741,12.5));
#3166=CARTESIAN_POINT('Ctrl Pts',(14.8865057470794,-13.3563448084486,20.));
#3167=CARTESIAN_POINT('Ctrl Pts',(16.9734346233989,-11.0303282854681,17.5));
#3168=CARTESIAN_POINT('Ctrl Pts',(18.5037773192062,-8.20827935204605,15.));
#3169=CARTESIAN_POINT('Ctrl Pts',(19.3147689906524,-5.19034669725743,12.5));
#3170=CARTESIAN_POINT('Ctrl Pts',(19.3147689906524,-5.19034669725741,12.5));
#3171=CARTESIAN_POINT('Ctrl Pts',(19.3048005423044,-5.17540066420292,12.5));
#3172=CARTESIAN_POINT('Ctrl Pts',(19.28482413371,-5.14555958278925,12.5));
#3173=CARTESIAN_POINT('Ctrl Pts',(19.2547409851529,-5.10095091477312,12.5));
#3174=CARTESIAN_POINT('Ctrl Pts',(19.2143929700588,-5.04177870043386,12.5));
#3175=CARTESIAN_POINT('Ctrl Pts',(19.1635623461924,-4.96832430875525,12.5));
#3176=CARTESIAN_POINT('Ctrl Pts',(19.1123358392121,-4.8953823518304,12.5));
#3177=CARTESIAN_POINT('Ctrl Pts',(19.0607134956669,-4.82295518610218,12.5));
#3178=CARTESIAN_POINT('Ctrl Pts',(19.0086959083805,-4.7510460423063,12.5));
#3179=CARTESIAN_POINT('Ctrl Pts',(18.9562845140868,-4.67965915367864,12.5));
#3180=CARTESIAN_POINT('Ctrl Pts',(18.9034814479115,-4.60879955832394,12.5));
#3181=CARTESIAN_POINT('Ctrl Pts',(18.8502892753823,-4.5384728117118,12.5));
#3182=CARTESIAN_POINT('Ctrl Pts',(18.7967107602443,-4.46868471477842,12.5));
#3183=CARTESIAN_POINT('Ctrl Pts',(18.7427486399781,-4.39944105819357,12.5));
#3184=CARTESIAN_POINT('Ctrl Pts',(18.6884053527484,-4.3307472909028,12.5));
#3185=CARTESIAN_POINT('Ctrl Pts',(18.6336829958778,-4.26260849673776,12.5));
#3186=CARTESIAN_POINT('Ctrl Pts',(18.5785834629937,-4.19502960411449,12.5));
#3187=CARTESIAN_POINT('Ctrl Pts',(18.5231085348017,-4.12801552998592,12.5));
#3188=CARTESIAN_POINT('Ctrl Pts',(18.4672599841783,-4.06157133369484,12.5));
#3189=CARTESIAN_POINT('Ctrl Pts',(18.4110396956646,-3.99570239392772,12.5));
#3190=CARTESIAN_POINT('Ctrl Pts',(18.3544497187444,-3.93041446133837,12.5));
#3191=CARTESIAN_POINT('Ctrl Pts',(18.2974922108225,-3.8657135157356,12.5));
#3192=CARTESIAN_POINT('Ctrl Pts',(18.2401694089927,-3.80160566113381,12.5));
#3193=CARTESIAN_POINT('Ctrl Pts',(18.1824835933135,-3.73809701297896,12.5));
#3194=CARTESIAN_POINT('Ctrl Pts',(18.1244370557261,-3.67519355694942,12.5));
#3195=CARTESIAN_POINT('Ctrl Pts',(18.0660320718433,-3.61290110228886,12.5));
#3196=CARTESIAN_POINT('Ctrl Pts',(18.0072708847938,-3.55122551352555,12.5));
#3197=CARTESIAN_POINT('Ctrl Pts',(17.9481556879576,-3.49017289387496,12.5));
#3198=CARTESIAN_POINT('Ctrl Pts',(17.8886886125359,-3.42974977071434,12.5));
#3199=CARTESIAN_POINT('Ctrl Pts',(17.8288717112517,-3.36996330627842,12.5));
#3200=CARTESIAN_POINT('Ctrl Pts',(17.7687069592042,-3.31082140355289,12.5));
#3201=CARTESIAN_POINT('Ctrl Pts',(17.7081963292123,-3.25233229551579,12.5));
#3202=CARTESIAN_POINT('Ctrl Pts',(17.6473418616293,-3.19450418887147,12.5));
#3203=CARTESIAN_POINT('Ctrl Pts',(17.5861457345199,-3.13734490241692,12.5));
#3204=CARTESIAN_POINT('Ctrl Pts',(17.5246103465682,-3.08086145474147,12.5));
#3205=CARTESIAN_POINT('Ctrl Pts',(17.4627383679302,-3.02505980575355,12.5));
#3206=CARTESIAN_POINT('Ctrl Pts',(17.4005325249473,-2.96994585350129,12.5));
#3207=CARTESIAN_POINT('Ctrl Pts',(17.3379954077415,-2.91552632755518,12.5));
#3208=CARTESIAN_POINT('Ctrl Pts',(17.2751292798199,-2.86180967924004,12.5));
#3209=CARTESIAN_POINT('Ctrl Pts',(17.2119358691677,-2.80880706012886,12.5));
#3210=CARTESIAN_POINT('Ctrl Pts',(17.1484162254898,-2.75653300357906,12.5));
#3211=CARTESIAN_POINT('Ctrl Pts',(17.0845712105045,-2.70500322204263,12.5));
#3212=CARTESIAN_POINT('Ctrl Pts',(17.0204019514284,-2.65423257745418,12.5));
#3213=CARTESIAN_POINT('Ctrl Pts',(16.9559102865495,-2.60423308998611,12.5));
#3214=CARTESIAN_POINT('Ctrl Pts',(16.8910992743565,-2.5550116655551,12.5));
#3215=CARTESIAN_POINT('Ctrl Pts',(16.8259735155975,-2.50656866820541,12.5));
#3216=CARTESIAN_POINT('Ctrl Pts',(16.7605379524409,-2.45890334530541,12.5));
#3217=CARTESIAN_POINT('Ctrl Pts',(16.6947967660799,-2.4120188132935,12.5));
#3218=CARTESIAN_POINT('Ctrl Pts',(16.6287523240029,-2.36592682472575,12.5));
#3219=CARTESIAN_POINT('Ctrl Pts',(16.5624039060649,-2.32065353129293,12.5));
#3220=CARTESIAN_POINT('Ctrl Pts',(16.4957471142012,-2.27624218268819,12.5));
#3221=CARTESIAN_POINT('Ctrl Pts',(16.4287767380307,-2.23274032388025,12.5));
#3222=CARTESIAN_POINT('Ctrl Pts',(16.3614893416917,-2.19018824443266,12.5));
#3223=CARTESIAN_POINT('Ctrl Pts',(16.2938856469383,-2.14860835016752,12.5));
#3224=CARTESIAN_POINT('Ctrl Pts',(16.2259737534882,-2.10799076970564,12.5));
#3225=CARTESIAN_POINT('Ctrl Pts',(16.1577696984588,-2.06829093869752,12.5));
#3226=CARTESIAN_POINT('Ctrl Pts',(16.0892904030939,-2.02946145128891,12.5));
#3227=CARTESIAN_POINT('Ctrl Pts',(16.0205474556358,-1.99148014417177,12.5));
#3228=CARTESIAN_POINT('Ctrl Pts',(15.9515416153049,-1.95437495624806,12.5));
#3229=CARTESIAN_POINT('Ctrl Pts',(15.8822544758686,-1.91826153097685,12.5));
#3230=CARTESIAN_POINT('Ctrl Pts',(15.8126500080684,-1.88333651973819,12.5));
#3231=CARTESIAN_POINT('Ctrl Pts',(15.7426912586797,-1.84980305723953,12.5));
#3232=CARTESIAN_POINT('Ctrl Pts',(15.6723549220789,-1.81780557359252,12.5));
#3233=CARTESIAN_POINT('Ctrl Pts',(15.6016437962193,-1.78737455803482,12.5));
#3234=CARTESIAN_POINT('Ctrl Pts',(15.5306075141001,-1.75833309468307,12.5));
#3235=CARTESIAN_POINT('Ctrl Pts',(15.4593289561886,-1.73036160183807,12.5));
#3236=CARTESIAN_POINT('Ctrl Pts',(15.3878841618832,-1.70318439540469,12.5));
#3237=CARTESIAN_POINT('Ctrl Pts',(15.3163076991552,-1.67673166088409,12.5));
#3238=CARTESIAN_POINT('Ctrl Pts',(15.2445604892678,-1.65128889123142,12.5));
#3239=CARTESIAN_POINT('Ctrl Pts',(15.1724843370547,-1.62771072026257,12.5));
#3240=CARTESIAN_POINT('Ctrl Pts',(15.0998429372228,-1.60721770861792,12.5));
#3241=CARTESIAN_POINT('Ctrl Pts',(15.0410804565765,-1.59429411500112,12.5));
#3242=CARTESIAN_POINT('Ctrl Pts',(14.9965543295573,-1.58700243054299,12.5));
#3243=CARTESIAN_POINT('Ctrl Pts',(14.9666568529185,-1.58326602800821,12.5));
#3244=CARTESIAN_POINT('Ctrl Pts',(14.9516547651518,-1.58167901387783,12.5));
#3245=CARTESIAN_POINT('Ctrl Pts',(13.3563448084486,-14.8865057470794,20.));
#3246=CARTESIAN_POINT('Ctrl Pts',(15.6823613314291,-12.7995768707599,17.5));
#3247=CARTESIAN_POINT('Ctrl Pts',(17.5086411146266,-10.1593853809767,15.));
#3248=CARTESIAN_POINT('Ctrl Pts',(18.6409439107089,-7.24673789492923,12.5));
#3249=CARTESIAN_POINT('Ctrl Pts',(13.8935073257491,-14.4045573354686,20.));
#3250=CARTESIAN_POINT('Ctrl Pts',(16.1442203212739,-12.2336959194087,17.5));
#3251=CARTESIAN_POINT('Ctrl Pts',(17.8752304967598,-9.52760732251987,15.));
#3252=CARTESIAN_POINT('Ctrl Pts',(18.9024341513332,-6.57410077470381,12.5));
#3253=CARTESIAN_POINT('Ctrl Pts',(14.4045573354686,-13.8935073257492,20.));
#3254=CARTESIAN_POINT('Ctrl Pts',(16.5754187515284,-11.6427943302245,17.5));
#3255=CARTESIAN_POINT('Ctrl Pts',(18.2075905681397,-8.87596819132313,15.));
#3256=CARTESIAN_POINT('Ctrl Pts',(19.127481272169,-5.88729802407453,12.5));
#3257=CARTESIAN_POINT('Ctrl Pts',(14.8865057470794,-13.3563448084486,20.));
#3258=CARTESIAN_POINT('Ctrl Pts',(16.9734346233989,-11.0303282854681,17.5));
#3259=CARTESIAN_POINT('Ctrl Pts',(18.5037773192062,-8.20827935204605,15.));
#3260=CARTESIAN_POINT('Ctrl Pts',(19.3147689906524,-5.19034669725743,12.5));
#3261=CARTESIAN_POINT('',(13.3563448084486,-14.8865057470794,20.));
#3262=CARTESIAN_POINT('Origin',(0.,0.,20.));
#3263=CARTESIAN_POINT('',(18.6409439107089,-7.24673789492923,12.5));
#3264=CARTESIAN_POINT('Ctrl Pts',(13.3563448084486,-14.8865057470794,20.));
#3265=CARTESIAN_POINT('Ctrl Pts',(15.6823613314291,-12.7995768707599,17.5));
#3266=CARTESIAN_POINT('Ctrl Pts',(17.5086411146266,-10.1593853809767,15.));
#3267=CARTESIAN_POINT('Ctrl Pts',(18.6409439107089,-7.24673789492923,12.5));
#3268=CARTESIAN_POINT('Origin',(0.,0.,12.5));
#3269=CARTESIAN_POINT('Ctrl Pts',(8.16580022434864,-12.624317621767,20.));
#3270=CARTESIAN_POINT('Ctrl Pts',(10.1383498527492,-11.3484113367129,17.5));
#3271=CARTESIAN_POINT('Ctrl Pts',(11.8049321737172,-9.60292424097517,15.));
#3272=CARTESIAN_POINT('Ctrl Pts',(12.9882921110031,-7.5735035986315,12.5));
#3273=CARTESIAN_POINT('Ctrl Pts',(8.23407809145581,-12.7298751246713,20.));
#3274=CARTESIAN_POINT('Ctrl Pts',(10.2231353441375,-11.4433297795792,17.5));
#3275=CARTESIAN_POINT('Ctrl Pts',(11.9036124441894,-9.6831987917457,15.));
#3276=CARTESIAN_POINT('Ctrl Pts',(13.0968929655844,-7.63682901170017,12.5));
#3277=CARTESIAN_POINT('Ctrl Pts',(8.41297652266437,-12.9084068155848,20.));
#3278=CARTESIAN_POINT('Ctrl Pts',(10.4300038167083,-11.5939830636598,17.5));
#3279=CARTESIAN_POINT('Ctrl Pts',(12.1315109405522,-9.79915905506412,15.));
#3280=CARTESIAN_POINT('Ctrl Pts',(13.3371498095413,-7.71528194205447,12.5));
#3281=CARTESIAN_POINT('Ctrl Pts',(8.79350551912188,-13.2489139899681,20.));
#3282=CARTESIAN_POINT('Ctrl Pts',(10.8635888705885,-11.8748637502312,17.5));
#3283=CARTESIAN_POINT('Ctrl Pts',(12.6044295584592,-10.0081888478181,15.));
#3284=CARTESIAN_POINT('Ctrl Pts',(13.8304639780919,-7.84714772252319,12.5));
#3285=CARTESIAN_POINT('Ctrl Pts',(9.55306981439901,-13.7644299262119,20.));
#3286=CARTESIAN_POINT('Ctrl Pts',(11.7039416782213,-12.2719662435693,17.5));
#3287=CARTESIAN_POINT('Ctrl Pts',(13.4963795171577,-10.267087075713,15.));
#3288=CARTESIAN_POINT('Ctrl Pts',(14.7409922758389,-7.96390738243726,12.5));
#3289=CARTESIAN_POINT('Ctrl Pts',(11.0416731603627,-14.4560461421802,20.));
#3290=CARTESIAN_POINT('Ctrl Pts',(13.3003844154947,-12.7307391309543,17.5));
#3291=CARTESIAN_POINT('Ctrl Pts',(15.1458500207523,-10.4680388255324,15.));
#3292=CARTESIAN_POINT('Ctrl Pts',(16.381477961359,-7.90841299165798,12.5));
#3293=CARTESIAN_POINT('Ctrl Pts',(12.4644787915267,-14.7794558792944,20.));
#3294=CARTESIAN_POINT('Ctrl Pts',(14.7737370318012,-12.8317756309531,17.5));
#3295=CARTESIAN_POINT('Ctrl Pts',(16.6166573804987,-10.3350029016034,15.));
#3296=CARTESIAN_POINT('Ctrl Pts',(17.7969181054004,-7.55415472320362,12.5));
#3297=CARTESIAN_POINT('Ctrl Pts',(13.3563448084486,-14.8865057470794,20.));
#3298=CARTESIAN_POINT('Ctrl Pts',(15.6823613314291,-12.7995768707599,17.5));
#3299=CARTESIAN_POINT('Ctrl Pts',(17.5086411146266,-10.1593853809767,15.));
#3300=CARTESIAN_POINT('Ctrl Pts',(18.6409439107089,-7.24673789492923,12.5));
#3301=CARTESIAN_POINT('',(8.16580022434864,-12.624317621767,20.));
#3302=CARTESIAN_POINT('Ctrl Pts',(8.16580022434864,-12.624317621767,20.));
#3303=CARTESIAN_POINT('Ctrl Pts',(8.1739935684015,-12.6369845221155,20.));
#3304=CARTESIAN_POINT('Ctrl Pts',(8.19083376603219,-12.6619690684799,20.));
#3305=CARTESIAN_POINT('Ctrl Pts',(8.21745455738574,-12.6983981518787,20.));
#3306=CARTESIAN_POINT('Ctrl Pts',(8.25553134311827,-12.7449836302164,20.));
#3307=CARTESIAN_POINT('Ctrl Pts',(8.30663116150125,-12.8005313129497,20.));
#3308=CARTESIAN_POINT('Ctrl Pts',(8.36022799173676,-12.854180932266,20.));
#3309=CARTESIAN_POINT('Ctrl Pts',(8.41533968653539,-12.9066947185573,20.));
#3310=CARTESIAN_POINT('Ctrl Pts',(8.47127526633241,-12.9585999022391,20.));
#3311=CARTESIAN_POINT('Ctrl Pts',(8.52779768790006,-13.0100603243419,20.));
#3312=CARTESIAN_POINT('Ctrl Pts',(8.58495361828216,-13.0610136054146,20.));
#3313=CARTESIAN_POINT('Ctrl Pts',(8.64295465211945,-13.1112673619381,20.));
#3314=CARTESIAN_POINT('Ctrl Pts',(8.70204845598487,-13.1606032755602,20.));
#3315=CARTESIAN_POINT('Ctrl Pts',(8.76237043972677,-13.2088971414606,20.));
#3316=CARTESIAN_POINT('Ctrl Pts',(8.82389213883332,-13.2561602376586,20.));
#3317=CARTESIAN_POINT('Ctrl Pts',(8.88649523115062,-13.3024786052905,20.));
#3318=CARTESIAN_POINT('Ctrl Pts',(8.9500151877732,-13.347976982039,20.));
#3319=CARTESIAN_POINT('Ctrl Pts',(9.01429284636907,-13.392776352303,20.));
#3320=CARTESIAN_POINT('Ctrl Pts',(9.07923335292213,-13.4369453813188,20.));
#3321=CARTESIAN_POINT('Ctrl Pts',(9.14481143920217,-13.4804960137588,20.));
#3322=CARTESIAN_POINT('Ctrl Pts',(9.21104164260603,-13.5234078986116,20.));
#3323=CARTESIAN_POINT('Ctrl Pts',(9.27795861095857,-13.5656445232525,20.));
#3324=CARTESIAN_POINT('Ctrl Pts',(9.34559485650563,-13.6071714475272,20.));
#3325=CARTESIAN_POINT('Ctrl Pts',(9.41395552661585,-13.6479769857967,20.));
#3326=CARTESIAN_POINT('Ctrl Pts',(9.48302030623244,-13.6880706164715,20.));
#3327=CARTESIAN_POINT('Ctrl Pts',(9.55275480390224,-13.7274736064747,20.));
#3328=CARTESIAN_POINT('Ctrl Pts',(9.62311895705796,-13.7662120836234,20.));
#3329=CARTESIAN_POINT('Ctrl Pts',(9.69407616811106,-13.804309510557,20.));
#3330=CARTESIAN_POINT('Ctrl Pts',(9.76560343159784,-13.8417783443288,20.));
#3331=CARTESIAN_POINT('Ctrl Pts',(9.83768919310328,-13.8786217822922,20.));
#3332=CARTESIAN_POINT('Ctrl Pts',(9.91032878340386,-13.9148375021819,20.));
#3333=CARTESIAN_POINT('Ctrl Pts',(9.98352064121692,-13.9504207549052,20.));
#3334=CARTESIAN_POINT('Ctrl Pts',(10.0572623632795,-13.9853676004447,20.));
#3335=CARTESIAN_POINT('Ctrl Pts',(10.1315464068528,-14.0196784301156,20.));
#3336=CARTESIAN_POINT('Ctrl Pts',(10.2063612178498,-14.0533570342902,20.));
#3337=CARTESIAN_POINT('Ctrl Pts',(10.2816930281935,-14.0864091215387,20.));
#3338=CARTESIAN_POINT('Ctrl Pts',(10.3575274309762,-14.1188410215307,20.));
#3339=CARTESIAN_POINT('Ctrl Pts',(10.4338509862733,-14.1506583635453,20.));
#3340=CARTESIAN_POINT('Ctrl Pts',(10.5106529647363,-14.1818646439513,20.));
#3341=CARTESIAN_POINT('Ctrl Pts',(10.5879248040656,-14.2124616614653,20.));
#3342=CARTESIAN_POINT('Ctrl Pts',(10.6656593304413,-14.2424501455798,20.));
#3343=CARTESIAN_POINT('Ctrl Pts',(10.7438500503328,-14.2718303286039,20.));
#3344=CARTESIAN_POINT('Ctrl Pts',(10.8224904404045,-14.300602520918,20.));
#3345=CARTESIAN_POINT('Ctrl Pts',(10.9015731554793,-14.3287677533735,20.));
#3346=CARTESIAN_POINT('Ctrl Pts',(10.9810902361574,-14.356327615155,20.));
#3347=CARTESIAN_POINT('Ctrl Pts',(11.061033439188,-14.3832839935496,20.));
#3348=CARTESIAN_POINT('Ctrl Pts',(11.1413945283905,-14.4096388479634,20.));
#3349=CARTESIAN_POINT('Ctrl Pts',(11.2221655609516,-14.4353939866875,20.));
#3350=CARTESIAN_POINT('Ctrl Pts',(11.3033392198388,-14.4605508141118,20.));
#3351=CARTESIAN_POINT('Ctrl Pts',(11.3849087189428,-14.4851103778028,20.));
#3352=CARTESIAN_POINT('Ctrl Pts',(11.4668676224729,-14.5090734782308,20.));
#3353=CARTESIAN_POINT('Ctrl Pts',(11.5492096851044,-14.5324407636517,20.));
#3354=CARTESIAN_POINT('Ctrl Pts',(11.6319286961582,-14.5552128283653,20.));
#3355=CARTESIAN_POINT('Ctrl Pts',(11.7150182801752,-14.5773903318122,20.));
#3356=CARTESIAN_POINT('Ctrl Pts',(11.7984719512947,-14.5989740026594,20.));
#3357=CARTESIAN_POINT('Ctrl Pts',(11.8822832532646,-14.6199646027398,20.));
#3358=CARTESIAN_POINT('Ctrl Pts',(11.966445876642,-14.6403629088669,20.));
#3359=CARTESIAN_POINT('Ctrl Pts',(12.0509537651764,-14.6601696906082,20.));
#3360=CARTESIAN_POINT('Ctrl Pts',(12.1358012689786,-14.6793856966386,20.));
#3361=CARTESIAN_POINT('Ctrl Pts',(12.2209830735032,-14.6980116309817,20.));
#3362=CARTESIAN_POINT('Ctrl Pts',(12.306493987699,-14.7160481263492,20.));
#3363=CARTESIAN_POINT('Ctrl Pts',(12.392328759273,-14.7334957198899,20.));
#3364=CARTESIAN_POINT('Ctrl Pts',(12.4784819052573,-14.7503548372419,20.));
#3365=CARTESIAN_POINT('Ctrl Pts',(12.5649474629705,-14.7666257649144,20.));
#3366=CARTESIAN_POINT('Ctrl Pts',(12.6517190296453,-14.782308676768,20.));
#3367=CARTESIAN_POINT('Ctrl Pts',(12.7387901814901,-14.7974037278703,20.));
#3368=CARTESIAN_POINT('Ctrl Pts',(12.8261548032507,-14.8119111392299,20.));
#3369=CARTESIAN_POINT('Ctrl Pts',(12.9138074356755,-14.8258312821015,20.));
#3370=CARTESIAN_POINT('Ctrl Pts',(13.0017436530765,-14.8391647871815,20.));
#3371=CARTESIAN_POINT('Ctrl Pts',(13.0899603053849,-14.8519125851461,20.));
#3372=CARTESIAN_POINT('Ctrl Pts',(13.1784552693088,-14.864075699041,20.));
#3373=CARTESIAN_POINT('Ctrl Pts',(13.2494728779378,-14.8733392046656,20.));
#3374=CARTESIAN_POINT('Ctrl Pts',(13.3028604822497,-14.8800244716855,20.));
#3375=CARTESIAN_POINT('Ctrl Pts',(13.3385074881102,-14.8843647497237,20.));
#3376=CARTESIAN_POINT('Ctrl Pts',(13.3563448084486,-14.8865057470794,20.));
#3377=CARTESIAN_POINT('',(12.9882921110031,-7.5735035986315,12.5));
#3378=CARTESIAN_POINT('Ctrl Pts',(8.16580022434864,-12.624317621767,20.));
#3379=CARTESIAN_POINT('Ctrl Pts',(10.1383498527492,-11.3484113367129,17.5));
#3380=CARTESIAN_POINT('Ctrl Pts',(11.8049321737172,-9.60292424097517,15.));
#3381=CARTESIAN_POINT('Ctrl Pts',(12.9882921110031,-7.5735035986315,12.5));
#3382=CARTESIAN_POINT('Ctrl Pts',(12.9882921110031,-7.5735035986315,12.5));
#3383=CARTESIAN_POINT('Ctrl Pts',(13.0013242135528,-7.58110264819974,12.5));
#3384=CARTESIAN_POINT('Ctrl Pts',(13.0276352266387,-7.59578428311092,12.5));
#3385=CARTESIAN_POINT('Ctrl Pts',(13.0678421523213,-7.61625738196603,12.5));
#3386=CARTESIAN_POINT('Ctrl Pts',(13.1228577261356,-7.64061585157219,12.5));
#3387=CARTESIAN_POINT('Ctrl Pts',(13.1935404545129,-7.66708637111642,12.5));
#3388=CARTESIAN_POINT('Ctrl Pts',(13.2655933604088,-7.69073548560396,12.5));
#3389=CARTESIAN_POINT('Ctrl Pts',(13.3384845910743,-7.71268691258024,12.5));
#3390=CARTESIAN_POINT('Ctrl Pts',(13.4118358880148,-7.73372317692094,12.5));
#3391=CARTESIAN_POINT('Ctrl Pts',(13.4855097956821,-7.7540975360986,12.5));
#3392=CARTESIAN_POINT('Ctrl Pts',(13.5595197660622,-7.77373325646372,12.5));
#3393=CARTESIAN_POINT('Ctrl Pts',(13.6339676564792,-7.79236311377346,12.5));
#3394=CARTESIAN_POINT('Ctrl Pts',(13.7089757886257,-7.80968045017647,12.5));
#3395=CARTESIAN_POINT('Ctrl Pts',(13.7846088539964,-7.8255132840605,12.5));
#3396=CARTESIAN_POINT('Ctrl Pts',(13.8608465535283,-7.83988453638113,12.5));
#3397=CARTESIAN_POINT('Ctrl Pts',(13.9376221989713,-7.85292442190918,12.5));
#3398=CARTESIAN_POINT('Ctrl Pts',(14.0148453614708,-7.8648185528005,12.5));
#3399=CARTESIAN_POINT('Ctrl Pts',(14.0924287042466,-7.87574676831559,12.5));
#3400=CARTESIAN_POINT('Ctrl Pts',(14.1703186258294,-7.88581317936399,12.5));
#3401=CARTESIAN_POINT('Ctrl Pts',(14.2484979798416,-7.89503985765615,12.5));
#3402=CARTESIAN_POINT('Ctrl Pts',(14.3269705415785,-7.90340207978769,12.5));
#3403=CARTESIAN_POINT('Ctrl Pts',(14.4057507261702,-7.91085161871705,12.5));
#3404=CARTESIAN_POINT('Ctrl Pts',(14.4848519798075,-7.91734306111654,12.5));
#3405=CARTESIAN_POINT('Ctrl Pts',(14.5642736153932,-7.9228636563998,12.5));
#3406=CARTESIAN_POINT('Ctrl Pts',(14.6440017912559,-7.92743103833908,12.5));
#3407=CARTESIAN_POINT('Ctrl Pts',(14.7240154334104,-7.93107971695077,12.5));
#3408=CARTESIAN_POINT('Ctrl Pts',(14.8042906044929,-7.9338511008659,12.5));
#3409=CARTESIAN_POINT('Ctrl Pts',(14.8848052543123,-7.93578265564212,12.5));
#3410=CARTESIAN_POINT('Ctrl Pts',(14.9655444866605,-7.93689588784873,12.5));
#3411=CARTESIAN_POINT('Ctrl Pts',(15.0464994379276,-7.93719886990751,12.5));
#3412=CARTESIAN_POINT('Ctrl Pts',(15.1276648934086,-7.93669163946927,12.5));
#3413=CARTESIAN_POINT('Ctrl Pts',(15.2090373147263,-7.9353706650515,12.5));
#3414=CARTESIAN_POINT('Ctrl Pts',(15.290612777861,-7.93323351735727,12.5));
#3415=CARTESIAN_POINT('Ctrl Pts',(15.3723847304665,-7.93028395308647,12.5));
#3416=CARTESIAN_POINT('Ctrl Pts',(15.4543445771344,-7.92653057356482,12.5));
#3417=CARTESIAN_POINT('Ctrl Pts',(15.5364826138685,-7.92198469162455,12.5));
#3418=CARTESIAN_POINT('Ctrl Pts',(15.618788847345,-7.91665846280709,12.5));
#3419=CARTESIAN_POINT('Ctrl Pts',(15.7012538305019,-7.91056298095658,12.5));
#3420=CARTESIAN_POINT('Ctrl Pts',(15.7838695708856,-7.90370621251499,12.5));
#3421=CARTESIAN_POINT('Ctrl Pts',(15.8666292423889,-7.89609363038061,12.5));
#3422=CARTESIAN_POINT('Ctrl Pts',(15.9495267745692,-7.88772912628561,12.5));
#3423=CARTESIAN_POINT('Ctrl Pts',(16.0325564792797,-7.87861584107265,12.5));
#3424=CARTESIAN_POINT('Ctrl Pts',(16.1157126770538,-7.86875699869936,12.5));
#3425=CARTESIAN_POINT('Ctrl Pts',(16.1989892807208,-7.85815683716456,12.5));
#3426=CARTESIAN_POINT('Ctrl Pts',(16.2823799073802,-7.84682037006309,12.5));
#3427=CARTESIAN_POINT('Ctrl Pts',(16.3658780555725,-7.83475300517291,12.5));
#3428=CARTESIAN_POINT('Ctrl Pts',(16.4494772627273,-7.82196021141768,12.5));
#3429=CARTESIAN_POINT('Ctrl Pts',(16.5331712597277,-7.80844719037128,12.5));
#3430=CARTESIAN_POINT('Ctrl Pts',(16.6169541532654,-7.79421850056391,12.5));
#3431=CARTESIAN_POINT('Ctrl Pts',(16.7008203624844,-7.77927814233531,12.5));
#3432=CARTESIAN_POINT('Ctrl Pts',(16.7847645074287,-7.76362973731881,12.5));
#3433=CARTESIAN_POINT('Ctrl Pts',(16.868781309297,-7.74727668530488,12.5));
#3434=CARTESIAN_POINT('Ctrl Pts',(16.9528654958209,-7.7302223222959,12.5));
#3435=CARTESIAN_POINT('Ctrl Pts',(17.0370116771552,-7.71247011685172,12.5));
#3436=CARTESIAN_POINT('Ctrl Pts',(17.1212143962356,-7.69402364916753,12.5));
#3437=CARTESIAN_POINT('Ctrl Pts',(17.2054682373965,-7.6748865156506,12.5));
#3438=CARTESIAN_POINT('Ctrl Pts',(17.2897679227136,-7.65506225974881,12.5));
#3439=CARTESIAN_POINT('Ctrl Pts',(17.3741083968703,-7.63455430406047,12.5));
#3440=CARTESIAN_POINT('Ctrl Pts',(17.4584849576399,-7.6133658689623,12.5));
#3441=CARTESIAN_POINT('Ctrl Pts',(17.5428931817954,-7.59149998349755,12.5));
#3442=CARTESIAN_POINT('Ctrl Pts',(17.6273287240659,-7.56895955729854,12.5));
#3443=CARTESIAN_POINT('Ctrl Pts',(17.7117871413724,-7.54574744240994,12.5));
#3444=CARTESIAN_POINT('Ctrl Pts',(17.7962637344655,-7.52186649560632,12.5));
#3445=CARTESIAN_POINT('Ctrl Pts',(17.8807533132732,-7.49731966626146,12.5));
#3446=CARTESIAN_POINT('Ctrl Pts',(17.9652502442161,-7.47211000206998,12.5));
#3447=CARTESIAN_POINT('Ctrl Pts',(18.0497488664682,-7.44624054345859,12.5));
#3448=CARTESIAN_POINT('Ctrl Pts',(18.1342438242508,-7.41971425029398,12.5));
#3449=CARTESIAN_POINT('Ctrl Pts',(18.2187304149036,-7.39253392011909,12.5));
#3450=CARTESIAN_POINT('Ctrl Pts',(18.3032049750521,-7.36470211499896,12.5));
#3451=CARTESIAN_POINT('Ctrl Pts',(18.3876651148665,-7.33622108833253,12.5));
#3452=CARTESIAN_POINT('Ctrl Pts',(18.4721094022695,-7.30709271205589,12.5));
#3453=CARTESIAN_POINT('Ctrl Pts',(18.5396515917431,-7.28327326804567,12.5));
#3454=CARTESIAN_POINT('Ctrl Pts',(18.5903006855971,-7.26511842348405,12.5));
#3455=CARTESIAN_POINT('Ctrl Pts',(18.6240633946028,-7.25288623149472,12.5));
#3456=CARTESIAN_POINT('Ctrl Pts',(18.6409439107089,-7.24673789492923,12.5));
#3457=CARTESIAN_POINT('Ctrl Pts',(7.18086174203363,-11.1016038769989,20.));
#3458=CARTESIAN_POINT('Ctrl Pts',(8.91548734781424,-9.97959422980649,17.5));
#3459=CARTESIAN_POINT('Ctrl Pts',(10.3810506606301,-8.44464343960441,15.));
#3460=CARTESIAN_POINT('Ctrl Pts',(11.4216766699921,-6.66000645991863,12.5));
#3461=CARTESIAN_POINT('Ctrl Pts',(7.50917456947196,-11.609175125255,20.));
#3462=CARTESIAN_POINT('Ctrl Pts',(9.32310818279255,-10.4358665987753,17.5));
#3463=CARTESIAN_POINT('Ctrl Pts',(10.8556778316592,-8.83073704006133,15.));
#3464=CARTESIAN_POINT('Ctrl Pts',(11.9438818169958,-6.96450550615625,12.5));
#3465=CARTESIAN_POINT('Ctrl Pts',(7.8374873969103,-12.116746373511,20.));
#3466=CARTESIAN_POINT('Ctrl Pts',(9.73072901777088,-10.8921389677441,17.5));
#3467=CARTESIAN_POINT('Ctrl Pts',(11.3303050026882,-9.21683064051825,15.));
#3468=CARTESIAN_POINT('Ctrl Pts',(12.4660869639994,-7.26900455239387,12.5));
#3469=CARTESIAN_POINT('Ctrl Pts',(8.16580022434864,-12.624317621767,20.));
#3470=CARTESIAN_POINT('Ctrl Pts',(10.1383498527492,-11.3484113367129,17.5));
#3471=CARTESIAN_POINT('Ctrl Pts',(11.8049321737172,-9.60292424097517,15.));
#3472=CARTESIAN_POINT('Ctrl Pts',(12.9882921110031,-7.5735035986315,12.5));
#3473=CARTESIAN_POINT('',(7.18086174203363,-11.1016038769989,20.));
#3474=CARTESIAN_POINT('',(7.18086174203363,-11.1016038769989,20.));
#3475=CARTESIAN_POINT('',(11.4216766699921,-6.66000645991863,12.5));
#3476=CARTESIAN_POINT('Ctrl Pts',(7.18086174203363,-11.1016038769989,20.));
#3477=CARTESIAN_POINT('Ctrl Pts',(8.91548734781424,-9.97959422980649,17.5));
#3478=CARTESIAN_POINT('Ctrl Pts',(10.3810506606301,-8.44464343960441,15.));
#3479=CARTESIAN_POINT('Ctrl Pts',(11.4216766699921,-6.66000645991863,12.5));
#3480=CARTESIAN_POINT('',(11.4216766699921,-6.66000645991863,12.5));
#3481=CARTESIAN_POINT('Ctrl Pts',(4.67870117416378,-10.3649476275994,20.));
#3482=CARTESIAN_POINT('Ctrl Pts',(6.29822424097574,-9.63390056913651,17.5));
#3483=CARTESIAN_POINT('Ctrl Pts',(7.74204972891947,-8.51706139232079,15.));
#3484=CARTESIAN_POINT('Ctrl Pts',(8.85661462839334,-7.13321535663471,12.5));
#3485=CARTESIAN_POINT('Ctrl Pts',(5.04866088496268,-10.1979491057063,20.));
#3486=CARTESIAN_POINT('Ctrl Pts',(6.64198794794606,-9.40924404648162,17.5));
#3487=CARTESIAN_POINT('Ctrl Pts',(8.04607666401038,-8.2405431785762,15.));
#3488=CARTESIAN_POINT('Ctrl Pts',(9.11122298583259,-6.8170931045692,12.5));
#3489=CARTESIAN_POINT('Ctrl Pts',(6.03514580163657,-10.0780085161653,20.));
#3490=CARTESIAN_POINT('Ctrl Pts',(7.61007265095424,-9.13513787238216,17.5));
#3491=CARTESIAN_POINT('Ctrl Pts',(8.95803042913998,-7.81709801597837,15.));
#3492=CARTESIAN_POINT('Ctrl Pts',(9.93711368728614,-6.26442432030769,12.5));
#3493=CARTESIAN_POINT('Ctrl Pts',(6.88692365831907,-10.6471759424431,20.));
#3494=CARTESIAN_POINT('Ctrl Pts',(8.54997154771428,-9.57065895755748,17.5));
#3495=CARTESIAN_POINT('Ctrl Pts',(9.95682561985857,-8.09910349848528,15.));
#3496=CARTESIAN_POINT('Ctrl Pts',(10.9541470233018,-6.38738882617476,12.5));
#3497=CARTESIAN_POINT('Ctrl Pts',(7.18086174203363,-11.1016038769989,20.));
#3498=CARTESIAN_POINT('Ctrl Pts',(8.91548734781424,-9.97959422980649,17.5));
#3499=CARTESIAN_POINT('Ctrl Pts',(10.3810506606301,-8.44464343960441,15.));
#3500=CARTESIAN_POINT('Ctrl Pts',(11.4216766699921,-6.66000645991863,12.5));
#3501=CARTESIAN_POINT('',(4.67870117416378,-10.3649476275994,20.));
#3502=CARTESIAN_POINT('Origin',(5.50154696631357,-12.1878367636528,20.));
#3503=CARTESIAN_POINT('',(8.85661462839334,-7.13321535663471,12.5));
#3504=CARTESIAN_POINT('Ctrl Pts',(4.67870117416378,-10.3649476275994,20.));
#3505=CARTESIAN_POINT('Ctrl Pts',(6.29822424097574,-9.63390056913651,17.5));
#3506=CARTESIAN_POINT('Ctrl Pts',(7.74204972891947,-8.51706139232079,15.));
#3507=CARTESIAN_POINT('Ctrl Pts',(8.85661462839334,-7.13321535663471,12.5));
#3508=CARTESIAN_POINT('Origin',(10.4142323963134,-8.38773793078784,12.5));
#3509=CARTESIAN_POINT('Ctrl Pts',(4.02078342672229,-10.6374660815156,20.));
#3510=CARTESIAN_POINT('Ctrl Pts',(5.68288750195865,-10.0092186710904,17.5));
#3511=CARTESIAN_POINT('Ctrl Pts',(7.19378529711835,-8.98493861217689,15.));
#3512=CARTESIAN_POINT('Ctrl Pts',(8.39278009742346,-7.67356672195483,12.5));
#3513=CARTESIAN_POINT('Ctrl Pts',(4.24286234000497,-10.5535239841111,20.));
#3514=CARTESIAN_POINT('Ctrl Pts',(5.89185053795171,-9.89057671267732,17.5));
#3515=CARTESIAN_POINT('Ctrl Pts',(7.38136425810738,-8.83475365703194,15.));
#3516=CARTESIAN_POINT('Ctrl Pts',(8.55298153501725,-7.49835023062377,12.5));
#3517=CARTESIAN_POINT('Ctrl Pts',(4.46231164232131,-10.4626251068384,20.));
#3518=CARTESIAN_POINT('Ctrl Pts',(6.09709689038601,-9.76538888117364,17.5));
#3519=CARTESIAN_POINT('Ctrl Pts',(7.56423855799296,-8.67869261517479,15.));
#3520=CARTESIAN_POINT('Ctrl Pts',(8.7076941333738,-7.31811534474888,12.5));
#3521=CARTESIAN_POINT('Ctrl Pts',(4.67870117416378,-10.3649476275994,20.));
#3522=CARTESIAN_POINT('Ctrl Pts',(6.29822424097574,-9.63390056913651,17.5));
#3523=CARTESIAN_POINT('Ctrl Pts',(7.74204972891947,-8.51706139232079,15.));
#3524=CARTESIAN_POINT('Ctrl Pts',(8.85661462839334,-7.13321535663471,12.5));
#3525=CARTESIAN_POINT('',(4.02078342672229,-10.6374660815156,20.));
#3526=CARTESIAN_POINT('Origin',(0.,0.,20.));
#3527=CARTESIAN_POINT('',(8.39278009742346,-7.67356672195483,12.5));
#3528=CARTESIAN_POINT('Ctrl Pts',(4.02078342672229,-10.6374660815156,20.));
#3529=CARTESIAN_POINT('Ctrl Pts',(5.68288750195865,-10.0092186710904,17.5));
#3530=CARTESIAN_POINT('Ctrl Pts',(7.19378529711835,-8.98493861217689,15.));
#3531=CARTESIAN_POINT('Ctrl Pts',(8.39278009742346,-7.67356672195483,12.5));
#3532=CARTESIAN_POINT('Origin',(0.,0.,12.5));
#3533=CARTESIAN_POINT('Ctrl Pts',(2.77238335091779,-12.9276554160278,20.));
#3534=CARTESIAN_POINT('Ctrl Pts',(4.79232950967159,-12.4944705174471,17.5));
#3535=CARTESIAN_POINT('Ctrl Pts',(6.70732106508124,-11.5797262390153,15.));
#3536=CARTESIAN_POINT('Ctrl Pts',(8.31368252515277,-10.2807133444606,12.5));
#3537=CARTESIAN_POINT('Ctrl Pts',(2.68727075453669,-12.5307744012814,20.));
#3538=CARTESIAN_POINT('Ctrl Pts',(4.64532747643239,-12.1110198144553,17.5));
#3539=CARTESIAN_POINT('Ctrl Pts',(6.50123595012196,-11.2241652383621,15.));
#3540=CARTESIAN_POINT('Ctrl Pts',(8.0584511896415,-9.96509385947585,12.5));
#3541=CARTESIAN_POINT('Ctrl Pts',(2.77830974705535,-11.5411930721891,20.));
#3542=CARTESIAN_POINT('Ctrl Pts',(4.58179168424775,-11.1068703262784,17.5));
#3543=CARTESIAN_POINT('Ctrl Pts',(6.27987314327247,-10.2433618345174,15.));
#3544=CARTESIAN_POINT('Ctrl Pts',(7.69260552961922,-9.04112618791492,12.5));
#3545=CARTESIAN_POINT('Ctrl Pts',(3.51453434998837,-10.8288197255063,20.));
#3546=CARTESIAN_POINT('Ctrl Pts',(5.20599101256459,-10.2801422680984,17.5));
#3547=CARTESIAN_POINT('Ctrl Pts',(6.76645768572089,-9.32663416184587,15.));
#3548=CARTESIAN_POINT('Ctrl Pts',(8.02758635311662,-8.07298864659293,12.5));
#3549=CARTESIAN_POINT('Ctrl Pts',(4.02078342672229,-10.6374660815156,20.));
#3550=CARTESIAN_POINT('Ctrl Pts',(5.68288750195865,-10.0092186710904,17.5));
#3551=CARTESIAN_POINT('Ctrl Pts',(7.19378529711835,-8.98493861217689,15.));
#3552=CARTESIAN_POINT('Ctrl Pts',(8.39278009742346,-7.67356672195483,12.5));
#3553=CARTESIAN_POINT('',(2.77238335091779,-12.9276554160278,20.));
#3554=CARTESIAN_POINT('Origin',(4.72792085667696,-12.5082831904702,20.));
#3555=CARTESIAN_POINT('',(8.31368252515277,-10.2807133444606,12.5));
#3556=CARTESIAN_POINT('Ctrl Pts',(2.77238335091779,-12.9276554160278,20.));
#3557=CARTESIAN_POINT('Ctrl Pts',(4.79232950967159,-12.494470517447,17.5));
#3558=CARTESIAN_POINT('Ctrl Pts',(6.70732106508124,-11.5797262390153,15.));
#3559=CARTESIAN_POINT('Ctrl Pts',(8.31368252515277,-10.2807133444606,12.5));
#3560=CARTESIAN_POINT('Origin',(9.86882302697384,-9.02312119292825,12.5));
#3561=CARTESIAN_POINT('Ctrl Pts',(3.15264788575272,-14.7008333106558,20.));
#3562=CARTESIAN_POINT('Ctrl Pts',(5.44965309054207,-14.2082320785071,17.5));
#3563=CARTESIAN_POINT('Ctrl Pts',(7.62730795071786,-13.1680200117136,15.));
#3564=CARTESIAN_POINT('Ctrl Pts',(9.45400051802556,-11.6908324307725,12.5));
#3565=CARTESIAN_POINT('Ctrl Pts',(3.02589304080774,-14.1097740124465,20.));
#3566=CARTESIAN_POINT('Ctrl Pts',(5.2305452302519,-13.6369782248204,17.5));
#3567=CARTESIAN_POINT('Ctrl Pts',(7.32064565550565,-12.6385887541475,15.));
#3568=CARTESIAN_POINT('Ctrl Pts',(9.0738945204013,-11.2207927353352,12.5));
#3569=CARTESIAN_POINT('Ctrl Pts',(2.89913819586277,-13.5187147142372,20.));
#3570=CARTESIAN_POINT('Ctrl Pts',(5.01143736996175,-13.0657243711337,17.5));
#3571=CARTESIAN_POINT('Ctrl Pts',(7.01398336029345,-12.1091574965814,15.));
#3572=CARTESIAN_POINT('Ctrl Pts',(8.69378852277703,-10.7507530398979,12.5));
#3573=CARTESIAN_POINT('Ctrl Pts',(2.77238335091779,-12.9276554160278,20.));
#3574=CARTESIAN_POINT('Ctrl Pts',(4.79232950967159,-12.494470517447,17.5));
#3575=CARTESIAN_POINT('Ctrl Pts',(6.70732106508124,-11.5797262390153,15.));
#3576=CARTESIAN_POINT('Ctrl Pts',(8.31368252515277,-10.2807133444606,12.5));
#3577=CARTESIAN_POINT('',(3.15264788575272,-14.7008333106558,20.));
#3578=CARTESIAN_POINT('',(3.15264788575272,-14.7008333106558,20.));
#3579=CARTESIAN_POINT('',(9.45400051802556,-11.6908324307725,12.5));
#3580=CARTESIAN_POINT('Ctrl Pts',(3.15264788575272,-14.7008333106558,20.));
#3581=CARTESIAN_POINT('Ctrl Pts',(5.44965309054207,-14.2082320785071,17.5));
#3582=CARTESIAN_POINT('Ctrl Pts',(7.62730795071786,-13.1680200117136,15.));
#3583=CARTESIAN_POINT('Ctrl Pts',(9.45400051802556,-11.6908324307725,12.5));
#3584=CARTESIAN_POINT('',(9.45400051802556,-11.6908324307725,12.5));
#3585=CARTESIAN_POINT('Ctrl Pts',(1.08198717601261,-19.9707111478521,20.));
#3586=CARTESIAN_POINT('Ctrl Pts',(4.20241079286365,-19.8016506516002,17.5));
#3587=CARTESIAN_POINT('Ctrl Pts',(7.28001642827127,-18.8882764116818,15.));
#3588=CARTESIAN_POINT('Ctrl Pts',(9.98747478400208,-17.3277334766819,12.5));
#3589=CARTESIAN_POINT('Ctrl Pts',(1.63693599705228,-19.264370951941,20.));
#3590=CARTESIAN_POINT('Ctrl Pts',(4.64704606944659,-19.0086967019172,17.5));
#3591=CARTESIAN_POINT('Ctrl Pts',(7.59354467676376,-18.0348510104722,15.));
#3592=CARTESIAN_POINT('Ctrl Pts',(10.1634589789952,-16.4468735392085,12.5));
#3593=CARTESIAN_POINT('Ctrl Pts',(2.41434097063412,-18.0296124635533,20.));
#3594=CARTESIAN_POINT('Ctrl Pts',(5.23146730314684,-17.6524387055736,17.5));
#3595=CARTESIAN_POINT('Ctrl Pts',(7.95632250178909,-16.6032812209059,15.));
#3596=CARTESIAN_POINT('Ctrl Pts',(10.2991794947475,-14.9940944922784,12.5));
#3597=CARTESIAN_POINT('Ctrl Pts',(2.97790045657544,-16.4879610169954,20.));
#3598=CARTESIAN_POINT('Ctrl Pts',(5.55412772761879,-16.0223961272946,17.5));
#3599=CARTESIAN_POINT('Ctrl Pts',(8.01746553078394,-14.9433472983696,15.));
#3600=CARTESIAN_POINT('Ctrl Pts',(10.1054757612151,-13.3641351858894,12.5));
#3601=CARTESIAN_POINT('Ctrl Pts',(3.15045501079212,-15.5863441023481,20.));
#3602=CARTESIAN_POINT('Ctrl Pts',(5.5858252284445,-15.0941743691136,17.5));
#3603=CARTESIAN_POINT('Ctrl Pts',(7.90176509676355,-14.0211291192246,15.));
#3604=CARTESIAN_POINT('Ctrl Pts',(9.85209269375918,-12.4818171275421,12.5));
#3605=CARTESIAN_POINT('Ctrl Pts',(3.1787538740842,-15.0764944026331,20.));
#3606=CARTESIAN_POINT('Ctrl Pts',(5.53444549987984,-14.5796786735152,17.5));
#3607=CARTESIAN_POINT('Ctrl Pts',(7.76985880259081,-13.521638736191,15.));
#3608=CARTESIAN_POINT('Ctrl Pts',(9.64700351427608,-12.0141784097032,12.5));
#3609=CARTESIAN_POINT('Ctrl Pts',(3.17900856902507,-14.8237534796011,20.));
#3610=CARTESIAN_POINT('Ctrl Pts',(5.49520937838326,-14.3270025458802,17.5));
#3611=CARTESIAN_POINT('Ctrl Pts',(7.69110670127376,-13.2781463472271,15.));
#3612=CARTESIAN_POINT('Ctrl Pts',(9.53304959751154,-11.7885846511489,12.5));
#3613=CARTESIAN_POINT('Ctrl Pts',(3.15264788575272,-14.7008333106558,20.));
#3614=CARTESIAN_POINT('Ctrl Pts',(5.44965309054207,-14.2082320785071,17.5));
#3615=CARTESIAN_POINT('Ctrl Pts',(7.62730795071786,-13.1680200117136,15.));
#3616=CARTESIAN_POINT('Ctrl Pts',(9.45400051802556,-11.6908324307725,12.5));
#3617=CARTESIAN_POINT('',(1.08198717601261,-19.9707111478521,20.));
#3618=CARTESIAN_POINT('Ctrl Pts',(1.08198717601261,-19.9707111478521,20.));
#3619=CARTESIAN_POINT('Ctrl Pts',(1.09308615243341,-19.9565843439339,20.));
#3620=CARTESIAN_POINT('Ctrl Pts',(1.11522335197329,-19.9283090643279,20.));
#3621=CARTESIAN_POINT('Ctrl Pts',(1.14824689136964,-19.8858311296438,20.));
#3622=CARTESIAN_POINT('Ctrl Pts',(1.19191363637022,-19.8290638093539,20.));
#3623=CARTESIAN_POINT('Ctrl Pts',(1.24588840514627,-19.757887799947,20.));
#3624=CARTESIAN_POINT('Ctrl Pts',(1.29925294382109,-19.6864951525002,20.));
#3625=CARTESIAN_POINT('Ctrl Pts',(1.35200502759821,-19.614886645005,20.));
#3626=CARTESIAN_POINT('Ctrl Pts',(1.40414177095503,-19.543063846809,20.));
#3627=CARTESIAN_POINT('Ctrl Pts',(1.45565959848792,-19.4710294413764,20.));
#3628=CARTESIAN_POINT('Ctrl Pts',(1.50655438740631,-19.3987870264645,20.));
#3629=CARTESIAN_POINT('Ctrl Pts',(1.55682165729582,-19.3263407699341,20.));
#3630=CARTESIAN_POINT('Ctrl Pts',(1.6064567562005,-19.2536951044426,20.));
#3631=CARTESIAN_POINT('Ctrl Pts',(1.65545503374208,-19.1808544344922,20.));
#3632=CARTESIAN_POINT('Ctrl Pts',(1.70381207107563,-19.1078227737426,20.));
#3633=CARTESIAN_POINT('Ctrl Pts',(1.75152369018575,-19.0346036982661,20.));
#3634=CARTESIAN_POINT('Ctrl Pts',(1.79858579731892,-18.961200542173,20.));
#3635=CARTESIAN_POINT('Ctrl Pts',(1.8449942744528,-18.8876165286964,20.));
#3636=CARTESIAN_POINT('Ctrl Pts',(1.89074486581642,-18.8138549179671,20.));
#3637=CARTESIAN_POINT('Ctrl Pts',(1.93583304694182,-18.7399191756673,20.));
#3638=CARTESIAN_POINT('Ctrl Pts',(1.9802539912468,-18.6658130400464,20.));
#3639=CARTESIAN_POINT('Ctrl Pts',(2.02400268799135,-18.5915404232639,20.));
#3640=CARTESIAN_POINT('Ctrl Pts',(2.06707403321868,-18.5171053518823,20.));
#3641=CARTESIAN_POINT('Ctrl Pts',(2.10946292548728,-18.4425118968526,20.));
#3642=CARTESIAN_POINT('Ctrl Pts',(2.15116439037181,-18.36776410001,20.));
#3643=CARTESIAN_POINT('Ctrl Pts',(2.1921736160257,-18.2928659327343,20.));
#3644=CARTESIAN_POINT('Ctrl Pts',(2.23248572795127,-18.217821352751,20.));
#3645=CARTESIAN_POINT('Ctrl Pts',(2.27209560933919,-18.1426343448333,20.));
#3646=CARTESIAN_POINT('Ctrl Pts',(2.31099772094441,-18.0673089667436,20.));
#3647=CARTESIAN_POINT('Ctrl Pts',(2.34918589578986,-17.9918493993518,20.));
#3648=CARTESIAN_POINT('Ctrl Pts',(2.38665323880352,-17.9162599804201,20.));
#3649=CARTESIAN_POINT('Ctrl Pts',(2.4233925406169,-17.8405451482982,20.));
#3650=CARTESIAN_POINT('Ctrl Pts',(2.45939663785792,-17.7647093973311,20.));
#3651=CARTESIAN_POINT('Ctrl Pts',(2.49465877865787,-17.6887572319414,20.));
#3652=CARTESIAN_POINT('Ctrl Pts',(2.52917304027013,-17.6126931170314,20.));
#3653=CARTESIAN_POINT('Ctrl Pts',(2.56293459052787,-17.536521445824,20.));
#3654=CARTESIAN_POINT('Ctrl Pts',(2.59593867354422,-17.4602466456713,20.));
#3655=CARTESIAN_POINT('Ctrl Pts',(2.62817970083326,-17.3838732734008,20.));
#3656=CARTESIAN_POINT('Ctrl Pts',(2.65965034605023,-17.3074061115881,20.));
#3657=CARTESIAN_POINT('Ctrl Pts',(2.69034055009401,-17.2308502747221,20.));
#3658=CARTESIAN_POINT('Ctrl Pts',(2.72023682900129,-17.1542112857632,20.));
#3659=CARTESIAN_POINT('Ctrl Pts',(2.74932451979767,-17.0774948561813,20.));
#3660=CARTESIAN_POINT('Ctrl Pts',(2.77758985041387,-17.0007066849083,20.));
#3661=CARTESIAN_POINT('Ctrl Pts',(2.80502197067869,-16.9238522617194,20.));
#3662=CARTESIAN_POINT('Ctrl Pts',(2.83161527036857,-16.8469366434348,20.));
#3663=CARTESIAN_POINT('Ctrl Pts',(2.85737083613319,-16.7699643154311,20.));
#3664=CARTESIAN_POINT('Ctrl Pts',(2.88229092209454,-16.6929397398175,20.));
#3665=CARTESIAN_POINT('Ctrl Pts',(2.90637386870258,-16.6158678603231,20.));
#3666=CARTESIAN_POINT('Ctrl Pts',(2.92960924488182,-16.5387545862828,20.));
#3667=CARTESIAN_POINT('Ctrl Pts',(2.95197197484597,-16.4616073765492,20.));
#3668=CARTESIAN_POINT('Ctrl Pts',(2.97341958960061,-16.384435518934,20.));
#3669=CARTESIAN_POINT('Ctrl Pts',(2.99390528547616,-16.3072488667935,20.));
#3670=CARTESIAN_POINT('Ctrl Pts',(3.01338970605717,-16.2300567005717,20.));
#3671=CARTESIAN_POINT('Ctrl Pts',(3.03185178418109,-16.1528666829349,20.));
#3672=CARTESIAN_POINT('Ctrl Pts',(3.04930342258155,-16.0756834371383,20.));
#3673=CARTESIAN_POINT('Ctrl Pts',(3.0657919637549,-15.9985083264192,20.));
#3674=CARTESIAN_POINT('Ctrl Pts',(3.08136772573746,-15.9213426693901,20.));
#3675=CARTESIAN_POINT('Ctrl Pts',(3.09605537835934,-15.8441905768973,20.));
#3676=CARTESIAN_POINT('Ctrl Pts',(3.10982860812468,-15.7670614701187,20.));
#3677=CARTESIAN_POINT('Ctrl Pts',(3.12257178946138,-15.6899738673184,20.));
#3678=CARTESIAN_POINT('Ctrl Pts',(3.13408682871613,-15.6129547643716,20.));
#3679=CARTESIAN_POINT('Ctrl Pts',(3.14416918352301,-15.5360322979217,20.));
#3680=CARTESIAN_POINT('Ctrl Pts',(3.1526743472137,-15.4592292940954,20.));
#3681=CARTESIAN_POINT('Ctrl Pts',(3.15957421757483,-15.3825579055778,20.));
#3682=CARTESIAN_POINT('Ctrl Pts',(3.16505236989911,-15.3060102092177,20.));
#3683=CARTESIAN_POINT('Ctrl Pts',(3.16943830528708,-15.2295654526893,20.));
#3684=CARTESIAN_POINT('Ctrl Pts',(3.17301767943505,-15.1532100516781,20.));
#3685=CARTESIAN_POINT('Ctrl Pts',(3.17586759985902,-15.0769551165339,20.));
#3686=CARTESIAN_POINT('Ctrl Pts',(3.17770459858144,-15.0008524090268,20.));
#3687=CARTESIAN_POINT('Ctrl Pts',(3.17766727106442,-14.9250177172905,20.));
#3688=CARTESIAN_POINT('Ctrl Pts',(3.17452215602055,-14.8496065460546,20.));
#3689=CARTESIAN_POINT('Ctrl Pts',(3.16850560178039,-14.7897412850199,20.));
#3690=CARTESIAN_POINT('Ctrl Pts',(3.1615700919633,-14.7451582910295,20.));
#3691=CARTESIAN_POINT('Ctrl Pts',(3.1558111677454,-14.7155837309293,20.));
#3692=CARTESIAN_POINT('Ctrl Pts',(3.15264788575272,-14.7008333106558,20.));
#3693=CARTESIAN_POINT('',(9.98747478400208,-17.3277334766819,12.5));
#3694=CARTESIAN_POINT('Ctrl Pts',(1.08198717601254,-19.9707111478521,20.));
#3695=CARTESIAN_POINT('Ctrl Pts',(4.20241079286358,-19.8016506516002,17.5));
#3696=CARTESIAN_POINT('Ctrl Pts',(7.28001642827121,-18.8882764116818,15.));
#3697=CARTESIAN_POINT('Ctrl Pts',(9.98747478400202,-17.3277334766819,12.5));
#3698=CARTESIAN_POINT('Ctrl Pts',(9.98747478400208,-17.3277334766819,12.5));
#3699=CARTESIAN_POINT('Ctrl Pts',(9.99099446790194,-17.3101162779324,12.5));
#3700=CARTESIAN_POINT('Ctrl Pts',(9.99796984494663,-17.274889992926,12.5));
#3701=CARTESIAN_POINT('Ctrl Pts',(10.0082409382564,-17.222074902928,12.5));
#3702=CARTESIAN_POINT('Ctrl Pts',(10.021551657193,-17.1517034738304,12.5));
#3703=CARTESIAN_POINT('Ctrl Pts',(10.0375490768291,-17.0638206965387,12.5));
#3704=CARTESIAN_POINT('Ctrl Pts',(10.0529042187413,-16.9760203337018,12.5));
#3705=CARTESIAN_POINT('Ctrl Pts',(10.0676154495883,-16.8883040844917,12.5));
#3706=CARTESIAN_POINT('Ctrl Pts',(10.0816809040845,-16.8006746525731,12.5));
#3707=CARTESIAN_POINT('Ctrl Pts',(10.0950986048045,-16.7131360472202,12.5));
#3708=CARTESIAN_POINT('Ctrl Pts',(10.1078664990319,-16.6256933406727,12.5));
#3709=CARTESIAN_POINT('Ctrl Pts',(10.1199824725587,-16.5383522753431,12.5));
#3710=CARTESIAN_POINT('Ctrl Pts',(10.1314443777664,-16.4511189073754,12.5));
#3711=CARTESIAN_POINT('Ctrl Pts',(10.1422500557243,-16.3639992670827,12.5));
#3712=CARTESIAN_POINT('Ctrl Pts',(10.1523973774887,-16.276998931494,12.5));
#3713=CARTESIAN_POINT('Ctrl Pts',(10.161884231279,-16.1901229784523,12.5));
#3714=CARTESIAN_POINT('Ctrl Pts',(10.1707084711754,-16.1033762318708,12.5));
#3715=CARTESIAN_POINT('Ctrl Pts',(10.1788678795163,-16.0167634277091,12.5));
#3716=CARTESIAN_POINT('Ctrl Pts',(10.186360132419,-15.930289397076,12.5));
#3717=CARTESIAN_POINT('Ctrl Pts',(10.1931827591495,-15.8439592758487,12.5));
#3718=CARTESIAN_POINT('Ctrl Pts',(10.1993331425857,-15.7577785795577,12.5));
#3719=CARTESIAN_POINT('Ctrl Pts',(10.2048085798795,-15.6717530620818,12.5));
#3720=CARTESIAN_POINT('Ctrl Pts',(10.2096063367053,-15.585888621475,12.5));
#3721=CARTESIAN_POINT('Ctrl Pts',(10.2137237010345,-15.5001911942557,12.5));
#3722=CARTESIAN_POINT('Ctrl Pts',(10.2171580610006,-15.4146666335847,12.5));
#3723=CARTESIAN_POINT('Ctrl Pts',(10.2199069179492,-15.3293206563188,12.5));
#3724=CARTESIAN_POINT('Ctrl Pts',(10.2219677111642,-15.2441589954374,12.5));
#3725=CARTESIAN_POINT('Ctrl Pts',(10.2233376759742,-15.1591875175192,12.5));
#3726=CARTESIAN_POINT('Ctrl Pts',(10.2240137038136,-15.0744123451038,12.5));
#3727=CARTESIAN_POINT('Ctrl Pts',(10.2239921817118,-14.9898399941504,12.5));
#3728=CARTESIAN_POINT('Ctrl Pts',(10.2232689180201,-14.9054774495197,12.5));
#3729=CARTESIAN_POINT('Ctrl Pts',(10.2218394861375,-14.8213319278,12.5));
#3730=CARTESIAN_POINT('Ctrl Pts',(10.2196995257955,-14.7374106747552,12.5));
#3731=CARTESIAN_POINT('Ctrl Pts',(10.2168450483938,-14.653720759234,12.5));
#3732=CARTESIAN_POINT('Ctrl Pts',(10.2132727871663,-14.5702688402542,12.5));
#3733=CARTESIAN_POINT('Ctrl Pts',(10.2089804159068,-14.4870610201932,12.5));
#3734=CARTESIAN_POINT('Ctrl Pts',(10.2039656918797,-14.4041033974149,12.5));
#3735=CARTESIAN_POINT('Ctrl Pts',(10.198225688053,-14.3214025619374,12.5));
#3736=CARTESIAN_POINT('Ctrl Pts',(10.191756028979,-14.2389660902909,12.5));
#3737=CARTESIAN_POINT('Ctrl Pts',(10.1845500511747,-14.1568030896982,12.5));
#3738=CARTESIAN_POINT('Ctrl Pts',(10.176598220258,-14.0749245790485,12.5));
#3739=CARTESIAN_POINT('Ctrl Pts',(10.1678900351744,-13.99334227805,12.5));
#3740=CARTESIAN_POINT('Ctrl Pts',(10.1584157840117,-13.9120674927399,12.5));
#3741=CARTESIAN_POINT('Ctrl Pts',(10.1481682670903,-13.8311100225295,12.5));
#3742=CARTESIAN_POINT('Ctrl Pts',(10.1371447638679,-13.7504769133174,12.5));
#3743=CARTESIAN_POINT('Ctrl Pts',(10.1253482701464,-13.670171675742,12.5));
#3744=CARTESIAN_POINT('Ctrl Pts',(10.1127828127577,-13.5901972722532,12.5));
#3745=CARTESIAN_POINT('Ctrl Pts',(10.099449144597,-13.5105588630557,12.5));
#3746=CARTESIAN_POINT('Ctrl Pts',(10.0853406294193,-13.4312664325287,12.5));
#3747=CARTESIAN_POINT('Ctrl Pts',(10.0704382659673,-13.3523379634908,12.5));
#3748=CARTESIAN_POINT('Ctrl Pts',(10.0547083621884,-13.2738009281918,12.5));
#3749=CARTESIAN_POINT('Ctrl Pts',(10.0381136144169,-13.1956852617057,12.5));
#3750=CARTESIAN_POINT('Ctrl Pts',(10.0206231041083,-13.118017023535,12.5));
#3751=CARTESIAN_POINT('Ctrl Pts',(10.0022214983107,-13.0408125673457,12.5));
#3752=CARTESIAN_POINT('Ctrl Pts',(9.98292150450894,-12.9640706403839,12.5));
#3753=CARTESIAN_POINT('Ctrl Pts',(9.96276597441099,-12.8877710708504,12.5));
#3754=CARTESIAN_POINT('Ctrl Pts',(9.94180039414427,-12.8118923028704,12.5));
#3755=CARTESIAN_POINT('Ctrl Pts',(9.92004862965871,-12.7364268587432,12.5));
#3756=CARTESIAN_POINT('Ctrl Pts',(9.89749146201733,-12.6613950311057,12.5));
#3757=CARTESIAN_POINT('Ctrl Pts',(9.8740341037741,-12.5868655770601,12.5));
#3758=CARTESIAN_POINT('Ctrl Pts',(9.84951202487152,-12.5129520735978,12.5));
#3759=CARTESIAN_POINT('Ctrl Pts',(9.82375545750492,-12.4397720287723,12.5));
#3760=CARTESIAN_POINT('Ctrl Pts',(9.7966457945984,-12.3674110905303,12.5));
#3761=CARTESIAN_POINT('Ctrl Pts',(9.76816345545695,-12.2958927964704,12.5));
#3762=CARTESIAN_POINT('Ctrl Pts',(9.73846863433182,-12.2251271440021,12.5));
#3763=CARTESIAN_POINT('Ctrl Pts',(9.70784591495002,-12.154946760079,12.5));
#3764=CARTESIAN_POINT('Ctrl Pts',(9.67654400337891,-12.0852104745825,12.5));
#3765=CARTESIAN_POINT('Ctrl Pts',(9.64463670917107,-12.0158933644537,12.5));
#3766=CARTESIAN_POINT('Ctrl Pts',(9.61189452548202,-11.9471696708575,12.5));
#3767=CARTESIAN_POINT('Ctrl Pts',(9.57760127407037,-11.8795318502858,12.5));
#3768=CARTESIAN_POINT('Ctrl Pts',(9.54072679515521,-11.8136758763689,12.5));
#3769=CARTESIAN_POINT('Ctrl Pts',(9.50831380729463,-11.7629861671408,12.5));
#3770=CARTESIAN_POINT('Ctrl Pts',(9.48198508046598,-11.7263454412589,12.5));
#3771=CARTESIAN_POINT('Ctrl Pts',(9.46348640756388,-11.7025626972177,12.5));
#3772=CARTESIAN_POINT('Ctrl Pts',(9.45400051802556,-11.6908324307725,12.5));
#3773=CARTESIAN_POINT('Ctrl Pts',(-1.08198717601262,-19.9707111478521,20.));
#3774=CARTESIAN_POINT('Ctrl Pts',(2.03843644083842,-20.139771644104,17.5));
#3775=CARTESIAN_POINT('Ctrl Pts',(5.19670856593793,-19.5642491570901,15.));
#3776=CARTESIAN_POINT('Ctrl Pts',(8.05692033999439,-18.3053553539664,12.5));
#3777=CARTESIAN_POINT('Ctrl Pts',(-0.36136692739808,-20.0097534164025,20.));
#3778=CARTESIAN_POINT('Ctrl Pts',(2.76515832255427,-20.0662170097305,17.5));
#3779=CARTESIAN_POINT('Ctrl Pts',(5.90266095329503,-19.3767324457679,15.));
#3780=CARTESIAN_POINT('Ctrl Pts',(8.71744813134305,-18.0146306073367,12.5));
#3781=CARTESIAN_POINT('Ctrl Pts',(0.361366927398007,-20.0097534164025,20.));
#3782=CARTESIAN_POINT('Ctrl Pts',(3.48789217735037,-19.9532898230744,17.5));
#3783=CARTESIAN_POINT('Ctrl Pts',(6.59845346211912,-19.1509680574805,15.));
#3784=CARTESIAN_POINT('Ctrl Pts',(9.36222335888009,-17.6881200702587,12.5));
#3785=CARTESIAN_POINT('Ctrl Pts',(1.08198717601254,-19.9707111478521,20.));
#3786=CARTESIAN_POINT('Ctrl Pts',(4.20241079286358,-19.8016506516002,17.5));
#3787=CARTESIAN_POINT('Ctrl Pts',(7.28001642827121,-18.8882764116818,15.));
#3788=CARTESIAN_POINT('Ctrl Pts',(9.98747478400202,-17.3277334766819,12.5));
#3789=CARTESIAN_POINT('',(-1.08198717601262,-19.9707111478521,20.));
#3790=CARTESIAN_POINT('Origin',(0.,0.,20.));
#3791=CARTESIAN_POINT('',(8.05692033999439,-18.3053553539664,12.5));
#3792=CARTESIAN_POINT('Ctrl Pts',(-1.08198717601262,-19.9707111478521,20.));
#3793=CARTESIAN_POINT('Ctrl Pts',(2.03843644083842,-20.139771644104,17.5));
#3794=CARTESIAN_POINT('Ctrl Pts',(5.19670856593793,-19.5642491570901,15.));
#3795=CARTESIAN_POINT('Ctrl Pts',(8.05692033999439,-18.3053553539664,12.5));
#3796=CARTESIAN_POINT('Origin',(0.,0.,12.5));
#3797=CARTESIAN_POINT('Ctrl Pts',(-3.15264788575273,-14.7008333106558,20.));
#3798=CARTESIAN_POINT('Ctrl Pts',(-0.85564268096338,-15.1934345428046,17.5));
#3799=CARTESIAN_POINT('Ctrl Pts',(1.55705474146849,-15.1376404414969,15.));
#3800=CARTESIAN_POINT('Ctrl Pts',(3.82883367578897,-14.5393851796551,12.5));
#3801=CARTESIAN_POINT('Ctrl Pts',(-3.17900856902503,-14.823753479601,20.));
#3802=CARTESIAN_POINT('Ctrl Pts',(-0.862807759666843,-15.3205044133219,
17.5));
#3803=CARTESIAN_POINT('Ctrl Pts',(1.57006955068219,-15.2641806091237,15.));
#3804=CARTESIAN_POINT('Ctrl Pts',(3.86084824750377,-14.6609554093744,12.5));
#3805=CARTESIAN_POINT('Ctrl Pts',(-3.17875401896501,-15.0764943917959,20.));
#3806=CARTESIAN_POINT('Ctrl Pts',(-0.823062393169377,-15.5733101209138,
17.5));
#3807=CARTESIAN_POINT('Ctrl Pts',(1.64921741630605,-15.5073273137413,15.));
#3808=CARTESIAN_POINT('Ctrl Pts',(3.97525647399887,-14.886319095897,12.5));
#3809=CARTESIAN_POINT('Ctrl Pts',(-3.15045517958517,-15.5863440958092,20.));
#3810=CARTESIAN_POINT('Ctrl Pts',(-0.715084961932784,-16.0785138290436,
17.5));
#3811=CARTESIAN_POINT('Ctrl Pts',(1.83581428707475,-15.9895381721801,15.));
#3812=CARTESIAN_POINT('Ctrl Pts',(4.23083837328424,-15.3283885901515,12.5));
#3813=CARTESIAN_POINT('Ctrl Pts',(-2.97790105603827,-16.4879609796512,20.));
#3814=CARTESIAN_POINT('Ctrl Pts',(-0.401673784994919,-16.9535258693521,
17.5));
#3815=CARTESIAN_POINT('Ctrl Pts',(2.28343640717894,-16.8033162236302,15.));
#3816=CARTESIAN_POINT('Ctrl Pts',(4.79210450820012,-16.0547963658385,12.5));
#3817=CARTESIAN_POINT('Ctrl Pts',(-2.41434141420419,-18.0296125341671,20.));
#3818=CARTESIAN_POINT('Ctrl Pts',(0.402784918308534,-18.4067862921468,17.5));
#3819=CARTESIAN_POINT('Ctrl Pts',(3.30769956733502,-18.1117633902454,15.));
#3820=CARTESIAN_POINT('Ctrl Pts',(5.99134924759443,-17.1755555016391,12.5));
#3821=CARTESIAN_POINT('Ctrl Pts',(-1.63693599705224,-19.2643709519409,20.));
#3822=CARTESIAN_POINT('Ctrl Pts',(1.37317407534206,-19.5200452019646,17.5));
#3823=CARTESIAN_POINT('Ctrl Pts',(4.44180047909758,-19.0577017497106,15.));
#3824=CARTESIAN_POINT('Ctrl Pts',(7.24272744564047,-17.92591550746,12.5));
#3825=CARTESIAN_POINT('Ctrl Pts',(-1.08198717601262,-19.9707111478521,20.));
#3826=CARTESIAN_POINT('Ctrl Pts',(2.03843644083842,-20.139771644104,17.5));
#3827=CARTESIAN_POINT('Ctrl Pts',(5.19670856593793,-19.5642491570901,15.));
#3828=CARTESIAN_POINT('Ctrl Pts',(8.05692033999439,-18.3053553539664,12.5));
#3829=CARTESIAN_POINT('',(-3.15264788575273,-14.7008333106558,20.));
#3830=CARTESIAN_POINT('Ctrl Pts',(-3.15264788575273,-14.7008333106558,20.));
#3831=CARTESIAN_POINT('Ctrl Pts',(-3.1558111677454,-14.7155837309293,20.));
#3832=CARTESIAN_POINT('Ctrl Pts',(-3.1615700919633,-14.7451582910295,20.));
#3833=CARTESIAN_POINT('Ctrl Pts',(-3.16850560178039,-14.7897412850199,20.));
#3834=CARTESIAN_POINT('Ctrl Pts',(-3.17452215602056,-14.8496065460546,20.));
#3835=CARTESIAN_POINT('Ctrl Pts',(-3.17766727106442,-14.9250177172905,20.));
#3836=CARTESIAN_POINT('Ctrl Pts',(-3.17770459858144,-15.0008524090268,20.));
#3837=CARTESIAN_POINT('Ctrl Pts',(-3.17586759985903,-15.0769551165339,20.));
#3838=CARTESIAN_POINT('Ctrl Pts',(-3.17301767943506,-15.1532100516781,20.));
#3839=CARTESIAN_POINT('Ctrl Pts',(-3.16943830528709,-15.2295654526893,20.));
#3840=CARTESIAN_POINT('Ctrl Pts',(-3.16505236989911,-15.3060102092177,20.));
#3841=CARTESIAN_POINT('Ctrl Pts',(-3.15957421757484,-15.3825579055778,20.));
#3842=CARTESIAN_POINT('Ctrl Pts',(-3.1526743472137,-15.4592292940954,20.));
#3843=CARTESIAN_POINT('Ctrl Pts',(-3.14416918352302,-15.5360322979217,20.));
#3844=CARTESIAN_POINT('Ctrl Pts',(-3.13408682871613,-15.6129547643716,20.));
#3845=CARTESIAN_POINT('Ctrl Pts',(-3.12257178946139,-15.6899738673184,20.));
#3846=CARTESIAN_POINT('Ctrl Pts',(-3.10982860812469,-15.7670614701187,20.));
#3847=CARTESIAN_POINT('Ctrl Pts',(-3.09605537835934,-15.8441905768973,20.));
#3848=CARTESIAN_POINT('Ctrl Pts',(-3.08136772573746,-15.9213426693901,20.));
#3849=CARTESIAN_POINT('Ctrl Pts',(-3.06579196375491,-15.9985083264192,20.));
#3850=CARTESIAN_POINT('Ctrl Pts',(-3.04930342258155,-16.0756834371383,20.));
#3851=CARTESIAN_POINT('Ctrl Pts',(-3.03185178418109,-16.1528666829349,20.));
#3852=CARTESIAN_POINT('Ctrl Pts',(-3.01338970605717,-16.2300567005717,20.));
#3853=CARTESIAN_POINT('Ctrl Pts',(-2.99390528547616,-16.3072488667935,20.));
#3854=CARTESIAN_POINT('Ctrl Pts',(-2.97341958960062,-16.384435518934,20.));
#3855=CARTESIAN_POINT('Ctrl Pts',(-2.95197197484597,-16.4616073765493,20.));
#3856=CARTESIAN_POINT('Ctrl Pts',(-2.92960924488182,-16.5387545862828,20.));
#3857=CARTESIAN_POINT('Ctrl Pts',(-2.90637386870258,-16.6158678603231,20.));
#3858=CARTESIAN_POINT('Ctrl Pts',(-2.88229092209455,-16.6929397398175,20.));
#3859=CARTESIAN_POINT('Ctrl Pts',(-2.8573708361332,-16.7699643154311,20.));
#3860=CARTESIAN_POINT('Ctrl Pts',(-2.83161527036857,-16.8469366434348,20.));
#3861=CARTESIAN_POINT('Ctrl Pts',(-2.8050219706787,-16.9238522617194,20.));
#3862=CARTESIAN_POINT('Ctrl Pts',(-2.77758985041388,-17.0007066849083,20.));
#3863=CARTESIAN_POINT('Ctrl Pts',(-2.74932451979768,-17.0774948561813,20.));
#3864=CARTESIAN_POINT('Ctrl Pts',(-2.7202368290013,-17.1542112857632,20.));
#3865=CARTESIAN_POINT('Ctrl Pts',(-2.69034055009402,-17.2308502747221,20.));
#3866=CARTESIAN_POINT('Ctrl Pts',(-2.65965034605023,-17.3074061115881,20.));
#3867=CARTESIAN_POINT('Ctrl Pts',(-2.62817970083326,-17.3838732734008,20.));
#3868=CARTESIAN_POINT('Ctrl Pts',(-2.59593867354423,-17.4602466456713,20.));
#3869=CARTESIAN_POINT('Ctrl Pts',(-2.56293459052787,-17.536521445824,20.));
#3870=CARTESIAN_POINT('Ctrl Pts',(-2.52917304027013,-17.6126931170314,20.));
#3871=CARTESIAN_POINT('Ctrl Pts',(-2.49465877865788,-17.6887572319414,20.));
#3872=CARTESIAN_POINT('Ctrl Pts',(-2.45939663785793,-17.7647093973311,20.));
#3873=CARTESIAN_POINT('Ctrl Pts',(-2.4233925406169,-17.8405451482982,20.));
#3874=CARTESIAN_POINT('Ctrl Pts',(-2.38665323880353,-17.9162599804201,20.));
#3875=CARTESIAN_POINT('Ctrl Pts',(-2.34918589578986,-17.9918493993518,20.));
#3876=CARTESIAN_POINT('Ctrl Pts',(-2.31099772094441,-18.0673089667436,20.));
#3877=CARTESIAN_POINT('Ctrl Pts',(-2.2720956093392,-18.1426343448333,20.));
#3878=CARTESIAN_POINT('Ctrl Pts',(-2.23248572795127,-18.217821352751,20.));
#3879=CARTESIAN_POINT('Ctrl Pts',(-2.1921736160257,-18.2928659327343,20.));
#3880=CARTESIAN_POINT('Ctrl Pts',(-2.15116439037182,-18.36776410001,20.));
#3881=CARTESIAN_POINT('Ctrl Pts',(-2.10946292548729,-18.4425118968526,20.));
#3882=CARTESIAN_POINT('Ctrl Pts',(-2.06707403321868,-18.5171053518823,20.));
#3883=CARTESIAN_POINT('Ctrl Pts',(-2.02400268799135,-18.5915404232639,20.));
#3884=CARTESIAN_POINT('Ctrl Pts',(-1.9802539912468,-18.6658130400464,20.));
#3885=CARTESIAN_POINT('Ctrl Pts',(-1.93583304694183,-18.7399191756673,20.));
#3886=CARTESIAN_POINT('Ctrl Pts',(-1.89074486581643,-18.8138549179671,20.));
#3887=CARTESIAN_POINT('Ctrl Pts',(-1.84499427445281,-18.8876165286964,20.));
#3888=CARTESIAN_POINT('Ctrl Pts',(-1.79858579731892,-18.961200542173,20.));
#3889=CARTESIAN_POINT('Ctrl Pts',(-1.75152369018576,-19.0346036982661,20.));
#3890=CARTESIAN_POINT('Ctrl Pts',(-1.70381207107564,-19.1078227737426,20.));
#3891=CARTESIAN_POINT('Ctrl Pts',(-1.65545503374209,-19.1808544344922,20.));
#3892=CARTESIAN_POINT('Ctrl Pts',(-1.60645675620051,-19.2536951044426,20.));
#3893=CARTESIAN_POINT('Ctrl Pts',(-1.55682165729583,-19.3263407699341,20.));
#3894=CARTESIAN_POINT('Ctrl Pts',(-1.50655438740632,-19.3987870264645,20.));
#3895=CARTESIAN_POINT('Ctrl Pts',(-1.45565959848793,-19.4710294413764,20.));
#3896=CARTESIAN_POINT('Ctrl Pts',(-1.40414177095503,-19.543063846809,20.));
#3897=CARTESIAN_POINT('Ctrl Pts',(-1.35200502759822,-19.614886645005,20.));
#3898=CARTESIAN_POINT('Ctrl Pts',(-1.29925294382109,-19.6864951525002,20.));
#3899=CARTESIAN_POINT('Ctrl Pts',(-1.24588840514628,-19.757887799947,20.));
#3900=CARTESIAN_POINT('Ctrl Pts',(-1.19191363637022,-19.8290638093539,20.));
#3901=CARTESIAN_POINT('Ctrl Pts',(-1.14824689136965,-19.8858311296438,20.));
#3902=CARTESIAN_POINT('Ctrl Pts',(-1.11522335197329,-19.9283090643279,20.));
#3903=CARTESIAN_POINT('Ctrl Pts',(-1.09308615243341,-19.9565843439339,20.));
#3904=CARTESIAN_POINT('Ctrl Pts',(-1.08198717601262,-19.9707111478521,20.));
#3905=CARTESIAN_POINT('',(3.82883367578897,-14.5393851796551,12.5));
#3906=CARTESIAN_POINT('Ctrl Pts',(-3.15264788575273,-14.7008333106558,20.));
#3907=CARTESIAN_POINT('Ctrl Pts',(-0.85564268096338,-15.1934345428046,17.5));
#3908=CARTESIAN_POINT('Ctrl Pts',(1.55705474146849,-15.1376404414969,15.));
#3909=CARTESIAN_POINT('Ctrl Pts',(3.82883367578897,-14.5393851796551,12.5));
#3910=CARTESIAN_POINT('Ctrl Pts',(3.82883367578897,-14.5393851796551,12.5));
#3911=CARTESIAN_POINT('Ctrl Pts',(3.83267542439475,-14.5539736072214,12.5));
#3912=CARTESIAN_POINT('Ctrl Pts',(3.84089863656307,-14.5829597865989,12.5));
#3913=CARTESIAN_POINT('Ctrl Pts',(3.85485255933149,-14.625867043432,12.5));
#3914=CARTESIAN_POINT('Ctrl Pts',(3.87653040560863,-14.6819929677849,12.5));
#3915=CARTESIAN_POINT('Ctrl Pts',(3.90779315828575,-14.7506906882045,12.5));
#3916=CARTESIAN_POINT('Ctrl Pts',(3.94201980742572,-14.8183622357909,12.5));
#3917=CARTESIAN_POINT('Ctrl Pts',(3.97803968804669,-14.8854261221551,12.5));
#3918=CARTESIAN_POINT('Ctrl Pts',(4.015032002356,-14.9521682067967,12.5));
#3919=CARTESIAN_POINT('Ctrl Pts',(4.0527204745272,-15.0186703740416,12.5));
#3920=CARTESIAN_POINT('Ctrl Pts',(4.09116887543472,-15.0848878769965,12.5));
#3921=CARTESIAN_POINT('Ctrl Pts',(4.13063818515736,-15.1507037835916,12.5));
#3922=CARTESIAN_POINT('Ctrl Pts',(4.17143173803967,-15.2159877484793,12.5));
#3923=CARTESIAN_POINT('Ctrl Pts',(4.21371688724037,-15.2806639060896,12.5));
#3924=CARTESIAN_POINT('Ctrl Pts',(4.25746307159137,-15.3447341103807,12.5));
#3925=CARTESIAN_POINT('Ctrl Pts',(4.30253105963134,-15.4082432813862,12.5));
#3926=CARTESIAN_POINT('Ctrl Pts',(4.3487256608898,-15.4712587238638,12.5));
#3927=CARTESIAN_POINT('Ctrl Pts',(4.39585795337675,-15.5338458469447,12.5));
#3928=CARTESIAN_POINT('Ctrl Pts',(4.44381641759947,-15.5960403661965,12.5));
#3929=CARTESIAN_POINT('Ctrl Pts',(4.4925733221821,-15.6578457643556,12.5));
#3930=CARTESIAN_POINT('Ctrl Pts',(4.54214881874835,-15.7192472288718,12.5));
#3931=CARTESIAN_POINT('Ctrl Pts',(4.59258720200259,-15.7802208511134,12.5));
#3932=CARTESIAN_POINT('Ctrl Pts',(4.6439300919095,-15.840744026901,12.5));
#3933=CARTESIAN_POINT('Ctrl Pts',(4.69618601864409,-15.9008072543576,12.5));
#3934=CARTESIAN_POINT('Ctrl Pts',(4.74933272570669,-15.9604132149032,12.5));
#3935=CARTESIAN_POINT('Ctrl Pts',(4.80333090927293,-16.0195714092469,12.5));
#3936=CARTESIAN_POINT('Ctrl Pts',(4.8581343627466,-16.0782941914399,12.5));
#3937=CARTESIAN_POINT('Ctrl Pts',(4.91370100213826,-16.1365924617925,12.5));
#3938=CARTESIAN_POINT('Ctrl Pts',(4.97000508679715,-16.1944708945361,12.5));
#3939=CARTESIAN_POINT('Ctrl Pts',(5.02703464114038,-16.251928930216,12.5));
#3940=CARTESIAN_POINT('Ctrl Pts',(5.08478595119162,-16.3089629081022,12.5));
#3941=CARTESIAN_POINT('Ctrl Pts',(5.14325901207546,-16.3655678290489,12.5));
#3942=CARTESIAN_POINT('Ctrl Pts',(5.20245276686347,-16.4217392005829,12.5));
#3943=CARTESIAN_POINT('Ctrl Pts',(5.2623599259591,-16.4774750458837,12.5));
#3944=CARTESIAN_POINT('Ctrl Pts',(5.32296832943512,-16.5327753691355,12.5));
#3945=CARTESIAN_POINT('Ctrl Pts',(5.38426311614956,-16.587641307957,12.5));
#3946=CARTESIAN_POINT('Ctrl Pts',(5.44622862448969,-16.6420743912672,12.5));
#3947=CARTESIAN_POINT('Ctrl Pts',(5.50885032984148,-16.6960757835168,12.5));
#3948=CARTESIAN_POINT('Ctrl Pts',(5.57211694756163,-16.7496454663128,12.5));
#3949=CARTESIAN_POINT('Ctrl Pts',(5.63601978093994,-16.802782482792,12.5));
#3950=CARTESIAN_POINT('Ctrl Pts',(5.70055178565512,-16.8554852923735,12.5));
#3951=CARTESIAN_POINT('Ctrl Pts',(5.76570671866877,-16.9077520938412,12.5));
#3952=CARTESIAN_POINT('Ctrl Pts',(5.83147828430932,-16.9595811508882,12.5));
#3953=CARTESIAN_POINT('Ctrl Pts',(5.89785918157937,-17.0109711559523,12.5));
#3954=CARTESIAN_POINT('Ctrl Pts',(5.96484135193976,-17.0619211407884,12.5));
#3955=CARTESIAN_POINT('Ctrl Pts',(6.03241637428798,-17.1124303320469,12.5));
#3956=CARTESIAN_POINT('Ctrl Pts',(6.10057581178364,-17.1624980271132,12.5));
#3957=CARTESIAN_POINT('Ctrl Pts',(6.16931155342341,-17.2121234711206,12.5));
#3958=CARTESIAN_POINT('Ctrl Pts',(6.23861620864154,-17.2613057202383,12.5));
#3959=CARTESIAN_POINT('Ctrl Pts',(6.3084830025095,-17.3100436568727,12.5));
#3960=CARTESIAN_POINT('Ctrl Pts',(6.37890556994245,-17.3583360377018,12.5));
#3961=CARTESIAN_POINT('Ctrl Pts',(6.44987777424927,-17.4061815340643,12.5));
#3962=CARTESIAN_POINT('Ctrl Pts',(6.52139352846335,-17.4535787768135,12.5));
#3963=CARTESIAN_POINT('Ctrl Pts',(6.59344656874635,-17.5005264073953,12.5));
#3964=CARTESIAN_POINT('Ctrl Pts',(6.6660305047909,-17.547023098663,12.5));
#3965=CARTESIAN_POINT('Ctrl Pts',(6.7391389640991,-17.5930675642066,12.5));
#3966=CARTESIAN_POINT('Ctrl Pts',(6.81276570901883,-17.638658577566,12.5));
#3967=CARTESIAN_POINT('Ctrl Pts',(6.88690474475903,-17.6837949842352,12.5));
#3968=CARTESIAN_POINT('Ctrl Pts',(6.96155046919309,-17.728475736388,12.5));
#3969=CARTESIAN_POINT('Ctrl Pts',(7.03669761277008,-17.7726998481874,12.5));
#3970=CARTESIAN_POINT('Ctrl Pts',(7.11234104549885,-17.8164663044839,12.5));
#3971=CARTESIAN_POINT('Ctrl Pts',(7.18847560894799,-17.8597739802462,12.5));
#3972=CARTESIAN_POINT('Ctrl Pts',(7.2650959602017,-17.9026215726479,12.5));
#3973=CARTESIAN_POINT('Ctrl Pts',(7.34219634380255,-17.945007497276,12.5));
#3974=CARTESIAN_POINT('Ctrl Pts',(7.41977062116298,-17.986929925634,12.5));
#3975=CARTESIAN_POINT('Ctrl Pts',(7.4978126395681,-18.0283870048196,12.5));
#3976=CARTESIAN_POINT('Ctrl Pts',(7.57631651896869,-18.0693770406674,12.5));
#3977=CARTESIAN_POINT('Ctrl Pts',(7.65527695592019,-18.1098986860558,12.5));
#3978=CARTESIAN_POINT('Ctrl Pts',(7.73468954837203,-18.1499511622414,12.5));
#3979=CARTESIAN_POINT('Ctrl Pts',(7.81455101306572,-18.1895343727531,12.5));
#3980=CARTESIAN_POINT('Ctrl Pts',(7.89485901371104,-18.2286486286181,12.5));
#3981=CARTESIAN_POINT('Ctrl Pts',(7.95946144428774,-18.2595652784273,12.5));
#3982=CARTESIAN_POINT('Ctrl Pts',(8.00811317571372,-18.2825421824515,12.5));
#3983=CARTESIAN_POINT('Ctrl Pts',(8.04063648210731,-18.2977665570362,12.5));
#3984=CARTESIAN_POINT('Ctrl Pts',(8.05692033999439,-18.3053553539664,12.5));
#3985=CARTESIAN_POINT('Ctrl Pts',(-2.77238335091779,-12.9276554160278,20.));
#3986=CARTESIAN_POINT('Ctrl Pts',(-0.752437192163994,-13.3608403146086,
17.5));
#3987=CARTESIAN_POINT('Ctrl Pts',(1.36924667712588,-13.3117759588194,15.));
#3988=CARTESIAN_POINT('Ctrl Pts',(3.36700929531694,-12.7856807564263,12.5));
#3989=CARTESIAN_POINT('Ctrl Pts',(-2.89913819586277,-13.5187147142372,20.));
#3990=CARTESIAN_POINT('Ctrl Pts',(-0.786839021763788,-13.9717050573406,
17.5));
#3991=CARTESIAN_POINT('Ctrl Pts',(1.43184936524009,-13.9203974530453,15.));
#3992=CARTESIAN_POINT('Ctrl Pts',(3.52095075547428,-13.3702488975025,12.5));
#3993=CARTESIAN_POINT('Ctrl Pts',(-3.02589304080775,-14.1097740124465,20.));
#3994=CARTESIAN_POINT('Ctrl Pts',(-0.821240851363587,-14.5825698000726,
17.5));
#3995=CARTESIAN_POINT('Ctrl Pts',(1.49445205335428,-14.5290189472711,15.));
#3996=CARTESIAN_POINT('Ctrl Pts',(3.67489221563163,-13.9548170385788,12.5));
#3997=CARTESIAN_POINT('Ctrl Pts',(-3.15264788575273,-14.7008333106558,20.));
#3998=CARTESIAN_POINT('Ctrl Pts',(-0.85564268096338,-15.1934345428046,17.5));
#3999=CARTESIAN_POINT('Ctrl Pts',(1.55705474146849,-15.1376404414969,15.));
#4000=CARTESIAN_POINT('Ctrl Pts',(3.82883367578897,-14.5393851796551,12.5));
#4001=CARTESIAN_POINT('',(-2.77238335091779,-12.9276554160278,20.));
#4002=CARTESIAN_POINT('',(-2.77238335091779,-12.9276554160278,20.));
#4003=CARTESIAN_POINT('',(3.36700929531694,-12.7856807564263,12.5));
#4004=CARTESIAN_POINT('Ctrl Pts',(-2.77238335091779,-12.9276554160278,20.));
#4005=CARTESIAN_POINT('Ctrl Pts',(-0.752437192163994,-13.3608403146086,
17.5));
#4006=CARTESIAN_POINT('Ctrl Pts',(1.36924667712588,-13.3117759588194,15.));
#4007=CARTESIAN_POINT('Ctrl Pts',(3.36700929531694,-12.7856807564263,12.5));
#4008=CARTESIAN_POINT('',(3.36700929531694,-12.7856807564263,12.5));
#4009=CARTESIAN_POINT('Ctrl Pts',(-4.02078342672229,-10.6374660815156,20.));
#4010=CARTESIAN_POINT('Ctrl Pts',(-2.35867935148593,-11.2657134919408,17.5));
#4011=CARTESIAN_POINT('Ctrl Pts',(-0.548016002689738,-11.4969277298946,
15.));
#4012=CARTESIAN_POINT('Ctrl Pts',(1.21862731175248,-11.3065172124333,12.5));
#4013=CARTESIAN_POINT('Ctrl Pts',(-3.64109661917185,-10.7809813145086,20.));
#4014=CARTESIAN_POINT('Ctrl Pts',(-1.95674555255432,-11.3499349896583,17.5));
#4015=CARTESIAN_POINT('Ctrl Pts',(-0.137508591163206,-11.5163793333003,
15.));
#4016=CARTESIAN_POINT('Ctrl Pts',(1.62219479596403,-11.2630203204059,12.5));
#4017=CARTESIAN_POINT('Ctrl Pts',(-2.85870797829375,-11.393702555916,20.));
#4018=CARTESIAN_POINT('Ctrl Pts',(-1.07835629726768,-11.8406337849405,17.5));
#4019=CARTESIAN_POINT('Ctrl Pts',(0.80677753497804,-11.861778408613,15.));
#4020=CARTESIAN_POINT('Ctrl Pts',(2.59700004533812,-11.4561887206156,12.5));
#4021=CARTESIAN_POINT('Ctrl Pts',(-2.65889988907632,-12.3984807296993,20.));
#4022=CARTESIAN_POINT('Ctrl Pts',(-0.721734988971856,-12.8132207096535,
17.5));
#4023=CARTESIAN_POINT('Ctrl Pts',(1.31360790958331,-12.7674699202046,15.));
#4024=CARTESIAN_POINT('Ctrl Pts',(3.22918568922781,-12.2623175953545,12.5));
#4025=CARTESIAN_POINT('Ctrl Pts',(-2.77238335091779,-12.9276554160278,20.));
#4026=CARTESIAN_POINT('Ctrl Pts',(-0.752437192163994,-13.3608403146086,
17.5));
#4027=CARTESIAN_POINT('Ctrl Pts',(1.36924667712588,-13.3117759588194,15.));
#4028=CARTESIAN_POINT('Ctrl Pts',(3.36700929531694,-12.7856807564263,12.5));
#4029=CARTESIAN_POINT('',(-4.02078342672229,-10.6374660815156,20.));
#4030=CARTESIAN_POINT('Origin',(-4.72792085667697,-12.5082831904702,20.));
#4031=CARTESIAN_POINT('',(1.21862731175248,-11.3065172124333,12.5));
#4032=CARTESIAN_POINT('Ctrl Pts',(-4.02078342672229,-10.6374660815156,20.));
#4033=CARTESIAN_POINT('Ctrl Pts',(-2.35867935148593,-11.2657134919408,17.5));
#4034=CARTESIAN_POINT('Ctrl Pts',(-0.548016002689739,-11.4969277298946,
15.));
#4035=CARTESIAN_POINT('Ctrl Pts',(1.21862731175248,-11.3065172124333,12.5));
#4036=CARTESIAN_POINT('Origin',(1.43294797861011,-13.2950007179615,12.5));
#4037=CARTESIAN_POINT('Ctrl Pts',(-4.67870117416378,-10.3649476275994,20.));
#4038=CARTESIAN_POINT('Ctrl Pts',(-3.05917810735181,-11.0959946860623,17.5));
#4039=CARTESIAN_POINT('Ctrl Pts',(-1.26653665522266,-11.4400853872076,15.));
#4040=CARTESIAN_POINT('Ctrl Pts',(0.508560654913935,-11.3606227848773,12.5));
#4041=CARTESIAN_POINT('Ctrl Pts',(-4.46231164232131,-10.4626251068384,20.));
#4042=CARTESIAN_POINT('Ctrl Pts',(-2.82752639425662,-11.1598613325032,17.5));
#4043=CARTESIAN_POINT('Ctrl Pts',(-1.02770149968419,-11.4665269423157,15.));
#4044=CARTESIAN_POINT('Ctrl Pts',(0.745736946988241,-11.3500055385598,12.5));
#4045=CARTESIAN_POINT('Ctrl Pts',(-4.24286234000497,-10.5535239841111,20.));
#4046=CARTESIAN_POINT('Ctrl Pts',(-2.59387414205823,-11.216471255545,17.5));
#4047=CARTESIAN_POINT('Ctrl Pts',(-0.788038021154141,-11.4854867788933,
15.));
#4048=CARTESIAN_POINT('Ctrl Pts',(0.982580584429674,-11.3319585559842,12.5));
#4049=CARTESIAN_POINT('Ctrl Pts',(-4.02078342672229,-10.6374660815156,20.));
#4050=CARTESIAN_POINT('Ctrl Pts',(-2.35867935148593,-11.2657134919408,17.5));
#4051=CARTESIAN_POINT('Ctrl Pts',(-0.548016002689739,-11.4969277298946,
15.));
#4052=CARTESIAN_POINT('Ctrl Pts',(1.21862731175248,-11.3065172124333,12.5));
#4053=CARTESIAN_POINT('',(-4.67870117416378,-10.3649476275994,20.));
#4054=CARTESIAN_POINT('Origin',(0.,0.,20.));
#4055=CARTESIAN_POINT('',(0.508560654913935,-11.3606227848773,12.5));
#4056=CARTESIAN_POINT('Ctrl Pts',(-4.67870117416378,-10.3649476275994,20.));
#4057=CARTESIAN_POINT('Ctrl Pts',(-3.05917810735181,-11.0959946860623,17.5));
#4058=CARTESIAN_POINT('Ctrl Pts',(-1.26653665522266,-11.4400853872076,15.));
#4059=CARTESIAN_POINT('Ctrl Pts',(0.508560654913935,-11.3606227848773,12.5));
#4060=CARTESIAN_POINT('Origin',(0.,0.,12.5));
#4061=CARTESIAN_POINT('Ctrl Pts',(-7.18086174203363,-11.1016038769989,20.));
#4062=CARTESIAN_POINT('Ctrl Pts',(-5.44623613625302,-12.2236135241914,17.5));
#4063=CARTESIAN_POINT('Ctrl Pts',(-3.44531073917721,-12.9308951566059,15.));
#4064=CARTESIAN_POINT('Ctrl Pts',(-1.39090083113548,-13.1482234114707,12.5));
#4065=CARTESIAN_POINT('Ctrl Pts',(-6.96040817924771,-10.7607829260821,20.));
#4066=CARTESIAN_POINT('Ctrl Pts',(-5.27904167846842,-11.8485267973035,17.5));
#4067=CARTESIAN_POINT('Ctrl Pts',(-3.33961532677919,-12.5337513796292,15.));
#4068=CARTESIAN_POINT('Ctrl Pts',(-1.34819996113949,-12.7445709252521,12.5));
#4069=CARTESIAN_POINT('Ctrl Pts',(-6.19628234341157,-10.1254484135202,20.));
#4070=CARTESIAN_POINT('Ctrl Pts',(-4.61391547701829,-11.0935901621993,17.5));
#4071=CARTESIAN_POINT('Ctrl Pts',(-2.80258518874699,-11.6837136708735,15.));
#4072=CARTESIAN_POINT('Ctrl Pts',(-0.953523560062522,-11.8325573429643,
12.5));
#4073=CARTESIAN_POINT('Ctrl Pts',(-5.17198078856232,-10.142282931742,20.));
#4074=CARTESIAN_POINT('Ctrl Pts',(-3.58796676155416,-10.9503498571154,17.5));
#4075=CARTESIAN_POINT('Ctrl Pts',(-1.81031814730225,-11.3795343756724,15.));
#4076=CARTESIAN_POINT('Ctrl Pts',(-0.0321042695985187,-11.3848257632972,
12.5));
#4077=CARTESIAN_POINT('Ctrl Pts',(-4.67870117416378,-10.3649476275994,20.));
#4078=CARTESIAN_POINT('Ctrl Pts',(-3.05917810735181,-11.0959946860623,17.5));
#4079=CARTESIAN_POINT('Ctrl Pts',(-1.26653665522266,-11.4400853872076,15.));
#4080=CARTESIAN_POINT('Ctrl Pts',(0.508560654913935,-11.3606227848773,12.5));
#4081=CARTESIAN_POINT('',(-7.18086174203363,-11.1016038769989,20.));
#4082=CARTESIAN_POINT('Origin',(-5.50154696631358,-12.1878367636528,20.));
#4083=CARTESIAN_POINT('',(-1.39090083113548,-13.1482234114707,12.5));
#4084=CARTESIAN_POINT('Ctrl Pts',(-7.18086174203363,-11.1016038769989,20.));
#4085=CARTESIAN_POINT('Ctrl Pts',(-5.44623613625302,-12.2236135241914,17.5));
#4086=CARTESIAN_POINT('Ctrl Pts',(-3.44531073917721,-12.9308951566059,15.));
#4087=CARTESIAN_POINT('Ctrl Pts',(-1.39090083113547,-13.1482234114707,12.5));
#4088=CARTESIAN_POINT('Origin',(0.598001501715543,-13.3586218676908,12.5));
#4089=CARTESIAN_POINT('Ctrl Pts',(-8.16580022434864,-12.624317621767,20.));
#4090=CARTESIAN_POINT('Ctrl Pts',(-6.19325059594808,-13.9002239068211,17.5));
#4091=CARTESIAN_POINT('Ctrl Pts',(-3.91787507093216,-14.7045174192335,15.));
#4092=CARTESIAN_POINT('Ctrl Pts',(-1.58167901387782,-14.9516547651518,12.5));
#4093=CARTESIAN_POINT('Ctrl Pts',(-7.8374873969103,-12.116746373511,20.));
#4094=CARTESIAN_POINT('Ctrl Pts',(-5.94424577604973,-13.3413537792779,17.5));
#4095=CARTESIAN_POINT('Ctrl Pts',(-3.76035362701385,-14.1133099983576,15.));
#4096=CARTESIAN_POINT('Ctrl Pts',(-1.51808628629704,-14.3505109805915,12.5));
#4097=CARTESIAN_POINT('Ctrl Pts',(-7.50917456947197,-11.609175125255,20.));
#4098=CARTESIAN_POINT('Ctrl Pts',(-5.69524095615137,-12.7824836517346,17.5));
#4099=CARTESIAN_POINT('Ctrl Pts',(-3.60283218309553,-13.5221025774817,15.));
#4100=CARTESIAN_POINT('Ctrl Pts',(-1.45449355871626,-13.7493671960311,12.5));
#4101=CARTESIAN_POINT('Ctrl Pts',(-7.18086174203363,-11.1016038769989,20.));
#4102=CARTESIAN_POINT('Ctrl Pts',(-5.44623613625302,-12.2236135241914,17.5));
#4103=CARTESIAN_POINT('Ctrl Pts',(-3.44531073917721,-12.9308951566059,15.));
#4104=CARTESIAN_POINT('Ctrl Pts',(-1.39090083113547,-13.1482234114707,12.5));
#4105=CARTESIAN_POINT('',(-8.16580022434864,-12.624317621767,20.));
#4106=CARTESIAN_POINT('',(-8.16580022434864,-12.624317621767,20.));
#4107=CARTESIAN_POINT('',(-1.58167901387782,-14.9516547651518,12.5));
#4108=CARTESIAN_POINT('Ctrl Pts',(-8.16580022434864,-12.624317621767,20.));
#4109=CARTESIAN_POINT('Ctrl Pts',(-6.19325059594809,-13.9002239068211,17.5));
#4110=CARTESIAN_POINT('Ctrl Pts',(-3.91787507093216,-14.7045174192335,15.));
#4111=CARTESIAN_POINT('Ctrl Pts',(-1.58167901387783,-14.9516547651518,12.5));
#4112=CARTESIAN_POINT('',(-1.58167901387782,-14.9516547651518,12.5));
#4113=CARTESIAN_POINT('Ctrl Pts',(-13.3563448084486,-14.8865057470794,20.));
#4114=CARTESIAN_POINT('Ctrl Pts',(-11.0303282854681,-16.9734346233989,17.5));
#4115=CARTESIAN_POINT('Ctrl Pts',(-8.20827935204603,-18.5037773192062,15.));
#4116=CARTESIAN_POINT('Ctrl Pts',(-5.19034669725741,-19.3147689906524,12.5));
#4117=CARTESIAN_POINT('Ctrl Pts',(-12.4644787915266,-14.7794558792945,20.));
#4118=CARTESIAN_POINT('Ctrl Pts',(-10.155220551252,-16.7271361276359,17.5));
#4119=CARTESIAN_POINT('Ctrl Pts',(-7.38311851301133,-18.1220123813765,15.));
#4120=CARTESIAN_POINT('Ctrl Pts',(-4.44304504453313,-18.8163465732506,12.5));
#4121=CARTESIAN_POINT('Ctrl Pts',(-11.0416731603627,-14.4560461421803,20.));
#4122=CARTESIAN_POINT('Ctrl Pts',(-8.78296190523073,-16.1813531534062,17.5));
#4123=CARTESIAN_POINT('Ctrl Pts',(-6.11433640123262,-17.3662556353668,15.));
#4124=CARTESIAN_POINT('Ctrl Pts',(-3.31981948615347,-17.8850388544301,12.5));
#4125=CARTESIAN_POINT('Ctrl Pts',(-9.55306981439905,-13.7644299262121,20.));
#4126=CARTESIAN_POINT('Ctrl Pts',(-7.40219795057671,-15.2568936088547,17.5));
#4127=CARTESIAN_POINT('Ctrl Pts',(-4.89735653861562,-16.2357415976048,15.));
#4128=CARTESIAN_POINT('Ctrl Pts',(-2.30423875182413,-16.5955161970629,12.5));
#4129=CARTESIAN_POINT('Ctrl Pts',(-8.79350551912192,-13.2489139899681,20.));
#4130=CARTESIAN_POINT('Ctrl Pts',(-6.72342216765533,-14.622964229705,17.5));
#4131=CARTESIAN_POINT('Ctrl Pts',(-4.32704905731702,-15.5018256567187,15.));
#4132=CARTESIAN_POINT('Ctrl Pts',(-1.85950124026569,-15.7924575784091,12.5));
#4133=CARTESIAN_POINT('Ctrl Pts',(-8.41297652266438,-12.908406815585,20.));
#4134=CARTESIAN_POINT('Ctrl Pts',(-6.39594922862048,-14.22283056751,17.5));
#4135=CARTESIAN_POINT('Ctrl Pts',(-4.06712710029443,-15.0553611729189,15.));
#4136=CARTESIAN_POINT('Ctrl Pts',(-1.6738499261641,-15.3167675085908,12.5));
#4137=CARTESIAN_POINT('Ctrl Pts',(-8.23407809145581,-12.7298751246713,20.));
#4138=CARTESIAN_POINT('Ctrl Pts',(-6.24502083877407,-14.0164204697635,17.5));
#4139=CARTESIAN_POINT('Ctrl Pts',(-3.95063362041172,-14.8275010270116,15.));
#4140=CARTESIAN_POINT('Ctrl Pts',(-1.59490413163098,-15.0766721632071,12.5));
#4141=CARTESIAN_POINT('Ctrl Pts',(-8.16580022434864,-12.624317621767,20.));
#4142=CARTESIAN_POINT('Ctrl Pts',(-6.19325059594809,-13.9002239068211,17.5));
#4143=CARTESIAN_POINT('Ctrl Pts',(-3.91787507093216,-14.7045174192335,15.));
#4144=CARTESIAN_POINT('Ctrl Pts',(-1.58167901387783,-14.9516547651518,12.5));
#4145=CARTESIAN_POINT('',(-13.3563448084486,-14.8865057470794,20.));
#4146=CARTESIAN_POINT('Ctrl Pts',(-13.3563448084486,-14.8865057470794,20.));
#4147=CARTESIAN_POINT('Ctrl Pts',(-13.3385074881102,-14.8843647497237,20.));
#4148=CARTESIAN_POINT('Ctrl Pts',(-13.3028604822497,-14.8800244716855,20.));
#4149=CARTESIAN_POINT('Ctrl Pts',(-13.2494728779379,-14.8733392046655,20.));
#4150=CARTESIAN_POINT('Ctrl Pts',(-13.1784552693088,-14.864075699041,20.));
#4151=CARTESIAN_POINT('Ctrl Pts',(-13.0899603053849,-14.8519125851461,20.));
#4152=CARTESIAN_POINT('Ctrl Pts',(-13.0017436530765,-14.8391647871815,20.));
#4153=CARTESIAN_POINT('Ctrl Pts',(-12.9138074356755,-14.8258312821015,20.));
#4154=CARTESIAN_POINT('Ctrl Pts',(-12.8261548032507,-14.8119111392299,20.));
#4155=CARTESIAN_POINT('Ctrl Pts',(-12.7387901814901,-14.7974037278703,20.));
#4156=CARTESIAN_POINT('Ctrl Pts',(-12.6517190296453,-14.782308676768,20.));
#4157=CARTESIAN_POINT('Ctrl Pts',(-12.5649474629705,-14.7666257649144,20.));
#4158=CARTESIAN_POINT('Ctrl Pts',(-12.4784819052573,-14.7503548372419,20.));
#4159=CARTESIAN_POINT('Ctrl Pts',(-12.392328759273,-14.7334957198899,20.));
#4160=CARTESIAN_POINT('Ctrl Pts',(-12.306493987699,-14.7160481263492,20.));
#4161=CARTESIAN_POINT('Ctrl Pts',(-12.2209830735032,-14.6980116309817,20.));
#4162=CARTESIAN_POINT('Ctrl Pts',(-12.1358012689786,-14.6793856966386,20.));
#4163=CARTESIAN_POINT('Ctrl Pts',(-12.0509537651764,-14.6601696906082,20.));
#4164=CARTESIAN_POINT('Ctrl Pts',(-11.966445876642,-14.6403629088669,20.));
#4165=CARTESIAN_POINT('Ctrl Pts',(-11.8822832532646,-14.6199646027398,20.));
#4166=CARTESIAN_POINT('Ctrl Pts',(-11.7984719512947,-14.5989740026594,20.));
#4167=CARTESIAN_POINT('Ctrl Pts',(-11.7150182801752,-14.5773903318122,20.));
#4168=CARTESIAN_POINT('Ctrl Pts',(-11.6319286961582,-14.5552128283653,20.));
#4169=CARTESIAN_POINT('Ctrl Pts',(-11.5492096851044,-14.5324407636517,20.));
#4170=CARTESIAN_POINT('Ctrl Pts',(-11.4668676224729,-14.5090734782308,20.));
#4171=CARTESIAN_POINT('Ctrl Pts',(-11.3849087189428,-14.4851103778028,20.));
#4172=CARTESIAN_POINT('Ctrl Pts',(-11.3033392198388,-14.4605508141118,20.));
#4173=CARTESIAN_POINT('Ctrl Pts',(-11.2221655609516,-14.4353939866875,20.));
#4174=CARTESIAN_POINT('Ctrl Pts',(-11.1413945283905,-14.4096388479634,20.));
#4175=CARTESIAN_POINT('Ctrl Pts',(-11.061033439188,-14.3832839935496,20.));
#4176=CARTESIAN_POINT('Ctrl Pts',(-10.9810902361574,-14.356327615155,20.));
#4177=CARTESIAN_POINT('Ctrl Pts',(-10.9015731554793,-14.3287677533735,20.));
#4178=CARTESIAN_POINT('Ctrl Pts',(-10.8224904404045,-14.300602520918,20.));
#4179=CARTESIAN_POINT('Ctrl Pts',(-10.7438500503328,-14.2718303286039,20.));
#4180=CARTESIAN_POINT('Ctrl Pts',(-10.6656593304413,-14.2424501455798,20.));
#4181=CARTESIAN_POINT('Ctrl Pts',(-10.5879248040656,-14.2124616614653,20.));
#4182=CARTESIAN_POINT('Ctrl Pts',(-10.5106529647363,-14.1818646439513,20.));
#4183=CARTESIAN_POINT('Ctrl Pts',(-10.4338509862733,-14.1506583635453,20.));
#4184=CARTESIAN_POINT('Ctrl Pts',(-10.3575274309762,-14.1188410215307,20.));
#4185=CARTESIAN_POINT('Ctrl Pts',(-10.2816930281935,-14.0864091215387,20.));
#4186=CARTESIAN_POINT('Ctrl Pts',(-10.2063612178498,-14.0533570342902,20.));
#4187=CARTESIAN_POINT('Ctrl Pts',(-10.1315464068528,-14.0196784301156,20.));
#4188=CARTESIAN_POINT('Ctrl Pts',(-10.0572623632795,-13.9853676004447,20.));
#4189=CARTESIAN_POINT('Ctrl Pts',(-9.98352064121693,-13.9504207549052,20.));
#4190=CARTESIAN_POINT('Ctrl Pts',(-9.91032878340386,-13.9148375021819,20.));
#4191=CARTESIAN_POINT('Ctrl Pts',(-9.83768919310329,-13.8786217822922,20.));
#4192=CARTESIAN_POINT('Ctrl Pts',(-9.76560343159785,-13.8417783443288,20.));
#4193=CARTESIAN_POINT('Ctrl Pts',(-9.69407616811107,-13.804309510557,20.));
#4194=CARTESIAN_POINT('Ctrl Pts',(-9.62311895705796,-13.7662120836234,20.));
#4195=CARTESIAN_POINT('Ctrl Pts',(-9.55275480390224,-13.7274736064747,20.));
#4196=CARTESIAN_POINT('Ctrl Pts',(-9.48302030623244,-13.6880706164715,20.));
#4197=CARTESIAN_POINT('Ctrl Pts',(-9.41395552661586,-13.6479769857967,20.));
#4198=CARTESIAN_POINT('Ctrl Pts',(-9.34559485650564,-13.6071714475272,20.));
#4199=CARTESIAN_POINT('Ctrl Pts',(-9.27795861095857,-13.5656445232525,20.));
#4200=CARTESIAN_POINT('Ctrl Pts',(-9.21104164260603,-13.5234078986116,20.));
#4201=CARTESIAN_POINT('Ctrl Pts',(-9.14481143920218,-13.4804960137588,20.));
#4202=CARTESIAN_POINT('Ctrl Pts',(-9.07923335292213,-13.4369453813188,20.));
#4203=CARTESIAN_POINT('Ctrl Pts',(-9.01429284636908,-13.392776352303,20.));
#4204=CARTESIAN_POINT('Ctrl Pts',(-8.9500151877732,-13.347976982039,20.));
#4205=CARTESIAN_POINT('Ctrl Pts',(-8.88649523115063,-13.3024786052905,20.));
#4206=CARTESIAN_POINT('Ctrl Pts',(-8.82389213883333,-13.2561602376586,20.));
#4207=CARTESIAN_POINT('Ctrl Pts',(-8.76237043972678,-13.2088971414606,20.));
#4208=CARTESIAN_POINT('Ctrl Pts',(-8.70204845598487,-13.1606032755602,20.));
#4209=CARTESIAN_POINT('Ctrl Pts',(-8.64295465211945,-13.1112673619381,20.));
#4210=CARTESIAN_POINT('Ctrl Pts',(-8.58495361828216,-13.0610136054146,20.));
#4211=CARTESIAN_POINT('Ctrl Pts',(-8.52779768790006,-13.0100603243419,20.));
#4212=CARTESIAN_POINT('Ctrl Pts',(-8.47127526633241,-12.9585999022391,20.));
#4213=CARTESIAN_POINT('Ctrl Pts',(-8.4153396865354,-12.9066947185573,20.));
#4214=CARTESIAN_POINT('Ctrl Pts',(-8.36022799173676,-12.854180932266,20.));
#4215=CARTESIAN_POINT('Ctrl Pts',(-8.30663116150125,-12.8005313129497,20.));
#4216=CARTESIAN_POINT('Ctrl Pts',(-8.25553134311827,-12.7449836302164,20.));
#4217=CARTESIAN_POINT('Ctrl Pts',(-8.21745455738575,-12.6983981518787,20.));
#4218=CARTESIAN_POINT('Ctrl Pts',(-8.1908337660322,-12.6619690684798,20.));
#4219=CARTESIAN_POINT('Ctrl Pts',(-8.1739935684015,-12.6369845221155,20.));
#4220=CARTESIAN_POINT('Ctrl Pts',(-8.16580022434864,-12.624317621767,20.));
#4221=CARTESIAN_POINT('',(-5.19034669725741,-19.3147689906524,12.5));
#4222=CARTESIAN_POINT('Ctrl Pts',(-13.3563448084486,-14.8865057470794,20.));
#4223=CARTESIAN_POINT('Ctrl Pts',(-11.0303282854681,-16.9734346233989,17.5));
#4224=CARTESIAN_POINT('Ctrl Pts',(-8.20827935204605,-18.5037773192062,15.));
#4225=CARTESIAN_POINT('Ctrl Pts',(-5.19034669725743,-19.3147689906524,12.5));
#4226=CARTESIAN_POINT('Ctrl Pts',(-5.19034669725741,-19.3147689906524,12.5));
#4227=CARTESIAN_POINT('Ctrl Pts',(-5.17540066420292,-19.3048005423044,12.5));
#4228=CARTESIAN_POINT('Ctrl Pts',(-5.14555958278925,-19.28482413371,12.5));
#4229=CARTESIAN_POINT('Ctrl Pts',(-5.10095091477312,-19.2547409851529,12.5));
#4230=CARTESIAN_POINT('Ctrl Pts',(-5.04177870043386,-19.2143929700588,12.5));
#4231=CARTESIAN_POINT('Ctrl Pts',(-4.96832430875525,-19.1635623461924,12.5));
#4232=CARTESIAN_POINT('Ctrl Pts',(-4.89538235183039,-19.1123358392121,12.5));
#4233=CARTESIAN_POINT('Ctrl Pts',(-4.82295518610218,-19.0607134956669,12.5));
#4234=CARTESIAN_POINT('Ctrl Pts',(-4.7510460423063,-19.0086959083805,12.5));
#4235=CARTESIAN_POINT('Ctrl Pts',(-4.67965915367863,-18.9562845140868,12.5));
#4236=CARTESIAN_POINT('Ctrl Pts',(-4.60879955832394,-18.9034814479115,12.5));
#4237=CARTESIAN_POINT('Ctrl Pts',(-4.5384728117118,-18.8502892753823,12.5));
#4238=CARTESIAN_POINT('Ctrl Pts',(-4.46868471477841,-18.7967107602443,12.5));
#4239=CARTESIAN_POINT('Ctrl Pts',(-4.39944105819357,-18.7427486399781,12.5));
#4240=CARTESIAN_POINT('Ctrl Pts',(-4.3307472909028,-18.6884053527484,12.5));
#4241=CARTESIAN_POINT('Ctrl Pts',(-4.26260849673776,-18.6336829958778,12.5));
#4242=CARTESIAN_POINT('Ctrl Pts',(-4.19502960411449,-18.5785834629937,12.5));
#4243=CARTESIAN_POINT('Ctrl Pts',(-4.12801552998591,-18.5231085348017,12.5));
#4244=CARTESIAN_POINT('Ctrl Pts',(-4.06157133369484,-18.4672599841783,12.5));
#4245=CARTESIAN_POINT('Ctrl Pts',(-3.99570239392772,-18.4110396956646,12.5));
#4246=CARTESIAN_POINT('Ctrl Pts',(-3.93041446133837,-18.3544497187444,12.5));
#4247=CARTESIAN_POINT('Ctrl Pts',(-3.8657135157356,-18.2974922108225,12.5));
#4248=CARTESIAN_POINT('Ctrl Pts',(-3.80160566113381,-18.2401694089927,12.5));
#4249=CARTESIAN_POINT('Ctrl Pts',(-3.73809701297896,-18.1824835933135,12.5));
#4250=CARTESIAN_POINT('Ctrl Pts',(-3.67519355694942,-18.1244370557261,12.5));
#4251=CARTESIAN_POINT('Ctrl Pts',(-3.61290110228885,-18.0660320718433,12.5));
#4252=CARTESIAN_POINT('Ctrl Pts',(-3.55122551352554,-18.0072708847938,12.5));
#4253=CARTESIAN_POINT('Ctrl Pts',(-3.49017289387496,-17.9481556879576,12.5));
#4254=CARTESIAN_POINT('Ctrl Pts',(-3.42974977071434,-17.8886886125359,12.5));
#4255=CARTESIAN_POINT('Ctrl Pts',(-3.36996330627841,-17.8288717112517,12.5));
#4256=CARTESIAN_POINT('Ctrl Pts',(-3.31082140355289,-17.7687069592042,12.5));
#4257=CARTESIAN_POINT('Ctrl Pts',(-3.25233229551579,-17.7081963292123,12.5));
#4258=CARTESIAN_POINT('Ctrl Pts',(-3.19450418887147,-17.6473418616293,12.5));
#4259=CARTESIAN_POINT('Ctrl Pts',(-3.13734490241692,-17.5861457345199,12.5));
#4260=CARTESIAN_POINT('Ctrl Pts',(-3.08086145474147,-17.5246103465682,12.5));
#4261=CARTESIAN_POINT('Ctrl Pts',(-3.02505980575355,-17.4627383679302,12.5));
#4262=CARTESIAN_POINT('Ctrl Pts',(-2.96994585350129,-17.4005325249473,12.5));
#4263=CARTESIAN_POINT('Ctrl Pts',(-2.91552632755518,-17.3379954077415,12.5));
#4264=CARTESIAN_POINT('Ctrl Pts',(-2.86180967924004,-17.2751292798199,12.5));
#4265=CARTESIAN_POINT('Ctrl Pts',(-2.80880706012886,-17.2119358691677,12.5));
#4266=CARTESIAN_POINT('Ctrl Pts',(-2.75653300357906,-17.1484162254898,12.5));
#4267=CARTESIAN_POINT('Ctrl Pts',(-2.70500322204263,-17.0845712105045,12.5));
#4268=CARTESIAN_POINT('Ctrl Pts',(-2.65423257745418,-17.0204019514284,12.5));
#4269=CARTESIAN_POINT('Ctrl Pts',(-2.60423308998611,-16.9559102865495,12.5));
#4270=CARTESIAN_POINT('Ctrl Pts',(-2.5550116655551,-16.8910992743565,12.5));
#4271=CARTESIAN_POINT('Ctrl Pts',(-2.50656866820541,-16.8259735155975,12.5));
#4272=CARTESIAN_POINT('Ctrl Pts',(-2.45890334530541,-16.7605379524409,12.5));
#4273=CARTESIAN_POINT('Ctrl Pts',(-2.41201881329349,-16.6947967660799,12.5));
#4274=CARTESIAN_POINT('Ctrl Pts',(-2.36592682472574,-16.6287523240029,12.5));
#4275=CARTESIAN_POINT('Ctrl Pts',(-2.32065353129293,-16.5624039060649,12.5));
#4276=CARTESIAN_POINT('Ctrl Pts',(-2.27624218268819,-16.4957471142012,12.5));
#4277=CARTESIAN_POINT('Ctrl Pts',(-2.23274032388025,-16.4287767380307,12.5));
#4278=CARTESIAN_POINT('Ctrl Pts',(-2.19018824443265,-16.3614893416917,12.5));
#4279=CARTESIAN_POINT('Ctrl Pts',(-2.14860835016752,-16.2938856469383,12.5));
#4280=CARTESIAN_POINT('Ctrl Pts',(-2.10799076970563,-16.2259737534882,12.5));
#4281=CARTESIAN_POINT('Ctrl Pts',(-2.06829093869752,-16.1577696984588,12.5));
#4282=CARTESIAN_POINT('Ctrl Pts',(-2.02946145128891,-16.0892904030939,12.5));
#4283=CARTESIAN_POINT('Ctrl Pts',(-1.99148014417177,-16.0205474556358,12.5));
#4284=CARTESIAN_POINT('Ctrl Pts',(-1.95437495624806,-15.9515416153049,12.5));
#4285=CARTESIAN_POINT('Ctrl Pts',(-1.91826153097685,-15.8822544758686,12.5));
#4286=CARTESIAN_POINT('Ctrl Pts',(-1.88333651973819,-15.8126500080684,12.5));
#4287=CARTESIAN_POINT('Ctrl Pts',(-1.84980305723953,-15.7426912586797,12.5));
#4288=CARTESIAN_POINT('Ctrl Pts',(-1.81780557359252,-15.6723549220789,12.5));
#4289=CARTESIAN_POINT('Ctrl Pts',(-1.78737455803482,-15.6016437962193,12.5));
#4290=CARTESIAN_POINT('Ctrl Pts',(-1.75833309468307,-15.5306075141001,12.5));
#4291=CARTESIAN_POINT('Ctrl Pts',(-1.73036160183807,-15.4593289561886,12.5));
#4292=CARTESIAN_POINT('Ctrl Pts',(-1.70318439540469,-15.3878841618832,12.5));
#4293=CARTESIAN_POINT('Ctrl Pts',(-1.67673166088409,-15.3163076991552,12.5));
#4294=CARTESIAN_POINT('Ctrl Pts',(-1.65128889123142,-15.2445604892678,12.5));
#4295=CARTESIAN_POINT('Ctrl Pts',(-1.62771072026257,-15.1724843370547,12.5));
#4296=CARTESIAN_POINT('Ctrl Pts',(-1.60721770861792,-15.0998429372228,12.5));
#4297=CARTESIAN_POINT('Ctrl Pts',(-1.59429411500112,-15.0410804565765,12.5));
#4298=CARTESIAN_POINT('Ctrl Pts',(-1.58700243054299,-14.9965543295573,12.5));
#4299=CARTESIAN_POINT('Ctrl Pts',(-1.58326602800821,-14.9666568529185,12.5));
#4300=CARTESIAN_POINT('Ctrl Pts',(-1.58167901387783,-14.9516547651518,12.5));
#4301=CARTESIAN_POINT('Ctrl Pts',(-14.8865057470794,-13.3563448084486,20.));
#4302=CARTESIAN_POINT('Ctrl Pts',(-12.7995768707599,-15.6823613314291,17.5));
#4303=CARTESIAN_POINT('Ctrl Pts',(-10.1593853809767,-17.5086411146266,15.));
#4304=CARTESIAN_POINT('Ctrl Pts',(-7.24673789492923,-18.6409439107089,12.5));
#4305=CARTESIAN_POINT('Ctrl Pts',(-14.4045573354686,-13.8935073257491,20.));
#4306=CARTESIAN_POINT('Ctrl Pts',(-12.2336959194087,-16.1442203212739,17.5));
#4307=CARTESIAN_POINT('Ctrl Pts',(-9.52760732251986,-17.8752304967598,15.));
#4308=CARTESIAN_POINT('Ctrl Pts',(-6.5741007747038,-18.9024341513332,12.5));
#4309=CARTESIAN_POINT('Ctrl Pts',(-13.8935073257492,-14.4045573354686,20.));
#4310=CARTESIAN_POINT('Ctrl Pts',(-11.6427943302244,-16.5754187515284,17.5));
#4311=CARTESIAN_POINT('Ctrl Pts',(-8.87596819132312,-18.2075905681397,15.));
#4312=CARTESIAN_POINT('Ctrl Pts',(-5.88729802407453,-19.127481272169,12.5));
#4313=CARTESIAN_POINT('Ctrl Pts',(-13.3563448084486,-14.8865057470794,20.));
#4314=CARTESIAN_POINT('Ctrl Pts',(-11.0303282854681,-16.9734346233989,17.5));
#4315=CARTESIAN_POINT('Ctrl Pts',(-8.20827935204605,-18.5037773192062,15.));
#4316=CARTESIAN_POINT('Ctrl Pts',(-5.19034669725743,-19.3147689906524,12.5));
#4317=CARTESIAN_POINT('',(-14.8865057470794,-13.3563448084486,20.));
#4318=CARTESIAN_POINT('Origin',(0.,0.,20.));
#4319=CARTESIAN_POINT('',(-7.24673789492923,-18.6409439107089,12.5));
#4320=CARTESIAN_POINT('Ctrl Pts',(-14.8865057470794,-13.3563448084486,20.));
#4321=CARTESIAN_POINT('Ctrl Pts',(-12.7995768707599,-15.6823613314291,17.5));
#4322=CARTESIAN_POINT('Ctrl Pts',(-10.1593853809767,-17.5086411146266,15.));
#4323=CARTESIAN_POINT('Ctrl Pts',(-7.24673789492923,-18.6409439107089,12.5));
#4324=CARTESIAN_POINT('Origin',(0.,0.,12.5));
#4325=CARTESIAN_POINT('Ctrl Pts',(-12.624317621767,-8.16580022434864,20.));
#4326=CARTESIAN_POINT('Ctrl Pts',(-11.3484113367129,-10.1383498527492,17.5));
#4327=CARTESIAN_POINT('Ctrl Pts',(-9.60292424097517,-11.8049321737172,15.));
#4328=CARTESIAN_POINT('Ctrl Pts',(-7.5735035986315,-12.9882921110031,12.5));
#4329=CARTESIAN_POINT('Ctrl Pts',(-12.7298751246713,-8.23407809145581,20.));
#4330=CARTESIAN_POINT('Ctrl Pts',(-11.4433297795792,-10.2231353441375,17.5));
#4331=CARTESIAN_POINT('Ctrl Pts',(-9.68319879174568,-11.9036124441894,15.));
#4332=CARTESIAN_POINT('Ctrl Pts',(-7.63682901170015,-13.0968929655844,12.5));
#4333=CARTESIAN_POINT('Ctrl Pts',(-12.9084068155848,-8.41297652266437,20.));
#4334=CARTESIAN_POINT('Ctrl Pts',(-11.5939830636598,-10.4300038167083,17.5));
#4335=CARTESIAN_POINT('Ctrl Pts',(-9.79915905506412,-12.1315109405522,15.));
#4336=CARTESIAN_POINT('Ctrl Pts',(-7.71528194205447,-13.3371498095413,12.5));
#4337=CARTESIAN_POINT('Ctrl Pts',(-13.2489139899681,-8.79350551912188,20.));
#4338=CARTESIAN_POINT('Ctrl Pts',(-11.8748637502312,-10.8635888705885,17.5));
#4339=CARTESIAN_POINT('Ctrl Pts',(-10.0081888478181,-12.6044295584592,15.));
#4340=CARTESIAN_POINT('Ctrl Pts',(-7.84714772252318,-13.8304639780919,12.5));
#4341=CARTESIAN_POINT('Ctrl Pts',(-13.7644299262119,-9.55306981439894,20.));
#4342=CARTESIAN_POINT('Ctrl Pts',(-12.2719662435693,-11.7039416782213,17.5));
#4343=CARTESIAN_POINT('Ctrl Pts',(-10.267087075713,-13.4963795171577,15.));
#4344=CARTESIAN_POINT('Ctrl Pts',(-7.96390738243728,-14.7409922758388,12.5));
#4345=CARTESIAN_POINT('Ctrl Pts',(-14.4560461421803,-11.0416731603627,20.));
#4346=CARTESIAN_POINT('Ctrl Pts',(-12.7307391309544,-13.3003844154947,17.5));
#4347=CARTESIAN_POINT('Ctrl Pts',(-10.4680388255325,-15.1458500207524,15.));
#4348=CARTESIAN_POINT('Ctrl Pts',(-7.90841299165808,-16.3814779613591,12.5));
#4349=CARTESIAN_POINT('Ctrl Pts',(-14.7794558792945,-12.4644787915265,20.));
#4350=CARTESIAN_POINT('Ctrl Pts',(-12.8317756309532,-14.7737370318011,17.5));
#4351=CARTESIAN_POINT('Ctrl Pts',(-10.3350029016035,-16.6166573804986,15.));
#4352=CARTESIAN_POINT('Ctrl Pts',(-7.55415472320377,-17.7969181054004,12.5));
#4353=CARTESIAN_POINT('Ctrl Pts',(-14.8865057470794,-13.3563448084486,20.));
#4354=CARTESIAN_POINT('Ctrl Pts',(-12.7995768707599,-15.6823613314291,17.5));
#4355=CARTESIAN_POINT('Ctrl Pts',(-10.1593853809767,-17.5086411146266,15.));
#4356=CARTESIAN_POINT('Ctrl Pts',(-7.24673789492923,-18.6409439107089,12.5));
#4357=CARTESIAN_POINT('',(-12.624317621767,-8.16580022434864,20.));
#4358=CARTESIAN_POINT('Ctrl Pts',(-12.624317621767,-8.16580022434864,20.));
#4359=CARTESIAN_POINT('Ctrl Pts',(-12.6369845221155,-8.1739935684015,20.));
#4360=CARTESIAN_POINT('Ctrl Pts',(-12.6619690684799,-8.19083376603219,20.));
#4361=CARTESIAN_POINT('Ctrl Pts',(-12.6983981518787,-8.21745455738574,20.));
#4362=CARTESIAN_POINT('Ctrl Pts',(-12.7449836302164,-8.25553134311827,20.));
#4363=CARTESIAN_POINT('Ctrl Pts',(-12.8005313129497,-8.30663116150125,20.));
#4364=CARTESIAN_POINT('Ctrl Pts',(-12.854180932266,-8.36022799173676,20.));
#4365=CARTESIAN_POINT('Ctrl Pts',(-12.9066947185573,-8.4153396865354,20.));
#4366=CARTESIAN_POINT('Ctrl Pts',(-12.9585999022391,-8.47127526633241,20.));
#4367=CARTESIAN_POINT('Ctrl Pts',(-13.0100603243419,-8.52779768790006,20.));
#4368=CARTESIAN_POINT('Ctrl Pts',(-13.0610136054146,-8.58495361828216,20.));
#4369=CARTESIAN_POINT('Ctrl Pts',(-13.1112673619381,-8.64295465211945,20.));
#4370=CARTESIAN_POINT('Ctrl Pts',(-13.1606032755602,-8.70204845598487,20.));
#4371=CARTESIAN_POINT('Ctrl Pts',(-13.2088971414606,-8.76237043972677,20.));
#4372=CARTESIAN_POINT('Ctrl Pts',(-13.2561602376586,-8.82389213883332,20.));
#4373=CARTESIAN_POINT('Ctrl Pts',(-13.3024786052905,-8.88649523115063,20.));
#4374=CARTESIAN_POINT('Ctrl Pts',(-13.347976982039,-8.9500151877732,20.));
#4375=CARTESIAN_POINT('Ctrl Pts',(-13.392776352303,-9.01429284636907,20.));
#4376=CARTESIAN_POINT('Ctrl Pts',(-13.4369453813188,-9.07923335292213,20.));
#4377=CARTESIAN_POINT('Ctrl Pts',(-13.4804960137588,-9.14481143920218,20.));
#4378=CARTESIAN_POINT('Ctrl Pts',(-13.5234078986116,-9.21104164260603,20.));
#4379=CARTESIAN_POINT('Ctrl Pts',(-13.5656445232525,-9.27795861095857,20.));
#4380=CARTESIAN_POINT('Ctrl Pts',(-13.6071714475272,-9.34559485650563,20.));
#4381=CARTESIAN_POINT('Ctrl Pts',(-13.6479769857967,-9.41395552661586,20.));
#4382=CARTESIAN_POINT('Ctrl Pts',(-13.6880706164715,-9.48302030623244,20.));
#4383=CARTESIAN_POINT('Ctrl Pts',(-13.7274736064747,-9.55275480390224,20.));
#4384=CARTESIAN_POINT('Ctrl Pts',(-13.7662120836234,-9.62311895705796,20.));
#4385=CARTESIAN_POINT('Ctrl Pts',(-13.804309510557,-9.69407616811106,20.));
#4386=CARTESIAN_POINT('Ctrl Pts',(-13.8417783443288,-9.76560343159784,20.));
#4387=CARTESIAN_POINT('Ctrl Pts',(-13.8786217822922,-9.83768919310328,20.));
#4388=CARTESIAN_POINT('Ctrl Pts',(-13.9148375021819,-9.91032878340386,20.));
#4389=CARTESIAN_POINT('Ctrl Pts',(-13.9504207549052,-9.98352064121692,20.));
#4390=CARTESIAN_POINT('Ctrl Pts',(-13.9853676004447,-10.0572623632795,20.));
#4391=CARTESIAN_POINT('Ctrl Pts',(-14.0196784301156,-10.1315464068528,20.));
#4392=CARTESIAN_POINT('Ctrl Pts',(-14.0533570342902,-10.2063612178498,20.));
#4393=CARTESIAN_POINT('Ctrl Pts',(-14.0864091215387,-10.2816930281935,20.));
#4394=CARTESIAN_POINT('Ctrl Pts',(-14.1188410215307,-10.3575274309762,20.));
#4395=CARTESIAN_POINT('Ctrl Pts',(-14.1506583635453,-10.4338509862733,20.));
#4396=CARTESIAN_POINT('Ctrl Pts',(-14.1818646439513,-10.5106529647363,20.));
#4397=CARTESIAN_POINT('Ctrl Pts',(-14.2124616614653,-10.5879248040656,20.));
#4398=CARTESIAN_POINT('Ctrl Pts',(-14.2424501455798,-10.6656593304413,20.));
#4399=CARTESIAN_POINT('Ctrl Pts',(-14.2718303286039,-10.7438500503328,20.));
#4400=CARTESIAN_POINT('Ctrl Pts',(-14.300602520918,-10.8224904404045,20.));
#4401=CARTESIAN_POINT('Ctrl Pts',(-14.3287677533735,-10.9015731554793,20.));
#4402=CARTESIAN_POINT('Ctrl Pts',(-14.356327615155,-10.9810902361574,20.));
#4403=CARTESIAN_POINT('Ctrl Pts',(-14.3832839935496,-11.061033439188,20.));
#4404=CARTESIAN_POINT('Ctrl Pts',(-14.4096388479634,-11.1413945283905,20.));
#4405=CARTESIAN_POINT('Ctrl Pts',(-14.4353939866875,-11.2221655609516,20.));
#4406=CARTESIAN_POINT('Ctrl Pts',(-14.4605508141118,-11.3033392198388,20.));
#4407=CARTESIAN_POINT('Ctrl Pts',(-14.4851103778028,-11.3849087189428,20.));
#4408=CARTESIAN_POINT('Ctrl Pts',(-14.5090734782308,-11.4668676224729,20.));
#4409=CARTESIAN_POINT('Ctrl Pts',(-14.5324407636517,-11.5492096851044,20.));
#4410=CARTESIAN_POINT('Ctrl Pts',(-14.5552128283653,-11.6319286961582,20.));
#4411=CARTESIAN_POINT('Ctrl Pts',(-14.5773903318122,-11.7150182801752,20.));
#4412=CARTESIAN_POINT('Ctrl Pts',(-14.5989740026594,-11.7984719512947,20.));
#4413=CARTESIAN_POINT('Ctrl Pts',(-14.6199646027398,-11.8822832532646,20.));
#4414=CARTESIAN_POINT('Ctrl Pts',(-14.6403629088669,-11.966445876642,20.));
#4415=CARTESIAN_POINT('Ctrl Pts',(-14.6601696906082,-12.0509537651764,20.));
#4416=CARTESIAN_POINT('Ctrl Pts',(-14.6793856966386,-12.1358012689786,20.));
#4417=CARTESIAN_POINT('Ctrl Pts',(-14.6980116309817,-12.2209830735032,20.));
#4418=CARTESIAN_POINT('Ctrl Pts',(-14.7160481263492,-12.306493987699,20.));
#4419=CARTESIAN_POINT('Ctrl Pts',(-14.7334957198899,-12.392328759273,20.));
#4420=CARTESIAN_POINT('Ctrl Pts',(-14.7503548372419,-12.4784819052573,20.));
#4421=CARTESIAN_POINT('Ctrl Pts',(-14.7666257649144,-12.5649474629705,20.));
#4422=CARTESIAN_POINT('Ctrl Pts',(-14.782308676768,-12.6517190296453,20.));
#4423=CARTESIAN_POINT('Ctrl Pts',(-14.7974037278703,-12.7387901814901,20.));
#4424=CARTESIAN_POINT('Ctrl Pts',(-14.8119111392299,-12.8261548032507,20.));
#4425=CARTESIAN_POINT('Ctrl Pts',(-14.8258312821015,-12.9138074356755,20.));
#4426=CARTESIAN_POINT('Ctrl Pts',(-14.8391647871815,-13.0017436530765,20.));
#4427=CARTESIAN_POINT('Ctrl Pts',(-14.8519125851461,-13.0899603053849,20.));
#4428=CARTESIAN_POINT('Ctrl Pts',(-14.864075699041,-13.1784552693088,20.));
#4429=CARTESIAN_POINT('Ctrl Pts',(-14.8733392046656,-13.2494728779378,20.));
#4430=CARTESIAN_POINT('Ctrl Pts',(-14.8800244716855,-13.3028604822497,20.));
#4431=CARTESIAN_POINT('Ctrl Pts',(-14.8843647497237,-13.3385074881102,20.));
#4432=CARTESIAN_POINT('Ctrl Pts',(-14.8865057470794,-13.3563448084486,20.));
#4433=CARTESIAN_POINT('',(-7.5735035986315,-12.9882921110031,12.5));
#4434=CARTESIAN_POINT('Ctrl Pts',(-12.624317621767,-8.16580022434864,20.));
#4435=CARTESIAN_POINT('Ctrl Pts',(-11.3484113367129,-10.1383498527492,17.5));
#4436=CARTESIAN_POINT('Ctrl Pts',(-9.60292424097517,-11.8049321737172,15.));
#4437=CARTESIAN_POINT('Ctrl Pts',(-7.5735035986315,-12.9882921110031,12.5));
#4438=CARTESIAN_POINT('Ctrl Pts',(-7.5735035986315,-12.9882921110031,12.5));
#4439=CARTESIAN_POINT('Ctrl Pts',(-7.58110264819973,-13.0013242135528,12.5));
#4440=CARTESIAN_POINT('Ctrl Pts',(-7.59578428311092,-13.0276352266387,12.5));
#4441=CARTESIAN_POINT('Ctrl Pts',(-7.61625738196603,-13.0678421523213,12.5));
#4442=CARTESIAN_POINT('Ctrl Pts',(-7.64061585157218,-13.1228577261356,12.5));
#4443=CARTESIAN_POINT('Ctrl Pts',(-7.66708637111642,-13.1935404545129,12.5));
#4444=CARTESIAN_POINT('Ctrl Pts',(-7.69073548560396,-13.2655933604088,12.5));
#4445=CARTESIAN_POINT('Ctrl Pts',(-7.71268691258023,-13.3384845910743,12.5));
#4446=CARTESIAN_POINT('Ctrl Pts',(-7.73372317692094,-13.4118358880148,12.5));
#4447=CARTESIAN_POINT('Ctrl Pts',(-7.7540975360986,-13.4855097956821,12.5));
#4448=CARTESIAN_POINT('Ctrl Pts',(-7.77373325646371,-13.5595197660622,12.5));
#4449=CARTESIAN_POINT('Ctrl Pts',(-7.79236311377346,-13.6339676564792,12.5));
#4450=CARTESIAN_POINT('Ctrl Pts',(-7.80968045017647,-13.7089757886257,12.5));
#4451=CARTESIAN_POINT('Ctrl Pts',(-7.8255132840605,-13.7846088539964,12.5));
#4452=CARTESIAN_POINT('Ctrl Pts',(-7.83988453638113,-13.8608465535283,12.5));
#4453=CARTESIAN_POINT('Ctrl Pts',(-7.85292442190918,-13.9376221989713,12.5));
#4454=CARTESIAN_POINT('Ctrl Pts',(-7.8648185528005,-14.0148453614708,12.5));
#4455=CARTESIAN_POINT('Ctrl Pts',(-7.87574676831559,-14.0924287042466,12.5));
#4456=CARTESIAN_POINT('Ctrl Pts',(-7.88581317936399,-14.1703186258294,12.5));
#4457=CARTESIAN_POINT('Ctrl Pts',(-7.89503985765614,-14.2484979798416,12.5));
#4458=CARTESIAN_POINT('Ctrl Pts',(-7.90340207978769,-14.3269705415785,12.5));
#4459=CARTESIAN_POINT('Ctrl Pts',(-7.91085161871705,-14.4057507261702,12.5));
#4460=CARTESIAN_POINT('Ctrl Pts',(-7.91734306111654,-14.4848519798075,12.5));
#4461=CARTESIAN_POINT('Ctrl Pts',(-7.9228636563998,-14.5642736153932,12.5));
#4462=CARTESIAN_POINT('Ctrl Pts',(-7.92743103833908,-14.6440017912559,12.5));
#4463=CARTESIAN_POINT('Ctrl Pts',(-7.93107971695077,-14.7240154334104,12.5));
#4464=CARTESIAN_POINT('Ctrl Pts',(-7.9338511008659,-14.8042906044929,12.5));
#4465=CARTESIAN_POINT('Ctrl Pts',(-7.93578265564212,-14.8848052543123,12.5));
#4466=CARTESIAN_POINT('Ctrl Pts',(-7.93689588784873,-14.9655444866605,12.5));
#4467=CARTESIAN_POINT('Ctrl Pts',(-7.93719886990751,-15.0464994379276,12.5));
#4468=CARTESIAN_POINT('Ctrl Pts',(-7.93669163946927,-15.1276648934086,12.5));
#4469=CARTESIAN_POINT('Ctrl Pts',(-7.93537066505149,-15.2090373147263,12.5));
#4470=CARTESIAN_POINT('Ctrl Pts',(-7.93323351735726,-15.290612777861,12.5));
#4471=CARTESIAN_POINT('Ctrl Pts',(-7.93028395308647,-15.3723847304665,12.5));
#4472=CARTESIAN_POINT('Ctrl Pts',(-7.92653057356482,-15.4543445771344,12.5));
#4473=CARTESIAN_POINT('Ctrl Pts',(-7.92198469162455,-15.5364826138685,12.5));
#4474=CARTESIAN_POINT('Ctrl Pts',(-7.91665846280709,-15.618788847345,12.5));
#4475=CARTESIAN_POINT('Ctrl Pts',(-7.91056298095658,-15.7012538305019,12.5));
#4476=CARTESIAN_POINT('Ctrl Pts',(-7.90370621251498,-15.7838695708856,12.5));
#4477=CARTESIAN_POINT('Ctrl Pts',(-7.8960936303806,-15.8666292423889,12.5));
#4478=CARTESIAN_POINT('Ctrl Pts',(-7.88772912628561,-15.9495267745692,12.5));
#4479=CARTESIAN_POINT('Ctrl Pts',(-7.87861584107265,-16.0325564792797,12.5));
#4480=CARTESIAN_POINT('Ctrl Pts',(-7.86875699869936,-16.1157126770538,12.5));
#4481=CARTESIAN_POINT('Ctrl Pts',(-7.85815683716455,-16.1989892807208,12.5));
#4482=CARTESIAN_POINT('Ctrl Pts',(-7.84682037006308,-16.2823799073802,12.5));
#4483=CARTESIAN_POINT('Ctrl Pts',(-7.83475300517291,-16.3658780555725,12.5));
#4484=CARTESIAN_POINT('Ctrl Pts',(-7.82196021141767,-16.4494772627273,12.5));
#4485=CARTESIAN_POINT('Ctrl Pts',(-7.80844719037128,-16.5331712597277,12.5));
#4486=CARTESIAN_POINT('Ctrl Pts',(-7.7942185005639,-16.6169541532654,12.5));
#4487=CARTESIAN_POINT('Ctrl Pts',(-7.7792781423353,-16.7008203624844,12.5));
#4488=CARTESIAN_POINT('Ctrl Pts',(-7.7636297373188,-16.7847645074287,12.5));
#4489=CARTESIAN_POINT('Ctrl Pts',(-7.74727668530488,-16.868781309297,12.5));
#4490=CARTESIAN_POINT('Ctrl Pts',(-7.7302223222959,-16.9528654958209,12.5));
#4491=CARTESIAN_POINT('Ctrl Pts',(-7.71247011685172,-17.0370116771552,12.5));
#4492=CARTESIAN_POINT('Ctrl Pts',(-7.69402364916753,-17.1212143962356,12.5));
#4493=CARTESIAN_POINT('Ctrl Pts',(-7.6748865156506,-17.2054682373965,12.5));
#4494=CARTESIAN_POINT('Ctrl Pts',(-7.65506225974881,-17.2897679227136,12.5));
#4495=CARTESIAN_POINT('Ctrl Pts',(-7.63455430406047,-17.3741083968703,12.5));
#4496=CARTESIAN_POINT('Ctrl Pts',(-7.6133658689623,-17.4584849576399,12.5));
#4497=CARTESIAN_POINT('Ctrl Pts',(-7.59149998349755,-17.5428931817954,12.5));
#4498=CARTESIAN_POINT('Ctrl Pts',(-7.56895955729854,-17.6273287240659,12.5));
#4499=CARTESIAN_POINT('Ctrl Pts',(-7.54574744240994,-17.7117871413724,12.5));
#4500=CARTESIAN_POINT('Ctrl Pts',(-7.52186649560632,-17.7962637344655,12.5));
#4501=CARTESIAN_POINT('Ctrl Pts',(-7.49731966626146,-17.8807533132732,12.5));
#4502=CARTESIAN_POINT('Ctrl Pts',(-7.47211000206997,-17.9652502442161,12.5));
#4503=CARTESIAN_POINT('Ctrl Pts',(-7.44624054345859,-18.0497488664682,12.5));
#4504=CARTESIAN_POINT('Ctrl Pts',(-7.41971425029398,-18.1342438242508,12.5));
#4505=CARTESIAN_POINT('Ctrl Pts',(-7.39253392011909,-18.2187304149036,12.5));
#4506=CARTESIAN_POINT('Ctrl Pts',(-7.36470211499895,-18.3032049750521,12.5));
#4507=CARTESIAN_POINT('Ctrl Pts',(-7.33622108833253,-18.3876651148665,12.5));
#4508=CARTESIAN_POINT('Ctrl Pts',(-7.30709271205589,-18.4721094022695,12.5));
#4509=CARTESIAN_POINT('Ctrl Pts',(-7.28327326804567,-18.5396515917431,12.5));
#4510=CARTESIAN_POINT('Ctrl Pts',(-7.26511842348405,-18.5903006855971,12.5));
#4511=CARTESIAN_POINT('Ctrl Pts',(-7.25288623149472,-18.6240633946028,12.5));
#4512=CARTESIAN_POINT('Ctrl Pts',(-7.24673789492923,-18.6409439107089,12.5));
#4513=CARTESIAN_POINT('Ctrl Pts',(-11.1016038769989,-7.18086174203363,20.));
#4514=CARTESIAN_POINT('Ctrl Pts',(-9.97959422980649,-8.91548734781424,17.5));
#4515=CARTESIAN_POINT('Ctrl Pts',(-8.44464343960441,-10.3810506606301,15.));
#4516=CARTESIAN_POINT('Ctrl Pts',(-6.66000645991862,-11.4216766699921,12.5));
#4517=CARTESIAN_POINT('Ctrl Pts',(-11.609175125255,-7.50917456947196,20.));
#4518=CARTESIAN_POINT('Ctrl Pts',(-10.4358665987753,-9.32310818279255,17.5));
#4519=CARTESIAN_POINT('Ctrl Pts',(-8.83073704006133,-10.8556778316592,15.));
#4520=CARTESIAN_POINT('Ctrl Pts',(-6.96450550615625,-11.9438818169958,12.5));
#4521=CARTESIAN_POINT('Ctrl Pts',(-12.116746373511,-7.8374873969103,20.));
#4522=CARTESIAN_POINT('Ctrl Pts',(-10.8921389677441,-9.73072901777088,17.5));
#4523=CARTESIAN_POINT('Ctrl Pts',(-9.21683064051825,-11.3303050026882,15.));
#4524=CARTESIAN_POINT('Ctrl Pts',(-7.26900455239387,-12.4660869639994,12.5));
#4525=CARTESIAN_POINT('Ctrl Pts',(-12.624317621767,-8.16580022434864,20.));
#4526=CARTESIAN_POINT('Ctrl Pts',(-11.3484113367129,-10.1383498527492,17.5));
#4527=CARTESIAN_POINT('Ctrl Pts',(-9.60292424097517,-11.8049321737172,15.));
#4528=CARTESIAN_POINT('Ctrl Pts',(-7.5735035986315,-12.9882921110031,12.5));
#4529=CARTESIAN_POINT('',(-11.1016038769989,-7.18086174203363,20.));
#4530=CARTESIAN_POINT('',(-11.1016038769989,-7.18086174203363,20.));
#4531=CARTESIAN_POINT('',(-6.66000645991862,-11.4216766699921,12.5));
#4532=CARTESIAN_POINT('Ctrl Pts',(-11.1016038769989,-7.18086174203363,20.));
#4533=CARTESIAN_POINT('Ctrl Pts',(-9.97959422980649,-8.91548734781424,17.5));
#4534=CARTESIAN_POINT('Ctrl Pts',(-8.44464343960441,-10.3810506606301,15.));
#4535=CARTESIAN_POINT('Ctrl Pts',(-6.66000645991862,-11.4216766699921,12.5));
#4536=CARTESIAN_POINT('',(-6.66000645991862,-11.4216766699921,12.5));
#4537=CARTESIAN_POINT('Ctrl Pts',(-10.3649476275994,-4.67870117416377,20.));
#4538=CARTESIAN_POINT('Ctrl Pts',(-9.63390056913651,-6.29822424097574,17.5));
#4539=CARTESIAN_POINT('Ctrl Pts',(-8.51706139232079,-7.74204972891947,15.));
#4540=CARTESIAN_POINT('Ctrl Pts',(-7.13321535663471,-8.85661462839334,12.5));
#4541=CARTESIAN_POINT('Ctrl Pts',(-10.1979491057063,-5.04866088496268,20.));
#4542=CARTESIAN_POINT('Ctrl Pts',(-9.40924404648162,-6.64198794794606,17.5));
#4543=CARTESIAN_POINT('Ctrl Pts',(-8.2405431785762,-8.04607666401038,15.));
#4544=CARTESIAN_POINT('Ctrl Pts',(-6.8170931045692,-9.11122298583258,12.5));
#4545=CARTESIAN_POINT('Ctrl Pts',(-10.0780085161653,-6.03514580163657,20.));
#4546=CARTESIAN_POINT('Ctrl Pts',(-9.13513787238215,-7.61007265095423,17.5));
#4547=CARTESIAN_POINT('Ctrl Pts',(-7.81709801597836,-8.95803042913998,15.));
#4548=CARTESIAN_POINT('Ctrl Pts',(-6.26442432030768,-9.93711368728613,12.5));
#4549=CARTESIAN_POINT('Ctrl Pts',(-10.6471759424431,-6.88692365831907,20.));
#4550=CARTESIAN_POINT('Ctrl Pts',(-9.57065895755747,-8.54997154771428,17.5));
#4551=CARTESIAN_POINT('Ctrl Pts',(-8.09910349848528,-9.95682561985857,15.));
#4552=CARTESIAN_POINT('Ctrl Pts',(-6.38738882617476,-10.9541470233018,12.5));
#4553=CARTESIAN_POINT('Ctrl Pts',(-11.1016038769989,-7.18086174203363,20.));
#4554=CARTESIAN_POINT('Ctrl Pts',(-9.97959422980649,-8.91548734781424,17.5));
#4555=CARTESIAN_POINT('Ctrl Pts',(-8.44464343960441,-10.3810506606301,15.));
#4556=CARTESIAN_POINT('Ctrl Pts',(-6.66000645991862,-11.4216766699921,12.5));
#4557=CARTESIAN_POINT('',(-10.3649476275994,-4.67870117416378,20.));
#4558=CARTESIAN_POINT('Origin',(-12.1878367636528,-5.50154696631357,20.));
#4559=CARTESIAN_POINT('',(-7.13321535663471,-8.85661462839334,12.5));
#4560=CARTESIAN_POINT('Ctrl Pts',(-10.3649476275994,-4.67870117416378,20.));
#4561=CARTESIAN_POINT('Ctrl Pts',(-9.63390056913651,-6.29822424097574,17.5));
#4562=CARTESIAN_POINT('Ctrl Pts',(-8.51706139232079,-7.74204972891947,15.));
#4563=CARTESIAN_POINT('Ctrl Pts',(-7.13321535663471,-8.85661462839334,12.5));
#4564=CARTESIAN_POINT('Origin',(-8.38773793078784,-10.4142323963134,12.5));
#4565=CARTESIAN_POINT('Ctrl Pts',(-10.6374660815156,-4.02078342672229,20.));
#4566=CARTESIAN_POINT('Ctrl Pts',(-10.0092186710904,-5.68288750195865,17.5));
#4567=CARTESIAN_POINT('Ctrl Pts',(-8.98493861217689,-7.19378529711835,15.));
#4568=CARTESIAN_POINT('Ctrl Pts',(-7.67356672195483,-8.39278009742346,12.5));
#4569=CARTESIAN_POINT('Ctrl Pts',(-10.5535239841111,-4.24286234000497,20.));
#4570=CARTESIAN_POINT('Ctrl Pts',(-9.89057671267732,-5.89185053795171,17.5));
#4571=CARTESIAN_POINT('Ctrl Pts',(-8.83475365703194,-7.38136425810739,15.));
#4572=CARTESIAN_POINT('Ctrl Pts',(-7.49835023062377,-8.55298153501725,12.5));
#4573=CARTESIAN_POINT('Ctrl Pts',(-10.4626251068384,-4.46231164232131,20.));
#4574=CARTESIAN_POINT('Ctrl Pts',(-9.76538888117364,-6.09709689038601,17.5));
#4575=CARTESIAN_POINT('Ctrl Pts',(-8.67869261517479,-7.56423855799296,15.));
#4576=CARTESIAN_POINT('Ctrl Pts',(-7.31811534474888,-8.7076941333738,12.5));
#4577=CARTESIAN_POINT('Ctrl Pts',(-10.3649476275994,-4.67870117416378,20.));
#4578=CARTESIAN_POINT('Ctrl Pts',(-9.63390056913651,-6.29822424097574,17.5));
#4579=CARTESIAN_POINT('Ctrl Pts',(-8.51706139232079,-7.74204972891947,15.));
#4580=CARTESIAN_POINT('Ctrl Pts',(-7.13321535663471,-8.85661462839334,12.5));
#4581=CARTESIAN_POINT('',(-10.6374660815156,-4.02078342672229,20.));
#4582=CARTESIAN_POINT('Origin',(0.,0.,20.));
#4583=CARTESIAN_POINT('',(-7.67356672195483,-8.39278009742346,12.5));
#4584=CARTESIAN_POINT('Ctrl Pts',(-10.6374660815156,-4.02078342672229,20.));
#4585=CARTESIAN_POINT('Ctrl Pts',(-10.0092186710904,-5.68288750195865,17.5));
#4586=CARTESIAN_POINT('Ctrl Pts',(-8.98493861217689,-7.19378529711835,15.));
#4587=CARTESIAN_POINT('Ctrl Pts',(-7.67356672195483,-8.39278009742346,12.5));
#4588=CARTESIAN_POINT('Origin',(0.,0.,12.5));
#4589=CARTESIAN_POINT('Ctrl Pts',(-12.9276554160278,-2.77238335091779,20.));
#4590=CARTESIAN_POINT('Ctrl Pts',(-12.4944705174471,-4.79232950967159,17.5));
#4591=CARTESIAN_POINT('Ctrl Pts',(-11.5797262390153,-6.70732106508124,15.));
#4592=CARTESIAN_POINT('Ctrl Pts',(-10.2807133444606,-8.31368252515277,12.5));
#4593=CARTESIAN_POINT('Ctrl Pts',(-12.5307744012814,-2.68727075453669,20.));
#4594=CARTESIAN_POINT('Ctrl Pts',(-12.1110198144553,-4.64532747643239,17.5));
#4595=CARTESIAN_POINT('Ctrl Pts',(-11.2241652383621,-6.50123595012196,15.));
#4596=CARTESIAN_POINT('Ctrl Pts',(-9.96509385947585,-8.0584511896415,12.5));
#4597=CARTESIAN_POINT('Ctrl Pts',(-11.5411930721891,-2.77830974705535,20.));
#4598=CARTESIAN_POINT('Ctrl Pts',(-11.1068703262784,-4.58179168424775,17.5));
#4599=CARTESIAN_POINT('Ctrl Pts',(-10.2433618345174,-6.27987314327248,15.));
#4600=CARTESIAN_POINT('Ctrl Pts',(-9.04112618791492,-7.69260552961922,12.5));
#4601=CARTESIAN_POINT('Ctrl Pts',(-10.8288197255063,-3.51453434998837,20.));
#4602=CARTESIAN_POINT('Ctrl Pts',(-10.2801422680983,-5.20599101256459,17.5));
#4603=CARTESIAN_POINT('Ctrl Pts',(-9.32663416184586,-6.76645768572089,15.));
#4604=CARTESIAN_POINT('Ctrl Pts',(-8.07298864659293,-8.02758635311662,12.5));
#4605=CARTESIAN_POINT('Ctrl Pts',(-10.6374660815156,-4.02078342672229,20.));
#4606=CARTESIAN_POINT('Ctrl Pts',(-10.0092186710904,-5.68288750195865,17.5));
#4607=CARTESIAN_POINT('Ctrl Pts',(-8.98493861217689,-7.19378529711835,15.));
#4608=CARTESIAN_POINT('Ctrl Pts',(-7.67356672195483,-8.39278009742346,12.5));
#4609=CARTESIAN_POINT('',(-12.9276554160278,-2.77238335091779,20.));
#4610=CARTESIAN_POINT('Origin',(-12.5082831904702,-4.72792085667697,20.));
#4611=CARTESIAN_POINT('',(-10.2807133444606,-8.31368252515277,12.5));
#4612=CARTESIAN_POINT('Ctrl Pts',(-12.9276554160278,-2.77238335091779,20.));
#4613=CARTESIAN_POINT('Ctrl Pts',(-12.494470517447,-4.79232950967159,17.5));
#4614=CARTESIAN_POINT('Ctrl Pts',(-11.5797262390153,-6.70732106508124,15.));
#4615=CARTESIAN_POINT('Ctrl Pts',(-10.2807133444606,-8.31368252515277,12.5));
#4616=CARTESIAN_POINT('Origin',(-9.02312119292825,-9.86882302697384,12.5));
#4617=CARTESIAN_POINT('Ctrl Pts',(-14.7008333106558,-3.15264788575272,20.));
#4618=CARTESIAN_POINT('Ctrl Pts',(-14.2082320785071,-5.44965309054207,17.5));
#4619=CARTESIAN_POINT('Ctrl Pts',(-13.1680200117136,-7.62730795071786,15.));
#4620=CARTESIAN_POINT('Ctrl Pts',(-11.6908324307725,-9.45400051802556,12.5));
#4621=CARTESIAN_POINT('Ctrl Pts',(-14.1097740124465,-3.02589304080774,20.));
#4622=CARTESIAN_POINT('Ctrl Pts',(-13.6369782248204,-5.2305452302519,17.5));
#4623=CARTESIAN_POINT('Ctrl Pts',(-12.6385887541475,-7.32064565550565,15.));
#4624=CARTESIAN_POINT('Ctrl Pts',(-11.2207927353352,-9.0738945204013,12.5));
#4625=CARTESIAN_POINT('Ctrl Pts',(-13.5187147142372,-2.89913819586277,20.));
#4626=CARTESIAN_POINT('Ctrl Pts',(-13.0657243711337,-5.01143736996175,17.5));
#4627=CARTESIAN_POINT('Ctrl Pts',(-12.1091574965814,-7.01398336029345,15.));
#4628=CARTESIAN_POINT('Ctrl Pts',(-10.7507530398979,-8.69378852277703,12.5));
#4629=CARTESIAN_POINT('Ctrl Pts',(-12.9276554160278,-2.77238335091779,20.));
#4630=CARTESIAN_POINT('Ctrl Pts',(-12.494470517447,-4.79232950967159,17.5));
#4631=CARTESIAN_POINT('Ctrl Pts',(-11.5797262390153,-6.70732106508124,15.));
#4632=CARTESIAN_POINT('Ctrl Pts',(-10.2807133444606,-8.31368252515277,12.5));
#4633=CARTESIAN_POINT('',(-14.7008333106558,-3.15264788575272,20.));
#4634=CARTESIAN_POINT('',(-14.7008333106558,-3.15264788575272,20.));
#4635=CARTESIAN_POINT('',(-11.6908324307725,-9.45400051802556,12.5));
#4636=CARTESIAN_POINT('Ctrl Pts',(-14.7008333106558,-3.15264788575272,20.));
#4637=CARTESIAN_POINT('Ctrl Pts',(-14.2082320785071,-5.44965309054207,17.5));
#4638=CARTESIAN_POINT('Ctrl Pts',(-13.1680200117136,-7.62730795071786,15.));
#4639=CARTESIAN_POINT('Ctrl Pts',(-11.6908324307725,-9.45400051802556,12.5));
#4640=CARTESIAN_POINT('',(-11.6908324307725,-9.45400051802556,12.5));
#4641=CARTESIAN_POINT('Ctrl Pts',(-19.9707111478521,-1.08198717601261,20.));
#4642=CARTESIAN_POINT('Ctrl Pts',(-19.8016506516002,-4.20241079286365,17.5));
#4643=CARTESIAN_POINT('Ctrl Pts',(-18.8882764116818,-7.28001642827127,15.));
#4644=CARTESIAN_POINT('Ctrl Pts',(-17.3277334766819,-9.98747478400208,12.5));
#4645=CARTESIAN_POINT('Ctrl Pts',(-19.264370951941,-1.63693599705228,20.));
#4646=CARTESIAN_POINT('Ctrl Pts',(-19.0086967019172,-4.64704606944659,17.5));
#4647=CARTESIAN_POINT('Ctrl Pts',(-18.0348510104722,-7.59354467676376,15.));
#4648=CARTESIAN_POINT('Ctrl Pts',(-16.4468735392085,-10.1634589789952,12.5));
#4649=CARTESIAN_POINT('Ctrl Pts',(-18.0296124635533,-2.41434097063412,20.));
#4650=CARTESIAN_POINT('Ctrl Pts',(-17.6524387055736,-5.23146730314684,17.5));
#4651=CARTESIAN_POINT('Ctrl Pts',(-16.6032812209059,-7.95632250178909,15.));
#4652=CARTESIAN_POINT('Ctrl Pts',(-14.9940944922784,-10.2991794947475,12.5));
#4653=CARTESIAN_POINT('Ctrl Pts',(-16.4879610169954,-2.97790045657544,20.));
#4654=CARTESIAN_POINT('Ctrl Pts',(-16.0223961272946,-5.55412772761879,17.5));
#4655=CARTESIAN_POINT('Ctrl Pts',(-14.9433472983696,-8.01746553078394,15.));
#4656=CARTESIAN_POINT('Ctrl Pts',(-13.3641351858894,-10.1054757612151,12.5));
#4657=CARTESIAN_POINT('Ctrl Pts',(-15.5863441023481,-3.15045501079212,20.));
#4658=CARTESIAN_POINT('Ctrl Pts',(-15.0941743691136,-5.5858252284445,17.5));
#4659=CARTESIAN_POINT('Ctrl Pts',(-14.0211291192246,-7.90176509676355,15.));
#4660=CARTESIAN_POINT('Ctrl Pts',(-12.4818171275421,-9.85209269375918,12.5));
#4661=CARTESIAN_POINT('Ctrl Pts',(-15.0764944026331,-3.1787538740842,20.));
#4662=CARTESIAN_POINT('Ctrl Pts',(-14.5796786735152,-5.53444549987984,17.5));
#4663=CARTESIAN_POINT('Ctrl Pts',(-13.521638736191,-7.76985880259081,15.));
#4664=CARTESIAN_POINT('Ctrl Pts',(-12.0141784097032,-9.64700351427608,12.5));
#4665=CARTESIAN_POINT('Ctrl Pts',(-14.8237534796011,-3.17900856902507,20.));
#4666=CARTESIAN_POINT('Ctrl Pts',(-14.3270025458802,-5.49520937838326,17.5));
#4667=CARTESIAN_POINT('Ctrl Pts',(-13.2781463472271,-7.69110670127376,15.));
#4668=CARTESIAN_POINT('Ctrl Pts',(-11.7885846511489,-9.53304959751154,12.5));
#4669=CARTESIAN_POINT('Ctrl Pts',(-14.7008333106558,-3.15264788575272,20.));
#4670=CARTESIAN_POINT('Ctrl Pts',(-14.2082320785071,-5.44965309054207,17.5));
#4671=CARTESIAN_POINT('Ctrl Pts',(-13.1680200117136,-7.62730795071786,15.));
#4672=CARTESIAN_POINT('Ctrl Pts',(-11.6908324307725,-9.45400051802556,12.5));
#4673=CARTESIAN_POINT('',(-19.9707111478521,-1.08198717601261,20.));
#4674=CARTESIAN_POINT('Ctrl Pts',(-19.9707111478521,-1.08198717601261,20.));
#4675=CARTESIAN_POINT('Ctrl Pts',(-19.9565843439339,-1.09308615243341,20.));
#4676=CARTESIAN_POINT('Ctrl Pts',(-19.9283090643279,-1.11522335197329,20.));
#4677=CARTESIAN_POINT('Ctrl Pts',(-19.8858311296438,-1.14824689136964,20.));
#4678=CARTESIAN_POINT('Ctrl Pts',(-19.8290638093539,-1.19191363637022,20.));
#4679=CARTESIAN_POINT('Ctrl Pts',(-19.757887799947,-1.24588840514627,20.));
#4680=CARTESIAN_POINT('Ctrl Pts',(-19.6864951525002,-1.29925294382109,20.));
#4681=CARTESIAN_POINT('Ctrl Pts',(-19.614886645005,-1.35200502759821,20.));
#4682=CARTESIAN_POINT('Ctrl Pts',(-19.543063846809,-1.40414177095503,20.));
#4683=CARTESIAN_POINT('Ctrl Pts',(-19.4710294413764,-1.45565959848792,20.));
#4684=CARTESIAN_POINT('Ctrl Pts',(-19.3987870264645,-1.50655438740631,20.));
#4685=CARTESIAN_POINT('Ctrl Pts',(-19.3263407699341,-1.55682165729582,20.));
#4686=CARTESIAN_POINT('Ctrl Pts',(-19.2536951044426,-1.6064567562005,20.));
#4687=CARTESIAN_POINT('Ctrl Pts',(-19.1808544344922,-1.65545503374208,20.));
#4688=CARTESIAN_POINT('Ctrl Pts',(-19.1078227737426,-1.70381207107563,20.));
#4689=CARTESIAN_POINT('Ctrl Pts',(-19.0346036982661,-1.75152369018575,20.));
#4690=CARTESIAN_POINT('Ctrl Pts',(-18.961200542173,-1.79858579731892,20.));
#4691=CARTESIAN_POINT('Ctrl Pts',(-18.8876165286964,-1.8449942744528,20.));
#4692=CARTESIAN_POINT('Ctrl Pts',(-18.8138549179671,-1.89074486581642,20.));
#4693=CARTESIAN_POINT('Ctrl Pts',(-18.7399191756673,-1.93583304694182,20.));
#4694=CARTESIAN_POINT('Ctrl Pts',(-18.6658130400464,-1.9802539912468,20.));
#4695=CARTESIAN_POINT('Ctrl Pts',(-18.5915404232639,-2.02400268799135,20.));
#4696=CARTESIAN_POINT('Ctrl Pts',(-18.5171053518823,-2.06707403321868,20.));
#4697=CARTESIAN_POINT('Ctrl Pts',(-18.4425118968526,-2.10946292548728,20.));
#4698=CARTESIAN_POINT('Ctrl Pts',(-18.36776410001,-2.15116439037181,20.));
#4699=CARTESIAN_POINT('Ctrl Pts',(-18.2928659327343,-2.1921736160257,20.));
#4700=CARTESIAN_POINT('Ctrl Pts',(-18.217821352751,-2.23248572795127,20.));
#4701=CARTESIAN_POINT('Ctrl Pts',(-18.1426343448333,-2.27209560933919,20.));
#4702=CARTESIAN_POINT('Ctrl Pts',(-18.0673089667436,-2.31099772094441,20.));
#4703=CARTESIAN_POINT('Ctrl Pts',(-17.9918493993518,-2.34918589578986,20.));
#4704=CARTESIAN_POINT('Ctrl Pts',(-17.9162599804201,-2.38665323880352,20.));
#4705=CARTESIAN_POINT('Ctrl Pts',(-17.8405451482982,-2.4233925406169,20.));
#4706=CARTESIAN_POINT('Ctrl Pts',(-17.7647093973311,-2.45939663785792,20.));
#4707=CARTESIAN_POINT('Ctrl Pts',(-17.6887572319414,-2.49465877865787,20.));
#4708=CARTESIAN_POINT('Ctrl Pts',(-17.6126931170314,-2.52917304027013,20.));
#4709=CARTESIAN_POINT('Ctrl Pts',(-17.536521445824,-2.56293459052787,20.));
#4710=CARTESIAN_POINT('Ctrl Pts',(-17.4602466456713,-2.59593867354422,20.));
#4711=CARTESIAN_POINT('Ctrl Pts',(-17.3838732734008,-2.62817970083326,20.));
#4712=CARTESIAN_POINT('Ctrl Pts',(-17.3074061115881,-2.65965034605023,20.));
#4713=CARTESIAN_POINT('Ctrl Pts',(-17.2308502747221,-2.69034055009401,20.));
#4714=CARTESIAN_POINT('Ctrl Pts',(-17.1542112857632,-2.72023682900129,20.));
#4715=CARTESIAN_POINT('Ctrl Pts',(-17.0774948561813,-2.74932451979767,20.));
#4716=CARTESIAN_POINT('Ctrl Pts',(-17.0007066849083,-2.77758985041387,20.));
#4717=CARTESIAN_POINT('Ctrl Pts',(-16.9238522617194,-2.80502197067869,20.));
#4718=CARTESIAN_POINT('Ctrl Pts',(-16.8469366434348,-2.83161527036857,20.));
#4719=CARTESIAN_POINT('Ctrl Pts',(-16.7699643154311,-2.85737083613319,20.));
#4720=CARTESIAN_POINT('Ctrl Pts',(-16.6929397398175,-2.88229092209454,20.));
#4721=CARTESIAN_POINT('Ctrl Pts',(-16.6158678603231,-2.90637386870258,20.));
#4722=CARTESIAN_POINT('Ctrl Pts',(-16.5387545862828,-2.92960924488182,20.));
#4723=CARTESIAN_POINT('Ctrl Pts',(-16.4616073765492,-2.95197197484597,20.));
#4724=CARTESIAN_POINT('Ctrl Pts',(-16.384435518934,-2.97341958960061,20.));
#4725=CARTESIAN_POINT('Ctrl Pts',(-16.3072488667935,-2.99390528547616,20.));
#4726=CARTESIAN_POINT('Ctrl Pts',(-16.2300567005717,-3.01338970605717,20.));
#4727=CARTESIAN_POINT('Ctrl Pts',(-16.1528666829349,-3.03185178418109,20.));
#4728=CARTESIAN_POINT('Ctrl Pts',(-16.0756834371383,-3.04930342258155,20.));
#4729=CARTESIAN_POINT('Ctrl Pts',(-15.9985083264192,-3.0657919637549,20.));
#4730=CARTESIAN_POINT('Ctrl Pts',(-15.9213426693901,-3.08136772573746,20.));
#4731=CARTESIAN_POINT('Ctrl Pts',(-15.8441905768973,-3.09605537835934,20.));
#4732=CARTESIAN_POINT('Ctrl Pts',(-15.7670614701187,-3.10982860812468,20.));
#4733=CARTESIAN_POINT('Ctrl Pts',(-15.6899738673184,-3.12257178946138,20.));
#4734=CARTESIAN_POINT('Ctrl Pts',(-15.6129547643716,-3.13408682871613,20.));
#4735=CARTESIAN_POINT('Ctrl Pts',(-15.5360322979217,-3.14416918352301,20.));
#4736=CARTESIAN_POINT('Ctrl Pts',(-15.4592292940954,-3.1526743472137,20.));
#4737=CARTESIAN_POINT('Ctrl Pts',(-15.3825579055778,-3.15957421757483,20.));
#4738=CARTESIAN_POINT('Ctrl Pts',(-15.3060102092177,-3.16505236989911,20.));
#4739=CARTESIAN_POINT('Ctrl Pts',(-15.2295654526893,-3.16943830528708,20.));
#4740=CARTESIAN_POINT('Ctrl Pts',(-15.1532100516781,-3.17301767943505,20.));
#4741=CARTESIAN_POINT('Ctrl Pts',(-15.0769551165339,-3.17586759985902,20.));
#4742=CARTESIAN_POINT('Ctrl Pts',(-15.0008524090268,-3.17770459858144,20.));
#4743=CARTESIAN_POINT('Ctrl Pts',(-14.9250177172905,-3.17766727106442,20.));
#4744=CARTESIAN_POINT('Ctrl Pts',(-14.8496065460546,-3.17452215602055,20.));
#4745=CARTESIAN_POINT('Ctrl Pts',(-14.7897412850199,-3.16850560178039,20.));
#4746=CARTESIAN_POINT('Ctrl Pts',(-14.7451582910295,-3.1615700919633,20.));
#4747=CARTESIAN_POINT('Ctrl Pts',(-14.7155837309293,-3.1558111677454,20.));
#4748=CARTESIAN_POINT('Ctrl Pts',(-14.7008333106558,-3.15264788575272,20.));
#4749=CARTESIAN_POINT('',(-17.3277334766819,-9.98747478400208,12.5));
#4750=CARTESIAN_POINT('Ctrl Pts',(-19.9707111478521,-1.08198717601254,20.));
#4751=CARTESIAN_POINT('Ctrl Pts',(-19.8016506516002,-4.20241079286358,17.5));
#4752=CARTESIAN_POINT('Ctrl Pts',(-18.8882764116818,-7.28001642827121,15.));
#4753=CARTESIAN_POINT('Ctrl Pts',(-17.3277334766819,-9.98747478400202,12.5));
#4754=CARTESIAN_POINT('Ctrl Pts',(-17.3277334766819,-9.98747478400208,12.5));
#4755=CARTESIAN_POINT('Ctrl Pts',(-17.3101162779324,-9.99099446790194,12.5));
#4756=CARTESIAN_POINT('Ctrl Pts',(-17.274889992926,-9.99796984494663,12.5));
#4757=CARTESIAN_POINT('Ctrl Pts',(-17.222074902928,-10.0082409382564,12.5));
#4758=CARTESIAN_POINT('Ctrl Pts',(-17.1517034738304,-10.021551657193,12.5));
#4759=CARTESIAN_POINT('Ctrl Pts',(-17.0638206965387,-10.0375490768291,12.5));
#4760=CARTESIAN_POINT('Ctrl Pts',(-16.9760203337018,-10.0529042187413,12.5));
#4761=CARTESIAN_POINT('Ctrl Pts',(-16.8883040844917,-10.0676154495883,12.5));
#4762=CARTESIAN_POINT('Ctrl Pts',(-16.8006746525731,-10.0816809040845,12.5));
#4763=CARTESIAN_POINT('Ctrl Pts',(-16.7131360472202,-10.0950986048045,12.5));
#4764=CARTESIAN_POINT('Ctrl Pts',(-16.6256933406727,-10.1078664990319,12.5));
#4765=CARTESIAN_POINT('Ctrl Pts',(-16.5383522753431,-10.1199824725587,12.5));
#4766=CARTESIAN_POINT('Ctrl Pts',(-16.4511189073754,-10.1314443777664,12.5));
#4767=CARTESIAN_POINT('Ctrl Pts',(-16.3639992670827,-10.1422500557243,12.5));
#4768=CARTESIAN_POINT('Ctrl Pts',(-16.276998931494,-10.1523973774887,12.5));
#4769=CARTESIAN_POINT('Ctrl Pts',(-16.1901229784523,-10.161884231279,12.5));
#4770=CARTESIAN_POINT('Ctrl Pts',(-16.1033762318708,-10.1707084711754,12.5));
#4771=CARTESIAN_POINT('Ctrl Pts',(-16.0167634277091,-10.1788678795163,12.5));
#4772=CARTESIAN_POINT('Ctrl Pts',(-15.930289397076,-10.186360132419,12.5));
#4773=CARTESIAN_POINT('Ctrl Pts',(-15.8439592758487,-10.1931827591495,12.5));
#4774=CARTESIAN_POINT('Ctrl Pts',(-15.7577785795577,-10.1993331425857,12.5));
#4775=CARTESIAN_POINT('Ctrl Pts',(-15.6717530620818,-10.2048085798795,12.5));
#4776=CARTESIAN_POINT('Ctrl Pts',(-15.585888621475,-10.2096063367053,12.5));
#4777=CARTESIAN_POINT('Ctrl Pts',(-15.5001911942557,-10.2137237010345,12.5));
#4778=CARTESIAN_POINT('Ctrl Pts',(-15.4146666335847,-10.2171580610006,12.5));
#4779=CARTESIAN_POINT('Ctrl Pts',(-15.3293206563188,-10.2199069179492,12.5));
#4780=CARTESIAN_POINT('Ctrl Pts',(-15.2441589954374,-10.2219677111642,12.5));
#4781=CARTESIAN_POINT('Ctrl Pts',(-15.1591875175192,-10.2233376759742,12.5));
#4782=CARTESIAN_POINT('Ctrl Pts',(-15.0744123451038,-10.2240137038136,12.5));
#4783=CARTESIAN_POINT('Ctrl Pts',(-14.9898399941504,-10.2239921817118,12.5));
#4784=CARTESIAN_POINT('Ctrl Pts',(-14.9054774495197,-10.2232689180201,12.5));
#4785=CARTESIAN_POINT('Ctrl Pts',(-14.8213319278,-10.2218394861375,12.5));
#4786=CARTESIAN_POINT('Ctrl Pts',(-14.7374106747552,-10.2196995257955,12.5));
#4787=CARTESIAN_POINT('Ctrl Pts',(-14.653720759234,-10.2168450483938,12.5));
#4788=CARTESIAN_POINT('Ctrl Pts',(-14.5702688402542,-10.2132727871663,12.5));
#4789=CARTESIAN_POINT('Ctrl Pts',(-14.4870610201932,-10.2089804159068,12.5));
#4790=CARTESIAN_POINT('Ctrl Pts',(-14.4041033974149,-10.2039656918797,12.5));
#4791=CARTESIAN_POINT('Ctrl Pts',(-14.3214025619374,-10.198225688053,12.5));
#4792=CARTESIAN_POINT('Ctrl Pts',(-14.2389660902909,-10.191756028979,12.5));
#4793=CARTESIAN_POINT('Ctrl Pts',(-14.1568030896982,-10.1845500511747,12.5));
#4794=CARTESIAN_POINT('Ctrl Pts',(-14.0749245790485,-10.176598220258,12.5));
#4795=CARTESIAN_POINT('Ctrl Pts',(-13.99334227805,-10.1678900351744,12.5));
#4796=CARTESIAN_POINT('Ctrl Pts',(-13.9120674927399,-10.1584157840117,12.5));
#4797=CARTESIAN_POINT('Ctrl Pts',(-13.8311100225295,-10.1481682670903,12.5));
#4798=CARTESIAN_POINT('Ctrl Pts',(-13.7504769133174,-10.1371447638679,12.5));
#4799=CARTESIAN_POINT('Ctrl Pts',(-13.670171675742,-10.1253482701464,12.5));
#4800=CARTESIAN_POINT('Ctrl Pts',(-13.5901972722532,-10.1127828127577,12.5));
#4801=CARTESIAN_POINT('Ctrl Pts',(-13.5105588630557,-10.099449144597,12.5));
#4802=CARTESIAN_POINT('Ctrl Pts',(-13.4312664325287,-10.0853406294193,12.5));
#4803=CARTESIAN_POINT('Ctrl Pts',(-13.3523379634908,-10.0704382659673,12.5));
#4804=CARTESIAN_POINT('Ctrl Pts',(-13.2738009281918,-10.0547083621884,12.5));
#4805=CARTESIAN_POINT('Ctrl Pts',(-13.1956852617057,-10.0381136144169,12.5));
#4806=CARTESIAN_POINT('Ctrl Pts',(-13.118017023535,-10.0206231041083,12.5));
#4807=CARTESIAN_POINT('Ctrl Pts',(-13.0408125673457,-10.0022214983107,12.5));
#4808=CARTESIAN_POINT('Ctrl Pts',(-12.9640706403839,-9.98292150450894,12.5));
#4809=CARTESIAN_POINT('Ctrl Pts',(-12.8877710708504,-9.96276597441099,12.5));
#4810=CARTESIAN_POINT('Ctrl Pts',(-12.8118923028704,-9.94180039414427,12.5));
#4811=CARTESIAN_POINT('Ctrl Pts',(-12.7364268587432,-9.92004862965871,12.5));
#4812=CARTESIAN_POINT('Ctrl Pts',(-12.6613950311057,-9.89749146201733,12.5));
#4813=CARTESIAN_POINT('Ctrl Pts',(-12.5868655770601,-9.8740341037741,12.5));
#4814=CARTESIAN_POINT('Ctrl Pts',(-12.5129520735978,-9.84951202487152,12.5));
#4815=CARTESIAN_POINT('Ctrl Pts',(-12.4397720287723,-9.82375545750492,12.5));
#4816=CARTESIAN_POINT('Ctrl Pts',(-12.3674110905303,-9.7966457945984,12.5));
#4817=CARTESIAN_POINT('Ctrl Pts',(-12.2958927964704,-9.76816345545695,12.5));
#4818=CARTESIAN_POINT('Ctrl Pts',(-12.2251271440021,-9.73846863433182,12.5));
#4819=CARTESIAN_POINT('Ctrl Pts',(-12.154946760079,-9.70784591495002,12.5));
#4820=CARTESIAN_POINT('Ctrl Pts',(-12.0852104745825,-9.67654400337891,12.5));
#4821=CARTESIAN_POINT('Ctrl Pts',(-12.0158933644537,-9.64463670917107,12.5));
#4822=CARTESIAN_POINT('Ctrl Pts',(-11.9471696708575,-9.61189452548202,12.5));
#4823=CARTESIAN_POINT('Ctrl Pts',(-11.8795318502858,-9.57760127407037,12.5));
#4824=CARTESIAN_POINT('Ctrl Pts',(-11.8136758763689,-9.54072679515521,12.5));
#4825=CARTESIAN_POINT('Ctrl Pts',(-11.7629861671408,-9.50831380729463,12.5));
#4826=CARTESIAN_POINT('Ctrl Pts',(-11.7263454412589,-9.48198508046598,12.5));
#4827=CARTESIAN_POINT('Ctrl Pts',(-11.7025626972177,-9.46348640756388,12.5));
#4828=CARTESIAN_POINT('Ctrl Pts',(-11.6908324307725,-9.45400051802556,12.5));
#4829=CARTESIAN_POINT('Ctrl Pts',(-19.9707111478521,1.08198717601262,20.));
#4830=CARTESIAN_POINT('Ctrl Pts',(-20.139771644104,-2.03843644083842,17.5));
#4831=CARTESIAN_POINT('Ctrl Pts',(-19.5642491570901,-5.19670856593793,15.));
#4832=CARTESIAN_POINT('Ctrl Pts',(-18.3053553539664,-8.05692033999439,12.5));
#4833=CARTESIAN_POINT('Ctrl Pts',(-20.0097534164025,0.36136692739808,20.));
#4834=CARTESIAN_POINT('Ctrl Pts',(-20.0662170097305,-2.76515832255427,17.5));
#4835=CARTESIAN_POINT('Ctrl Pts',(-19.3767324457678,-5.90266095329503,15.));
#4836=CARTESIAN_POINT('Ctrl Pts',(-18.0146306073367,-8.71744813134305,12.5));
#4837=CARTESIAN_POINT('Ctrl Pts',(-20.0097534164025,-0.361366927398007,
20.));
#4838=CARTESIAN_POINT('Ctrl Pts',(-19.9532898230744,-3.48789217735037,17.5));
#4839=CARTESIAN_POINT('Ctrl Pts',(-19.1509680574805,-6.59845346211912,15.));
#4840=CARTESIAN_POINT('Ctrl Pts',(-17.6881200702587,-9.36222335888009,12.5));
#4841=CARTESIAN_POINT('Ctrl Pts',(-19.9707111478521,-1.08198717601254,20.));
#4842=CARTESIAN_POINT('Ctrl Pts',(-19.8016506516002,-4.20241079286358,17.5));
#4843=CARTESIAN_POINT('Ctrl Pts',(-18.8882764116818,-7.28001642827121,15.));
#4844=CARTESIAN_POINT('Ctrl Pts',(-17.3277334766819,-9.98747478400202,12.5));
#4845=CARTESIAN_POINT('',(-19.9707111478521,1.08198717601262,20.));
#4846=CARTESIAN_POINT('Origin',(0.,0.,20.));
#4847=CARTESIAN_POINT('',(-18.3053553539664,-8.05692033999439,12.5));
#4848=CARTESIAN_POINT('Ctrl Pts',(-19.9707111478521,1.08198717601262,20.));
#4849=CARTESIAN_POINT('Ctrl Pts',(-20.139771644104,-2.03843644083842,17.5));
#4850=CARTESIAN_POINT('Ctrl Pts',(-19.5642491570901,-5.19670856593793,15.));
#4851=CARTESIAN_POINT('Ctrl Pts',(-18.3053553539664,-8.05692033999439,12.5));
#4852=CARTESIAN_POINT('Origin',(0.,0.,12.5));
#4853=CARTESIAN_POINT('Ctrl Pts',(-14.7008333106558,3.15264788575273,20.));
#4854=CARTESIAN_POINT('Ctrl Pts',(-15.1934345428046,0.85564268096338,17.5));
#4855=CARTESIAN_POINT('Ctrl Pts',(-15.1376404414969,-1.55705474146849,15.));
#4856=CARTESIAN_POINT('Ctrl Pts',(-14.5393851796551,-3.82883367578897,12.5));
#4857=CARTESIAN_POINT('Ctrl Pts',(-14.823753479601,3.17900856902503,20.));
#4858=CARTESIAN_POINT('Ctrl Pts',(-15.3205044133219,0.862807759666843,17.5));
#4859=CARTESIAN_POINT('Ctrl Pts',(-15.2641806091237,-1.57006955068219,15.));
#4860=CARTESIAN_POINT('Ctrl Pts',(-14.6609554093744,-3.86084824750377,12.5));
#4861=CARTESIAN_POINT('Ctrl Pts',(-15.0764943917959,3.17875401896501,20.));
#4862=CARTESIAN_POINT('Ctrl Pts',(-15.5733101209138,0.823062393169377,17.5));
#4863=CARTESIAN_POINT('Ctrl Pts',(-15.5073273137413,-1.64921741630605,15.));
#4864=CARTESIAN_POINT('Ctrl Pts',(-14.886319095897,-3.97525647399887,12.5));
#4865=CARTESIAN_POINT('Ctrl Pts',(-15.5863440958092,3.15045517958517,20.));
#4866=CARTESIAN_POINT('Ctrl Pts',(-16.0785138290436,0.715084961932784,17.5));
#4867=CARTESIAN_POINT('Ctrl Pts',(-15.9895381721801,-1.83581428707475,15.));
#4868=CARTESIAN_POINT('Ctrl Pts',(-15.3283885901515,-4.23083837328424,12.5));
#4869=CARTESIAN_POINT('Ctrl Pts',(-16.4879609796512,2.97790105603827,20.));
#4870=CARTESIAN_POINT('Ctrl Pts',(-16.9535258693521,0.401673784994919,17.5));
#4871=CARTESIAN_POINT('Ctrl Pts',(-16.8033162236302,-2.28343640717894,15.));
#4872=CARTESIAN_POINT('Ctrl Pts',(-16.0547963658385,-4.79210450820012,12.5));
#4873=CARTESIAN_POINT('Ctrl Pts',(-18.0296125341671,2.41434141420419,20.));
#4874=CARTESIAN_POINT('Ctrl Pts',(-18.4067862921468,-0.402784918308534,
17.5));
#4875=CARTESIAN_POINT('Ctrl Pts',(-18.1117633902454,-3.30769956733502,15.));
#4876=CARTESIAN_POINT('Ctrl Pts',(-17.1755555016391,-5.99134924759443,12.5));
#4877=CARTESIAN_POINT('Ctrl Pts',(-19.2643709519409,1.63693599705224,20.));
#4878=CARTESIAN_POINT('Ctrl Pts',(-19.5200452019646,-1.37317407534206,17.5));
#4879=CARTESIAN_POINT('Ctrl Pts',(-19.0577017497106,-4.44180047909758,15.));
#4880=CARTESIAN_POINT('Ctrl Pts',(-17.92591550746,-7.24272744564047,12.5));
#4881=CARTESIAN_POINT('Ctrl Pts',(-19.9707111478521,1.08198717601262,20.));
#4882=CARTESIAN_POINT('Ctrl Pts',(-20.139771644104,-2.03843644083842,17.5));
#4883=CARTESIAN_POINT('Ctrl Pts',(-19.5642491570901,-5.19670856593793,15.));
#4884=CARTESIAN_POINT('Ctrl Pts',(-18.3053553539664,-8.05692033999439,12.5));
#4885=CARTESIAN_POINT('',(-14.7008333106558,3.15264788575273,20.));
#4886=CARTESIAN_POINT('Ctrl Pts',(-14.7008333106558,3.15264788575273,20.));
#4887=CARTESIAN_POINT('Ctrl Pts',(-14.7155837309293,3.1558111677454,20.));
#4888=CARTESIAN_POINT('Ctrl Pts',(-14.7451582910295,3.1615700919633,20.));
#4889=CARTESIAN_POINT('Ctrl Pts',(-14.7897412850199,3.16850560178039,20.));
#4890=CARTESIAN_POINT('Ctrl Pts',(-14.8496065460546,3.17452215602056,20.));
#4891=CARTESIAN_POINT('Ctrl Pts',(-14.9250177172905,3.17766727106442,20.));
#4892=CARTESIAN_POINT('Ctrl Pts',(-15.0008524090268,3.17770459858144,20.));
#4893=CARTESIAN_POINT('Ctrl Pts',(-15.0769551165339,3.17586759985903,20.));
#4894=CARTESIAN_POINT('Ctrl Pts',(-15.1532100516781,3.17301767943506,20.));
#4895=CARTESIAN_POINT('Ctrl Pts',(-15.2295654526893,3.16943830528709,20.));
#4896=CARTESIAN_POINT('Ctrl Pts',(-15.3060102092177,3.16505236989911,20.));
#4897=CARTESIAN_POINT('Ctrl Pts',(-15.3825579055778,3.15957421757484,20.));
#4898=CARTESIAN_POINT('Ctrl Pts',(-15.4592292940954,3.1526743472137,20.));
#4899=CARTESIAN_POINT('Ctrl Pts',(-15.5360322979217,3.14416918352302,20.));
#4900=CARTESIAN_POINT('Ctrl Pts',(-15.6129547643716,3.13408682871613,20.));
#4901=CARTESIAN_POINT('Ctrl Pts',(-15.6899738673184,3.12257178946139,20.));
#4902=CARTESIAN_POINT('Ctrl Pts',(-15.7670614701187,3.10982860812469,20.));
#4903=CARTESIAN_POINT('Ctrl Pts',(-15.8441905768973,3.09605537835934,20.));
#4904=CARTESIAN_POINT('Ctrl Pts',(-15.9213426693901,3.08136772573746,20.));
#4905=CARTESIAN_POINT('Ctrl Pts',(-15.9985083264192,3.06579196375491,20.));
#4906=CARTESIAN_POINT('Ctrl Pts',(-16.0756834371383,3.04930342258155,20.));
#4907=CARTESIAN_POINT('Ctrl Pts',(-16.1528666829349,3.03185178418109,20.));
#4908=CARTESIAN_POINT('Ctrl Pts',(-16.2300567005717,3.01338970605717,20.));
#4909=CARTESIAN_POINT('Ctrl Pts',(-16.3072488667935,2.99390528547616,20.));
#4910=CARTESIAN_POINT('Ctrl Pts',(-16.384435518934,2.97341958960062,20.));
#4911=CARTESIAN_POINT('Ctrl Pts',(-16.4616073765493,2.95197197484597,20.));
#4912=CARTESIAN_POINT('Ctrl Pts',(-16.5387545862828,2.92960924488182,20.));
#4913=CARTESIAN_POINT('Ctrl Pts',(-16.6158678603231,2.90637386870258,20.));
#4914=CARTESIAN_POINT('Ctrl Pts',(-16.6929397398175,2.88229092209455,20.));
#4915=CARTESIAN_POINT('Ctrl Pts',(-16.7699643154311,2.8573708361332,20.));
#4916=CARTESIAN_POINT('Ctrl Pts',(-16.8469366434348,2.83161527036857,20.));
#4917=CARTESIAN_POINT('Ctrl Pts',(-16.9238522617194,2.8050219706787,20.));
#4918=CARTESIAN_POINT('Ctrl Pts',(-17.0007066849083,2.77758985041388,20.));
#4919=CARTESIAN_POINT('Ctrl Pts',(-17.0774948561813,2.74932451979768,20.));
#4920=CARTESIAN_POINT('Ctrl Pts',(-17.1542112857632,2.7202368290013,20.));
#4921=CARTESIAN_POINT('Ctrl Pts',(-17.2308502747221,2.69034055009402,20.));
#4922=CARTESIAN_POINT('Ctrl Pts',(-17.3074061115881,2.65965034605023,20.));
#4923=CARTESIAN_POINT('Ctrl Pts',(-17.3838732734008,2.62817970083326,20.));
#4924=CARTESIAN_POINT('Ctrl Pts',(-17.4602466456713,2.59593867354423,20.));
#4925=CARTESIAN_POINT('Ctrl Pts',(-17.536521445824,2.56293459052787,20.));
#4926=CARTESIAN_POINT('Ctrl Pts',(-17.6126931170314,2.52917304027013,20.));
#4927=CARTESIAN_POINT('Ctrl Pts',(-17.6887572319414,2.49465877865788,20.));
#4928=CARTESIAN_POINT('Ctrl Pts',(-17.7647093973311,2.45939663785793,20.));
#4929=CARTESIAN_POINT('Ctrl Pts',(-17.8405451482982,2.4233925406169,20.));
#4930=CARTESIAN_POINT('Ctrl Pts',(-17.9162599804201,2.38665323880353,20.));
#4931=CARTESIAN_POINT('Ctrl Pts',(-17.9918493993518,2.34918589578986,20.));
#4932=CARTESIAN_POINT('Ctrl Pts',(-18.0673089667436,2.31099772094441,20.));
#4933=CARTESIAN_POINT('Ctrl Pts',(-18.1426343448333,2.2720956093392,20.));
#4934=CARTESIAN_POINT('Ctrl Pts',(-18.217821352751,2.23248572795127,20.));
#4935=CARTESIAN_POINT('Ctrl Pts',(-18.2928659327343,2.1921736160257,20.));
#4936=CARTESIAN_POINT('Ctrl Pts',(-18.36776410001,2.15116439037182,20.));
#4937=CARTESIAN_POINT('Ctrl Pts',(-18.4425118968526,2.10946292548729,20.));
#4938=CARTESIAN_POINT('Ctrl Pts',(-18.5171053518823,2.06707403321868,20.));
#4939=CARTESIAN_POINT('Ctrl Pts',(-18.5915404232639,2.02400268799135,20.));
#4940=CARTESIAN_POINT('Ctrl Pts',(-18.6658130400464,1.9802539912468,20.));
#4941=CARTESIAN_POINT('Ctrl Pts',(-18.7399191756673,1.93583304694183,20.));
#4942=CARTESIAN_POINT('Ctrl Pts',(-18.8138549179671,1.89074486581643,20.));
#4943=CARTESIAN_POINT('Ctrl Pts',(-18.8876165286964,1.84499427445281,20.));
#4944=CARTESIAN_POINT('Ctrl Pts',(-18.961200542173,1.79858579731892,20.));
#4945=CARTESIAN_POINT('Ctrl Pts',(-19.0346036982661,1.75152369018576,20.));
#4946=CARTESIAN_POINT('Ctrl Pts',(-19.1078227737426,1.70381207107564,20.));
#4947=CARTESIAN_POINT('Ctrl Pts',(-19.1808544344922,1.65545503374209,20.));
#4948=CARTESIAN_POINT('Ctrl Pts',(-19.2536951044426,1.60645675620051,20.));
#4949=CARTESIAN_POINT('Ctrl Pts',(-19.3263407699341,1.55682165729583,20.));
#4950=CARTESIAN_POINT('Ctrl Pts',(-19.3987870264645,1.50655438740632,20.));
#4951=CARTESIAN_POINT('Ctrl Pts',(-19.4710294413764,1.45565959848793,20.));
#4952=CARTESIAN_POINT('Ctrl Pts',(-19.543063846809,1.40414177095503,20.));
#4953=CARTESIAN_POINT('Ctrl Pts',(-19.614886645005,1.35200502759822,20.));
#4954=CARTESIAN_POINT('Ctrl Pts',(-19.6864951525002,1.29925294382109,20.));
#4955=CARTESIAN_POINT('Ctrl Pts',(-19.757887799947,1.24588840514628,20.));
#4956=CARTESIAN_POINT('Ctrl Pts',(-19.8290638093539,1.19191363637022,20.));
#4957=CARTESIAN_POINT('Ctrl Pts',(-19.8858311296438,1.14824689136965,20.));
#4958=CARTESIAN_POINT('Ctrl Pts',(-19.9283090643279,1.11522335197329,20.));
#4959=CARTESIAN_POINT('Ctrl Pts',(-19.9565843439339,1.09308615243341,20.));
#4960=CARTESIAN_POINT('Ctrl Pts',(-19.9707111478521,1.08198717601262,20.));
#4961=CARTESIAN_POINT('',(-14.5393851796551,-3.82883367578897,12.5));
#4962=CARTESIAN_POINT('Ctrl Pts',(-14.7008333106558,3.15264788575273,20.));
#4963=CARTESIAN_POINT('Ctrl Pts',(-15.1934345428046,0.85564268096338,17.5));
#4964=CARTESIAN_POINT('Ctrl Pts',(-15.1376404414969,-1.55705474146849,15.));
#4965=CARTESIAN_POINT('Ctrl Pts',(-14.5393851796551,-3.82883367578897,12.5));
#4966=CARTESIAN_POINT('Ctrl Pts',(-14.5393851796551,-3.82883367578897,12.5));
#4967=CARTESIAN_POINT('Ctrl Pts',(-14.5539736072214,-3.83267542439475,12.5));
#4968=CARTESIAN_POINT('Ctrl Pts',(-14.5829597865989,-3.84089863656307,12.5));
#4969=CARTESIAN_POINT('Ctrl Pts',(-14.625867043432,-3.85485255933149,12.5));
#4970=CARTESIAN_POINT('Ctrl Pts',(-14.6819929677849,-3.87653040560863,12.5));
#4971=CARTESIAN_POINT('Ctrl Pts',(-14.7506906882045,-3.90779315828575,12.5));
#4972=CARTESIAN_POINT('Ctrl Pts',(-14.8183622357909,-3.94201980742572,12.5));
#4973=CARTESIAN_POINT('Ctrl Pts',(-14.8854261221551,-3.97803968804669,12.5));
#4974=CARTESIAN_POINT('Ctrl Pts',(-14.9521682067967,-4.015032002356,12.5));
#4975=CARTESIAN_POINT('Ctrl Pts',(-15.0186703740416,-4.0527204745272,12.5));
#4976=CARTESIAN_POINT('Ctrl Pts',(-15.0848878769965,-4.09116887543472,12.5));
#4977=CARTESIAN_POINT('Ctrl Pts',(-15.1507037835916,-4.13063818515736,12.5));
#4978=CARTESIAN_POINT('Ctrl Pts',(-15.2159877484793,-4.17143173803967,12.5));
#4979=CARTESIAN_POINT('Ctrl Pts',(-15.2806639060896,-4.21371688724037,12.5));
#4980=CARTESIAN_POINT('Ctrl Pts',(-15.3447341103807,-4.25746307159137,12.5));
#4981=CARTESIAN_POINT('Ctrl Pts',(-15.4082432813862,-4.30253105963134,12.5));
#4982=CARTESIAN_POINT('Ctrl Pts',(-15.4712587238638,-4.3487256608898,12.5));
#4983=CARTESIAN_POINT('Ctrl Pts',(-15.5338458469447,-4.39585795337675,12.5));
#4984=CARTESIAN_POINT('Ctrl Pts',(-15.5960403661965,-4.44381641759947,12.5));
#4985=CARTESIAN_POINT('Ctrl Pts',(-15.6578457643556,-4.4925733221821,12.5));
#4986=CARTESIAN_POINT('Ctrl Pts',(-15.7192472288718,-4.54214881874835,12.5));
#4987=CARTESIAN_POINT('Ctrl Pts',(-15.7802208511134,-4.59258720200259,12.5));
#4988=CARTESIAN_POINT('Ctrl Pts',(-15.840744026901,-4.6439300919095,12.5));
#4989=CARTESIAN_POINT('Ctrl Pts',(-15.9008072543576,-4.69618601864409,12.5));
#4990=CARTESIAN_POINT('Ctrl Pts',(-15.9604132149032,-4.74933272570669,12.5));
#4991=CARTESIAN_POINT('Ctrl Pts',(-16.0195714092469,-4.80333090927293,12.5));
#4992=CARTESIAN_POINT('Ctrl Pts',(-16.0782941914399,-4.8581343627466,12.5));
#4993=CARTESIAN_POINT('Ctrl Pts',(-16.1365924617925,-4.91370100213826,12.5));
#4994=CARTESIAN_POINT('Ctrl Pts',(-16.1944708945361,-4.97000508679715,12.5));
#4995=CARTESIAN_POINT('Ctrl Pts',(-16.251928930216,-5.02703464114038,12.5));
#4996=CARTESIAN_POINT('Ctrl Pts',(-16.3089629081022,-5.08478595119162,12.5));
#4997=CARTESIAN_POINT('Ctrl Pts',(-16.3655678290489,-5.14325901207546,12.5));
#4998=CARTESIAN_POINT('Ctrl Pts',(-16.4217392005829,-5.20245276686347,12.5));
#4999=CARTESIAN_POINT('Ctrl Pts',(-16.4774750458837,-5.2623599259591,12.5));
#5000=CARTESIAN_POINT('Ctrl Pts',(-16.5327753691355,-5.32296832943512,12.5));
#5001=CARTESIAN_POINT('Ctrl Pts',(-16.587641307957,-5.38426311614956,12.5));
#5002=CARTESIAN_POINT('Ctrl Pts',(-16.6420743912672,-5.44622862448969,12.5));
#5003=CARTESIAN_POINT('Ctrl Pts',(-16.6960757835168,-5.50885032984148,12.5));
#5004=CARTESIAN_POINT('Ctrl Pts',(-16.7496454663128,-5.57211694756163,12.5));
#5005=CARTESIAN_POINT('Ctrl Pts',(-16.802782482792,-5.63601978093994,12.5));
#5006=CARTESIAN_POINT('Ctrl Pts',(-16.8554852923735,-5.70055178565512,12.5));
#5007=CARTESIAN_POINT('Ctrl Pts',(-16.9077520938412,-5.76570671866877,12.5));
#5008=CARTESIAN_POINT('Ctrl Pts',(-16.9595811508882,-5.83147828430932,12.5));
#5009=CARTESIAN_POINT('Ctrl Pts',(-17.0109711559523,-5.89785918157937,12.5));
#5010=CARTESIAN_POINT('Ctrl Pts',(-17.0619211407884,-5.96484135193976,12.5));
#5011=CARTESIAN_POINT('Ctrl Pts',(-17.1124303320469,-6.03241637428798,12.5));
#5012=CARTESIAN_POINT('Ctrl Pts',(-17.1624980271132,-6.10057581178364,12.5));
#5013=CARTESIAN_POINT('Ctrl Pts',(-17.2121234711206,-6.16931155342341,12.5));
#5014=CARTESIAN_POINT('Ctrl Pts',(-17.2613057202383,-6.23861620864154,12.5));
#5015=CARTESIAN_POINT('Ctrl Pts',(-17.3100436568727,-6.3084830025095,12.5));
#5016=CARTESIAN_POINT('Ctrl Pts',(-17.3583360377018,-6.37890556994245,12.5));
#5017=CARTESIAN_POINT('Ctrl Pts',(-17.4061815340643,-6.44987777424927,12.5));
#5018=CARTESIAN_POINT('Ctrl Pts',(-17.4535787768135,-6.52139352846335,12.5));
#5019=CARTESIAN_POINT('Ctrl Pts',(-17.5005264073953,-6.59344656874635,12.5));
#5020=CARTESIAN_POINT('Ctrl Pts',(-17.547023098663,-6.6660305047909,12.5));
#5021=CARTESIAN_POINT('Ctrl Pts',(-17.5930675642066,-6.7391389640991,12.5));
#5022=CARTESIAN_POINT('Ctrl Pts',(-17.638658577566,-6.81276570901883,12.5));
#5023=CARTESIAN_POINT('Ctrl Pts',(-17.6837949842352,-6.88690474475903,12.5));
#5024=CARTESIAN_POINT('Ctrl Pts',(-17.728475736388,-6.96155046919309,12.5));
#5025=CARTESIAN_POINT('Ctrl Pts',(-17.7726998481874,-7.03669761277008,12.5));
#5026=CARTESIAN_POINT('Ctrl Pts',(-17.8164663044839,-7.11234104549885,12.5));
#5027=CARTESIAN_POINT('Ctrl Pts',(-17.8597739802462,-7.18847560894799,12.5));
#5028=CARTESIAN_POINT('Ctrl Pts',(-17.9026215726479,-7.2650959602017,12.5));
#5029=CARTESIAN_POINT('Ctrl Pts',(-17.945007497276,-7.34219634380255,12.5));
#5030=CARTESIAN_POINT('Ctrl Pts',(-17.986929925634,-7.41977062116298,12.5));
#5031=CARTESIAN_POINT('Ctrl Pts',(-18.0283870048196,-7.4978126395681,12.5));
#5032=CARTESIAN_POINT('Ctrl Pts',(-18.0693770406674,-7.57631651896869,12.5));
#5033=CARTESIAN_POINT('Ctrl Pts',(-18.1098986860558,-7.65527695592019,12.5));
#5034=CARTESIAN_POINT('Ctrl Pts',(-18.1499511622414,-7.73468954837203,12.5));
#5035=CARTESIAN_POINT('Ctrl Pts',(-18.1895343727531,-7.81455101306572,12.5));
#5036=CARTESIAN_POINT('Ctrl Pts',(-18.2286486286181,-7.89485901371104,12.5));
#5037=CARTESIAN_POINT('Ctrl Pts',(-18.2595652784273,-7.95946144428774,12.5));
#5038=CARTESIAN_POINT('Ctrl Pts',(-18.2825421824515,-8.00811317571372,12.5));
#5039=CARTESIAN_POINT('Ctrl Pts',(-18.2977665570362,-8.04063648210731,12.5));
#5040=CARTESIAN_POINT('Ctrl Pts',(-18.3053553539664,-8.05692033999439,12.5));
#5041=CARTESIAN_POINT('Ctrl Pts',(-12.9276554160278,2.77238335091779,20.));
#5042=CARTESIAN_POINT('Ctrl Pts',(-13.3608403146086,0.752437192163997,17.5));
#5043=CARTESIAN_POINT('Ctrl Pts',(-13.3117759588194,-1.36924667712588,15.));
#5044=CARTESIAN_POINT('Ctrl Pts',(-12.7856807564263,-3.36700929531694,12.5));
#5045=CARTESIAN_POINT('Ctrl Pts',(-13.5187147142372,2.89913819586277,20.));
#5046=CARTESIAN_POINT('Ctrl Pts',(-13.9717050573406,0.786839021763792,17.5));
#5047=CARTESIAN_POINT('Ctrl Pts',(-13.9203974530453,-1.43184936524008,15.));
#5048=CARTESIAN_POINT('Ctrl Pts',(-13.3702488975025,-3.52095075547428,12.5));
#5049=CARTESIAN_POINT('Ctrl Pts',(-14.1097740124465,3.02589304080775,20.));
#5050=CARTESIAN_POINT('Ctrl Pts',(-14.5825698000726,0.821240851363586,17.5));
#5051=CARTESIAN_POINT('Ctrl Pts',(-14.5290189472711,-1.49445205335428,15.));
#5052=CARTESIAN_POINT('Ctrl Pts',(-13.9548170385788,-3.67489221563163,12.5));
#5053=CARTESIAN_POINT('Ctrl Pts',(-14.7008333106558,3.15264788575273,20.));
#5054=CARTESIAN_POINT('Ctrl Pts',(-15.1934345428046,0.85564268096338,17.5));
#5055=CARTESIAN_POINT('Ctrl Pts',(-15.1376404414969,-1.55705474146849,15.));
#5056=CARTESIAN_POINT('Ctrl Pts',(-14.5393851796551,-3.82883367578897,12.5));
#5057=CARTESIAN_POINT('',(-12.9276554160278,2.77238335091779,20.));
#5058=CARTESIAN_POINT('',(-12.9276554160278,2.77238335091779,20.));
#5059=CARTESIAN_POINT('',(-12.7856807564263,-3.36700929531694,12.5));
#5060=CARTESIAN_POINT('Ctrl Pts',(-12.9276554160278,2.77238335091779,20.));
#5061=CARTESIAN_POINT('Ctrl Pts',(-13.3608403146086,0.752437192163997,17.5));
#5062=CARTESIAN_POINT('Ctrl Pts',(-13.3117759588194,-1.36924667712588,15.));
#5063=CARTESIAN_POINT('Ctrl Pts',(-12.7856807564263,-3.36700929531694,12.5));
#5064=CARTESIAN_POINT('',(-12.7856807564263,-3.36700929531694,12.5));
#5065=CARTESIAN_POINT('Ctrl Pts',(-10.6374660815156,4.02078342672229,20.));
#5066=CARTESIAN_POINT('Ctrl Pts',(-11.2657134919408,2.35867935148593,17.5));
#5067=CARTESIAN_POINT('Ctrl Pts',(-11.4969277298946,0.548016002689743,15.));
#5068=CARTESIAN_POINT('Ctrl Pts',(-11.3065172124333,-1.21862731175248,12.5));
#5069=CARTESIAN_POINT('Ctrl Pts',(-10.8288197255063,3.51453434998838,20.));
#5070=CARTESIAN_POINT('Ctrl Pts',(-11.3774971829142,1.82307768741216,17.5));
#5071=CARTESIAN_POINT('Ctrl Pts',(-11.5231795719764,0.000165021309405933,
15.));
#5072=CARTESIAN_POINT('Ctrl Pts',(-11.2485213563968,-1.7567172907012,12.5));
#5073=CARTESIAN_POINT('Ctrl Pts',(-11.5411930721891,2.77830974705535,20.));
#5074=CARTESIAN_POINT('Ctrl Pts',(-11.9755158180999,0.974827809862951,17.5));
#5075=CARTESIAN_POINT('Ctrl Pts',(-11.9787360838333,-0.930196385971674,
15.));
#5076=CARTESIAN_POINT('Ctrl Pts',(-11.5514483532881,-2.73535802436316,12.5));
#5077=CARTESIAN_POINT('Ctrl Pts',(-12.5307744012814,2.68727075453669,20.));
#5078=CARTESIAN_POINT('Ctrl Pts',(-12.9505289881076,0.729214032640993,17.5));
#5079=CARTESIAN_POINT('Ctrl Pts',(-12.9032753397657,-1.32716005651896,15.));
#5080=CARTESIAN_POINT('Ctrl Pts',(-12.3931583856225,-3.26364159075009,12.5));
#5081=CARTESIAN_POINT('Ctrl Pts',(-12.9276554160278,2.77238335091779,20.));
#5082=CARTESIAN_POINT('Ctrl Pts',(-13.3608403146086,0.752437192163997,17.5));
#5083=CARTESIAN_POINT('Ctrl Pts',(-13.3117759588194,-1.36924667712588,15.));
#5084=CARTESIAN_POINT('Ctrl Pts',(-12.7856807564263,-3.36700929531694,12.5));
#5085=CARTESIAN_POINT('',(-10.6374660815156,4.02078342672229,20.));
#5086=CARTESIAN_POINT('Origin',(-12.5082831904702,4.72792085667697,20.));
#5087=CARTESIAN_POINT('',(-11.3065172124333,-1.21862731175248,12.5));
#5088=CARTESIAN_POINT('Ctrl Pts',(-10.6374660815156,4.02078342672229,20.));
#5089=CARTESIAN_POINT('Ctrl Pts',(-11.2657134919408,2.35867935148593,17.5));
#5090=CARTESIAN_POINT('Ctrl Pts',(-11.4969277298946,0.548016002689743,15.));
#5091=CARTESIAN_POINT('Ctrl Pts',(-11.3065172124333,-1.21862731175248,12.5));
#5092=CARTESIAN_POINT('Origin',(-13.2950007179615,-1.43294797861011,12.5));
#5093=CARTESIAN_POINT('Ctrl Pts',(-10.3649476275994,4.67870117416377,20.));
#5094=CARTESIAN_POINT('Ctrl Pts',(-11.0959946860623,3.05917810735181,17.5));
#5095=CARTESIAN_POINT('Ctrl Pts',(-11.4400853872076,1.26653665522266,15.));
#5096=CARTESIAN_POINT('Ctrl Pts',(-11.3606227848773,-0.508560654913938,
12.5));
#5097=CARTESIAN_POINT('Ctrl Pts',(-10.4626251068384,4.46231164232131,20.));
#5098=CARTESIAN_POINT('Ctrl Pts',(-11.1598613325031,2.82752639425662,17.5));
#5099=CARTESIAN_POINT('Ctrl Pts',(-11.4665269423157,1.0277014996842,15.));
#5100=CARTESIAN_POINT('Ctrl Pts',(-11.3500055385598,-0.74573694698824,12.5));
#5101=CARTESIAN_POINT('Ctrl Pts',(-10.5535239841111,4.24286234000498,20.));
#5102=CARTESIAN_POINT('Ctrl Pts',(-11.216471255545,2.59387414205824,17.5));
#5103=CARTESIAN_POINT('Ctrl Pts',(-11.4854867788933,0.788038021154137,15.));
#5104=CARTESIAN_POINT('Ctrl Pts',(-11.3319585559842,-0.982580584429672,
12.5));
#5105=CARTESIAN_POINT('Ctrl Pts',(-10.6374660815156,4.02078342672229,20.));
#5106=CARTESIAN_POINT('Ctrl Pts',(-11.2657134919408,2.35867935148593,17.5));
#5107=CARTESIAN_POINT('Ctrl Pts',(-11.4969277298946,0.548016002689743,15.));
#5108=CARTESIAN_POINT('Ctrl Pts',(-11.3065172124333,-1.21862731175248,12.5));
#5109=CARTESIAN_POINT('',(-10.3649476275994,4.67870117416377,20.));
#5110=CARTESIAN_POINT('Origin',(0.,0.,20.));
#5111=CARTESIAN_POINT('',(-11.3606227848773,-0.508560654913938,12.5));
#5112=CARTESIAN_POINT('Ctrl Pts',(-10.3649476275994,4.67870117416377,20.));
#5113=CARTESIAN_POINT('Ctrl Pts',(-11.0959946860623,3.05917810735181,17.5));
#5114=CARTESIAN_POINT('Ctrl Pts',(-11.4400853872076,1.26653665522266,15.));
#5115=CARTESIAN_POINT('Ctrl Pts',(-11.3606227848773,-0.508560654913938,
12.5));
#5116=CARTESIAN_POINT('Origin',(0.,0.,12.5));
#5117=CARTESIAN_POINT('Ctrl Pts',(-11.1016038769989,7.18086174203363,20.));
#5118=CARTESIAN_POINT('Ctrl Pts',(-12.2236135241914,5.44623613625302,17.5));
#5119=CARTESIAN_POINT('Ctrl Pts',(-12.9308951566059,3.44531073917721,15.));
#5120=CARTESIAN_POINT('Ctrl Pts',(-13.1482234114707,1.39090083113547,12.5));
#5121=CARTESIAN_POINT('Ctrl Pts',(-10.7607829260821,6.96040817924771,20.));
#5122=CARTESIAN_POINT('Ctrl Pts',(-11.8485267973035,5.27904167846841,17.5));
#5123=CARTESIAN_POINT('Ctrl Pts',(-12.5337513796292,3.33961532677919,15.));
#5124=CARTESIAN_POINT('Ctrl Pts',(-12.7445709252521,1.34819996113949,12.5));
#5125=CARTESIAN_POINT('Ctrl Pts',(-10.1254484135202,6.19628234341157,20.));
#5126=CARTESIAN_POINT('Ctrl Pts',(-11.0935901621993,4.61391547701829,17.5));
#5127=CARTESIAN_POINT('Ctrl Pts',(-11.6837136708735,2.80258518874699,15.));
#5128=CARTESIAN_POINT('Ctrl Pts',(-11.8325573429643,0.953523560062517,12.5));
#5129=CARTESIAN_POINT('Ctrl Pts',(-10.142282931742,5.17198078856231,20.));
#5130=CARTESIAN_POINT('Ctrl Pts',(-10.9503498571154,3.58796676155415,17.5));
#5131=CARTESIAN_POINT('Ctrl Pts',(-11.3795343756724,1.81031814730224,15.));
#5132=CARTESIAN_POINT('Ctrl Pts',(-11.3848257632972,0.0321042695985158,
12.5));
#5133=CARTESIAN_POINT('Ctrl Pts',(-10.3649476275994,4.67870117416377,20.));
#5134=CARTESIAN_POINT('Ctrl Pts',(-11.0959946860623,3.05917810735181,17.5));
#5135=CARTESIAN_POINT('Ctrl Pts',(-11.4400853872076,1.26653665522266,15.));
#5136=CARTESIAN_POINT('Ctrl Pts',(-11.3606227848773,-0.508560654913938,
12.5));
#5137=CARTESIAN_POINT('',(-11.1016038769989,7.18086174203363,20.));
#5138=CARTESIAN_POINT('Origin',(-12.1878367636528,5.50154696631357,20.));
#5139=CARTESIAN_POINT('',(-13.1482234114707,1.39090083113547,12.5));
#5140=CARTESIAN_POINT('Ctrl Pts',(-11.1016038769989,7.18086174203363,20.));
#5141=CARTESIAN_POINT('Ctrl Pts',(-12.2236135241914,5.44623613625302,17.5));
#5142=CARTESIAN_POINT('Ctrl Pts',(-12.9308951566059,3.44531073917721,15.));
#5143=CARTESIAN_POINT('Ctrl Pts',(-13.1482234114707,1.39090083113547,12.5));
#5144=CARTESIAN_POINT('Origin',(-13.3586218676908,-0.598001501715546,12.5));
#5145=CARTESIAN_POINT('Ctrl Pts',(-12.624317621767,8.16580022434864,20.));
#5146=CARTESIAN_POINT('Ctrl Pts',(-13.9002239068211,6.19325059594808,17.5));
#5147=CARTESIAN_POINT('Ctrl Pts',(-14.7045174192335,3.91787507093216,15.));
#5148=CARTESIAN_POINT('Ctrl Pts',(-14.9516547651518,1.58167901387782,12.5));
#5149=CARTESIAN_POINT('Ctrl Pts',(-12.116746373511,7.8374873969103,20.));
#5150=CARTESIAN_POINT('Ctrl Pts',(-13.3413537792779,5.94424577604973,17.5));
#5151=CARTESIAN_POINT('Ctrl Pts',(-14.1133099983576,3.76035362701384,15.));
#5152=CARTESIAN_POINT('Ctrl Pts',(-14.3505109805915,1.51808628629704,12.5));
#5153=CARTESIAN_POINT('Ctrl Pts',(-11.609175125255,7.50917456947197,20.));
#5154=CARTESIAN_POINT('Ctrl Pts',(-12.7824836517346,5.69524095615138,17.5));
#5155=CARTESIAN_POINT('Ctrl Pts',(-13.5221025774817,3.60283218309553,15.));
#5156=CARTESIAN_POINT('Ctrl Pts',(-13.7493671960311,1.45449355871626,12.5));
#5157=CARTESIAN_POINT('Ctrl Pts',(-11.1016038769989,7.18086174203363,20.));
#5158=CARTESIAN_POINT('Ctrl Pts',(-12.2236135241914,5.44623613625302,17.5));
#5159=CARTESIAN_POINT('Ctrl Pts',(-12.9308951566059,3.44531073917721,15.));
#5160=CARTESIAN_POINT('Ctrl Pts',(-13.1482234114707,1.39090083113547,12.5));
#5161=CARTESIAN_POINT('',(-12.624317621767,8.16580022434864,20.));
#5162=CARTESIAN_POINT('',(-12.624317621767,8.16580022434864,20.));
#5163=CARTESIAN_POINT('',(-14.9516547651518,1.58167901387782,12.5));
#5164=CARTESIAN_POINT('Ctrl Pts',(-12.624317621767,8.16580022434864,20.));
#5165=CARTESIAN_POINT('Ctrl Pts',(-13.9002239068211,6.19325059594809,17.5));
#5166=CARTESIAN_POINT('Ctrl Pts',(-14.7045174192335,3.91787507093216,15.));
#5167=CARTESIAN_POINT('Ctrl Pts',(-14.9516547651518,1.58167901387783,12.5));
#5168=CARTESIAN_POINT('',(-14.9516547651518,1.58167901387782,12.5));
#5169=CARTESIAN_POINT('Ctrl Pts',(-14.8865057470794,13.3563448084486,20.));
#5170=CARTESIAN_POINT('Ctrl Pts',(-16.9734346233989,11.0303282854681,17.5));
#5171=CARTESIAN_POINT('Ctrl Pts',(-18.5037773192062,8.20827935204603,15.));
#5172=CARTESIAN_POINT('Ctrl Pts',(-19.3147689906524,5.19034669725741,12.5));
#5173=CARTESIAN_POINT('Ctrl Pts',(-14.7794558792945,12.4644787915266,20.));
#5174=CARTESIAN_POINT('Ctrl Pts',(-16.7271361276359,10.155220551252,17.5));
#5175=CARTESIAN_POINT('Ctrl Pts',(-18.1220123813765,7.38311851301133,15.));
#5176=CARTESIAN_POINT('Ctrl Pts',(-18.8163465732506,4.44304504453313,12.5));
#5177=CARTESIAN_POINT('Ctrl Pts',(-14.4560461421803,11.0416731603627,20.));
#5178=CARTESIAN_POINT('Ctrl Pts',(-16.1813531534062,8.78296190523073,17.5));
#5179=CARTESIAN_POINT('Ctrl Pts',(-17.3662556353668,6.11433640123262,15.));
#5180=CARTESIAN_POINT('Ctrl Pts',(-17.8850388544301,3.31981948615347,12.5));
#5181=CARTESIAN_POINT('Ctrl Pts',(-13.7644299262121,9.55306981439905,20.));
#5182=CARTESIAN_POINT('Ctrl Pts',(-15.2568936088547,7.40219795057671,17.5));
#5183=CARTESIAN_POINT('Ctrl Pts',(-16.2357415976048,4.89735653861562,15.));
#5184=CARTESIAN_POINT('Ctrl Pts',(-16.5955161970629,2.30423875182413,12.5));
#5185=CARTESIAN_POINT('Ctrl Pts',(-13.2489139899681,8.79350551912192,20.));
#5186=CARTESIAN_POINT('Ctrl Pts',(-14.622964229705,6.72342216765533,17.5));
#5187=CARTESIAN_POINT('Ctrl Pts',(-15.5018256567187,4.32704905731702,15.));
#5188=CARTESIAN_POINT('Ctrl Pts',(-15.7924575784091,1.85950124026569,12.5));
#5189=CARTESIAN_POINT('Ctrl Pts',(-12.908406815585,8.41297652266438,20.));
#5190=CARTESIAN_POINT('Ctrl Pts',(-14.22283056751,6.39594922862048,17.5));
#5191=CARTESIAN_POINT('Ctrl Pts',(-15.0553611729189,4.06712710029444,15.));
#5192=CARTESIAN_POINT('Ctrl Pts',(-15.3167675085908,1.6738499261641,12.5));
#5193=CARTESIAN_POINT('Ctrl Pts',(-12.7298751246713,8.23407809145581,20.));
#5194=CARTESIAN_POINT('Ctrl Pts',(-14.0164204697635,6.24502083877407,17.5));
#5195=CARTESIAN_POINT('Ctrl Pts',(-14.8275010270116,3.95063362041172,15.));
#5196=CARTESIAN_POINT('Ctrl Pts',(-15.0766721632071,1.59490413163098,12.5));
#5197=CARTESIAN_POINT('Ctrl Pts',(-12.624317621767,8.16580022434864,20.));
#5198=CARTESIAN_POINT('Ctrl Pts',(-13.9002239068211,6.19325059594809,17.5));
#5199=CARTESIAN_POINT('Ctrl Pts',(-14.7045174192335,3.91787507093216,15.));
#5200=CARTESIAN_POINT('Ctrl Pts',(-14.9516547651518,1.58167901387783,12.5));
#5201=CARTESIAN_POINT('',(-14.8865057470794,13.3563448084486,20.));
#5202=CARTESIAN_POINT('Ctrl Pts',(-14.8865057470794,13.3563448084486,20.));
#5203=CARTESIAN_POINT('Ctrl Pts',(-14.8843647497237,13.3385074881102,20.));
#5204=CARTESIAN_POINT('Ctrl Pts',(-14.8800244716855,13.3028604822497,20.));
#5205=CARTESIAN_POINT('Ctrl Pts',(-14.8733392046655,13.2494728779379,20.));
#5206=CARTESIAN_POINT('Ctrl Pts',(-14.864075699041,13.1784552693088,20.));
#5207=CARTESIAN_POINT('Ctrl Pts',(-14.8519125851461,13.0899603053849,20.));
#5208=CARTESIAN_POINT('Ctrl Pts',(-14.8391647871815,13.0017436530765,20.));
#5209=CARTESIAN_POINT('Ctrl Pts',(-14.8258312821015,12.9138074356755,20.));
#5210=CARTESIAN_POINT('Ctrl Pts',(-14.8119111392299,12.8261548032507,20.));
#5211=CARTESIAN_POINT('Ctrl Pts',(-14.7974037278703,12.7387901814901,20.));
#5212=CARTESIAN_POINT('Ctrl Pts',(-14.782308676768,12.6517190296453,20.));
#5213=CARTESIAN_POINT('Ctrl Pts',(-14.7666257649144,12.5649474629705,20.));
#5214=CARTESIAN_POINT('Ctrl Pts',(-14.7503548372419,12.4784819052573,20.));
#5215=CARTESIAN_POINT('Ctrl Pts',(-14.7334957198899,12.392328759273,20.));
#5216=CARTESIAN_POINT('Ctrl Pts',(-14.7160481263492,12.306493987699,20.));
#5217=CARTESIAN_POINT('Ctrl Pts',(-14.6980116309817,12.2209830735032,20.));
#5218=CARTESIAN_POINT('Ctrl Pts',(-14.6793856966386,12.1358012689786,20.));
#5219=CARTESIAN_POINT('Ctrl Pts',(-14.6601696906082,12.0509537651764,20.));
#5220=CARTESIAN_POINT('Ctrl Pts',(-14.6403629088669,11.966445876642,20.));
#5221=CARTESIAN_POINT('Ctrl Pts',(-14.6199646027398,11.8822832532646,20.));
#5222=CARTESIAN_POINT('Ctrl Pts',(-14.5989740026594,11.7984719512947,20.));
#5223=CARTESIAN_POINT('Ctrl Pts',(-14.5773903318122,11.7150182801752,20.));
#5224=CARTESIAN_POINT('Ctrl Pts',(-14.5552128283653,11.6319286961582,20.));
#5225=CARTESIAN_POINT('Ctrl Pts',(-14.5324407636517,11.5492096851044,20.));
#5226=CARTESIAN_POINT('Ctrl Pts',(-14.5090734782308,11.4668676224729,20.));
#5227=CARTESIAN_POINT('Ctrl Pts',(-14.4851103778028,11.3849087189428,20.));
#5228=CARTESIAN_POINT('Ctrl Pts',(-14.4605508141118,11.3033392198388,20.));
#5229=CARTESIAN_POINT('Ctrl Pts',(-14.4353939866875,11.2221655609516,20.));
#5230=CARTESIAN_POINT('Ctrl Pts',(-14.4096388479634,11.1413945283905,20.));
#5231=CARTESIAN_POINT('Ctrl Pts',(-14.3832839935496,11.061033439188,20.));
#5232=CARTESIAN_POINT('Ctrl Pts',(-14.356327615155,10.9810902361574,20.));
#5233=CARTESIAN_POINT('Ctrl Pts',(-14.3287677533735,10.9015731554793,20.));
#5234=CARTESIAN_POINT('Ctrl Pts',(-14.300602520918,10.8224904404045,20.));
#5235=CARTESIAN_POINT('Ctrl Pts',(-14.2718303286039,10.7438500503328,20.));
#5236=CARTESIAN_POINT('Ctrl Pts',(-14.2424501455798,10.6656593304413,20.));
#5237=CARTESIAN_POINT('Ctrl Pts',(-14.2124616614653,10.5879248040656,20.));
#5238=CARTESIAN_POINT('Ctrl Pts',(-14.1818646439513,10.5106529647363,20.));
#5239=CARTESIAN_POINT('Ctrl Pts',(-14.1506583635453,10.4338509862733,20.));
#5240=CARTESIAN_POINT('Ctrl Pts',(-14.1188410215307,10.3575274309762,20.));
#5241=CARTESIAN_POINT('Ctrl Pts',(-14.0864091215387,10.2816930281935,20.));
#5242=CARTESIAN_POINT('Ctrl Pts',(-14.0533570342902,10.2063612178498,20.));
#5243=CARTESIAN_POINT('Ctrl Pts',(-14.0196784301156,10.1315464068528,20.));
#5244=CARTESIAN_POINT('Ctrl Pts',(-13.9853676004447,10.0572623632795,20.));
#5245=CARTESIAN_POINT('Ctrl Pts',(-13.9504207549052,9.98352064121693,20.));
#5246=CARTESIAN_POINT('Ctrl Pts',(-13.9148375021819,9.91032878340386,20.));
#5247=CARTESIAN_POINT('Ctrl Pts',(-13.8786217822922,9.83768919310329,20.));
#5248=CARTESIAN_POINT('Ctrl Pts',(-13.8417783443288,9.76560343159785,20.));
#5249=CARTESIAN_POINT('Ctrl Pts',(-13.804309510557,9.69407616811107,20.));
#5250=CARTESIAN_POINT('Ctrl Pts',(-13.7662120836234,9.62311895705796,20.));
#5251=CARTESIAN_POINT('Ctrl Pts',(-13.7274736064747,9.55275480390224,20.));
#5252=CARTESIAN_POINT('Ctrl Pts',(-13.6880706164715,9.48302030623244,20.));
#5253=CARTESIAN_POINT('Ctrl Pts',(-13.6479769857967,9.41395552661586,20.));
#5254=CARTESIAN_POINT('Ctrl Pts',(-13.6071714475272,9.34559485650564,20.));
#5255=CARTESIAN_POINT('Ctrl Pts',(-13.5656445232525,9.27795861095857,20.));
#5256=CARTESIAN_POINT('Ctrl Pts',(-13.5234078986116,9.21104164260603,20.));
#5257=CARTESIAN_POINT('Ctrl Pts',(-13.4804960137588,9.14481143920218,20.));
#5258=CARTESIAN_POINT('Ctrl Pts',(-13.4369453813188,9.07923335292213,20.));
#5259=CARTESIAN_POINT('Ctrl Pts',(-13.392776352303,9.01429284636908,20.));
#5260=CARTESIAN_POINT('Ctrl Pts',(-13.347976982039,8.9500151877732,20.));
#5261=CARTESIAN_POINT('Ctrl Pts',(-13.3024786052905,8.88649523115063,20.));
#5262=CARTESIAN_POINT('Ctrl Pts',(-13.2561602376586,8.82389213883333,20.));
#5263=CARTESIAN_POINT('Ctrl Pts',(-13.2088971414606,8.76237043972678,20.));
#5264=CARTESIAN_POINT('Ctrl Pts',(-13.1606032755602,8.70204845598487,20.));
#5265=CARTESIAN_POINT('Ctrl Pts',(-13.1112673619381,8.64295465211945,20.));
#5266=CARTESIAN_POINT('Ctrl Pts',(-13.0610136054146,8.58495361828216,20.));
#5267=CARTESIAN_POINT('Ctrl Pts',(-13.0100603243419,8.52779768790006,20.));
#5268=CARTESIAN_POINT('Ctrl Pts',(-12.9585999022391,8.47127526633241,20.));
#5269=CARTESIAN_POINT('Ctrl Pts',(-12.9066947185573,8.4153396865354,20.));
#5270=CARTESIAN_POINT('Ctrl Pts',(-12.854180932266,8.36022799173676,20.));
#5271=CARTESIAN_POINT('Ctrl Pts',(-12.8005313129497,8.30663116150125,20.));
#5272=CARTESIAN_POINT('Ctrl Pts',(-12.7449836302164,8.25553134311827,20.));
#5273=CARTESIAN_POINT('Ctrl Pts',(-12.6983981518787,8.21745455738575,20.));
#5274=CARTESIAN_POINT('Ctrl Pts',(-12.6619690684798,8.1908337660322,20.));
#5275=CARTESIAN_POINT('Ctrl Pts',(-12.6369845221155,8.1739935684015,20.));
#5276=CARTESIAN_POINT('Ctrl Pts',(-12.624317621767,8.16580022434864,20.));
#5277=CARTESIAN_POINT('',(-19.3147689906524,5.19034669725741,12.5));
#5278=CARTESIAN_POINT('Ctrl Pts',(-14.8865057470794,13.3563448084486,20.));
#5279=CARTESIAN_POINT('Ctrl Pts',(-16.9734346233989,11.0303282854681,17.5));
#5280=CARTESIAN_POINT('Ctrl Pts',(-18.5037773192062,8.20827935204605,15.));
#5281=CARTESIAN_POINT('Ctrl Pts',(-19.3147689906524,5.19034669725743,12.5));
#5282=CARTESIAN_POINT('Ctrl Pts',(-19.3147689906524,5.19034669725741,12.5));
#5283=CARTESIAN_POINT('Ctrl Pts',(-19.3048005423044,5.17540066420292,12.5));
#5284=CARTESIAN_POINT('Ctrl Pts',(-19.28482413371,5.14555958278925,12.5));
#5285=CARTESIAN_POINT('Ctrl Pts',(-19.2547409851529,5.10095091477312,12.5));
#5286=CARTESIAN_POINT('Ctrl Pts',(-19.2143929700588,5.04177870043386,12.5));
#5287=CARTESIAN_POINT('Ctrl Pts',(-19.1635623461924,4.96832430875525,12.5));
#5288=CARTESIAN_POINT('Ctrl Pts',(-19.1123358392121,4.89538235183039,12.5));
#5289=CARTESIAN_POINT('Ctrl Pts',(-19.0607134956669,4.82295518610218,12.5));
#5290=CARTESIAN_POINT('Ctrl Pts',(-19.0086959083805,4.7510460423063,12.5));
#5291=CARTESIAN_POINT('Ctrl Pts',(-18.9562845140868,4.67965915367863,12.5));
#5292=CARTESIAN_POINT('Ctrl Pts',(-18.9034814479115,4.60879955832394,12.5));
#5293=CARTESIAN_POINT('Ctrl Pts',(-18.8502892753823,4.5384728117118,12.5));
#5294=CARTESIAN_POINT('Ctrl Pts',(-18.7967107602443,4.46868471477841,12.5));
#5295=CARTESIAN_POINT('Ctrl Pts',(-18.7427486399781,4.39944105819357,12.5));
#5296=CARTESIAN_POINT('Ctrl Pts',(-18.6884053527484,4.3307472909028,12.5));
#5297=CARTESIAN_POINT('Ctrl Pts',(-18.6336829958778,4.26260849673776,12.5));
#5298=CARTESIAN_POINT('Ctrl Pts',(-18.5785834629937,4.19502960411449,12.5));
#5299=CARTESIAN_POINT('Ctrl Pts',(-18.5231085348017,4.12801552998591,12.5));
#5300=CARTESIAN_POINT('Ctrl Pts',(-18.4672599841783,4.06157133369484,12.5));
#5301=CARTESIAN_POINT('Ctrl Pts',(-18.4110396956646,3.99570239392772,12.5));
#5302=CARTESIAN_POINT('Ctrl Pts',(-18.3544497187444,3.93041446133837,12.5));
#5303=CARTESIAN_POINT('Ctrl Pts',(-18.2974922108225,3.8657135157356,12.5));
#5304=CARTESIAN_POINT('Ctrl Pts',(-18.2401694089927,3.80160566113381,12.5));
#5305=CARTESIAN_POINT('Ctrl Pts',(-18.1824835933135,3.73809701297896,12.5));
#5306=CARTESIAN_POINT('Ctrl Pts',(-18.1244370557261,3.67519355694942,12.5));
#5307=CARTESIAN_POINT('Ctrl Pts',(-18.0660320718433,3.61290110228885,12.5));
#5308=CARTESIAN_POINT('Ctrl Pts',(-18.0072708847938,3.55122551352554,12.5));
#5309=CARTESIAN_POINT('Ctrl Pts',(-17.9481556879576,3.49017289387496,12.5));
#5310=CARTESIAN_POINT('Ctrl Pts',(-17.8886886125359,3.42974977071434,12.5));
#5311=CARTESIAN_POINT('Ctrl Pts',(-17.8288717112517,3.36996330627841,12.5));
#5312=CARTESIAN_POINT('Ctrl Pts',(-17.7687069592042,3.31082140355289,12.5));
#5313=CARTESIAN_POINT('Ctrl Pts',(-17.7081963292123,3.25233229551579,12.5));
#5314=CARTESIAN_POINT('Ctrl Pts',(-17.6473418616293,3.19450418887147,12.5));
#5315=CARTESIAN_POINT('Ctrl Pts',(-17.5861457345199,3.13734490241692,12.5));
#5316=CARTESIAN_POINT('Ctrl Pts',(-17.5246103465682,3.08086145474147,12.5));
#5317=CARTESIAN_POINT('Ctrl Pts',(-17.4627383679302,3.02505980575355,12.5));
#5318=CARTESIAN_POINT('Ctrl Pts',(-17.4005325249473,2.96994585350129,12.5));
#5319=CARTESIAN_POINT('Ctrl Pts',(-17.3379954077415,2.91552632755518,12.5));
#5320=CARTESIAN_POINT('Ctrl Pts',(-17.2751292798199,2.86180967924004,12.5));
#5321=CARTESIAN_POINT('Ctrl Pts',(-17.2119358691677,2.80880706012886,12.5));
#5322=CARTESIAN_POINT('Ctrl Pts',(-17.1484162254898,2.75653300357906,12.5));
#5323=CARTESIAN_POINT('Ctrl Pts',(-17.0845712105045,2.70500322204263,12.5));
#5324=CARTESIAN_POINT('Ctrl Pts',(-17.0204019514284,2.65423257745418,12.5));
#5325=CARTESIAN_POINT('Ctrl Pts',(-16.9559102865495,2.60423308998611,12.5));
#5326=CARTESIAN_POINT('Ctrl Pts',(-16.8910992743565,2.5550116655551,12.5));
#5327=CARTESIAN_POINT('Ctrl Pts',(-16.8259735155975,2.50656866820541,12.5));
#5328=CARTESIAN_POINT('Ctrl Pts',(-16.7605379524409,2.45890334530541,12.5));
#5329=CARTESIAN_POINT('Ctrl Pts',(-16.6947967660799,2.41201881329349,12.5));
#5330=CARTESIAN_POINT('Ctrl Pts',(-16.6287523240029,2.36592682472574,12.5));
#5331=CARTESIAN_POINT('Ctrl Pts',(-16.5624039060649,2.32065353129293,12.5));
#5332=CARTESIAN_POINT('Ctrl Pts',(-16.4957471142012,2.27624218268819,12.5));
#5333=CARTESIAN_POINT('Ctrl Pts',(-16.4287767380307,2.23274032388025,12.5));
#5334=CARTESIAN_POINT('Ctrl Pts',(-16.3614893416917,2.19018824443265,12.5));
#5335=CARTESIAN_POINT('Ctrl Pts',(-16.2938856469383,2.14860835016752,12.5));
#5336=CARTESIAN_POINT('Ctrl Pts',(-16.2259737534882,2.10799076970563,12.5));
#5337=CARTESIAN_POINT('Ctrl Pts',(-16.1577696984588,2.06829093869752,12.5));
#5338=CARTESIAN_POINT('Ctrl Pts',(-16.0892904030939,2.02946145128891,12.5));
#5339=CARTESIAN_POINT('Ctrl Pts',(-16.0205474556358,1.99148014417177,12.5));
#5340=CARTESIAN_POINT('Ctrl Pts',(-15.9515416153049,1.95437495624806,12.5));
#5341=CARTESIAN_POINT('Ctrl Pts',(-15.8822544758686,1.91826153097685,12.5));
#5342=CARTESIAN_POINT('Ctrl Pts',(-15.8126500080684,1.88333651973819,12.5));
#5343=CARTESIAN_POINT('Ctrl Pts',(-15.7426912586797,1.84980305723953,12.5));
#5344=CARTESIAN_POINT('Ctrl Pts',(-15.6723549220789,1.81780557359252,12.5));
#5345=CARTESIAN_POINT('Ctrl Pts',(-15.6016437962193,1.78737455803482,12.5));
#5346=CARTESIAN_POINT('Ctrl Pts',(-15.5306075141001,1.75833309468307,12.5));
#5347=CARTESIAN_POINT('Ctrl Pts',(-15.4593289561886,1.73036160183807,12.5));
#5348=CARTESIAN_POINT('Ctrl Pts',(-15.3878841618832,1.70318439540469,12.5));
#5349=CARTESIAN_POINT('Ctrl Pts',(-15.3163076991552,1.67673166088409,12.5));
#5350=CARTESIAN_POINT('Ctrl Pts',(-15.2445604892678,1.65128889123142,12.5));
#5351=CARTESIAN_POINT('Ctrl Pts',(-15.1724843370547,1.62771072026257,12.5));
#5352=CARTESIAN_POINT('Ctrl Pts',(-15.0998429372228,1.60721770861792,12.5));
#5353=CARTESIAN_POINT('Ctrl Pts',(-15.0410804565765,1.59429411500112,12.5));
#5354=CARTESIAN_POINT('Ctrl Pts',(-14.9965543295573,1.58700243054299,12.5));
#5355=CARTESIAN_POINT('Ctrl Pts',(-14.9666568529185,1.58326602800821,12.5));
#5356=CARTESIAN_POINT('Ctrl Pts',(-14.9516547651518,1.58167901387783,12.5));
#5357=CARTESIAN_POINT('Ctrl Pts',(-13.3563448084486,14.8865057470794,20.));
#5358=CARTESIAN_POINT('Ctrl Pts',(-15.6823613314291,12.7995768707599,17.5));
#5359=CARTESIAN_POINT('Ctrl Pts',(-17.5086411146266,10.1593853809767,15.));
#5360=CARTESIAN_POINT('Ctrl Pts',(-18.6409439107089,7.24673789492923,12.5));
#5361=CARTESIAN_POINT('Ctrl Pts',(-13.8935073257491,14.4045573354686,20.));
#5362=CARTESIAN_POINT('Ctrl Pts',(-16.1442203212739,12.2336959194087,17.5));
#5363=CARTESIAN_POINT('Ctrl Pts',(-17.8752304967598,9.52760732251986,15.));
#5364=CARTESIAN_POINT('Ctrl Pts',(-18.9024341513332,6.5741007747038,12.5));
#5365=CARTESIAN_POINT('Ctrl Pts',(-14.4045573354686,13.8935073257492,20.));
#5366=CARTESIAN_POINT('Ctrl Pts',(-16.5754187515284,11.6427943302244,17.5));
#5367=CARTESIAN_POINT('Ctrl Pts',(-18.2075905681397,8.87596819132312,15.));
#5368=CARTESIAN_POINT('Ctrl Pts',(-19.127481272169,5.88729802407453,12.5));
#5369=CARTESIAN_POINT('Ctrl Pts',(-14.8865057470794,13.3563448084486,20.));
#5370=CARTESIAN_POINT('Ctrl Pts',(-16.9734346233989,11.0303282854681,17.5));
#5371=CARTESIAN_POINT('Ctrl Pts',(-18.5037773192062,8.20827935204605,15.));
#5372=CARTESIAN_POINT('Ctrl Pts',(-19.3147689906524,5.19034669725743,12.5));
#5373=CARTESIAN_POINT('',(-13.3563448084486,14.8865057470794,20.));
#5374=CARTESIAN_POINT('Origin',(0.,0.,20.));
#5375=CARTESIAN_POINT('',(-18.6409439107089,7.24673789492923,12.5));
#5376=CARTESIAN_POINT('Ctrl Pts',(-13.3563448084486,14.8865057470794,20.));
#5377=CARTESIAN_POINT('Ctrl Pts',(-15.6823613314291,12.7995768707599,17.5));
#5378=CARTESIAN_POINT('Ctrl Pts',(-17.5086411146266,10.1593853809767,15.));
#5379=CARTESIAN_POINT('Ctrl Pts',(-18.6409439107089,7.24673789492923,12.5));
#5380=CARTESIAN_POINT('Origin',(0.,0.,12.5));
#5381=CARTESIAN_POINT('Ctrl Pts',(-8.16580022434864,12.624317621767,20.));
#5382=CARTESIAN_POINT('Ctrl Pts',(-10.1383498527492,11.3484113367129,17.5));
#5383=CARTESIAN_POINT('Ctrl Pts',(-11.8049321737172,9.60292424097517,15.));
#5384=CARTESIAN_POINT('Ctrl Pts',(-12.9882921110031,7.5735035986315,12.5));
#5385=CARTESIAN_POINT('Ctrl Pts',(-8.23407809145581,12.7298751246713,20.));
#5386=CARTESIAN_POINT('Ctrl Pts',(-10.2231353441375,11.4433297795792,17.5));
#5387=CARTESIAN_POINT('Ctrl Pts',(-11.9036124441894,9.68319879174568,15.));
#5388=CARTESIAN_POINT('Ctrl Pts',(-13.0968929655844,7.63682901170015,12.5));
#5389=CARTESIAN_POINT('Ctrl Pts',(-8.41297652266437,12.9084068155848,20.));
#5390=CARTESIAN_POINT('Ctrl Pts',(-10.4300038167083,11.5939830636598,17.5));
#5391=CARTESIAN_POINT('Ctrl Pts',(-12.1315109405522,9.79915905506412,15.));
#5392=CARTESIAN_POINT('Ctrl Pts',(-13.3371498095413,7.71528194205447,12.5));
#5393=CARTESIAN_POINT('Ctrl Pts',(-8.79350551912188,13.2489139899681,20.));
#5394=CARTESIAN_POINT('Ctrl Pts',(-10.8635888705885,11.8748637502312,17.5));
#5395=CARTESIAN_POINT('Ctrl Pts',(-12.6044295584592,10.0081888478181,15.));
#5396=CARTESIAN_POINT('Ctrl Pts',(-13.8304639780919,7.84714772252318,12.5));
#5397=CARTESIAN_POINT('Ctrl Pts',(-9.55306981439894,13.7644299262119,20.));
#5398=CARTESIAN_POINT('Ctrl Pts',(-11.7039416782213,12.2719662435693,17.5));
#5399=CARTESIAN_POINT('Ctrl Pts',(-13.4963795171577,10.267087075713,15.));
#5400=CARTESIAN_POINT('Ctrl Pts',(-14.7409922758388,7.96390738243728,12.5));
#5401=CARTESIAN_POINT('Ctrl Pts',(-11.0416731603627,14.4560461421803,20.));
#5402=CARTESIAN_POINT('Ctrl Pts',(-13.3003844154947,12.7307391309544,17.5));
#5403=CARTESIAN_POINT('Ctrl Pts',(-15.1458500207524,10.4680388255325,15.));
#5404=CARTESIAN_POINT('Ctrl Pts',(-16.3814779613591,7.90841299165808,12.5));
#5405=CARTESIAN_POINT('Ctrl Pts',(-12.4644787915265,14.7794558792945,20.));
#5406=CARTESIAN_POINT('Ctrl Pts',(-14.7737370318011,12.8317756309532,17.5));
#5407=CARTESIAN_POINT('Ctrl Pts',(-16.6166573804986,10.3350029016035,15.));
#5408=CARTESIAN_POINT('Ctrl Pts',(-17.7969181054004,7.55415472320377,12.5));
#5409=CARTESIAN_POINT('Ctrl Pts',(-13.3563448084486,14.8865057470794,20.));
#5410=CARTESIAN_POINT('Ctrl Pts',(-15.6823613314291,12.7995768707599,17.5));
#5411=CARTESIAN_POINT('Ctrl Pts',(-17.5086411146266,10.1593853809767,15.));
#5412=CARTESIAN_POINT('Ctrl Pts',(-18.6409439107089,7.24673789492923,12.5));
#5413=CARTESIAN_POINT('',(-8.16580022434864,12.624317621767,20.));
#5414=CARTESIAN_POINT('Ctrl Pts',(-8.16580022434864,12.624317621767,20.));
#5415=CARTESIAN_POINT('Ctrl Pts',(-8.1739935684015,12.6369845221155,20.));
#5416=CARTESIAN_POINT('Ctrl Pts',(-8.19083376603219,12.6619690684799,20.));
#5417=CARTESIAN_POINT('Ctrl Pts',(-8.21745455738574,12.6983981518787,20.));
#5418=CARTESIAN_POINT('Ctrl Pts',(-8.25553134311827,12.7449836302164,20.));
#5419=CARTESIAN_POINT('Ctrl Pts',(-8.30663116150125,12.8005313129497,20.));
#5420=CARTESIAN_POINT('Ctrl Pts',(-8.36022799173676,12.854180932266,20.));
#5421=CARTESIAN_POINT('Ctrl Pts',(-8.4153396865354,12.9066947185573,20.));
#5422=CARTESIAN_POINT('Ctrl Pts',(-8.47127526633241,12.9585999022391,20.));
#5423=CARTESIAN_POINT('Ctrl Pts',(-8.52779768790006,13.0100603243419,20.));
#5424=CARTESIAN_POINT('Ctrl Pts',(-8.58495361828216,13.0610136054146,20.));
#5425=CARTESIAN_POINT('Ctrl Pts',(-8.64295465211945,13.1112673619381,20.));
#5426=CARTESIAN_POINT('Ctrl Pts',(-8.70204845598487,13.1606032755602,20.));
#5427=CARTESIAN_POINT('Ctrl Pts',(-8.76237043972677,13.2088971414606,20.));
#5428=CARTESIAN_POINT('Ctrl Pts',(-8.82389213883332,13.2561602376586,20.));
#5429=CARTESIAN_POINT('Ctrl Pts',(-8.88649523115063,13.3024786052905,20.));
#5430=CARTESIAN_POINT('Ctrl Pts',(-8.9500151877732,13.347976982039,20.));
#5431=CARTESIAN_POINT('Ctrl Pts',(-9.01429284636907,13.392776352303,20.));
#5432=CARTESIAN_POINT('Ctrl Pts',(-9.07923335292213,13.4369453813188,20.));
#5433=CARTESIAN_POINT('Ctrl Pts',(-9.14481143920218,13.4804960137588,20.));
#5434=CARTESIAN_POINT('Ctrl Pts',(-9.21104164260603,13.5234078986116,20.));
#5435=CARTESIAN_POINT('Ctrl Pts',(-9.27795861095857,13.5656445232525,20.));
#5436=CARTESIAN_POINT('Ctrl Pts',(-9.34559485650563,13.6071714475272,20.));
#5437=CARTESIAN_POINT('Ctrl Pts',(-9.41395552661586,13.6479769857967,20.));
#5438=CARTESIAN_POINT('Ctrl Pts',(-9.48302030623244,13.6880706164715,20.));
#5439=CARTESIAN_POINT('Ctrl Pts',(-9.55275480390224,13.7274736064747,20.));
#5440=CARTESIAN_POINT('Ctrl Pts',(-9.62311895705796,13.7662120836234,20.));
#5441=CARTESIAN_POINT('Ctrl Pts',(-9.69407616811106,13.804309510557,20.));
#5442=CARTESIAN_POINT('Ctrl Pts',(-9.76560343159784,13.8417783443288,20.));
#5443=CARTESIAN_POINT('Ctrl Pts',(-9.83768919310328,13.8786217822922,20.));
#5444=CARTESIAN_POINT('Ctrl Pts',(-9.91032878340386,13.9148375021819,20.));
#5445=CARTESIAN_POINT('Ctrl Pts',(-9.98352064121692,13.9504207549052,20.));
#5446=CARTESIAN_POINT('Ctrl Pts',(-10.0572623632795,13.9853676004447,20.));
#5447=CARTESIAN_POINT('Ctrl Pts',(-10.1315464068528,14.0196784301156,20.));
#5448=CARTESIAN_POINT('Ctrl Pts',(-10.2063612178498,14.0533570342902,20.));
#5449=CARTESIAN_POINT('Ctrl Pts',(-10.2816930281935,14.0864091215387,20.));
#5450=CARTESIAN_POINT('Ctrl Pts',(-10.3575274309762,14.1188410215307,20.));
#5451=CARTESIAN_POINT('Ctrl Pts',(-10.4338509862733,14.1506583635453,20.));
#5452=CARTESIAN_POINT('Ctrl Pts',(-10.5106529647363,14.1818646439513,20.));
#5453=CARTESIAN_POINT('Ctrl Pts',(-10.5879248040656,14.2124616614653,20.));
#5454=CARTESIAN_POINT('Ctrl Pts',(-10.6656593304413,14.2424501455798,20.));
#5455=CARTESIAN_POINT('Ctrl Pts',(-10.7438500503328,14.2718303286039,20.));
#5456=CARTESIAN_POINT('Ctrl Pts',(-10.8224904404045,14.300602520918,20.));
#5457=CARTESIAN_POINT('Ctrl Pts',(-10.9015731554793,14.3287677533735,20.));
#5458=CARTESIAN_POINT('Ctrl Pts',(-10.9810902361574,14.356327615155,20.));
#5459=CARTESIAN_POINT('Ctrl Pts',(-11.061033439188,14.3832839935496,20.));
#5460=CARTESIAN_POINT('Ctrl Pts',(-11.1413945283905,14.4096388479634,20.));
#5461=CARTESIAN_POINT('Ctrl Pts',(-11.2221655609516,14.4353939866875,20.));
#5462=CARTESIAN_POINT('Ctrl Pts',(-11.3033392198388,14.4605508141118,20.));
#5463=CARTESIAN_POINT('Ctrl Pts',(-11.3849087189428,14.4851103778028,20.));
#5464=CARTESIAN_POINT('Ctrl Pts',(-11.4668676224729,14.5090734782308,20.));
#5465=CARTESIAN_POINT('Ctrl Pts',(-11.5492096851044,14.5324407636517,20.));
#5466=CARTESIAN_POINT('Ctrl Pts',(-11.6319286961582,14.5552128283653,20.));
#5467=CARTESIAN_POINT('Ctrl Pts',(-11.7150182801752,14.5773903318122,20.));
#5468=CARTESIAN_POINT('Ctrl Pts',(-11.7984719512947,14.5989740026594,20.));
#5469=CARTESIAN_POINT('Ctrl Pts',(-11.8822832532646,14.6199646027398,20.));
#5470=CARTESIAN_POINT('Ctrl Pts',(-11.966445876642,14.6403629088669,20.));
#5471=CARTESIAN_POINT('Ctrl Pts',(-12.0509537651764,14.6601696906082,20.));
#5472=CARTESIAN_POINT('Ctrl Pts',(-12.1358012689786,14.6793856966386,20.));
#5473=CARTESIAN_POINT('Ctrl Pts',(-12.2209830735032,14.6980116309817,20.));
#5474=CARTESIAN_POINT('Ctrl Pts',(-12.306493987699,14.7160481263492,20.));
#5475=CARTESIAN_POINT('Ctrl Pts',(-12.392328759273,14.7334957198899,20.));
#5476=CARTESIAN_POINT('Ctrl Pts',(-12.4784819052573,14.7503548372419,20.));
#5477=CARTESIAN_POINT('Ctrl Pts',(-12.5649474629705,14.7666257649144,20.));
#5478=CARTESIAN_POINT('Ctrl Pts',(-12.6517190296453,14.782308676768,20.));
#5479=CARTESIAN_POINT('Ctrl Pts',(-12.7387901814901,14.7974037278703,20.));
#5480=CARTESIAN_POINT('Ctrl Pts',(-12.8261548032507,14.8119111392299,20.));
#5481=CARTESIAN_POINT('Ctrl Pts',(-12.9138074356755,14.8258312821015,20.));
#5482=CARTESIAN_POINT('Ctrl Pts',(-13.0017436530765,14.8391647871815,20.));
#5483=CARTESIAN_POINT('Ctrl Pts',(-13.0899603053849,14.8519125851461,20.));
#5484=CARTESIAN_POINT('Ctrl Pts',(-13.1784552693088,14.864075699041,20.));
#5485=CARTESIAN_POINT('Ctrl Pts',(-13.2494728779378,14.8733392046656,20.));
#5486=CARTESIAN_POINT('Ctrl Pts',(-13.3028604822497,14.8800244716855,20.));
#5487=CARTESIAN_POINT('Ctrl Pts',(-13.3385074881102,14.8843647497237,20.));
#5488=CARTESIAN_POINT('Ctrl Pts',(-13.3563448084486,14.8865057470794,20.));
#5489=CARTESIAN_POINT('',(-12.9882921110031,7.5735035986315,12.5));
#5490=CARTESIAN_POINT('Ctrl Pts',(-8.16580022434864,12.624317621767,20.));
#5491=CARTESIAN_POINT('Ctrl Pts',(-10.1383498527492,11.3484113367129,17.5));
#5492=CARTESIAN_POINT('Ctrl Pts',(-11.8049321737172,9.60292424097517,15.));
#5493=CARTESIAN_POINT('Ctrl Pts',(-12.9882921110031,7.5735035986315,12.5));
#5494=CARTESIAN_POINT('Ctrl Pts',(-12.9882921110031,7.5735035986315,12.5));
#5495=CARTESIAN_POINT('Ctrl Pts',(-13.0013242135528,7.58110264819973,12.5));
#5496=CARTESIAN_POINT('Ctrl Pts',(-13.0276352266387,7.59578428311092,12.5));
#5497=CARTESIAN_POINT('Ctrl Pts',(-13.0678421523213,7.61625738196603,12.5));
#5498=CARTESIAN_POINT('Ctrl Pts',(-13.1228577261356,7.64061585157218,12.5));
#5499=CARTESIAN_POINT('Ctrl Pts',(-13.1935404545129,7.66708637111642,12.5));
#5500=CARTESIAN_POINT('Ctrl Pts',(-13.2655933604088,7.69073548560396,12.5));
#5501=CARTESIAN_POINT('Ctrl Pts',(-13.3384845910743,7.71268691258023,12.5));
#5502=CARTESIAN_POINT('Ctrl Pts',(-13.4118358880148,7.73372317692094,12.5));
#5503=CARTESIAN_POINT('Ctrl Pts',(-13.4855097956821,7.7540975360986,12.5));
#5504=CARTESIAN_POINT('Ctrl Pts',(-13.5595197660622,7.77373325646371,12.5));
#5505=CARTESIAN_POINT('Ctrl Pts',(-13.6339676564792,7.79236311377346,12.5));
#5506=CARTESIAN_POINT('Ctrl Pts',(-13.7089757886257,7.80968045017647,12.5));
#5507=CARTESIAN_POINT('Ctrl Pts',(-13.7846088539964,7.8255132840605,12.5));
#5508=CARTESIAN_POINT('Ctrl Pts',(-13.8608465535283,7.83988453638113,12.5));
#5509=CARTESIAN_POINT('Ctrl Pts',(-13.9376221989713,7.85292442190918,12.5));
#5510=CARTESIAN_POINT('Ctrl Pts',(-14.0148453614708,7.8648185528005,12.5));
#5511=CARTESIAN_POINT('Ctrl Pts',(-14.0924287042466,7.87574676831559,12.5));
#5512=CARTESIAN_POINT('Ctrl Pts',(-14.1703186258294,7.88581317936399,12.5));
#5513=CARTESIAN_POINT('Ctrl Pts',(-14.2484979798416,7.89503985765614,12.5));
#5514=CARTESIAN_POINT('Ctrl Pts',(-14.3269705415785,7.90340207978769,12.5));
#5515=CARTESIAN_POINT('Ctrl Pts',(-14.4057507261702,7.91085161871705,12.5));
#5516=CARTESIAN_POINT('Ctrl Pts',(-14.4848519798075,7.91734306111654,12.5));
#5517=CARTESIAN_POINT('Ctrl Pts',(-14.5642736153932,7.9228636563998,12.5));
#5518=CARTESIAN_POINT('Ctrl Pts',(-14.6440017912559,7.92743103833908,12.5));
#5519=CARTESIAN_POINT('Ctrl Pts',(-14.7240154334104,7.93107971695077,12.5));
#5520=CARTESIAN_POINT('Ctrl Pts',(-14.8042906044929,7.9338511008659,12.5));
#5521=CARTESIAN_POINT('Ctrl Pts',(-14.8848052543123,7.93578265564212,12.5));
#5522=CARTESIAN_POINT('Ctrl Pts',(-14.9655444866605,7.93689588784873,12.5));
#5523=CARTESIAN_POINT('Ctrl Pts',(-15.0464994379276,7.93719886990751,12.5));
#5524=CARTESIAN_POINT('Ctrl Pts',(-15.1276648934086,7.93669163946927,12.5));
#5525=CARTESIAN_POINT('Ctrl Pts',(-15.2090373147263,7.93537066505149,12.5));
#5526=CARTESIAN_POINT('Ctrl Pts',(-15.290612777861,7.93323351735726,12.5));
#5527=CARTESIAN_POINT('Ctrl Pts',(-15.3723847304665,7.93028395308647,12.5));
#5528=CARTESIAN_POINT('Ctrl Pts',(-15.4543445771344,7.92653057356482,12.5));
#5529=CARTESIAN_POINT('Ctrl Pts',(-15.5364826138685,7.92198469162455,12.5));
#5530=CARTESIAN_POINT('Ctrl Pts',(-15.618788847345,7.91665846280709,12.5));
#5531=CARTESIAN_POINT('Ctrl Pts',(-15.7012538305019,7.91056298095658,12.5));
#5532=CARTESIAN_POINT('Ctrl Pts',(-15.7838695708856,7.90370621251498,12.5));
#5533=CARTESIAN_POINT('Ctrl Pts',(-15.8666292423889,7.8960936303806,12.5));
#5534=CARTESIAN_POINT('Ctrl Pts',(-15.9495267745692,7.88772912628561,12.5));
#5535=CARTESIAN_POINT('Ctrl Pts',(-16.0325564792797,7.87861584107265,12.5));
#5536=CARTESIAN_POINT('Ctrl Pts',(-16.1157126770538,7.86875699869936,12.5));
#5537=CARTESIAN_POINT('Ctrl Pts',(-16.1989892807208,7.85815683716455,12.5));
#5538=CARTESIAN_POINT('Ctrl Pts',(-16.2823799073802,7.84682037006308,12.5));
#5539=CARTESIAN_POINT('Ctrl Pts',(-16.3658780555725,7.83475300517291,12.5));
#5540=CARTESIAN_POINT('Ctrl Pts',(-16.4494772627273,7.82196021141767,12.5));
#5541=CARTESIAN_POINT('Ctrl Pts',(-16.5331712597277,7.80844719037128,12.5));
#5542=CARTESIAN_POINT('Ctrl Pts',(-16.6169541532654,7.7942185005639,12.5));
#5543=CARTESIAN_POINT('Ctrl Pts',(-16.7008203624844,7.7792781423353,12.5));
#5544=CARTESIAN_POINT('Ctrl Pts',(-16.7847645074287,7.7636297373188,12.5));
#5545=CARTESIAN_POINT('Ctrl Pts',(-16.868781309297,7.74727668530488,12.5));
#5546=CARTESIAN_POINT('Ctrl Pts',(-16.9528654958209,7.7302223222959,12.5));
#5547=CARTESIAN_POINT('Ctrl Pts',(-17.0370116771552,7.71247011685172,12.5));
#5548=CARTESIAN_POINT('Ctrl Pts',(-17.1212143962356,7.69402364916753,12.5));
#5549=CARTESIAN_POINT('Ctrl Pts',(-17.2054682373965,7.6748865156506,12.5));
#5550=CARTESIAN_POINT('Ctrl Pts',(-17.2897679227136,7.65506225974881,12.5));
#5551=CARTESIAN_POINT('Ctrl Pts',(-17.3741083968703,7.63455430406047,12.5));
#5552=CARTESIAN_POINT('Ctrl Pts',(-17.4584849576399,7.6133658689623,12.5));
#5553=CARTESIAN_POINT('Ctrl Pts',(-17.5428931817954,7.59149998349755,12.5));
#5554=CARTESIAN_POINT('Ctrl Pts',(-17.6273287240659,7.56895955729854,12.5));
#5555=CARTESIAN_POINT('Ctrl Pts',(-17.7117871413724,7.54574744240994,12.5));
#5556=CARTESIAN_POINT('Ctrl Pts',(-17.7962637344655,7.52186649560632,12.5));
#5557=CARTESIAN_POINT('Ctrl Pts',(-17.8807533132732,7.49731966626146,12.5));
#5558=CARTESIAN_POINT('Ctrl Pts',(-17.9652502442161,7.47211000206997,12.5));
#5559=CARTESIAN_POINT('Ctrl Pts',(-18.0497488664682,7.44624054345859,12.5));
#5560=CARTESIAN_POINT('Ctrl Pts',(-18.1342438242508,7.41971425029398,12.5));
#5561=CARTESIAN_POINT('Ctrl Pts',(-18.2187304149036,7.39253392011909,12.5));
#5562=CARTESIAN_POINT('Ctrl Pts',(-18.3032049750521,7.36470211499895,12.5));
#5563=CARTESIAN_POINT('Ctrl Pts',(-18.3876651148665,7.33622108833253,12.5));
#5564=CARTESIAN_POINT('Ctrl Pts',(-18.4721094022695,7.30709271205589,12.5));
#5565=CARTESIAN_POINT('Ctrl Pts',(-18.5396515917431,7.28327326804567,12.5));
#5566=CARTESIAN_POINT('Ctrl Pts',(-18.5903006855971,7.26511842348405,12.5));
#5567=CARTESIAN_POINT('Ctrl Pts',(-18.6240633946028,7.25288623149472,12.5));
#5568=CARTESIAN_POINT('Ctrl Pts',(-18.6409439107089,7.24673789492923,12.5));
#5569=CARTESIAN_POINT('Ctrl Pts',(-7.18086174203363,11.1016038769989,20.));
#5570=CARTESIAN_POINT('Ctrl Pts',(-8.91548734781424,9.97959422980649,17.5));
#5571=CARTESIAN_POINT('Ctrl Pts',(-10.3810506606301,8.44464343960441,15.));
#5572=CARTESIAN_POINT('Ctrl Pts',(-11.4216766699921,6.66000645991862,12.5));
#5573=CARTESIAN_POINT('Ctrl Pts',(-7.50917456947196,11.609175125255,20.));
#5574=CARTESIAN_POINT('Ctrl Pts',(-9.32310818279255,10.4358665987753,17.5));
#5575=CARTESIAN_POINT('Ctrl Pts',(-10.8556778316592,8.83073704006133,15.));
#5576=CARTESIAN_POINT('Ctrl Pts',(-11.9438818169958,6.96450550615625,12.5));
#5577=CARTESIAN_POINT('Ctrl Pts',(-7.8374873969103,12.116746373511,20.));
#5578=CARTESIAN_POINT('Ctrl Pts',(-9.73072901777088,10.8921389677441,17.5));
#5579=CARTESIAN_POINT('Ctrl Pts',(-11.3303050026882,9.21683064051825,15.));
#5580=CARTESIAN_POINT('Ctrl Pts',(-12.4660869639994,7.26900455239387,12.5));
#5581=CARTESIAN_POINT('Ctrl Pts',(-8.16580022434864,12.624317621767,20.));
#5582=CARTESIAN_POINT('Ctrl Pts',(-10.1383498527492,11.3484113367129,17.5));
#5583=CARTESIAN_POINT('Ctrl Pts',(-11.8049321737172,9.60292424097517,15.));
#5584=CARTESIAN_POINT('Ctrl Pts',(-12.9882921110031,7.5735035986315,12.5));
#5585=CARTESIAN_POINT('',(-7.18086174203363,11.1016038769989,20.));
#5586=CARTESIAN_POINT('',(-7.18086174203363,11.1016038769989,20.));
#5587=CARTESIAN_POINT('',(-11.4216766699921,6.66000645991862,12.5));
#5588=CARTESIAN_POINT('Ctrl Pts',(-7.18086174203363,11.1016038769989,20.));
#5589=CARTESIAN_POINT('Ctrl Pts',(-8.91548734781424,9.97959422980649,17.5));
#5590=CARTESIAN_POINT('Ctrl Pts',(-10.3810506606301,8.44464343960441,15.));
#5591=CARTESIAN_POINT('Ctrl Pts',(-11.4216766699921,6.66000645991862,12.5));
#5592=CARTESIAN_POINT('',(-11.4216766699921,6.66000645991862,12.5));
#5593=CARTESIAN_POINT('Ctrl Pts',(-4.67870117416377,10.3649476275994,20.));
#5594=CARTESIAN_POINT('Ctrl Pts',(-6.29822424097574,9.63390056913651,17.5));
#5595=CARTESIAN_POINT('Ctrl Pts',(-7.74204972891946,8.51706139232079,15.));
#5596=CARTESIAN_POINT('Ctrl Pts',(-8.85661462839333,7.13321535663471,12.5));
#5597=CARTESIAN_POINT('Ctrl Pts',(-5.04866088496268,10.1979491057063,20.));
#5598=CARTESIAN_POINT('Ctrl Pts',(-6.64198794794605,9.40924404648162,17.5));
#5599=CARTESIAN_POINT('Ctrl Pts',(-8.04607666401038,8.2405431785762,15.));
#5600=CARTESIAN_POINT('Ctrl Pts',(-9.11122298583258,6.8170931045692,12.5));
#5601=CARTESIAN_POINT('Ctrl Pts',(-6.03514580163656,10.0780085161653,20.));
#5602=CARTESIAN_POINT('Ctrl Pts',(-7.61007265095424,9.13513787238215,17.5));
#5603=CARTESIAN_POINT('Ctrl Pts',(-8.95803042913997,7.81709801597836,15.));
#5604=CARTESIAN_POINT('Ctrl Pts',(-9.93711368728613,6.26442432030769,12.5));
#5605=CARTESIAN_POINT('Ctrl Pts',(-6.88692365831907,10.6471759424431,20.));
#5606=CARTESIAN_POINT('Ctrl Pts',(-8.54997154771428,9.57065895755747,17.5));
#5607=CARTESIAN_POINT('Ctrl Pts',(-9.95682561985857,8.09910349848528,15.));
#5608=CARTESIAN_POINT('Ctrl Pts',(-10.9541470233018,6.38738882617475,12.5));
#5609=CARTESIAN_POINT('Ctrl Pts',(-7.18086174203363,11.1016038769989,20.));
#5610=CARTESIAN_POINT('Ctrl Pts',(-8.91548734781424,9.97959422980649,17.5));
#5611=CARTESIAN_POINT('Ctrl Pts',(-10.3810506606301,8.44464343960441,15.));
#5612=CARTESIAN_POINT('Ctrl Pts',(-11.4216766699921,6.66000645991862,12.5));
#5613=CARTESIAN_POINT('',(-4.67870117416377,10.3649476275994,20.));
#5614=CARTESIAN_POINT('Origin',(-5.50154696631357,12.1878367636528,20.));
#5615=CARTESIAN_POINT('',(-8.85661462839333,7.13321535663471,12.5));
#5616=CARTESIAN_POINT('Ctrl Pts',(-4.67870117416375,10.3649476275994,20.));
#5617=CARTESIAN_POINT('Ctrl Pts',(-6.29822424097571,9.63390056913653,17.5));
#5618=CARTESIAN_POINT('Ctrl Pts',(-7.74204972891944,8.51706139232081,15.));
#5619=CARTESIAN_POINT('Ctrl Pts',(-8.85661462839332,7.13321535663473,12.5));
#5620=CARTESIAN_POINT('Origin',(-10.4142323963134,8.38773793078784,12.5));
#5621=CARTESIAN_POINT('Ctrl Pts',(-4.02078342672229,10.6374660815156,20.));
#5622=CARTESIAN_POINT('Ctrl Pts',(-5.68288750195865,10.0092186710904,17.5));
#5623=CARTESIAN_POINT('Ctrl Pts',(-7.19378529711835,8.98493861217689,15.));
#5624=CARTESIAN_POINT('Ctrl Pts',(-8.39278009742346,7.67356672195483,12.5));
#5625=CARTESIAN_POINT('Ctrl Pts',(-4.24286234000497,10.5535239841111,20.));
#5626=CARTESIAN_POINT('Ctrl Pts',(-5.89185053795171,9.89057671267733,17.5));
#5627=CARTESIAN_POINT('Ctrl Pts',(-7.38136425810738,8.83475365703195,15.));
#5628=CARTESIAN_POINT('Ctrl Pts',(-8.55298153501724,7.49835023062378,12.5));
#5629=CARTESIAN_POINT('Ctrl Pts',(-4.4623116423213,10.4626251068384,20.));
#5630=CARTESIAN_POINT('Ctrl Pts',(-6.09709689038599,9.76538888117365,17.5));
#5631=CARTESIAN_POINT('Ctrl Pts',(-7.56423855799294,8.67869261517481,15.));
#5632=CARTESIAN_POINT('Ctrl Pts',(-8.70769413337379,7.31811534474889,12.5));
#5633=CARTESIAN_POINT('Ctrl Pts',(-4.67870117416375,10.3649476275994,20.));
#5634=CARTESIAN_POINT('Ctrl Pts',(-6.29822424097571,9.63390056913653,17.5));
#5635=CARTESIAN_POINT('Ctrl Pts',(-7.74204972891944,8.51706139232081,15.));
#5636=CARTESIAN_POINT('Ctrl Pts',(-8.85661462839332,7.13321535663473,12.5));
#5637=CARTESIAN_POINT('',(-4.02078342672229,10.6374660815156,20.));
#5638=CARTESIAN_POINT('Origin',(0.,0.,20.));
#5639=CARTESIAN_POINT('',(-8.39278009742346,7.67356672195483,12.5));
#5640=CARTESIAN_POINT('Ctrl Pts',(-4.02078342672229,10.6374660815156,20.));
#5641=CARTESIAN_POINT('Ctrl Pts',(-5.68288750195865,10.0092186710904,17.5));
#5642=CARTESIAN_POINT('Ctrl Pts',(-7.19378529711835,8.98493861217689,15.));
#5643=CARTESIAN_POINT('Ctrl Pts',(-8.39278009742346,7.67356672195483,12.5));
#5644=CARTESIAN_POINT('Origin',(0.,0.,12.5));
#5645=CARTESIAN_POINT('Ctrl Pts',(-2.77238335091779,12.9276554160278,20.));
#5646=CARTESIAN_POINT('Ctrl Pts',(-4.79232950967159,12.494470517447,17.5));
#5647=CARTESIAN_POINT('Ctrl Pts',(-6.70732106508124,11.5797262390153,15.));
#5648=CARTESIAN_POINT('Ctrl Pts',(-8.31368252515277,10.2807133444606,12.5));
#5649=CARTESIAN_POINT('Ctrl Pts',(-2.68727075453669,12.5307744012814,20.));
#5650=CARTESIAN_POINT('Ctrl Pts',(-4.64532747643239,12.1110198144553,17.5));
#5651=CARTESIAN_POINT('Ctrl Pts',(-6.50123595012196,11.2241652383621,15.));
#5652=CARTESIAN_POINT('Ctrl Pts',(-8.05845118964151,9.96509385947585,12.5));
#5653=CARTESIAN_POINT('Ctrl Pts',(-2.77830974705535,11.5411930721891,20.));
#5654=CARTESIAN_POINT('Ctrl Pts',(-4.58179168424775,11.1068703262784,17.5));
#5655=CARTESIAN_POINT('Ctrl Pts',(-6.27987314327248,10.2433618345174,15.));
#5656=CARTESIAN_POINT('Ctrl Pts',(-7.69260552961922,9.04112618791492,12.5));
#5657=CARTESIAN_POINT('Ctrl Pts',(-3.51453434998837,10.8288197255063,20.));
#5658=CARTESIAN_POINT('Ctrl Pts',(-5.20599101256459,10.2801422680983,17.5));
#5659=CARTESIAN_POINT('Ctrl Pts',(-6.76645768572089,9.32663416184586,15.));
#5660=CARTESIAN_POINT('Ctrl Pts',(-8.02758635311662,8.07298864659293,12.5));
#5661=CARTESIAN_POINT('Ctrl Pts',(-4.02078342672229,10.6374660815156,20.));
#5662=CARTESIAN_POINT('Ctrl Pts',(-5.68288750195865,10.0092186710904,17.5));
#5663=CARTESIAN_POINT('Ctrl Pts',(-7.19378529711835,8.98493861217689,15.));
#5664=CARTESIAN_POINT('Ctrl Pts',(-8.39278009742346,7.67356672195483,12.5));
#5665=CARTESIAN_POINT('',(-2.77238335091779,12.9276554160278,20.));
#5666=CARTESIAN_POINT('Origin',(-4.72792085667697,12.5082831904702,20.));
#5667=CARTESIAN_POINT('',(-8.31368252515277,10.2807133444606,12.5));
#5668=CARTESIAN_POINT('Ctrl Pts',(-2.77238335091779,12.9276554160278,20.));
#5669=CARTESIAN_POINT('Ctrl Pts',(-4.79232950967159,12.494470517447,17.5));
#5670=CARTESIAN_POINT('Ctrl Pts',(-6.70732106508124,11.5797262390153,15.));
#5671=CARTESIAN_POINT('Ctrl Pts',(-8.31368252515277,10.2807133444606,12.5));
#5672=CARTESIAN_POINT('Origin',(-9.86882302697385,9.02312119292825,12.5));
#5673=CARTESIAN_POINT('Ctrl Pts',(-3.15264788575272,14.7008333106558,20.));
#5674=CARTESIAN_POINT('Ctrl Pts',(-5.44965309054207,14.2082320785071,17.5));
#5675=CARTESIAN_POINT('Ctrl Pts',(-7.62730795071786,13.1680200117136,15.));
#5676=CARTESIAN_POINT('Ctrl Pts',(-9.45400051802556,11.6908324307725,12.5));
#5677=CARTESIAN_POINT('Ctrl Pts',(-3.02589304080775,14.1097740124465,20.));
#5678=CARTESIAN_POINT('Ctrl Pts',(-5.23054523025191,13.6369782248204,17.5));
#5679=CARTESIAN_POINT('Ctrl Pts',(-7.32064565550565,12.6385887541475,15.));
#5680=CARTESIAN_POINT('Ctrl Pts',(-9.0738945204013,11.2207927353352,12.5));
#5681=CARTESIAN_POINT('Ctrl Pts',(-2.89913819586277,13.5187147142372,20.));
#5682=CARTESIAN_POINT('Ctrl Pts',(-5.01143736996175,13.0657243711337,17.5));
#5683=CARTESIAN_POINT('Ctrl Pts',(-7.01398336029345,12.1091574965814,15.));
#5684=CARTESIAN_POINT('Ctrl Pts',(-8.69378852277703,10.7507530398979,12.5));
#5685=CARTESIAN_POINT('Ctrl Pts',(-2.77238335091779,12.9276554160278,20.));
#5686=CARTESIAN_POINT('Ctrl Pts',(-4.79232950967159,12.494470517447,17.5));
#5687=CARTESIAN_POINT('Ctrl Pts',(-6.70732106508124,11.5797262390153,15.));
#5688=CARTESIAN_POINT('Ctrl Pts',(-8.31368252515277,10.2807133444606,12.5));
#5689=CARTESIAN_POINT('',(-3.15264788575272,14.7008333106558,20.));
#5690=CARTESIAN_POINT('',(-3.15264788575272,14.7008333106558,20.));
#5691=CARTESIAN_POINT('',(-9.45400051802556,11.6908324307725,12.5));
#5692=CARTESIAN_POINT('Ctrl Pts',(-3.15264788575272,14.7008333106558,20.));
#5693=CARTESIAN_POINT('Ctrl Pts',(-5.44965309054207,14.2082320785071,17.5));
#5694=CARTESIAN_POINT('Ctrl Pts',(-7.62730795071786,13.1680200117136,15.));
#5695=CARTESIAN_POINT('Ctrl Pts',(-9.45400051802556,11.6908324307725,12.5));
#5696=CARTESIAN_POINT('',(-9.45400051802556,11.6908324307725,12.5));
#5697=CARTESIAN_POINT('Ctrl Pts',(-1.08198717601261,19.9707111478521,20.));
#5698=CARTESIAN_POINT('Ctrl Pts',(-4.20241079286365,19.8016506516002,17.5));
#5699=CARTESIAN_POINT('Ctrl Pts',(-7.28001642827128,18.8882764116818,15.));
#5700=CARTESIAN_POINT('Ctrl Pts',(-9.98747478400208,17.3277334766819,12.5));
#5701=CARTESIAN_POINT('Ctrl Pts',(-1.63693599705223,19.2643709519409,20.));
#5702=CARTESIAN_POINT('Ctrl Pts',(-4.64704606944653,19.0086967019171,17.5));
#5703=CARTESIAN_POINT('Ctrl Pts',(-7.59354467676367,18.0348510104722,15.));
#5704=CARTESIAN_POINT('Ctrl Pts',(-10.1634589789951,16.4468735392084,12.5));
#5705=CARTESIAN_POINT('Ctrl Pts',(-2.41434097063411,18.0296124635534,20.));
#5706=CARTESIAN_POINT('Ctrl Pts',(-5.23146730314684,17.6524387055737,17.5));
#5707=CARTESIAN_POINT('Ctrl Pts',(-7.9563225017891,16.603281220906,15.));
#5708=CARTESIAN_POINT('Ctrl Pts',(-10.2991794947475,14.9940944922784,12.5));
#5709=CARTESIAN_POINT('Ctrl Pts',(-2.97790045657542,16.4879610169954,20.));
#5710=CARTESIAN_POINT('Ctrl Pts',(-5.55412772761877,16.0223961272945,17.5));
#5711=CARTESIAN_POINT('Ctrl Pts',(-8.01746553078389,14.9433472983696,15.));
#5712=CARTESIAN_POINT('Ctrl Pts',(-10.1054757612151,13.3641351858893,12.5));
#5713=CARTESIAN_POINT('Ctrl Pts',(-3.15045501079212,15.586344102348,20.));
#5714=CARTESIAN_POINT('Ctrl Pts',(-5.5858252284445,15.0941743691136,17.5));
#5715=CARTESIAN_POINT('Ctrl Pts',(-7.90176509676351,14.0211291192245,15.));
#5716=CARTESIAN_POINT('Ctrl Pts',(-9.85209269375915,12.481817127542,12.5));
#5717=CARTESIAN_POINT('Ctrl Pts',(-3.1787538740842,15.0764944026331,20.));
#5718=CARTESIAN_POINT('Ctrl Pts',(-5.53444549987983,14.5796786735151,17.5));
#5719=CARTESIAN_POINT('Ctrl Pts',(-7.76985880259078,13.521638736191,15.));
#5720=CARTESIAN_POINT('Ctrl Pts',(-9.64700351427605,12.0141784097032,12.5));
#5721=CARTESIAN_POINT('Ctrl Pts',(-3.17900856902505,14.823753479601,20.));
#5722=CARTESIAN_POINT('Ctrl Pts',(-5.49520937838324,14.3270025458801,17.5));
#5723=CARTESIAN_POINT('Ctrl Pts',(-7.69110670127373,13.2781463472271,15.));
#5724=CARTESIAN_POINT('Ctrl Pts',(-9.53304959751151,11.7885846511489,12.5));
#5725=CARTESIAN_POINT('Ctrl Pts',(-3.15264788575272,14.7008333106558,20.));
#5726=CARTESIAN_POINT('Ctrl Pts',(-5.44965309054207,14.2082320785071,17.5));
#5727=CARTESIAN_POINT('Ctrl Pts',(-7.62730795071786,13.1680200117136,15.));
#5728=CARTESIAN_POINT('Ctrl Pts',(-9.45400051802556,11.6908324307725,12.5));
#5729=CARTESIAN_POINT('',(-1.08198717601261,19.9707111478521,20.));
#5730=CARTESIAN_POINT('Ctrl Pts',(-1.08198717601261,19.9707111478521,20.));
#5731=CARTESIAN_POINT('Ctrl Pts',(-1.09308615243341,19.9565843439339,20.));
#5732=CARTESIAN_POINT('Ctrl Pts',(-1.11522335197329,19.9283090643279,20.));
#5733=CARTESIAN_POINT('Ctrl Pts',(-1.14824689136965,19.8858311296438,20.));
#5734=CARTESIAN_POINT('Ctrl Pts',(-1.19191363637022,19.8290638093539,20.));
#5735=CARTESIAN_POINT('Ctrl Pts',(-1.24588840514628,19.757887799947,20.));
#5736=CARTESIAN_POINT('Ctrl Pts',(-1.29925294382109,19.6864951525002,20.));
#5737=CARTESIAN_POINT('Ctrl Pts',(-1.35200502759822,19.614886645005,20.));
#5738=CARTESIAN_POINT('Ctrl Pts',(-1.40414177095503,19.543063846809,20.));
#5739=CARTESIAN_POINT('Ctrl Pts',(-1.45565959848793,19.4710294413764,20.));
#5740=CARTESIAN_POINT('Ctrl Pts',(-1.50655438740631,19.3987870264645,20.));
#5741=CARTESIAN_POINT('Ctrl Pts',(-1.55682165729582,19.3263407699341,20.));
#5742=CARTESIAN_POINT('Ctrl Pts',(-1.60645675620051,19.2536951044426,20.));
#5743=CARTESIAN_POINT('Ctrl Pts',(-1.65545503374209,19.1808544344922,20.));
#5744=CARTESIAN_POINT('Ctrl Pts',(-1.70381207107564,19.1078227737426,20.));
#5745=CARTESIAN_POINT('Ctrl Pts',(-1.75152369018576,19.0346036982661,20.));
#5746=CARTESIAN_POINT('Ctrl Pts',(-1.79858579731892,18.961200542173,20.));
#5747=CARTESIAN_POINT('Ctrl Pts',(-1.84499427445281,18.8876165286964,20.));
#5748=CARTESIAN_POINT('Ctrl Pts',(-1.89074486581643,18.8138549179671,20.));
#5749=CARTESIAN_POINT('Ctrl Pts',(-1.93583304694183,18.7399191756673,20.));
#5750=CARTESIAN_POINT('Ctrl Pts',(-1.9802539912468,18.6658130400464,20.));
#5751=CARTESIAN_POINT('Ctrl Pts',(-2.02400268799135,18.5915404232639,20.));
#5752=CARTESIAN_POINT('Ctrl Pts',(-2.06707403321868,18.5171053518823,20.));
#5753=CARTESIAN_POINT('Ctrl Pts',(-2.10946292548728,18.4425118968526,20.));
#5754=CARTESIAN_POINT('Ctrl Pts',(-2.15116439037182,18.36776410001,20.));
#5755=CARTESIAN_POINT('Ctrl Pts',(-2.1921736160257,18.2928659327343,20.));
#5756=CARTESIAN_POINT('Ctrl Pts',(-2.23248572795127,18.217821352751,20.));
#5757=CARTESIAN_POINT('Ctrl Pts',(-2.27209560933919,18.1426343448333,20.));
#5758=CARTESIAN_POINT('Ctrl Pts',(-2.31099772094441,18.0673089667436,20.));
#5759=CARTESIAN_POINT('Ctrl Pts',(-2.34918589578986,17.9918493993518,20.));
#5760=CARTESIAN_POINT('Ctrl Pts',(-2.38665323880352,17.9162599804201,20.));
#5761=CARTESIAN_POINT('Ctrl Pts',(-2.4233925406169,17.8405451482982,20.));
#5762=CARTESIAN_POINT('Ctrl Pts',(-2.45939663785792,17.7647093973311,20.));
#5763=CARTESIAN_POINT('Ctrl Pts',(-2.49465877865787,17.6887572319414,20.));
#5764=CARTESIAN_POINT('Ctrl Pts',(-2.52917304027013,17.6126931170314,20.));
#5765=CARTESIAN_POINT('Ctrl Pts',(-2.56293459052787,17.536521445824,20.));
#5766=CARTESIAN_POINT('Ctrl Pts',(-2.59593867354423,17.4602466456713,20.));
#5767=CARTESIAN_POINT('Ctrl Pts',(-2.62817970083326,17.3838732734008,20.));
#5768=CARTESIAN_POINT('Ctrl Pts',(-2.65965034605023,17.3074061115881,20.));
#5769=CARTESIAN_POINT('Ctrl Pts',(-2.69034055009401,17.2308502747221,20.));
#5770=CARTESIAN_POINT('Ctrl Pts',(-2.7202368290013,17.1542112857632,20.));
#5771=CARTESIAN_POINT('Ctrl Pts',(-2.74932451979768,17.0774948561813,20.));
#5772=CARTESIAN_POINT('Ctrl Pts',(-2.77758985041388,17.0007066849083,20.));
#5773=CARTESIAN_POINT('Ctrl Pts',(-2.80502197067869,16.9238522617194,20.));
#5774=CARTESIAN_POINT('Ctrl Pts',(-2.83161527036857,16.8469366434348,20.));
#5775=CARTESIAN_POINT('Ctrl Pts',(-2.85737083613319,16.7699643154311,20.));
#5776=CARTESIAN_POINT('Ctrl Pts',(-2.88229092209454,16.6929397398175,20.));
#5777=CARTESIAN_POINT('Ctrl Pts',(-2.90637386870258,16.6158678603231,20.));
#5778=CARTESIAN_POINT('Ctrl Pts',(-2.92960924488182,16.5387545862828,20.));
#5779=CARTESIAN_POINT('Ctrl Pts',(-2.95197197484597,16.4616073765492,20.));
#5780=CARTESIAN_POINT('Ctrl Pts',(-2.97341958960062,16.384435518934,20.));
#5781=CARTESIAN_POINT('Ctrl Pts',(-2.99390528547616,16.3072488667935,20.));
#5782=CARTESIAN_POINT('Ctrl Pts',(-3.01338970605717,16.2300567005717,20.));
#5783=CARTESIAN_POINT('Ctrl Pts',(-3.03185178418109,16.1528666829349,20.));
#5784=CARTESIAN_POINT('Ctrl Pts',(-3.04930342258155,16.0756834371384,20.));
#5785=CARTESIAN_POINT('Ctrl Pts',(-3.06579196375491,15.9985083264192,20.));
#5786=CARTESIAN_POINT('Ctrl Pts',(-3.08136772573746,15.9213426693901,20.));
#5787=CARTESIAN_POINT('Ctrl Pts',(-3.09605537835934,15.8441905768973,20.));
#5788=CARTESIAN_POINT('Ctrl Pts',(-3.10982860812469,15.7670614701187,20.));
#5789=CARTESIAN_POINT('Ctrl Pts',(-3.12257178946138,15.6899738673184,20.));
#5790=CARTESIAN_POINT('Ctrl Pts',(-3.13408682871613,15.6129547643716,20.));
#5791=CARTESIAN_POINT('Ctrl Pts',(-3.14416918352302,15.5360322979217,20.));
#5792=CARTESIAN_POINT('Ctrl Pts',(-3.1526743472137,15.4592292940954,20.));
#5793=CARTESIAN_POINT('Ctrl Pts',(-3.15957421757483,15.3825579055778,20.));
#5794=CARTESIAN_POINT('Ctrl Pts',(-3.16505236989911,15.3060102092177,20.));
#5795=CARTESIAN_POINT('Ctrl Pts',(-3.16943830528709,15.2295654526893,20.));
#5796=CARTESIAN_POINT('Ctrl Pts',(-3.17301767943506,15.1532100516781,20.));
#5797=CARTESIAN_POINT('Ctrl Pts',(-3.17586759985902,15.0769551165339,20.));
#5798=CARTESIAN_POINT('Ctrl Pts',(-3.17770459858144,15.0008524090268,20.));
#5799=CARTESIAN_POINT('Ctrl Pts',(-3.17766727106442,14.9250177172905,20.));
#5800=CARTESIAN_POINT('Ctrl Pts',(-3.17452215602056,14.8496065460546,20.));
#5801=CARTESIAN_POINT('Ctrl Pts',(-3.16850560178039,14.7897412850199,20.));
#5802=CARTESIAN_POINT('Ctrl Pts',(-3.1615700919633,14.7451582910295,20.));
#5803=CARTESIAN_POINT('Ctrl Pts',(-3.1558111677454,14.7155837309293,20.));
#5804=CARTESIAN_POINT('Ctrl Pts',(-3.15264788575272,14.7008333106558,20.));
#5805=CARTESIAN_POINT('',(-9.98747478400208,17.3277334766819,12.5));
#5806=CARTESIAN_POINT('Ctrl Pts',(-1.08198717601255,19.9707111478521,20.));
#5807=CARTESIAN_POINT('Ctrl Pts',(-4.20241079286359,19.8016506516002,17.5));
#5808=CARTESIAN_POINT('Ctrl Pts',(-7.28001642827121,18.8882764116818,15.));
#5809=CARTESIAN_POINT('Ctrl Pts',(-9.98747478400202,17.3277334766819,12.5));
#5810=CARTESIAN_POINT('Ctrl Pts',(-9.98747478400208,17.3277334766819,12.5));
#5811=CARTESIAN_POINT('Ctrl Pts',(-9.99099446790194,17.3101162779324,12.5));
#5812=CARTESIAN_POINT('Ctrl Pts',(-9.99796984494663,17.274889992926,12.5));
#5813=CARTESIAN_POINT('Ctrl Pts',(-10.0082409382564,17.222074902928,12.5));
#5814=CARTESIAN_POINT('Ctrl Pts',(-10.0215516571931,17.1517034738304,12.5));
#5815=CARTESIAN_POINT('Ctrl Pts',(-10.0375490768291,17.0638206965387,12.5));
#5816=CARTESIAN_POINT('Ctrl Pts',(-10.0529042187413,16.9760203337018,12.5));
#5817=CARTESIAN_POINT('Ctrl Pts',(-10.0676154495883,16.8883040844917,12.5));
#5818=CARTESIAN_POINT('Ctrl Pts',(-10.0816809040845,16.8006746525731,12.5));
#5819=CARTESIAN_POINT('Ctrl Pts',(-10.0950986048045,16.7131360472202,12.5));
#5820=CARTESIAN_POINT('Ctrl Pts',(-10.1078664990319,16.6256933406727,12.5));
#5821=CARTESIAN_POINT('Ctrl Pts',(-10.1199824725587,16.5383522753431,12.5));
#5822=CARTESIAN_POINT('Ctrl Pts',(-10.1314443777664,16.4511189073754,12.5));
#5823=CARTESIAN_POINT('Ctrl Pts',(-10.1422500557243,16.3639992670826,12.5));
#5824=CARTESIAN_POINT('Ctrl Pts',(-10.1523973774887,16.276998931494,12.5));
#5825=CARTESIAN_POINT('Ctrl Pts',(-10.161884231279,16.1901229784523,12.5));
#5826=CARTESIAN_POINT('Ctrl Pts',(-10.1707084711754,16.1033762318708,12.5));
#5827=CARTESIAN_POINT('Ctrl Pts',(-10.1788678795163,16.0167634277091,12.5));
#5828=CARTESIAN_POINT('Ctrl Pts',(-10.186360132419,15.930289397076,12.5));
#5829=CARTESIAN_POINT('Ctrl Pts',(-10.1931827591495,15.8439592758487,12.5));
#5830=CARTESIAN_POINT('Ctrl Pts',(-10.1993331425857,15.7577785795577,12.5));
#5831=CARTESIAN_POINT('Ctrl Pts',(-10.2048085798795,15.6717530620818,12.5));
#5832=CARTESIAN_POINT('Ctrl Pts',(-10.2096063367053,15.585888621475,12.5));
#5833=CARTESIAN_POINT('Ctrl Pts',(-10.2137237010345,15.5001911942557,12.5));
#5834=CARTESIAN_POINT('Ctrl Pts',(-10.2171580610006,15.4146666335847,12.5));
#5835=CARTESIAN_POINT('Ctrl Pts',(-10.2199069179492,15.3293206563188,12.5));
#5836=CARTESIAN_POINT('Ctrl Pts',(-10.2219677111642,15.2441589954374,12.5));
#5837=CARTESIAN_POINT('Ctrl Pts',(-10.2233376759742,15.1591875175192,12.5));
#5838=CARTESIAN_POINT('Ctrl Pts',(-10.2240137038136,15.0744123451038,12.5));
#5839=CARTESIAN_POINT('Ctrl Pts',(-10.2239921817118,14.9898399941504,12.5));
#5840=CARTESIAN_POINT('Ctrl Pts',(-10.2232689180201,14.9054774495197,12.5));
#5841=CARTESIAN_POINT('Ctrl Pts',(-10.2218394861375,14.8213319278,12.5));
#5842=CARTESIAN_POINT('Ctrl Pts',(-10.2196995257955,14.7374106747552,12.5));
#5843=CARTESIAN_POINT('Ctrl Pts',(-10.2168450483939,14.653720759234,12.5));
#5844=CARTESIAN_POINT('Ctrl Pts',(-10.2132727871663,14.5702688402542,12.5));
#5845=CARTESIAN_POINT('Ctrl Pts',(-10.2089804159068,14.4870610201932,12.5));
#5846=CARTESIAN_POINT('Ctrl Pts',(-10.2039656918797,14.4041033974149,12.5));
#5847=CARTESIAN_POINT('Ctrl Pts',(-10.198225688053,14.3214025619374,12.5));
#5848=CARTESIAN_POINT('Ctrl Pts',(-10.191756028979,14.2389660902909,12.5));
#5849=CARTESIAN_POINT('Ctrl Pts',(-10.1845500511747,14.1568030896982,12.5));
#5850=CARTESIAN_POINT('Ctrl Pts',(-10.176598220258,14.0749245790485,12.5));
#5851=CARTESIAN_POINT('Ctrl Pts',(-10.1678900351744,13.99334227805,12.5));
#5852=CARTESIAN_POINT('Ctrl Pts',(-10.1584157840117,13.9120674927399,12.5));
#5853=CARTESIAN_POINT('Ctrl Pts',(-10.1481682670903,13.8311100225295,12.5));
#5854=CARTESIAN_POINT('Ctrl Pts',(-10.1371447638679,13.7504769133174,12.5));
#5855=CARTESIAN_POINT('Ctrl Pts',(-10.1253482701465,13.670171675742,12.5));
#5856=CARTESIAN_POINT('Ctrl Pts',(-10.1127828127577,13.5901972722532,12.5));
#5857=CARTESIAN_POINT('Ctrl Pts',(-10.099449144597,13.5105588630557,12.5));
#5858=CARTESIAN_POINT('Ctrl Pts',(-10.0853406294193,13.4312664325287,12.5));
#5859=CARTESIAN_POINT('Ctrl Pts',(-10.0704382659673,13.3523379634908,12.5));
#5860=CARTESIAN_POINT('Ctrl Pts',(-10.0547083621884,13.2738009281918,12.5));
#5861=CARTESIAN_POINT('Ctrl Pts',(-10.0381136144169,13.1956852617057,12.5));
#5862=CARTESIAN_POINT('Ctrl Pts',(-10.0206231041083,13.118017023535,12.5));
#5863=CARTESIAN_POINT('Ctrl Pts',(-10.0022214983107,13.0408125673457,12.5));
#5864=CARTESIAN_POINT('Ctrl Pts',(-9.98292150450894,12.9640706403839,12.5));
#5865=CARTESIAN_POINT('Ctrl Pts',(-9.962765974411,12.8877710708504,12.5));
#5866=CARTESIAN_POINT('Ctrl Pts',(-9.94180039414428,12.8118923028704,12.5));
#5867=CARTESIAN_POINT('Ctrl Pts',(-9.92004862965872,12.7364268587432,12.5));
#5868=CARTESIAN_POINT('Ctrl Pts',(-9.89749146201734,12.6613950311057,12.5));
#5869=CARTESIAN_POINT('Ctrl Pts',(-9.8740341037741,12.5868655770601,12.5));
#5870=CARTESIAN_POINT('Ctrl Pts',(-9.84951202487153,12.5129520735978,12.5));
#5871=CARTESIAN_POINT('Ctrl Pts',(-9.82375545750492,12.4397720287723,12.5));
#5872=CARTESIAN_POINT('Ctrl Pts',(-9.7966457945984,12.3674110905303,12.5));
#5873=CARTESIAN_POINT('Ctrl Pts',(-9.76816345545696,12.2958927964704,12.5));
#5874=CARTESIAN_POINT('Ctrl Pts',(-9.73846863433182,12.2251271440021,12.5));
#5875=CARTESIAN_POINT('Ctrl Pts',(-9.70784591495002,12.154946760079,12.5));
#5876=CARTESIAN_POINT('Ctrl Pts',(-9.67654400337892,12.0852104745824,12.5));
#5877=CARTESIAN_POINT('Ctrl Pts',(-9.64463670917107,12.0158933644537,12.5));
#5878=CARTESIAN_POINT('Ctrl Pts',(-9.61189452548203,11.9471696708575,12.5));
#5879=CARTESIAN_POINT('Ctrl Pts',(-9.57760127407037,11.8795318502858,12.5));
#5880=CARTESIAN_POINT('Ctrl Pts',(-9.54072679515521,11.8136758763689,12.5));
#5881=CARTESIAN_POINT('Ctrl Pts',(-9.50831380729463,11.7629861671408,12.5));
#5882=CARTESIAN_POINT('Ctrl Pts',(-9.48198508046598,11.7263454412589,12.5));
#5883=CARTESIAN_POINT('Ctrl Pts',(-9.46348640756388,11.7025626972177,12.5));
#5884=CARTESIAN_POINT('Ctrl Pts',(-9.45400051802556,11.6908324307725,12.5));
#5885=CARTESIAN_POINT('Ctrl Pts',(1.08198717601261,19.9707111478521,20.));
#5886=CARTESIAN_POINT('Ctrl Pts',(-2.03843644083842,20.139771644104,17.5));
#5887=CARTESIAN_POINT('Ctrl Pts',(-5.19670856593793,19.5642491570901,15.));
#5888=CARTESIAN_POINT('Ctrl Pts',(-8.0569203399944,18.3053553539664,12.5));
#5889=CARTESIAN_POINT('Ctrl Pts',(0.361366927398077,20.0097534164025,20.));
#5890=CARTESIAN_POINT('Ctrl Pts',(-2.76515832255428,20.0662170097305,17.5));
#5891=CARTESIAN_POINT('Ctrl Pts',(-5.90266095329503,19.3767324457678,15.));
#5892=CARTESIAN_POINT('Ctrl Pts',(-8.71744813134305,18.0146306073367,12.5));
#5893=CARTESIAN_POINT('Ctrl Pts',(-0.361366927398011,20.0097534164025,20.));
#5894=CARTESIAN_POINT('Ctrl Pts',(-3.48789217735037,19.9532898230744,17.5));
#5895=CARTESIAN_POINT('Ctrl Pts',(-6.59845346211912,19.1509680574805,15.));
#5896=CARTESIAN_POINT('Ctrl Pts',(-9.36222335888009,17.6881200702587,12.5));
#5897=CARTESIAN_POINT('Ctrl Pts',(-1.08198717601255,19.9707111478521,20.));
#5898=CARTESIAN_POINT('Ctrl Pts',(-4.20241079286359,19.8016506516002,17.5));
#5899=CARTESIAN_POINT('Ctrl Pts',(-7.28001642827121,18.8882764116818,15.));
#5900=CARTESIAN_POINT('Ctrl Pts',(-9.98747478400202,17.3277334766819,12.5));
#5901=CARTESIAN_POINT('',(1.08198717601261,19.9707111478521,20.));
#5902=CARTESIAN_POINT('Origin',(0.,0.,20.));
#5903=CARTESIAN_POINT('',(-8.0569203399944,18.3053553539664,12.5));
#5904=CARTESIAN_POINT('Ctrl Pts',(1.08198717601261,19.9707111478521,20.));
#5905=CARTESIAN_POINT('Ctrl Pts',(-2.03843644083842,20.139771644104,17.5));
#5906=CARTESIAN_POINT('Ctrl Pts',(-5.19670856593793,19.5642491570901,15.));
#5907=CARTESIAN_POINT('Ctrl Pts',(-8.0569203399944,18.3053553539664,12.5));
#5908=CARTESIAN_POINT('Origin',(0.,0.,12.5));
#5909=CARTESIAN_POINT('Ctrl Pts',(3.15264788575272,14.7008333106558,20.));
#5910=CARTESIAN_POINT('Ctrl Pts',(0.855642680963376,15.1934345428046,17.5));
#5911=CARTESIAN_POINT('Ctrl Pts',(-1.55705474146849,15.1376404414969,15.));
#5912=CARTESIAN_POINT('Ctrl Pts',(-3.82883367578898,14.5393851796551,12.5));
#5913=CARTESIAN_POINT('Ctrl Pts',(3.17900856902505,14.823753479601,20.));
#5914=CARTESIAN_POINT('Ctrl Pts',(0.862807759666863,15.3205044133219,17.5));
#5915=CARTESIAN_POINT('Ctrl Pts',(-1.57006955068216,15.2641806091237,15.));
#5916=CARTESIAN_POINT('Ctrl Pts',(-3.86084824750375,14.6609554093744,12.5));
#5917=CARTESIAN_POINT('Ctrl Pts',(3.17875401896499,15.0764943917958,20.));
#5918=CARTESIAN_POINT('Ctrl Pts',(0.823062393169361,15.5733101209138,17.5));
#5919=CARTESIAN_POINT('Ctrl Pts',(-1.64921741630605,15.5073273137413,15.));
#5920=CARTESIAN_POINT('Ctrl Pts',(-3.97525647399888,14.886319095897,12.5));
#5921=CARTESIAN_POINT('Ctrl Pts',(3.15045517958516,15.5863440958092,20.));
#5922=CARTESIAN_POINT('Ctrl Pts',(0.715084961932772,16.0785138290436,17.5));
#5923=CARTESIAN_POINT('Ctrl Pts',(-1.83581428707476,15.9895381721801,15.));
#5924=CARTESIAN_POINT('Ctrl Pts',(-4.23083837328425,15.3283885901515,12.5));
#5925=CARTESIAN_POINT('Ctrl Pts',(2.97790105603826,16.4879609796512,20.));
#5926=CARTESIAN_POINT('Ctrl Pts',(0.401673784994916,16.9535258693521,17.5));
#5927=CARTESIAN_POINT('Ctrl Pts',(-2.28343640717895,16.8033162236302,15.));
#5928=CARTESIAN_POINT('Ctrl Pts',(-4.79210450820012,16.0547963658385,12.5));
#5929=CARTESIAN_POINT('Ctrl Pts',(2.41434141420419,18.0296125341671,20.));
#5930=CARTESIAN_POINT('Ctrl Pts',(-0.402784918308535,18.4067862921469,17.5));
#5931=CARTESIAN_POINT('Ctrl Pts',(-3.30769956733506,18.1117633902455,15.));
#5932=CARTESIAN_POINT('Ctrl Pts',(-5.99134924759447,17.1755555016392,12.5));
#5933=CARTESIAN_POINT('Ctrl Pts',(1.63693599705223,19.2643709519409,20.));
#5934=CARTESIAN_POINT('Ctrl Pts',(-1.37317407534207,19.5200452019646,17.5));
#5935=CARTESIAN_POINT('Ctrl Pts',(-4.44180047909758,19.0577017497106,15.));
#5936=CARTESIAN_POINT('Ctrl Pts',(-7.24272744564048,17.92591550746,12.5));
#5937=CARTESIAN_POINT('Ctrl Pts',(1.08198717601261,19.9707111478521,20.));
#5938=CARTESIAN_POINT('Ctrl Pts',(-2.03843644083842,20.139771644104,17.5));
#5939=CARTESIAN_POINT('Ctrl Pts',(-5.19670856593793,19.5642491570901,15.));
#5940=CARTESIAN_POINT('Ctrl Pts',(-8.0569203399944,18.3053553539664,12.5));
#5941=CARTESIAN_POINT('',(3.15264788575272,14.7008333106558,20.));
#5942=CARTESIAN_POINT('Ctrl Pts',(3.15264788575272,14.7008333106558,20.));
#5943=CARTESIAN_POINT('Ctrl Pts',(3.1558111677454,14.7155837309293,20.));
#5944=CARTESIAN_POINT('Ctrl Pts',(3.1615700919633,14.7451582910295,20.));
#5945=CARTESIAN_POINT('Ctrl Pts',(3.16850560178039,14.7897412850199,20.));
#5946=CARTESIAN_POINT('Ctrl Pts',(3.17452215602056,14.8496065460546,20.));
#5947=CARTESIAN_POINT('Ctrl Pts',(3.17766727106442,14.9250177172905,20.));
#5948=CARTESIAN_POINT('Ctrl Pts',(3.17770459858144,15.0008524090268,20.));
#5949=CARTESIAN_POINT('Ctrl Pts',(3.17586759985902,15.0769551165339,20.));
#5950=CARTESIAN_POINT('Ctrl Pts',(3.17301767943506,15.1532100516781,20.));
#5951=CARTESIAN_POINT('Ctrl Pts',(3.16943830528709,15.2295654526893,20.));
#5952=CARTESIAN_POINT('Ctrl Pts',(3.16505236989911,15.3060102092177,20.));
#5953=CARTESIAN_POINT('Ctrl Pts',(3.15957421757483,15.3825579055778,20.));
#5954=CARTESIAN_POINT('Ctrl Pts',(3.1526743472137,15.4592292940954,20.));
#5955=CARTESIAN_POINT('Ctrl Pts',(3.14416918352302,15.5360322979217,20.));
#5956=CARTESIAN_POINT('Ctrl Pts',(3.13408682871613,15.6129547643716,20.));
#5957=CARTESIAN_POINT('Ctrl Pts',(3.12257178946138,15.6899738673184,20.));
#5958=CARTESIAN_POINT('Ctrl Pts',(3.10982860812469,15.7670614701187,20.));
#5959=CARTESIAN_POINT('Ctrl Pts',(3.09605537835934,15.8441905768973,20.));
#5960=CARTESIAN_POINT('Ctrl Pts',(3.08136772573746,15.9213426693901,20.));
#5961=CARTESIAN_POINT('Ctrl Pts',(3.06579196375491,15.9985083264192,20.));
#5962=CARTESIAN_POINT('Ctrl Pts',(3.04930342258155,16.0756834371384,20.));
#5963=CARTESIAN_POINT('Ctrl Pts',(3.03185178418109,16.1528666829349,20.));
#5964=CARTESIAN_POINT('Ctrl Pts',(3.01338970605717,16.2300567005717,20.));
#5965=CARTESIAN_POINT('Ctrl Pts',(2.99390528547616,16.3072488667935,20.));
#5966=CARTESIAN_POINT('Ctrl Pts',(2.97341958960062,16.384435518934,20.));
#5967=CARTESIAN_POINT('Ctrl Pts',(2.95197197484597,16.4616073765492,20.));
#5968=CARTESIAN_POINT('Ctrl Pts',(2.92960924488182,16.5387545862828,20.));
#5969=CARTESIAN_POINT('Ctrl Pts',(2.90637386870258,16.6158678603231,20.));
#5970=CARTESIAN_POINT('Ctrl Pts',(2.88229092209454,16.6929397398175,20.));
#5971=CARTESIAN_POINT('Ctrl Pts',(2.85737083613319,16.7699643154311,20.));
#5972=CARTESIAN_POINT('Ctrl Pts',(2.83161527036857,16.8469366434348,20.));
#5973=CARTESIAN_POINT('Ctrl Pts',(2.80502197067869,16.9238522617194,20.));
#5974=CARTESIAN_POINT('Ctrl Pts',(2.77758985041388,17.0007066849083,20.));
#5975=CARTESIAN_POINT('Ctrl Pts',(2.74932451979768,17.0774948561813,20.));
#5976=CARTESIAN_POINT('Ctrl Pts',(2.7202368290013,17.1542112857632,20.));
#5977=CARTESIAN_POINT('Ctrl Pts',(2.69034055009401,17.2308502747221,20.));
#5978=CARTESIAN_POINT('Ctrl Pts',(2.65965034605023,17.3074061115881,20.));
#5979=CARTESIAN_POINT('Ctrl Pts',(2.62817970083326,17.3838732734008,20.));
#5980=CARTESIAN_POINT('Ctrl Pts',(2.59593867354423,17.4602466456713,20.));
#5981=CARTESIAN_POINT('Ctrl Pts',(2.56293459052787,17.536521445824,20.));
#5982=CARTESIAN_POINT('Ctrl Pts',(2.52917304027013,17.6126931170314,20.));
#5983=CARTESIAN_POINT('Ctrl Pts',(2.49465877865787,17.6887572319414,20.));
#5984=CARTESIAN_POINT('Ctrl Pts',(2.45939663785792,17.7647093973311,20.));
#5985=CARTESIAN_POINT('Ctrl Pts',(2.4233925406169,17.8405451482982,20.));
#5986=CARTESIAN_POINT('Ctrl Pts',(2.38665323880352,17.9162599804201,20.));
#5987=CARTESIAN_POINT('Ctrl Pts',(2.34918589578986,17.9918493993518,20.));
#5988=CARTESIAN_POINT('Ctrl Pts',(2.31099772094441,18.0673089667436,20.));
#5989=CARTESIAN_POINT('Ctrl Pts',(2.27209560933919,18.1426343448333,20.));
#5990=CARTESIAN_POINT('Ctrl Pts',(2.23248572795127,18.217821352751,20.));
#5991=CARTESIAN_POINT('Ctrl Pts',(2.1921736160257,18.2928659327343,20.));
#5992=CARTESIAN_POINT('Ctrl Pts',(2.15116439037182,18.36776410001,20.));
#5993=CARTESIAN_POINT('Ctrl Pts',(2.10946292548728,18.4425118968526,20.));
#5994=CARTESIAN_POINT('Ctrl Pts',(2.06707403321868,18.5171053518823,20.));
#5995=CARTESIAN_POINT('Ctrl Pts',(2.02400268799135,18.5915404232639,20.));
#5996=CARTESIAN_POINT('Ctrl Pts',(1.9802539912468,18.6658130400464,20.));
#5997=CARTESIAN_POINT('Ctrl Pts',(1.93583304694183,18.7399191756673,20.));
#5998=CARTESIAN_POINT('Ctrl Pts',(1.89074486581643,18.8138549179671,20.));
#5999=CARTESIAN_POINT('Ctrl Pts',(1.84499427445281,18.8876165286964,20.));
#6000=CARTESIAN_POINT('Ctrl Pts',(1.79858579731892,18.961200542173,20.));
#6001=CARTESIAN_POINT('Ctrl Pts',(1.75152369018576,19.0346036982661,20.));
#6002=CARTESIAN_POINT('Ctrl Pts',(1.70381207107564,19.1078227737426,20.));
#6003=CARTESIAN_POINT('Ctrl Pts',(1.65545503374209,19.1808544344922,20.));
#6004=CARTESIAN_POINT('Ctrl Pts',(1.60645675620051,19.2536951044426,20.));
#6005=CARTESIAN_POINT('Ctrl Pts',(1.55682165729582,19.3263407699341,20.));
#6006=CARTESIAN_POINT('Ctrl Pts',(1.50655438740631,19.3987870264645,20.));
#6007=CARTESIAN_POINT('Ctrl Pts',(1.45565959848793,19.4710294413764,20.));
#6008=CARTESIAN_POINT('Ctrl Pts',(1.40414177095503,19.543063846809,20.));
#6009=CARTESIAN_POINT('Ctrl Pts',(1.35200502759822,19.614886645005,20.));
#6010=CARTESIAN_POINT('Ctrl Pts',(1.29925294382109,19.6864951525002,20.));
#6011=CARTESIAN_POINT('Ctrl Pts',(1.24588840514628,19.757887799947,20.));
#6012=CARTESIAN_POINT('Ctrl Pts',(1.19191363637022,19.8290638093539,20.));
#6013=CARTESIAN_POINT('Ctrl Pts',(1.14824689136965,19.8858311296438,20.));
#6014=CARTESIAN_POINT('Ctrl Pts',(1.11522335197329,19.9283090643279,20.));
#6015=CARTESIAN_POINT('Ctrl Pts',(1.09308615243341,19.9565843439339,20.));
#6016=CARTESIAN_POINT('Ctrl Pts',(1.08198717601261,19.9707111478521,20.));
#6017=CARTESIAN_POINT('',(-3.82883367578898,14.5393851796551,12.5));
#6018=CARTESIAN_POINT('Ctrl Pts',(3.15264788575272,14.7008333106558,20.));
#6019=CARTESIAN_POINT('Ctrl Pts',(0.855642680963376,15.1934345428046,17.5));
#6020=CARTESIAN_POINT('Ctrl Pts',(-1.55705474146849,15.1376404414969,15.));
#6021=CARTESIAN_POINT('Ctrl Pts',(-3.82883367578898,14.5393851796551,12.5));
#6022=CARTESIAN_POINT('Ctrl Pts',(-3.82883367578898,14.5393851796551,12.5));
#6023=CARTESIAN_POINT('Ctrl Pts',(-3.83267542439475,14.5539736072214,12.5));
#6024=CARTESIAN_POINT('Ctrl Pts',(-3.84089863656307,14.5829597865989,12.5));
#6025=CARTESIAN_POINT('Ctrl Pts',(-3.85485255933149,14.625867043432,12.5));
#6026=CARTESIAN_POINT('Ctrl Pts',(-3.87653040560863,14.6819929677849,12.5));
#6027=CARTESIAN_POINT('Ctrl Pts',(-3.90779315828575,14.7506906882045,12.5));
#6028=CARTESIAN_POINT('Ctrl Pts',(-3.94201980742572,14.8183622357909,12.5));
#6029=CARTESIAN_POINT('Ctrl Pts',(-3.97803968804669,14.8854261221551,12.5));
#6030=CARTESIAN_POINT('Ctrl Pts',(-4.01503200235601,14.9521682067967,12.5));
#6031=CARTESIAN_POINT('Ctrl Pts',(-4.0527204745272,15.0186703740416,12.5));
#6032=CARTESIAN_POINT('Ctrl Pts',(-4.09116887543473,15.0848878769965,12.5));
#6033=CARTESIAN_POINT('Ctrl Pts',(-4.13063818515736,15.1507037835916,12.5));
#6034=CARTESIAN_POINT('Ctrl Pts',(-4.17143173803968,15.2159877484793,12.5));
#6035=CARTESIAN_POINT('Ctrl Pts',(-4.21371688724038,15.2806639060896,12.5));
#6036=CARTESIAN_POINT('Ctrl Pts',(-4.25746307159138,15.3447341103807,12.5));
#6037=CARTESIAN_POINT('Ctrl Pts',(-4.30253105963134,15.4082432813862,12.5));
#6038=CARTESIAN_POINT('Ctrl Pts',(-4.3487256608898,15.4712587238638,12.5));
#6039=CARTESIAN_POINT('Ctrl Pts',(-4.39585795337676,15.5338458469447,12.5));
#6040=CARTESIAN_POINT('Ctrl Pts',(-4.44381641759948,15.5960403661965,12.5));
#6041=CARTESIAN_POINT('Ctrl Pts',(-4.49257332218211,15.6578457643556,12.5));
#6042=CARTESIAN_POINT('Ctrl Pts',(-4.54214881874836,15.7192472288718,12.5));
#6043=CARTESIAN_POINT('Ctrl Pts',(-4.59258720200259,15.7802208511134,12.5));
#6044=CARTESIAN_POINT('Ctrl Pts',(-4.6439300919095,15.840744026901,12.5));
#6045=CARTESIAN_POINT('Ctrl Pts',(-4.69618601864409,15.9008072543576,12.5));
#6046=CARTESIAN_POINT('Ctrl Pts',(-4.74933272570669,15.9604132149032,12.5));
#6047=CARTESIAN_POINT('Ctrl Pts',(-4.80333090927294,16.0195714092469,12.5));
#6048=CARTESIAN_POINT('Ctrl Pts',(-4.8581343627466,16.0782941914399,12.5));
#6049=CARTESIAN_POINT('Ctrl Pts',(-4.91370100213826,16.1365924617925,12.5));
#6050=CARTESIAN_POINT('Ctrl Pts',(-4.97000508679715,16.1944708945361,12.5));
#6051=CARTESIAN_POINT('Ctrl Pts',(-5.02703464114038,16.251928930216,12.5));
#6052=CARTESIAN_POINT('Ctrl Pts',(-5.08478595119162,16.3089629081022,12.5));
#6053=CARTESIAN_POINT('Ctrl Pts',(-5.14325901207546,16.3655678290489,12.5));
#6054=CARTESIAN_POINT('Ctrl Pts',(-5.20245276686347,16.4217392005829,12.5));
#6055=CARTESIAN_POINT('Ctrl Pts',(-5.2623599259591,16.4774750458837,12.5));
#6056=CARTESIAN_POINT('Ctrl Pts',(-5.32296832943512,16.5327753691355,12.5));
#6057=CARTESIAN_POINT('Ctrl Pts',(-5.38426311614956,16.587641307957,12.5));
#6058=CARTESIAN_POINT('Ctrl Pts',(-5.44622862448969,16.6420743912672,12.5));
#6059=CARTESIAN_POINT('Ctrl Pts',(-5.50885032984148,16.6960757835168,12.5));
#6060=CARTESIAN_POINT('Ctrl Pts',(-5.57211694756163,16.7496454663128,12.5));
#6061=CARTESIAN_POINT('Ctrl Pts',(-5.63601978093994,16.802782482792,12.5));
#6062=CARTESIAN_POINT('Ctrl Pts',(-5.70055178565512,16.8554852923735,12.5));
#6063=CARTESIAN_POINT('Ctrl Pts',(-5.76570671866877,16.9077520938412,12.5));
#6064=CARTESIAN_POINT('Ctrl Pts',(-5.83147828430933,16.9595811508882,12.5));
#6065=CARTESIAN_POINT('Ctrl Pts',(-5.89785918157937,17.0109711559523,12.5));
#6066=CARTESIAN_POINT('Ctrl Pts',(-5.96484135193976,17.0619211407884,12.5));
#6067=CARTESIAN_POINT('Ctrl Pts',(-6.03241637428799,17.1124303320469,12.5));
#6068=CARTESIAN_POINT('Ctrl Pts',(-6.10057581178364,17.1624980271132,12.5));
#6069=CARTESIAN_POINT('Ctrl Pts',(-6.16931155342341,17.2121234711206,12.5));
#6070=CARTESIAN_POINT('Ctrl Pts',(-6.23861620864154,17.2613057202383,12.5));
#6071=CARTESIAN_POINT('Ctrl Pts',(-6.30848300250951,17.3100436568727,12.5));
#6072=CARTESIAN_POINT('Ctrl Pts',(-6.37890556994245,17.3583360377018,12.5));
#6073=CARTESIAN_POINT('Ctrl Pts',(-6.44987777424928,17.4061815340643,12.5));
#6074=CARTESIAN_POINT('Ctrl Pts',(-6.52139352846335,17.4535787768135,12.5));
#6075=CARTESIAN_POINT('Ctrl Pts',(-6.59344656874635,17.5005264073953,12.5));
#6076=CARTESIAN_POINT('Ctrl Pts',(-6.6660305047909,17.547023098663,12.5));
#6077=CARTESIAN_POINT('Ctrl Pts',(-6.7391389640991,17.5930675642066,12.5));
#6078=CARTESIAN_POINT('Ctrl Pts',(-6.81276570901883,17.638658577566,12.5));
#6079=CARTESIAN_POINT('Ctrl Pts',(-6.88690474475903,17.6837949842352,12.5));
#6080=CARTESIAN_POINT('Ctrl Pts',(-6.96155046919309,17.728475736388,12.5));
#6081=CARTESIAN_POINT('Ctrl Pts',(-7.03669761277008,17.7726998481874,12.5));
#6082=CARTESIAN_POINT('Ctrl Pts',(-7.11234104549886,17.8164663044839,12.5));
#6083=CARTESIAN_POINT('Ctrl Pts',(-7.18847560894799,17.8597739802462,12.5));
#6084=CARTESIAN_POINT('Ctrl Pts',(-7.2650959602017,17.9026215726479,12.5));
#6085=CARTESIAN_POINT('Ctrl Pts',(-7.34219634380255,17.945007497276,12.5));
#6086=CARTESIAN_POINT('Ctrl Pts',(-7.41977062116299,17.986929925634,12.5));
#6087=CARTESIAN_POINT('Ctrl Pts',(-7.4978126395681,18.0283870048196,12.5));
#6088=CARTESIAN_POINT('Ctrl Pts',(-7.57631651896869,18.0693770406674,12.5));
#6089=CARTESIAN_POINT('Ctrl Pts',(-7.6552769559202,18.1098986860558,12.5));
#6090=CARTESIAN_POINT('Ctrl Pts',(-7.73468954837203,18.1499511622414,12.5));
#6091=CARTESIAN_POINT('Ctrl Pts',(-7.81455101306573,18.1895343727531,12.5));
#6092=CARTESIAN_POINT('Ctrl Pts',(-7.89485901371104,18.2286486286181,12.5));
#6093=CARTESIAN_POINT('Ctrl Pts',(-7.95946144428774,18.2595652784273,12.5));
#6094=CARTESIAN_POINT('Ctrl Pts',(-8.00811317571372,18.2825421824515,12.5));
#6095=CARTESIAN_POINT('Ctrl Pts',(-8.04063648210732,18.2977665570362,12.5));
#6096=CARTESIAN_POINT('Ctrl Pts',(-8.0569203399944,18.3053553539664,12.5));
#6097=CARTESIAN_POINT('Ctrl Pts',(2.77238335091779,12.9276554160278,20.));
#6098=CARTESIAN_POINT('Ctrl Pts',(0.752437192163994,13.3608403146086,17.5));
#6099=CARTESIAN_POINT('Ctrl Pts',(-1.36924667712588,13.3117759588194,15.));
#6100=CARTESIAN_POINT('Ctrl Pts',(-3.36700929531694,12.7856807564263,12.5));
#6101=CARTESIAN_POINT('Ctrl Pts',(2.89913819586277,13.5187147142372,20.));
#6102=CARTESIAN_POINT('Ctrl Pts',(0.786839021763789,13.9717050573406,17.5));
#6103=CARTESIAN_POINT('Ctrl Pts',(-1.43184936524009,13.9203974530453,15.));
#6104=CARTESIAN_POINT('Ctrl Pts',(-3.52095075547429,13.3702488975025,12.5));
#6105=CARTESIAN_POINT('Ctrl Pts',(3.02589304080775,14.1097740124465,20.));
#6106=CARTESIAN_POINT('Ctrl Pts',(0.821240851363582,14.5825698000726,17.5));
#6107=CARTESIAN_POINT('Ctrl Pts',(-1.49445205335429,14.5290189472711,15.));
#6108=CARTESIAN_POINT('Ctrl Pts',(-3.67489221563163,13.9548170385788,12.5));
#6109=CARTESIAN_POINT('Ctrl Pts',(3.15264788575272,14.7008333106558,20.));
#6110=CARTESIAN_POINT('Ctrl Pts',(0.855642680963376,15.1934345428046,17.5));
#6111=CARTESIAN_POINT('Ctrl Pts',(-1.55705474146849,15.1376404414969,15.));
#6112=CARTESIAN_POINT('Ctrl Pts',(-3.82883367578898,14.5393851796551,12.5));
#6113=CARTESIAN_POINT('',(2.77238335091779,12.9276554160278,20.));
#6114=CARTESIAN_POINT('',(2.77238335091779,12.9276554160278,20.));
#6115=CARTESIAN_POINT('',(-3.36700929531694,12.7856807564263,12.5));
#6116=CARTESIAN_POINT('Ctrl Pts',(2.77238335091779,12.9276554160278,20.));
#6117=CARTESIAN_POINT('Ctrl Pts',(0.752437192163994,13.3608403146086,17.5));
#6118=CARTESIAN_POINT('Ctrl Pts',(-1.36924667712588,13.3117759588194,15.));
#6119=CARTESIAN_POINT('Ctrl Pts',(-3.36700929531694,12.7856807564263,12.5));
#6120=CARTESIAN_POINT('',(-3.36700929531694,12.7856807564263,12.5));
#6121=CARTESIAN_POINT('Ctrl Pts',(4.02078342672229,10.6374660815156,20.));
#6122=CARTESIAN_POINT('Ctrl Pts',(2.35867935148593,11.2657134919408,17.5));
#6123=CARTESIAN_POINT('Ctrl Pts',(0.548016002689742,11.4969277298946,15.));
#6124=CARTESIAN_POINT('Ctrl Pts',(-1.21862731175248,11.3065172124333,12.5));
#6125=CARTESIAN_POINT('Ctrl Pts',(3.64109661917185,10.7809813145086,20.));
#6126=CARTESIAN_POINT('Ctrl Pts',(1.95674555255433,11.3499349896583,17.5));
#6127=CARTESIAN_POINT('Ctrl Pts',(0.137508591163207,11.5163793333003,15.));
#6128=CARTESIAN_POINT('Ctrl Pts',(-1.62219479596402,11.2630203204059,12.5));
#6129=CARTESIAN_POINT('Ctrl Pts',(2.85870797829375,11.393702555916,20.));
#6130=CARTESIAN_POINT('Ctrl Pts',(1.07835629726767,11.8406337849405,17.5));
#6131=CARTESIAN_POINT('Ctrl Pts',(-0.806777534978035,11.861778408613,15.));
#6132=CARTESIAN_POINT('Ctrl Pts',(-2.59700004533811,11.4561887206156,12.5));
#6133=CARTESIAN_POINT('Ctrl Pts',(2.65889988907632,12.3984807296993,20.));
#6134=CARTESIAN_POINT('Ctrl Pts',(0.721734988971858,12.8132207096535,17.5));
#6135=CARTESIAN_POINT('Ctrl Pts',(-1.31360790958331,12.7674699202046,15.));
#6136=CARTESIAN_POINT('Ctrl Pts',(-3.22918568922781,12.2623175953545,12.5));
#6137=CARTESIAN_POINT('Ctrl Pts',(2.77238335091779,12.9276554160278,20.));
#6138=CARTESIAN_POINT('Ctrl Pts',(0.752437192163994,13.3608403146086,17.5));
#6139=CARTESIAN_POINT('Ctrl Pts',(-1.36924667712588,13.3117759588194,15.));
#6140=CARTESIAN_POINT('Ctrl Pts',(-3.36700929531694,12.7856807564263,12.5));
#6141=CARTESIAN_POINT('',(4.02078342672229,10.6374660815156,20.));
#6142=CARTESIAN_POINT('Origin',(4.72792085667697,12.5082831904702,20.));
#6143=CARTESIAN_POINT('',(-1.21862731175248,11.3065172124333,12.5));
#6144=CARTESIAN_POINT('Ctrl Pts',(4.02078342672229,10.6374660815156,20.));
#6145=CARTESIAN_POINT('Ctrl Pts',(2.35867935148593,11.2657134919408,17.5));
#6146=CARTESIAN_POINT('Ctrl Pts',(0.548016002689742,11.4969277298946,15.));
#6147=CARTESIAN_POINT('Ctrl Pts',(-1.21862731175248,11.3065172124333,12.5));
#6148=CARTESIAN_POINT('Origin',(-1.43294797861011,13.2950007179615,12.5));
#6149=CARTESIAN_POINT('Ctrl Pts',(4.67870117416377,10.3649476275994,20.));
#6150=CARTESIAN_POINT('Ctrl Pts',(3.05917810735181,11.0959946860623,17.5));
#6151=CARTESIAN_POINT('Ctrl Pts',(1.26653665522266,11.4400853872076,15.));
#6152=CARTESIAN_POINT('Ctrl Pts',(-0.508560654913937,11.3606227848773,12.5));
#6153=CARTESIAN_POINT('Ctrl Pts',(4.46231164232131,10.4626251068384,20.));
#6154=CARTESIAN_POINT('Ctrl Pts',(2.82752639425662,11.1598613325032,17.5));
#6155=CARTESIAN_POINT('Ctrl Pts',(1.0277014996842,11.4665269423157,15.));
#6156=CARTESIAN_POINT('Ctrl Pts',(-0.745736946988241,11.3500055385598,12.5));
#6157=CARTESIAN_POINT('Ctrl Pts',(4.24286234000497,10.5535239841111,20.));
#6158=CARTESIAN_POINT('Ctrl Pts',(2.59387414205823,11.216471255545,17.5));
#6159=CARTESIAN_POINT('Ctrl Pts',(0.788038021154137,11.4854867788933,15.));
#6160=CARTESIAN_POINT('Ctrl Pts',(-0.982580584429673,11.3319585559842,12.5));
#6161=CARTESIAN_POINT('Ctrl Pts',(4.02078342672229,10.6374660815156,20.));
#6162=CARTESIAN_POINT('Ctrl Pts',(2.35867935148593,11.2657134919408,17.5));
#6163=CARTESIAN_POINT('Ctrl Pts',(0.548016002689742,11.4969277298946,15.));
#6164=CARTESIAN_POINT('Ctrl Pts',(-1.21862731175248,11.3065172124333,12.5));
#6165=CARTESIAN_POINT('',(4.67870117416377,10.3649476275994,20.));
#6166=CARTESIAN_POINT('Origin',(0.,0.,20.));
#6167=CARTESIAN_POINT('',(-0.508560654913937,11.3606227848773,12.5));
#6168=CARTESIAN_POINT('Ctrl Pts',(4.67870117416377,10.3649476275994,20.));
#6169=CARTESIAN_POINT('Ctrl Pts',(3.05917810735181,11.0959946860623,17.5));
#6170=CARTESIAN_POINT('Ctrl Pts',(1.26653665522266,11.4400853872076,15.));
#6171=CARTESIAN_POINT('Ctrl Pts',(-0.508560654913937,11.3606227848773,12.5));
#6172=CARTESIAN_POINT('Origin',(0.,0.,12.5));
#6173=CARTESIAN_POINT('Ctrl Pts',(7.18086174203363,11.1016038769989,20.));
#6174=CARTESIAN_POINT('Ctrl Pts',(5.44623613625302,12.2236135241914,17.5));
#6175=CARTESIAN_POINT('Ctrl Pts',(3.44531073917721,12.9308951566059,15.));
#6176=CARTESIAN_POINT('Ctrl Pts',(1.39090083113547,13.1482234114707,12.5));
#6177=CARTESIAN_POINT('Ctrl Pts',(6.96040817924771,10.7607829260821,20.));
#6178=CARTESIAN_POINT('Ctrl Pts',(5.27904167846842,11.8485267973035,17.5));
#6179=CARTESIAN_POINT('Ctrl Pts',(3.33961532677919,12.5337513796292,15.));
#6180=CARTESIAN_POINT('Ctrl Pts',(1.34819996113949,12.7445709252521,12.5));
#6181=CARTESIAN_POINT('Ctrl Pts',(6.19628234341157,10.1254484135202,20.));
#6182=CARTESIAN_POINT('Ctrl Pts',(4.61391547701829,11.0935901621993,17.5));
#6183=CARTESIAN_POINT('Ctrl Pts',(2.80258518874699,11.6837136708735,15.));
#6184=CARTESIAN_POINT('Ctrl Pts',(0.953523560062519,11.8325573429643,12.5));
#6185=CARTESIAN_POINT('Ctrl Pts',(5.17198078856232,10.142282931742,20.));
#6186=CARTESIAN_POINT('Ctrl Pts',(3.58796676155416,10.9503498571154,17.5));
#6187=CARTESIAN_POINT('Ctrl Pts',(1.81031814730225,11.3795343756724,15.));
#6188=CARTESIAN_POINT('Ctrl Pts',(0.0321042695985166,11.3848257632972,12.5));
#6189=CARTESIAN_POINT('Ctrl Pts',(4.67870117416377,10.3649476275994,20.));
#6190=CARTESIAN_POINT('Ctrl Pts',(3.05917810735181,11.0959946860623,17.5));
#6191=CARTESIAN_POINT('Ctrl Pts',(1.26653665522266,11.4400853872076,15.));
#6192=CARTESIAN_POINT('Ctrl Pts',(-0.508560654913937,11.3606227848773,12.5));
#6193=CARTESIAN_POINT('',(7.18086174203363,11.1016038769989,20.));
#6194=CARTESIAN_POINT('Origin',(5.50154696631358,12.1878367636528,20.));
#6195=CARTESIAN_POINT('',(1.39090083113547,13.1482234114707,12.5));
#6196=CARTESIAN_POINT('Ctrl Pts',(7.18086174203363,11.1016038769989,20.));
#6197=CARTESIAN_POINT('Ctrl Pts',(5.44623613625302,12.2236135241914,17.5));
#6198=CARTESIAN_POINT('Ctrl Pts',(3.44531073917721,12.9308951566059,15.));
#6199=CARTESIAN_POINT('Ctrl Pts',(1.39090083113547,13.1482234114707,12.5));
#6200=CARTESIAN_POINT('Origin',(-0.598001501715544,13.3586218676908,12.5));
#6201=CARTESIAN_POINT('Ctrl Pts',(8.16580022434864,12.624317621767,20.));
#6202=CARTESIAN_POINT('Ctrl Pts',(6.19325059594808,13.9002239068211,17.5));
#6203=CARTESIAN_POINT('Ctrl Pts',(3.91787507093216,14.7045174192335,15.));
#6204=CARTESIAN_POINT('Ctrl Pts',(1.58167901387782,14.9516547651518,12.5));
#6205=CARTESIAN_POINT('Ctrl Pts',(7.8374873969103,12.116746373511,20.));
#6206=CARTESIAN_POINT('Ctrl Pts',(5.94424577604973,13.3413537792779,17.5));
#6207=CARTESIAN_POINT('Ctrl Pts',(3.76035362701384,14.1133099983576,15.));
#6208=CARTESIAN_POINT('Ctrl Pts',(1.51808628629704,14.3505109805915,12.5));
#6209=CARTESIAN_POINT('Ctrl Pts',(7.50917456947196,11.609175125255,20.));
#6210=CARTESIAN_POINT('Ctrl Pts',(5.69524095615137,12.7824836517346,17.5));
#6211=CARTESIAN_POINT('Ctrl Pts',(3.60283218309553,13.5221025774817,15.));
#6212=CARTESIAN_POINT('Ctrl Pts',(1.45449355871626,13.7493671960311,12.5));
#6213=CARTESIAN_POINT('Ctrl Pts',(7.18086174203363,11.1016038769989,20.));
#6214=CARTESIAN_POINT('Ctrl Pts',(5.44623613625302,12.2236135241914,17.5));
#6215=CARTESIAN_POINT('Ctrl Pts',(3.44531073917721,12.9308951566059,15.));
#6216=CARTESIAN_POINT('Ctrl Pts',(1.39090083113547,13.1482234114707,12.5));
#6217=CARTESIAN_POINT('',(8.16580022434864,12.624317621767,20.));
#6218=CARTESIAN_POINT('',(8.16580022434864,12.624317621767,20.));
#6219=CARTESIAN_POINT('',(1.58167901387782,14.9516547651518,12.5));
#6220=CARTESIAN_POINT('Ctrl Pts',(8.16580022434864,12.624317621767,20.));
#6221=CARTESIAN_POINT('Ctrl Pts',(6.19325059594809,13.9002239068211,17.5));
#6222=CARTESIAN_POINT('Ctrl Pts',(3.91787507093216,14.7045174192335,15.));
#6223=CARTESIAN_POINT('Ctrl Pts',(1.58167901387783,14.9516547651518,12.5));
#6224=CARTESIAN_POINT('',(1.58167901387782,14.9516547651518,12.5));
#6225=CARTESIAN_POINT('Ctrl Pts',(13.3563448084486,14.8865057470794,20.));
#6226=CARTESIAN_POINT('Ctrl Pts',(11.0303282854681,16.9734346233989,17.5));
#6227=CARTESIAN_POINT('Ctrl Pts',(8.20827935204602,18.5037773192062,15.));
#6228=CARTESIAN_POINT('Ctrl Pts',(5.1903466972574,19.3147689906524,12.5));
#6229=CARTESIAN_POINT('Ctrl Pts',(12.4644787915266,14.7794558792945,20.));
#6230=CARTESIAN_POINT('Ctrl Pts',(10.155220551252,16.7271361276359,17.5));
#6231=CARTESIAN_POINT('Ctrl Pts',(7.38311851301132,18.1220123813765,15.));
#6232=CARTESIAN_POINT('Ctrl Pts',(4.44304504453312,18.8163465732506,12.5));
#6233=CARTESIAN_POINT('Ctrl Pts',(11.0416731603627,14.4560461421802,20.));
#6234=CARTESIAN_POINT('Ctrl Pts',(8.78296190523074,16.1813531534061,17.5));
#6235=CARTESIAN_POINT('Ctrl Pts',(6.11433640123267,17.3662556353668,15.));
#6236=CARTESIAN_POINT('Ctrl Pts',(3.31981948615352,17.8850388544301,12.5));
#6237=CARTESIAN_POINT('Ctrl Pts',(9.55306981439903,13.7644299262121,20.));
#6238=CARTESIAN_POINT('Ctrl Pts',(7.40219795057669,15.2568936088547,17.5));
#6239=CARTESIAN_POINT('Ctrl Pts',(4.89735653861557,16.2357415976049,15.));
#6240=CARTESIAN_POINT('Ctrl Pts',(2.30423875182408,16.5955161970629,12.5));
#6241=CARTESIAN_POINT('Ctrl Pts',(8.79350551912191,13.2489139899681,20.));
#6242=CARTESIAN_POINT('Ctrl Pts',(6.72342216765532,14.622964229705,17.5));
#6243=CARTESIAN_POINT('Ctrl Pts',(4.32704905731702,15.5018256567187,15.));
#6244=CARTESIAN_POINT('Ctrl Pts',(1.85950124026569,15.7924575784091,12.5));
#6245=CARTESIAN_POINT('Ctrl Pts',(8.41297652266437,12.908406815585,20.));
#6246=CARTESIAN_POINT('Ctrl Pts',(6.39594922862046,14.22283056751,17.5));
#6247=CARTESIAN_POINT('Ctrl Pts',(4.06712710029442,15.0553611729189,15.));
#6248=CARTESIAN_POINT('Ctrl Pts',(1.67384992616409,15.3167675085908,12.5));
#6249=CARTESIAN_POINT('Ctrl Pts',(8.2340780914558,12.7298751246713,20.));
#6250=CARTESIAN_POINT('Ctrl Pts',(6.24502083877406,14.0164204697635,17.5));
#6251=CARTESIAN_POINT('Ctrl Pts',(3.95063362041171,14.8275010270116,15.));
#6252=CARTESIAN_POINT('Ctrl Pts',(1.59490413163098,15.0766721632071,12.5));
#6253=CARTESIAN_POINT('Ctrl Pts',(8.16580022434864,12.624317621767,20.));
#6254=CARTESIAN_POINT('Ctrl Pts',(6.19325059594809,13.9002239068211,17.5));
#6255=CARTESIAN_POINT('Ctrl Pts',(3.91787507093216,14.7045174192335,15.));
#6256=CARTESIAN_POINT('Ctrl Pts',(1.58167901387783,14.9516547651518,12.5));
#6257=CARTESIAN_POINT('',(13.3563448084486,14.8865057470794,20.));
#6258=CARTESIAN_POINT('Ctrl Pts',(13.3563448084486,14.8865057470794,20.));
#6259=CARTESIAN_POINT('Ctrl Pts',(13.3385074881102,14.8843647497237,20.));
#6260=CARTESIAN_POINT('Ctrl Pts',(13.3028604822497,14.8800244716855,20.));
#6261=CARTESIAN_POINT('Ctrl Pts',(13.2494728779379,14.8733392046655,20.));
#6262=CARTESIAN_POINT('Ctrl Pts',(13.1784552693088,14.864075699041,20.));
#6263=CARTESIAN_POINT('Ctrl Pts',(13.0899603053849,14.8519125851461,20.));
#6264=CARTESIAN_POINT('Ctrl Pts',(13.0017436530765,14.8391647871815,20.));
#6265=CARTESIAN_POINT('Ctrl Pts',(12.9138074356755,14.8258312821015,20.));
#6266=CARTESIAN_POINT('Ctrl Pts',(12.8261548032507,14.8119111392299,20.));
#6267=CARTESIAN_POINT('Ctrl Pts',(12.7387901814901,14.7974037278703,20.));
#6268=CARTESIAN_POINT('Ctrl Pts',(12.6517190296453,14.782308676768,20.));
#6269=CARTESIAN_POINT('Ctrl Pts',(12.5649474629705,14.7666257649144,20.));
#6270=CARTESIAN_POINT('Ctrl Pts',(12.4784819052573,14.7503548372419,20.));
#6271=CARTESIAN_POINT('Ctrl Pts',(12.392328759273,14.7334957198899,20.));
#6272=CARTESIAN_POINT('Ctrl Pts',(12.306493987699,14.7160481263492,20.));
#6273=CARTESIAN_POINT('Ctrl Pts',(12.2209830735032,14.6980116309817,20.));
#6274=CARTESIAN_POINT('Ctrl Pts',(12.1358012689786,14.6793856966386,20.));
#6275=CARTESIAN_POINT('Ctrl Pts',(12.0509537651764,14.6601696906082,20.));
#6276=CARTESIAN_POINT('Ctrl Pts',(11.966445876642,14.6403629088669,20.));
#6277=CARTESIAN_POINT('Ctrl Pts',(11.8822832532646,14.6199646027398,20.));
#6278=CARTESIAN_POINT('Ctrl Pts',(11.7984719512947,14.5989740026594,20.));
#6279=CARTESIAN_POINT('Ctrl Pts',(11.7150182801752,14.5773903318122,20.));
#6280=CARTESIAN_POINT('Ctrl Pts',(11.6319286961582,14.5552128283653,20.));
#6281=CARTESIAN_POINT('Ctrl Pts',(11.5492096851044,14.5324407636517,20.));
#6282=CARTESIAN_POINT('Ctrl Pts',(11.4668676224729,14.5090734782308,20.));
#6283=CARTESIAN_POINT('Ctrl Pts',(11.3849087189428,14.4851103778028,20.));
#6284=CARTESIAN_POINT('Ctrl Pts',(11.3033392198388,14.4605508141118,20.));
#6285=CARTESIAN_POINT('Ctrl Pts',(11.2221655609516,14.4353939866875,20.));
#6286=CARTESIAN_POINT('Ctrl Pts',(11.1413945283905,14.4096388479634,20.));
#6287=CARTESIAN_POINT('Ctrl Pts',(11.061033439188,14.3832839935496,20.));
#6288=CARTESIAN_POINT('Ctrl Pts',(10.9810902361574,14.356327615155,20.));
#6289=CARTESIAN_POINT('Ctrl Pts',(10.9015731554793,14.3287677533735,20.));
#6290=CARTESIAN_POINT('Ctrl Pts',(10.8224904404045,14.300602520918,20.));
#6291=CARTESIAN_POINT('Ctrl Pts',(10.7438500503328,14.2718303286039,20.));
#6292=CARTESIAN_POINT('Ctrl Pts',(10.6656593304413,14.2424501455798,20.));
#6293=CARTESIAN_POINT('Ctrl Pts',(10.5879248040656,14.2124616614653,20.));
#6294=CARTESIAN_POINT('Ctrl Pts',(10.5106529647363,14.1818646439513,20.));
#6295=CARTESIAN_POINT('Ctrl Pts',(10.4338509862733,14.1506583635453,20.));
#6296=CARTESIAN_POINT('Ctrl Pts',(10.3575274309762,14.1188410215307,20.));
#6297=CARTESIAN_POINT('Ctrl Pts',(10.2816930281935,14.0864091215387,20.));
#6298=CARTESIAN_POINT('Ctrl Pts',(10.2063612178498,14.0533570342902,20.));
#6299=CARTESIAN_POINT('Ctrl Pts',(10.1315464068528,14.0196784301156,20.));
#6300=CARTESIAN_POINT('Ctrl Pts',(10.0572623632795,13.9853676004447,20.));
#6301=CARTESIAN_POINT('Ctrl Pts',(9.98352064121693,13.9504207549052,20.));
#6302=CARTESIAN_POINT('Ctrl Pts',(9.91032878340386,13.9148375021819,20.));
#6303=CARTESIAN_POINT('Ctrl Pts',(9.83768919310329,13.8786217822922,20.));
#6304=CARTESIAN_POINT('Ctrl Pts',(9.76560343159784,13.8417783443288,20.));
#6305=CARTESIAN_POINT('Ctrl Pts',(9.69407616811107,13.804309510557,20.));
#6306=CARTESIAN_POINT('Ctrl Pts',(9.62311895705796,13.7662120836234,20.));
#6307=CARTESIAN_POINT('Ctrl Pts',(9.55275480390224,13.7274736064747,20.));
#6308=CARTESIAN_POINT('Ctrl Pts',(9.48302030623244,13.6880706164715,20.));
#6309=CARTESIAN_POINT('Ctrl Pts',(9.41395552661586,13.6479769857967,20.));
#6310=CARTESIAN_POINT('Ctrl Pts',(9.34559485650564,13.6071714475272,20.));
#6311=CARTESIAN_POINT('Ctrl Pts',(9.27795861095857,13.5656445232525,20.));
#6312=CARTESIAN_POINT('Ctrl Pts',(9.21104164260603,13.5234078986116,20.));
#6313=CARTESIAN_POINT('Ctrl Pts',(9.14481143920218,13.4804960137588,20.));
#6314=CARTESIAN_POINT('Ctrl Pts',(9.07923335292213,13.4369453813188,20.));
#6315=CARTESIAN_POINT('Ctrl Pts',(9.01429284636907,13.392776352303,20.));
#6316=CARTESIAN_POINT('Ctrl Pts',(8.9500151877732,13.347976982039,20.));
#6317=CARTESIAN_POINT('Ctrl Pts',(8.88649523115063,13.3024786052905,20.));
#6318=CARTESIAN_POINT('Ctrl Pts',(8.82389213883333,13.2561602376586,20.));
#6319=CARTESIAN_POINT('Ctrl Pts',(8.76237043972677,13.2088971414606,20.));
#6320=CARTESIAN_POINT('Ctrl Pts',(8.70204845598487,13.1606032755602,20.));
#6321=CARTESIAN_POINT('Ctrl Pts',(8.64295465211945,13.1112673619381,20.));
#6322=CARTESIAN_POINT('Ctrl Pts',(8.58495361828216,13.0610136054146,20.));
#6323=CARTESIAN_POINT('Ctrl Pts',(8.52779768790006,13.0100603243419,20.));
#6324=CARTESIAN_POINT('Ctrl Pts',(8.47127526633241,12.9585999022391,20.));
#6325=CARTESIAN_POINT('Ctrl Pts',(8.4153396865354,12.9066947185573,20.));
#6326=CARTESIAN_POINT('Ctrl Pts',(8.36022799173676,12.854180932266,20.));
#6327=CARTESIAN_POINT('Ctrl Pts',(8.30663116150125,12.8005313129497,20.));
#6328=CARTESIAN_POINT('Ctrl Pts',(8.25553134311827,12.7449836302164,20.));
#6329=CARTESIAN_POINT('Ctrl Pts',(8.21745455738575,12.6983981518787,20.));
#6330=CARTESIAN_POINT('Ctrl Pts',(8.19083376603219,12.6619690684799,20.));
#6331=CARTESIAN_POINT('Ctrl Pts',(8.1739935684015,12.6369845221155,20.));
#6332=CARTESIAN_POINT('Ctrl Pts',(8.16580022434864,12.624317621767,20.));
#6333=CARTESIAN_POINT('',(5.1903466972574,19.3147689906524,12.5));
#6334=CARTESIAN_POINT('Ctrl Pts',(13.3563448084486,14.8865057470794,20.));
#6335=CARTESIAN_POINT('Ctrl Pts',(11.0303282854681,16.9734346233989,17.5));
#6336=CARTESIAN_POINT('Ctrl Pts',(8.20827935204605,18.5037773192062,15.));
#6337=CARTESIAN_POINT('Ctrl Pts',(5.19034669725743,19.3147689906524,12.5));
#6338=CARTESIAN_POINT('Ctrl Pts',(5.1903466972574,19.3147689906524,12.5));
#6339=CARTESIAN_POINT('Ctrl Pts',(5.17540066420292,19.3048005423044,12.5));
#6340=CARTESIAN_POINT('Ctrl Pts',(5.14555958278925,19.28482413371,12.5));
#6341=CARTESIAN_POINT('Ctrl Pts',(5.10095091477311,19.2547409851529,12.5));
#6342=CARTESIAN_POINT('Ctrl Pts',(5.04177870043385,19.2143929700588,12.5));
#6343=CARTESIAN_POINT('Ctrl Pts',(4.96832430875525,19.1635623461924,12.5));
#6344=CARTESIAN_POINT('Ctrl Pts',(4.89538235183039,19.1123358392121,12.5));
#6345=CARTESIAN_POINT('Ctrl Pts',(4.82295518610218,19.0607134956669,12.5));
#6346=CARTESIAN_POINT('Ctrl Pts',(4.75104604230629,19.0086959083805,12.5));
#6347=CARTESIAN_POINT('Ctrl Pts',(4.67965915367863,18.9562845140868,12.5));
#6348=CARTESIAN_POINT('Ctrl Pts',(4.60879955832393,18.9034814479115,12.5));
#6349=CARTESIAN_POINT('Ctrl Pts',(4.5384728117118,18.8502892753823,12.5));
#6350=CARTESIAN_POINT('Ctrl Pts',(4.46868471477841,18.7967107602443,12.5));
#6351=CARTESIAN_POINT('Ctrl Pts',(4.39944105819357,18.7427486399781,12.5));
#6352=CARTESIAN_POINT('Ctrl Pts',(4.3307472909028,18.6884053527484,12.5));
#6353=CARTESIAN_POINT('Ctrl Pts',(4.26260849673776,18.6336829958778,12.5));
#6354=CARTESIAN_POINT('Ctrl Pts',(4.19502960411449,18.5785834629937,12.5));
#6355=CARTESIAN_POINT('Ctrl Pts',(4.12801552998591,18.5231085348017,12.5));
#6356=CARTESIAN_POINT('Ctrl Pts',(4.06157133369483,18.4672599841783,12.5));
#6357=CARTESIAN_POINT('Ctrl Pts',(3.99570239392772,18.4110396956646,12.5));
#6358=CARTESIAN_POINT('Ctrl Pts',(3.93041446133837,18.3544497187444,12.5));
#6359=CARTESIAN_POINT('Ctrl Pts',(3.8657135157356,18.2974922108225,12.5));
#6360=CARTESIAN_POINT('Ctrl Pts',(3.8016056611338,18.2401694089927,12.5));
#6361=CARTESIAN_POINT('Ctrl Pts',(3.73809701297896,18.1824835933135,12.5));
#6362=CARTESIAN_POINT('Ctrl Pts',(3.67519355694942,18.1244370557261,12.5));
#6363=CARTESIAN_POINT('Ctrl Pts',(3.61290110228885,18.0660320718433,12.5));
#6364=CARTESIAN_POINT('Ctrl Pts',(3.55122551352554,18.0072708847938,12.5));
#6365=CARTESIAN_POINT('Ctrl Pts',(3.49017289387496,17.9481556879576,12.5));
#6366=CARTESIAN_POINT('Ctrl Pts',(3.42974977071434,17.8886886125359,12.5));
#6367=CARTESIAN_POINT('Ctrl Pts',(3.36996330627841,17.8288717112517,12.5));
#6368=CARTESIAN_POINT('Ctrl Pts',(3.31082140355288,17.7687069592042,12.5));
#6369=CARTESIAN_POINT('Ctrl Pts',(3.25233229551579,17.7081963292123,12.5));
#6370=CARTESIAN_POINT('Ctrl Pts',(3.19450418887147,17.6473418616293,12.5));
#6371=CARTESIAN_POINT('Ctrl Pts',(3.13734490241692,17.5861457345199,12.5));
#6372=CARTESIAN_POINT('Ctrl Pts',(3.08086145474147,17.5246103465682,12.5));
#6373=CARTESIAN_POINT('Ctrl Pts',(3.02505980575355,17.4627383679302,12.5));
#6374=CARTESIAN_POINT('Ctrl Pts',(2.96994585350129,17.4005325249473,12.5));
#6375=CARTESIAN_POINT('Ctrl Pts',(2.91552632755518,17.3379954077415,12.5));
#6376=CARTESIAN_POINT('Ctrl Pts',(2.86180967924004,17.2751292798199,12.5));
#6377=CARTESIAN_POINT('Ctrl Pts',(2.80880706012885,17.2119358691677,12.5));
#6378=CARTESIAN_POINT('Ctrl Pts',(2.75653300357906,17.1484162254898,12.5));
#6379=CARTESIAN_POINT('Ctrl Pts',(2.70500322204263,17.0845712105045,12.5));
#6380=CARTESIAN_POINT('Ctrl Pts',(2.65423257745418,17.0204019514284,12.5));
#6381=CARTESIAN_POINT('Ctrl Pts',(2.60423308998611,16.9559102865495,12.5));
#6382=CARTESIAN_POINT('Ctrl Pts',(2.55501166555509,16.8910992743565,12.5));
#6383=CARTESIAN_POINT('Ctrl Pts',(2.50656866820541,16.8259735155975,12.5));
#6384=CARTESIAN_POINT('Ctrl Pts',(2.4589033453054,16.7605379524409,12.5));
#6385=CARTESIAN_POINT('Ctrl Pts',(2.41201881329349,16.6947967660799,12.5));
#6386=CARTESIAN_POINT('Ctrl Pts',(2.36592682472574,16.6287523240029,12.5));
#6387=CARTESIAN_POINT('Ctrl Pts',(2.32065353129293,16.5624039060649,12.5));
#6388=CARTESIAN_POINT('Ctrl Pts',(2.27624218268819,16.4957471142012,12.5));
#6389=CARTESIAN_POINT('Ctrl Pts',(2.23274032388024,16.4287767380307,12.5));
#6390=CARTESIAN_POINT('Ctrl Pts',(2.19018824443265,16.3614893416917,12.5));
#6391=CARTESIAN_POINT('Ctrl Pts',(2.14860835016752,16.2938856469383,12.5));
#6392=CARTESIAN_POINT('Ctrl Pts',(2.10799076970563,16.2259737534882,12.5));
#6393=CARTESIAN_POINT('Ctrl Pts',(2.06829093869752,16.1577696984588,12.5));
#6394=CARTESIAN_POINT('Ctrl Pts',(2.02946145128891,16.0892904030939,12.5));
#6395=CARTESIAN_POINT('Ctrl Pts',(1.99148014417177,16.0205474556358,12.5));
#6396=CARTESIAN_POINT('Ctrl Pts',(1.95437495624806,15.9515416153049,12.5));
#6397=CARTESIAN_POINT('Ctrl Pts',(1.91826153097685,15.8822544758686,12.5));
#6398=CARTESIAN_POINT('Ctrl Pts',(1.88333651973818,15.8126500080684,12.5));
#6399=CARTESIAN_POINT('Ctrl Pts',(1.84980305723953,15.7426912586797,12.5));
#6400=CARTESIAN_POINT('Ctrl Pts',(1.81780557359252,15.6723549220789,12.5));
#6401=CARTESIAN_POINT('Ctrl Pts',(1.78737455803482,15.6016437962193,12.5));
#6402=CARTESIAN_POINT('Ctrl Pts',(1.75833309468307,15.5306075141001,12.5));
#6403=CARTESIAN_POINT('Ctrl Pts',(1.73036160183807,15.4593289561886,12.5));
#6404=CARTESIAN_POINT('Ctrl Pts',(1.70318439540469,15.3878841618832,12.5));
#6405=CARTESIAN_POINT('Ctrl Pts',(1.67673166088409,15.3163076991552,12.5));
#6406=CARTESIAN_POINT('Ctrl Pts',(1.65128889123142,15.2445604892678,12.5));
#6407=CARTESIAN_POINT('Ctrl Pts',(1.62771072026257,15.1724843370547,12.5));
#6408=CARTESIAN_POINT('Ctrl Pts',(1.60721770861791,15.0998429372228,12.5));
#6409=CARTESIAN_POINT('Ctrl Pts',(1.59429411500112,15.0410804565765,12.5));
#6410=CARTESIAN_POINT('Ctrl Pts',(1.58700243054299,14.9965543295573,12.5));
#6411=CARTESIAN_POINT('Ctrl Pts',(1.58326602800821,14.9666568529185,12.5));
#6412=CARTESIAN_POINT('Ctrl Pts',(1.58167901387783,14.9516547651518,12.5));
#6413=CARTESIAN_POINT('Ctrl Pts',(14.8865057470794,13.3563448084486,20.));
#6414=CARTESIAN_POINT('Ctrl Pts',(12.7995768707599,15.6823613314291,17.5));
#6415=CARTESIAN_POINT('Ctrl Pts',(10.1593853809767,17.5086411146266,15.));
#6416=CARTESIAN_POINT('Ctrl Pts',(7.24673789492922,18.6409439107089,12.5));
#6417=CARTESIAN_POINT('Ctrl Pts',(14.4045573354686,13.8935073257491,20.));
#6418=CARTESIAN_POINT('Ctrl Pts',(12.2336959194087,16.1442203212739,17.5));
#6419=CARTESIAN_POINT('Ctrl Pts',(9.52760732251986,17.8752304967598,15.));
#6420=CARTESIAN_POINT('Ctrl Pts',(6.5741007747038,18.9024341513332,12.5));
#6421=CARTESIAN_POINT('Ctrl Pts',(13.8935073257492,14.4045573354686,20.));
#6422=CARTESIAN_POINT('Ctrl Pts',(11.6427943302244,16.5754187515284,17.5));
#6423=CARTESIAN_POINT('Ctrl Pts',(8.87596819132312,18.2075905681397,15.));
#6424=CARTESIAN_POINT('Ctrl Pts',(5.88729802407453,19.127481272169,12.5));
#6425=CARTESIAN_POINT('Ctrl Pts',(13.3563448084486,14.8865057470794,20.));
#6426=CARTESIAN_POINT('Ctrl Pts',(11.0303282854681,16.9734346233989,17.5));
#6427=CARTESIAN_POINT('Ctrl Pts',(8.20827935204605,18.5037773192062,15.));
#6428=CARTESIAN_POINT('Ctrl Pts',(5.19034669725743,19.3147689906524,12.5));
#6429=CARTESIAN_POINT('',(14.8865057470794,13.3563448084486,20.));
#6430=CARTESIAN_POINT('Origin',(0.,0.,20.));
#6431=CARTESIAN_POINT('',(7.24673789492922,18.6409439107089,12.5));
#6432=CARTESIAN_POINT('Ctrl Pts',(14.8865057470794,13.3563448084486,20.));
#6433=CARTESIAN_POINT('Ctrl Pts',(12.7995768707599,15.6823613314291,17.5));
#6434=CARTESIAN_POINT('Ctrl Pts',(10.1593853809767,17.5086411146266,15.));
#6435=CARTESIAN_POINT('Ctrl Pts',(7.24673789492923,18.6409439107089,12.5));
#6436=CARTESIAN_POINT('Origin',(0.,0.,12.5));
#6437=CARTESIAN_POINT('Ctrl Pts',(12.624317621767,8.16580022434864,20.));
#6438=CARTESIAN_POINT('Ctrl Pts',(11.3484113367129,10.1383498527492,17.5));
#6439=CARTESIAN_POINT('Ctrl Pts',(9.60292424097517,11.8049321737172,15.));
#6440=CARTESIAN_POINT('Ctrl Pts',(7.57350359863149,12.9882921110031,12.5));
#6441=CARTESIAN_POINT('Ctrl Pts',(12.7298751246713,8.2340780914558,20.));
#6442=CARTESIAN_POINT('Ctrl Pts',(11.4433297795792,10.2231353441375,17.5));
#6443=CARTESIAN_POINT('Ctrl Pts',(9.68319879174568,11.9036124441894,15.));
#6444=CARTESIAN_POINT('Ctrl Pts',(7.63682901170015,13.0968929655844,12.5));
#6445=CARTESIAN_POINT('Ctrl Pts',(12.9084068155849,8.41297652266432,20.));
#6446=CARTESIAN_POINT('Ctrl Pts',(11.5939830636599,10.4300038167082,17.5));
#6447=CARTESIAN_POINT('Ctrl Pts',(9.79915905506416,12.1315109405522,15.));
#6448=CARTESIAN_POINT('Ctrl Pts',(7.71528194205451,13.3371498095413,12.5));
#6449=CARTESIAN_POINT('Ctrl Pts',(13.248913989968,8.79350551912187,20.));
#6450=CARTESIAN_POINT('Ctrl Pts',(11.8748637502311,10.8635888705885,17.5));
#6451=CARTESIAN_POINT('Ctrl Pts',(10.0081888478181,12.6044295584591,15.));
#6452=CARTESIAN_POINT('Ctrl Pts',(7.84714772252311,13.8304639780919,12.5));
#6453=CARTESIAN_POINT('Ctrl Pts',(13.7644299262119,9.5530698143989,20.));
#6454=CARTESIAN_POINT('Ctrl Pts',(12.2719662435693,11.7039416782212,17.5));
#6455=CARTESIAN_POINT('Ctrl Pts',(10.2670870757131,13.4963795171576,15.));
#6456=CARTESIAN_POINT('Ctrl Pts',(7.96390738243732,14.7409922758388,12.5));
#6457=CARTESIAN_POINT('Ctrl Pts',(14.4560461421802,11.0416731603628,20.));
#6458=CARTESIAN_POINT('Ctrl Pts',(12.7307391309544,13.3003844154948,17.5));
#6459=CARTESIAN_POINT('Ctrl Pts',(10.4680388255324,15.1458500207524,15.));
#6460=CARTESIAN_POINT('Ctrl Pts',(7.908412991658,16.3814779613591,12.5));
#6461=CARTESIAN_POINT('Ctrl Pts',(14.7794558792945,12.4644787915266,20.));
#6462=CARTESIAN_POINT('Ctrl Pts',(12.8317756309532,14.7737370318011,17.5));
#6463=CARTESIAN_POINT('Ctrl Pts',(10.3350029016035,16.6166573804986,15.));
#6464=CARTESIAN_POINT('Ctrl Pts',(7.55415472320377,17.7969181054004,12.5));
#6465=CARTESIAN_POINT('Ctrl Pts',(14.8865057470794,13.3563448084486,20.));
#6466=CARTESIAN_POINT('Ctrl Pts',(12.7995768707599,15.6823613314291,17.5));
#6467=CARTESIAN_POINT('Ctrl Pts',(10.1593853809767,17.5086411146266,15.));
#6468=CARTESIAN_POINT('Ctrl Pts',(7.24673789492923,18.6409439107089,12.5));
#6469=CARTESIAN_POINT('',(12.624317621767,8.16580022434864,20.));
#6470=CARTESIAN_POINT('Ctrl Pts',(12.624317621767,8.16580022434864,20.));
#6471=CARTESIAN_POINT('Ctrl Pts',(12.6369845221155,8.1739935684015,20.));
#6472=CARTESIAN_POINT('Ctrl Pts',(12.6619690684799,8.19083376603219,20.));
#6473=CARTESIAN_POINT('Ctrl Pts',(12.6983981518787,8.21745455738575,20.));
#6474=CARTESIAN_POINT('Ctrl Pts',(12.7449836302164,8.25553134311827,20.));
#6475=CARTESIAN_POINT('Ctrl Pts',(12.8005313129497,8.30663116150125,20.));
#6476=CARTESIAN_POINT('Ctrl Pts',(12.854180932266,8.36022799173676,20.));
#6477=CARTESIAN_POINT('Ctrl Pts',(12.9066947185573,8.4153396865354,20.));
#6478=CARTESIAN_POINT('Ctrl Pts',(12.9585999022391,8.47127526633241,20.));
#6479=CARTESIAN_POINT('Ctrl Pts',(13.0100603243419,8.52779768790006,20.));
#6480=CARTESIAN_POINT('Ctrl Pts',(13.0610136054146,8.58495361828216,20.));
#6481=CARTESIAN_POINT('Ctrl Pts',(13.1112673619381,8.64295465211945,20.));
#6482=CARTESIAN_POINT('Ctrl Pts',(13.1606032755602,8.70204845598487,20.));
#6483=CARTESIAN_POINT('Ctrl Pts',(13.2088971414606,8.76237043972677,20.));
#6484=CARTESIAN_POINT('Ctrl Pts',(13.2561602376586,8.82389213883333,20.));
#6485=CARTESIAN_POINT('Ctrl Pts',(13.3024786052905,8.88649523115063,20.));
#6486=CARTESIAN_POINT('Ctrl Pts',(13.347976982039,8.9500151877732,20.));
#6487=CARTESIAN_POINT('Ctrl Pts',(13.392776352303,9.01429284636907,20.));
#6488=CARTESIAN_POINT('Ctrl Pts',(13.4369453813188,9.07923335292213,20.));
#6489=CARTESIAN_POINT('Ctrl Pts',(13.4804960137588,9.14481143920218,20.));
#6490=CARTESIAN_POINT('Ctrl Pts',(13.5234078986116,9.21104164260603,20.));
#6491=CARTESIAN_POINT('Ctrl Pts',(13.5656445232525,9.27795861095857,20.));
#6492=CARTESIAN_POINT('Ctrl Pts',(13.6071714475272,9.34559485650564,20.));
#6493=CARTESIAN_POINT('Ctrl Pts',(13.6479769857967,9.41395552661586,20.));
#6494=CARTESIAN_POINT('Ctrl Pts',(13.6880706164715,9.48302030623244,20.));
#6495=CARTESIAN_POINT('Ctrl Pts',(13.7274736064747,9.55275480390224,20.));
#6496=CARTESIAN_POINT('Ctrl Pts',(13.7662120836234,9.62311895705796,20.));
#6497=CARTESIAN_POINT('Ctrl Pts',(13.804309510557,9.69407616811107,20.));
#6498=CARTESIAN_POINT('Ctrl Pts',(13.8417783443288,9.76560343159784,20.));
#6499=CARTESIAN_POINT('Ctrl Pts',(13.8786217822922,9.83768919310329,20.));
#6500=CARTESIAN_POINT('Ctrl Pts',(13.9148375021819,9.91032878340386,20.));
#6501=CARTESIAN_POINT('Ctrl Pts',(13.9504207549052,9.98352064121693,20.));
#6502=CARTESIAN_POINT('Ctrl Pts',(13.9853676004447,10.0572623632795,20.));
#6503=CARTESIAN_POINT('Ctrl Pts',(14.0196784301156,10.1315464068528,20.));
#6504=CARTESIAN_POINT('Ctrl Pts',(14.0533570342902,10.2063612178498,20.));
#6505=CARTESIAN_POINT('Ctrl Pts',(14.0864091215387,10.2816930281935,20.));
#6506=CARTESIAN_POINT('Ctrl Pts',(14.1188410215307,10.3575274309762,20.));
#6507=CARTESIAN_POINT('Ctrl Pts',(14.1506583635453,10.4338509862733,20.));
#6508=CARTESIAN_POINT('Ctrl Pts',(14.1818646439513,10.5106529647363,20.));
#6509=CARTESIAN_POINT('Ctrl Pts',(14.2124616614653,10.5879248040656,20.));
#6510=CARTESIAN_POINT('Ctrl Pts',(14.2424501455798,10.6656593304413,20.));
#6511=CARTESIAN_POINT('Ctrl Pts',(14.2718303286039,10.7438500503328,20.));
#6512=CARTESIAN_POINT('Ctrl Pts',(14.300602520918,10.8224904404045,20.));
#6513=CARTESIAN_POINT('Ctrl Pts',(14.3287677533735,10.9015731554793,20.));
#6514=CARTESIAN_POINT('Ctrl Pts',(14.356327615155,10.9810902361574,20.));
#6515=CARTESIAN_POINT('Ctrl Pts',(14.3832839935496,11.061033439188,20.));
#6516=CARTESIAN_POINT('Ctrl Pts',(14.4096388479634,11.1413945283905,20.));
#6517=CARTESIAN_POINT('Ctrl Pts',(14.4353939866875,11.2221655609516,20.));
#6518=CARTESIAN_POINT('Ctrl Pts',(14.4605508141118,11.3033392198388,20.));
#6519=CARTESIAN_POINT('Ctrl Pts',(14.4851103778028,11.3849087189428,20.));
#6520=CARTESIAN_POINT('Ctrl Pts',(14.5090734782308,11.4668676224729,20.));
#6521=CARTESIAN_POINT('Ctrl Pts',(14.5324407636517,11.5492096851044,20.));
#6522=CARTESIAN_POINT('Ctrl Pts',(14.5552128283653,11.6319286961582,20.));
#6523=CARTESIAN_POINT('Ctrl Pts',(14.5773903318122,11.7150182801752,20.));
#6524=CARTESIAN_POINT('Ctrl Pts',(14.5989740026594,11.7984719512947,20.));
#6525=CARTESIAN_POINT('Ctrl Pts',(14.6199646027398,11.8822832532646,20.));
#6526=CARTESIAN_POINT('Ctrl Pts',(14.6403629088669,11.966445876642,20.));
#6527=CARTESIAN_POINT('Ctrl Pts',(14.6601696906082,12.0509537651764,20.));
#6528=CARTESIAN_POINT('Ctrl Pts',(14.6793856966386,12.1358012689786,20.));
#6529=CARTESIAN_POINT('Ctrl Pts',(14.6980116309817,12.2209830735032,20.));
#6530=CARTESIAN_POINT('Ctrl Pts',(14.7160481263492,12.306493987699,20.));
#6531=CARTESIAN_POINT('Ctrl Pts',(14.7334957198899,12.392328759273,20.));
#6532=CARTESIAN_POINT('Ctrl Pts',(14.7503548372419,12.4784819052573,20.));
#6533=CARTESIAN_POINT('Ctrl Pts',(14.7666257649144,12.5649474629705,20.));
#6534=CARTESIAN_POINT('Ctrl Pts',(14.782308676768,12.6517190296453,20.));
#6535=CARTESIAN_POINT('Ctrl Pts',(14.7974037278703,12.7387901814901,20.));
#6536=CARTESIAN_POINT('Ctrl Pts',(14.8119111392299,12.8261548032507,20.));
#6537=CARTESIAN_POINT('Ctrl Pts',(14.8258312821015,12.9138074356755,20.));
#6538=CARTESIAN_POINT('Ctrl Pts',(14.8391647871815,13.0017436530765,20.));
#6539=CARTESIAN_POINT('Ctrl Pts',(14.8519125851461,13.0899603053849,20.));
#6540=CARTESIAN_POINT('Ctrl Pts',(14.864075699041,13.1784552693088,20.));
#6541=CARTESIAN_POINT('Ctrl Pts',(14.8733392046655,13.2494728779379,20.));
#6542=CARTESIAN_POINT('Ctrl Pts',(14.8800244716855,13.3028604822497,20.));
#6543=CARTESIAN_POINT('Ctrl Pts',(14.8843647497237,13.3385074881102,20.));
#6544=CARTESIAN_POINT('Ctrl Pts',(14.8865057470794,13.3563448084486,20.));
#6545=CARTESIAN_POINT('',(7.57350359863149,12.9882921110031,12.5));
#6546=CARTESIAN_POINT('Ctrl Pts',(12.624317621767,8.16580022434864,20.));
#6547=CARTESIAN_POINT('Ctrl Pts',(11.3484113367129,10.1383498527492,17.5));
#6548=CARTESIAN_POINT('Ctrl Pts',(9.60292424097517,11.8049321737172,15.));
#6549=CARTESIAN_POINT('Ctrl Pts',(7.57350359863149,12.9882921110031,12.5));
#6550=CARTESIAN_POINT('Ctrl Pts',(7.57350359863149,12.9882921110031,12.5));
#6551=CARTESIAN_POINT('Ctrl Pts',(7.58110264819973,13.0013242135528,12.5));
#6552=CARTESIAN_POINT('Ctrl Pts',(7.59578428311092,13.0276352266387,12.5));
#6553=CARTESIAN_POINT('Ctrl Pts',(7.61625738196602,13.0678421523213,12.5));
#6554=CARTESIAN_POINT('Ctrl Pts',(7.64061585157218,13.1228577261356,12.5));
#6555=CARTESIAN_POINT('Ctrl Pts',(7.66708637111642,13.1935404545129,12.5));
#6556=CARTESIAN_POINT('Ctrl Pts',(7.69073548560395,13.2655933604088,12.5));
#6557=CARTESIAN_POINT('Ctrl Pts',(7.71268691258023,13.3384845910743,12.5));
#6558=CARTESIAN_POINT('Ctrl Pts',(7.73372317692093,13.4118358880148,12.5));
#6559=CARTESIAN_POINT('Ctrl Pts',(7.7540975360986,13.4855097956821,12.5));
#6560=CARTESIAN_POINT('Ctrl Pts',(7.77373325646371,13.5595197660622,12.5));
#6561=CARTESIAN_POINT('Ctrl Pts',(7.79236311377345,13.6339676564792,12.5));
#6562=CARTESIAN_POINT('Ctrl Pts',(7.80968045017647,13.7089757886257,12.5));
#6563=CARTESIAN_POINT('Ctrl Pts',(7.8255132840605,13.7846088539964,12.5));
#6564=CARTESIAN_POINT('Ctrl Pts',(7.83988453638113,13.8608465535283,12.5));
#6565=CARTESIAN_POINT('Ctrl Pts',(7.85292442190918,13.9376221989713,12.5));
#6566=CARTESIAN_POINT('Ctrl Pts',(7.8648185528005,14.0148453614708,12.5));
#6567=CARTESIAN_POINT('Ctrl Pts',(7.87574676831559,14.0924287042466,12.5));
#6568=CARTESIAN_POINT('Ctrl Pts',(7.88581317936399,14.1703186258294,12.5));
#6569=CARTESIAN_POINT('Ctrl Pts',(7.89503985765614,14.2484979798416,12.5));
#6570=CARTESIAN_POINT('Ctrl Pts',(7.90340207978769,14.3269705415785,12.5));
#6571=CARTESIAN_POINT('Ctrl Pts',(7.91085161871704,14.4057507261702,12.5));
#6572=CARTESIAN_POINT('Ctrl Pts',(7.91734306111654,14.4848519798075,12.5));
#6573=CARTESIAN_POINT('Ctrl Pts',(7.92286365639979,14.5642736153932,12.5));
#6574=CARTESIAN_POINT('Ctrl Pts',(7.92743103833908,14.6440017912559,12.5));
#6575=CARTESIAN_POINT('Ctrl Pts',(7.93107971695077,14.7240154334104,12.5));
#6576=CARTESIAN_POINT('Ctrl Pts',(7.9338511008659,14.8042906044929,12.5));
#6577=CARTESIAN_POINT('Ctrl Pts',(7.93578265564212,14.8848052543123,12.5));
#6578=CARTESIAN_POINT('Ctrl Pts',(7.93689588784873,14.9655444866605,12.5));
#6579=CARTESIAN_POINT('Ctrl Pts',(7.93719886990751,15.0464994379276,12.5));
#6580=CARTESIAN_POINT('Ctrl Pts',(7.93669163946927,15.1276648934086,12.5));
#6581=CARTESIAN_POINT('Ctrl Pts',(7.93537066505149,15.2090373147263,12.5));
#6582=CARTESIAN_POINT('Ctrl Pts',(7.93323351735726,15.290612777861,12.5));
#6583=CARTESIAN_POINT('Ctrl Pts',(7.93028395308646,15.3723847304665,12.5));
#6584=CARTESIAN_POINT('Ctrl Pts',(7.92653057356482,15.4543445771344,12.5));
#6585=CARTESIAN_POINT('Ctrl Pts',(7.92198469162455,15.5364826138685,12.5));
#6586=CARTESIAN_POINT('Ctrl Pts',(7.91665846280709,15.618788847345,12.5));
#6587=CARTESIAN_POINT('Ctrl Pts',(7.91056298095658,15.7012538305019,12.5));
#6588=CARTESIAN_POINT('Ctrl Pts',(7.90370621251498,15.7838695708856,12.5));
#6589=CARTESIAN_POINT('Ctrl Pts',(7.8960936303806,15.8666292423889,12.5));
#6590=CARTESIAN_POINT('Ctrl Pts',(7.88772912628561,15.9495267745692,12.5));
#6591=CARTESIAN_POINT('Ctrl Pts',(7.87861584107264,16.0325564792797,12.5));
#6592=CARTESIAN_POINT('Ctrl Pts',(7.86875699869936,16.1157126770538,12.5));
#6593=CARTESIAN_POINT('Ctrl Pts',(7.85815683716455,16.1989892807208,12.5));
#6594=CARTESIAN_POINT('Ctrl Pts',(7.84682037006308,16.2823799073802,12.5));
#6595=CARTESIAN_POINT('Ctrl Pts',(7.8347530051729,16.3658780555725,12.5));
#6596=CARTESIAN_POINT('Ctrl Pts',(7.82196021141767,16.4494772627273,12.5));
#6597=CARTESIAN_POINT('Ctrl Pts',(7.80844719037128,16.5331712597277,12.5));
#6598=CARTESIAN_POINT('Ctrl Pts',(7.7942185005639,16.6169541532654,12.5));
#6599=CARTESIAN_POINT('Ctrl Pts',(7.7792781423353,16.7008203624844,12.5));
#6600=CARTESIAN_POINT('Ctrl Pts',(7.7636297373188,16.7847645074287,12.5));
#6601=CARTESIAN_POINT('Ctrl Pts',(7.74727668530487,16.868781309297,12.5));
#6602=CARTESIAN_POINT('Ctrl Pts',(7.7302223222959,16.9528654958209,12.5));
#6603=CARTESIAN_POINT('Ctrl Pts',(7.71247011685172,17.0370116771552,12.5));
#6604=CARTESIAN_POINT('Ctrl Pts',(7.69402364916753,17.1212143962356,12.5));
#6605=CARTESIAN_POINT('Ctrl Pts',(7.6748865156506,17.2054682373965,12.5));
#6606=CARTESIAN_POINT('Ctrl Pts',(7.6550622597488,17.2897679227136,12.5));
#6607=CARTESIAN_POINT('Ctrl Pts',(7.63455430406046,17.3741083968703,12.5));
#6608=CARTESIAN_POINT('Ctrl Pts',(7.61336586896229,17.4584849576399,12.5));
#6609=CARTESIAN_POINT('Ctrl Pts',(7.59149998349755,17.5428931817954,12.5));
#6610=CARTESIAN_POINT('Ctrl Pts',(7.56895955729854,17.6273287240659,12.5));
#6611=CARTESIAN_POINT('Ctrl Pts',(7.54574744240994,17.7117871413724,12.5));
#6612=CARTESIAN_POINT('Ctrl Pts',(7.52186649560632,17.7962637344655,12.5));
#6613=CARTESIAN_POINT('Ctrl Pts',(7.49731966626146,17.8807533132732,12.5));
#6614=CARTESIAN_POINT('Ctrl Pts',(7.47211000206997,17.9652502442161,12.5));
#6615=CARTESIAN_POINT('Ctrl Pts',(7.44624054345859,18.0497488664682,12.5));
#6616=CARTESIAN_POINT('Ctrl Pts',(7.41971425029398,18.1342438242508,12.5));
#6617=CARTESIAN_POINT('Ctrl Pts',(7.39253392011909,18.2187304149036,12.5));
#6618=CARTESIAN_POINT('Ctrl Pts',(7.36470211499895,18.3032049750521,12.5));
#6619=CARTESIAN_POINT('Ctrl Pts',(7.33622108833253,18.3876651148665,12.5));
#6620=CARTESIAN_POINT('Ctrl Pts',(7.30709271205589,18.4721094022695,12.5));
#6621=CARTESIAN_POINT('Ctrl Pts',(7.28327326804566,18.5396515917431,12.5));
#6622=CARTESIAN_POINT('Ctrl Pts',(7.26511842348405,18.5903006855971,12.5));
#6623=CARTESIAN_POINT('Ctrl Pts',(7.25288623149472,18.6240633946028,12.5));
#6624=CARTESIAN_POINT('Ctrl Pts',(7.24673789492923,18.6409439107089,12.5));
#6625=CARTESIAN_POINT('Ctrl Pts',(11.1016038769989,7.18086174203363,20.));
#6626=CARTESIAN_POINT('Ctrl Pts',(9.97959422980649,8.91548734781424,17.5));
#6627=CARTESIAN_POINT('Ctrl Pts',(8.4446434396044,10.3810506606301,15.));
#6628=CARTESIAN_POINT('Ctrl Pts',(6.66000645991862,11.4216766699921,12.5));
#6629=CARTESIAN_POINT('Ctrl Pts',(11.609175125255,7.50917456947196,20.));
#6630=CARTESIAN_POINT('Ctrl Pts',(10.4358665987753,9.32310818279255,17.5));
#6631=CARTESIAN_POINT('Ctrl Pts',(8.83073704006133,10.8556778316592,15.));
#6632=CARTESIAN_POINT('Ctrl Pts',(6.96450550615625,11.9438818169958,12.5));
#6633=CARTESIAN_POINT('Ctrl Pts',(12.116746373511,7.8374873969103,20.));
#6634=CARTESIAN_POINT('Ctrl Pts',(10.8921389677441,9.73072901777088,17.5));
#6635=CARTESIAN_POINT('Ctrl Pts',(9.21683064051825,11.3303050026882,15.));
#6636=CARTESIAN_POINT('Ctrl Pts',(7.26900455239387,12.4660869639994,12.5));
#6637=CARTESIAN_POINT('Ctrl Pts',(12.624317621767,8.16580022434864,20.));
#6638=CARTESIAN_POINT('Ctrl Pts',(11.3484113367129,10.1383498527492,17.5));
#6639=CARTESIAN_POINT('Ctrl Pts',(9.60292424097517,11.8049321737172,15.));
#6640=CARTESIAN_POINT('Ctrl Pts',(7.57350359863149,12.9882921110031,12.5));
#6641=CARTESIAN_POINT('',(11.1016038769989,7.18086174203363,20.));
#6642=CARTESIAN_POINT('',(11.1016038769989,7.18086174203363,20.));
#6643=CARTESIAN_POINT('',(6.66000645991862,11.4216766699921,12.5));
#6644=CARTESIAN_POINT('Ctrl Pts',(11.1016038769989,7.18086174203363,20.));
#6645=CARTESIAN_POINT('Ctrl Pts',(9.97959422980649,8.91548734781424,17.5));
#6646=CARTESIAN_POINT('Ctrl Pts',(8.4446434396044,10.3810506606301,15.));
#6647=CARTESIAN_POINT('Ctrl Pts',(6.66000645991862,11.4216766699921,12.5));
#6648=CARTESIAN_POINT('',(6.66000645991862,11.4216766699921,12.5));
#6649=CARTESIAN_POINT('Ctrl Pts',(10.3649476275994,4.67870117416377,20.));
#6650=CARTESIAN_POINT('Ctrl Pts',(9.63390056913651,6.29822424097574,17.5));
#6651=CARTESIAN_POINT('Ctrl Pts',(8.51706139232079,7.74204972891947,15.));
#6652=CARTESIAN_POINT('Ctrl Pts',(7.13321535663471,8.85661462839334,12.5));
#6653=CARTESIAN_POINT('Ctrl Pts',(10.1979491057063,5.04866088496268,20.));
#6654=CARTESIAN_POINT('Ctrl Pts',(9.40924404648162,6.64198794794606,17.5));
#6655=CARTESIAN_POINT('Ctrl Pts',(8.2405431785762,8.04607666401038,15.));
#6656=CARTESIAN_POINT('Ctrl Pts',(6.8170931045692,9.11122298583258,12.5));
#6657=CARTESIAN_POINT('Ctrl Pts',(10.0780085161653,6.03514580163657,20.));
#6658=CARTESIAN_POINT('Ctrl Pts',(9.13513787238215,7.61007265095424,17.5));
#6659=CARTESIAN_POINT('Ctrl Pts',(7.81709801597836,8.95803042913997,15.));
#6660=CARTESIAN_POINT('Ctrl Pts',(6.26442432030769,9.93711368728613,12.5));
#6661=CARTESIAN_POINT('Ctrl Pts',(10.6471759424431,6.88692365831907,20.));
#6662=CARTESIAN_POINT('Ctrl Pts',(9.57065895755747,8.54997154771428,17.5));
#6663=CARTESIAN_POINT('Ctrl Pts',(8.09910349848528,9.95682561985857,15.));
#6664=CARTESIAN_POINT('Ctrl Pts',(6.38738882617475,10.9541470233018,12.5));
#6665=CARTESIAN_POINT('Ctrl Pts',(11.1016038769989,7.18086174203363,20.));
#6666=CARTESIAN_POINT('Ctrl Pts',(9.97959422980649,8.91548734781424,17.5));
#6667=CARTESIAN_POINT('Ctrl Pts',(8.4446434396044,10.3810506606301,15.));
#6668=CARTESIAN_POINT('Ctrl Pts',(6.66000645991862,11.4216766699921,12.5));
#6669=CARTESIAN_POINT('',(10.3649476275994,4.67870117416377,20.));
#6670=CARTESIAN_POINT('Origin',(12.1878367636528,5.50154696631357,20.));
#6671=CARTESIAN_POINT('',(7.13321535663471,8.85661462839334,12.5));
#6672=CARTESIAN_POINT('Ctrl Pts',(10.3649476275994,4.67870117416378,20.));
#6673=CARTESIAN_POINT('Ctrl Pts',(9.63390056913651,6.29822424097574,17.5));
#6674=CARTESIAN_POINT('Ctrl Pts',(8.51706139232079,7.74204972891947,15.));
#6675=CARTESIAN_POINT('Ctrl Pts',(7.13321535663471,8.85661462839334,12.5));
#6676=CARTESIAN_POINT('Origin',(8.38773793078784,10.4142323963134,12.5));
#6677=CARTESIAN_POINT('Ctrl Pts',(10.6374660815156,4.02078342672229,20.));
#6678=CARTESIAN_POINT('Ctrl Pts',(10.0092186710904,5.68288750195865,17.5));
#6679=CARTESIAN_POINT('Ctrl Pts',(8.98493861217689,7.19378529711835,15.));
#6680=CARTESIAN_POINT('Ctrl Pts',(7.67356672195483,8.39278009742346,12.5));
#6681=CARTESIAN_POINT('Ctrl Pts',(10.5535239841111,4.24286234000498,20.));
#6682=CARTESIAN_POINT('Ctrl Pts',(9.89057671267732,5.89185053795172,17.5));
#6683=CARTESIAN_POINT('Ctrl Pts',(8.83475365703194,7.38136425810739,15.));
#6684=CARTESIAN_POINT('Ctrl Pts',(7.49835023062377,8.55298153501725,12.5));
#6685=CARTESIAN_POINT('Ctrl Pts',(10.4626251068384,4.46231164232132,20.));
#6686=CARTESIAN_POINT('Ctrl Pts',(9.76538888117364,6.09709689038601,17.5));
#6687=CARTESIAN_POINT('Ctrl Pts',(8.67869261517479,7.56423855799296,15.));
#6688=CARTESIAN_POINT('Ctrl Pts',(7.31811534474888,8.7076941333738,12.5));
#6689=CARTESIAN_POINT('Ctrl Pts',(10.3649476275994,4.67870117416378,20.));
#6690=CARTESIAN_POINT('Ctrl Pts',(9.63390056913651,6.29822424097574,17.5));
#6691=CARTESIAN_POINT('Ctrl Pts',(8.51706139232079,7.74204972891947,15.));
#6692=CARTESIAN_POINT('Ctrl Pts',(7.13321535663471,8.85661462839334,12.5));
#6693=CARTESIAN_POINT('',(10.6374660815156,4.02078342672229,20.));
#6694=CARTESIAN_POINT('Origin',(0.,0.,20.));
#6695=CARTESIAN_POINT('',(7.67356672195483,8.39278009742346,12.5));
#6696=CARTESIAN_POINT('Ctrl Pts',(10.6374660815156,4.02078342672229,20.));
#6697=CARTESIAN_POINT('Ctrl Pts',(10.0092186710904,5.68288750195865,17.5));
#6698=CARTESIAN_POINT('Ctrl Pts',(8.98493861217689,7.19378529711835,15.));
#6699=CARTESIAN_POINT('Ctrl Pts',(7.67356672195483,8.39278009742346,12.5));
#6700=CARTESIAN_POINT('Origin',(0.,0.,12.5));
#6701=CARTESIAN_POINT('Ctrl Pts',(12.9276554160278,2.77238335091779,20.));
#6702=CARTESIAN_POINT('Ctrl Pts',(12.494470517447,4.79232950967159,17.5));
#6703=CARTESIAN_POINT('Ctrl Pts',(11.5797262390153,6.70732106508124,15.));
#6704=CARTESIAN_POINT('Ctrl Pts',(10.2807133444606,8.31368252515277,12.5));
#6705=CARTESIAN_POINT('Ctrl Pts',(12.5307744012814,2.68727075453669,20.));
#6706=CARTESIAN_POINT('Ctrl Pts',(12.1110198144552,4.64532747643239,17.5));
#6707=CARTESIAN_POINT('Ctrl Pts',(11.2241652383621,6.50123595012197,15.));
#6708=CARTESIAN_POINT('Ctrl Pts',(9.96509385947585,8.05845118964151,12.5));
#6709=CARTESIAN_POINT('Ctrl Pts',(11.5411930721891,2.77830974705535,20.));
#6710=CARTESIAN_POINT('Ctrl Pts',(11.1068703262784,4.58179168424775,17.5));
#6711=CARTESIAN_POINT('Ctrl Pts',(10.2433618345174,6.27987314327248,15.));
#6712=CARTESIAN_POINT('Ctrl Pts',(9.04112618791492,7.69260552961922,12.5));
#6713=CARTESIAN_POINT('Ctrl Pts',(10.8288197255063,3.51453434998838,20.));
#6714=CARTESIAN_POINT('Ctrl Pts',(10.2801422680983,5.20599101256459,17.5));
#6715=CARTESIAN_POINT('Ctrl Pts',(9.32663416184586,6.76645768572089,15.));
#6716=CARTESIAN_POINT('Ctrl Pts',(8.07298864659292,8.02758635311662,12.5));
#6717=CARTESIAN_POINT('Ctrl Pts',(10.6374660815156,4.02078342672229,20.));
#6718=CARTESIAN_POINT('Ctrl Pts',(10.0092186710904,5.68288750195865,17.5));
#6719=CARTESIAN_POINT('Ctrl Pts',(8.98493861217689,7.19378529711835,15.));
#6720=CARTESIAN_POINT('Ctrl Pts',(7.67356672195483,8.39278009742346,12.5));
#6721=CARTESIAN_POINT('',(12.9276554160278,2.77238335091779,20.));
#6722=CARTESIAN_POINT('Origin',(12.5082831904702,4.72792085667697,20.));
#6723=CARTESIAN_POINT('',(10.2807133444606,8.31368252515277,12.5));
#6724=CARTESIAN_POINT('Ctrl Pts',(12.9276554160278,2.77238335091779,20.));
#6725=CARTESIAN_POINT('Ctrl Pts',(12.494470517447,4.79232950967159,17.5));
#6726=CARTESIAN_POINT('Ctrl Pts',(11.5797262390153,6.70732106508124,15.));
#6727=CARTESIAN_POINT('Ctrl Pts',(10.2807133444606,8.31368252515277,12.5));
#6728=CARTESIAN_POINT('Origin',(9.02312119292824,9.86882302697385,12.5));
#6729=CARTESIAN_POINT('Ctrl Pts',(14.7008333106558,3.15264788575272,20.));
#6730=CARTESIAN_POINT('Ctrl Pts',(14.2082320785071,5.44965309054207,17.5));
#6731=CARTESIAN_POINT('Ctrl Pts',(13.1680200117136,7.62730795071786,15.));
#6732=CARTESIAN_POINT('Ctrl Pts',(11.6908324307725,9.45400051802556,12.5));
#6733=CARTESIAN_POINT('Ctrl Pts',(14.1097740124465,3.02589304080775,20.));
#6734=CARTESIAN_POINT('Ctrl Pts',(13.6369782248204,5.23054523025191,17.5));
#6735=CARTESIAN_POINT('Ctrl Pts',(12.6385887541475,7.32064565550566,15.));
#6736=CARTESIAN_POINT('Ctrl Pts',(11.2207927353352,9.0738945204013,12.5));
#6737=CARTESIAN_POINT('Ctrl Pts',(13.5187147142372,2.89913819586277,20.));
#6738=CARTESIAN_POINT('Ctrl Pts',(13.0657243711337,5.01143736996175,17.5));
#6739=CARTESIAN_POINT('Ctrl Pts',(12.1091574965814,7.01398336029345,15.));
#6740=CARTESIAN_POINT('Ctrl Pts',(10.7507530398979,8.69378852277703,12.5));
#6741=CARTESIAN_POINT('Ctrl Pts',(12.9276554160278,2.77238335091779,20.));
#6742=CARTESIAN_POINT('Ctrl Pts',(12.494470517447,4.79232950967159,17.5));
#6743=CARTESIAN_POINT('Ctrl Pts',(11.5797262390153,6.70732106508124,15.));
#6744=CARTESIAN_POINT('Ctrl Pts',(10.2807133444606,8.31368252515277,12.5));
#6745=CARTESIAN_POINT('',(14.7008333106558,3.15264788575272,20.));
#6746=CARTESIAN_POINT('',(14.7008333106558,3.15264788575272,20.));
#6747=CARTESIAN_POINT('',(11.6908324307725,9.45400051802556,12.5));
#6748=CARTESIAN_POINT('Ctrl Pts',(14.7008333106558,3.15264788575272,20.));
#6749=CARTESIAN_POINT('Ctrl Pts',(14.2082320785071,5.44965309054207,17.5));
#6750=CARTESIAN_POINT('Ctrl Pts',(13.1680200117136,7.62730795071786,15.));
#6751=CARTESIAN_POINT('Ctrl Pts',(11.6908324307725,9.45400051802556,12.5));
#6752=CARTESIAN_POINT('',(11.6908324307725,9.45400051802556,12.5));
#6753=CARTESIAN_POINT('Ctrl Pts',(19.9707111478521,1.08198717601261,20.));
#6754=CARTESIAN_POINT('Ctrl Pts',(19.8016506516002,4.20241079286365,17.5));
#6755=CARTESIAN_POINT('Ctrl Pts',(18.8882764116818,7.28001642827127,15.));
#6756=CARTESIAN_POINT('Ctrl Pts',(17.3277334766819,9.98747478400208,12.5));
#6757=CARTESIAN_POINT('Ctrl Pts',(19.2643709519409,1.63693599705219,20.));
#6758=CARTESIAN_POINT('Ctrl Pts',(19.0086967019171,4.6470460694465,17.5));
#6759=CARTESIAN_POINT('Ctrl Pts',(18.0348510104722,7.59354467676363,15.));
#6760=CARTESIAN_POINT('Ctrl Pts',(16.4468735392084,10.163458978995,12.5));
#6761=CARTESIAN_POINT('Ctrl Pts',(18.0296124635533,2.4143409706341,20.));
#6762=CARTESIAN_POINT('Ctrl Pts',(17.6524387055736,5.23146730314681,17.5));
#6763=CARTESIAN_POINT('Ctrl Pts',(16.6032812209059,7.95632250178906,15.));
#6764=CARTESIAN_POINT('Ctrl Pts',(14.9940944922784,10.2991794947475,12.5));
#6765=CARTESIAN_POINT('Ctrl Pts',(16.4879610169955,2.97790045657542,20.));
#6766=CARTESIAN_POINT('Ctrl Pts',(16.0223961272946,5.55412772761877,17.5));
#6767=CARTESIAN_POINT('Ctrl Pts',(14.9433472983697,8.01746553078394,15.));
#6768=CARTESIAN_POINT('Ctrl Pts',(13.3641351858895,10.1054757612152,12.5));
#6769=CARTESIAN_POINT('Ctrl Pts',(15.586344102348,3.15045501079212,20.));
#6770=CARTESIAN_POINT('Ctrl Pts',(15.0941743691136,5.58582522844449,17.5));
#6771=CARTESIAN_POINT('Ctrl Pts',(14.0211291192245,7.90176509676352,15.));
#6772=CARTESIAN_POINT('Ctrl Pts',(12.481817127542,9.85209269375915,12.5));
#6773=CARTESIAN_POINT('Ctrl Pts',(15.0764944026331,3.1787538740842,20.));
#6774=CARTESIAN_POINT('Ctrl Pts',(14.5796786735152,5.53444549987983,17.5));
#6775=CARTESIAN_POINT('Ctrl Pts',(13.521638736191,7.76985880259079,15.));
#6776=CARTESIAN_POINT('Ctrl Pts',(12.0141784097032,9.64700351427606,12.5));
#6777=CARTESIAN_POINT('Ctrl Pts',(14.823753479601,3.17900856902505,20.));
#6778=CARTESIAN_POINT('Ctrl Pts',(14.3270025458801,5.49520937838323,17.5));
#6779=CARTESIAN_POINT('Ctrl Pts',(13.2781463472271,7.69110670127373,15.));
#6780=CARTESIAN_POINT('Ctrl Pts',(11.7885846511489,9.53304959751151,12.5));
#6781=CARTESIAN_POINT('Ctrl Pts',(14.7008333106558,3.15264788575272,20.));
#6782=CARTESIAN_POINT('Ctrl Pts',(14.2082320785071,5.44965309054207,17.5));
#6783=CARTESIAN_POINT('Ctrl Pts',(13.1680200117136,7.62730795071786,15.));
#6784=CARTESIAN_POINT('Ctrl Pts',(11.6908324307725,9.45400051802556,12.5));
#6785=CARTESIAN_POINT('',(19.9707111478521,1.08198717601261,20.));
#6786=CARTESIAN_POINT('Ctrl Pts',(19.9707111478521,1.08198717601261,20.));
#6787=CARTESIAN_POINT('Ctrl Pts',(19.9565843439339,1.09308615243341,20.));
#6788=CARTESIAN_POINT('Ctrl Pts',(19.9283090643278,1.11522335197329,20.));
#6789=CARTESIAN_POINT('Ctrl Pts',(19.8858311296438,1.14824689136965,20.));
#6790=CARTESIAN_POINT('Ctrl Pts',(19.8290638093539,1.19191363637022,20.));
#6791=CARTESIAN_POINT('Ctrl Pts',(19.757887799947,1.24588840514628,20.));
#6792=CARTESIAN_POINT('Ctrl Pts',(19.6864951525002,1.29925294382109,20.));
#6793=CARTESIAN_POINT('Ctrl Pts',(19.614886645005,1.35200502759822,20.));
#6794=CARTESIAN_POINT('Ctrl Pts',(19.543063846809,1.40414177095503,20.));
#6795=CARTESIAN_POINT('Ctrl Pts',(19.4710294413764,1.45565959848793,20.));
#6796=CARTESIAN_POINT('Ctrl Pts',(19.3987870264645,1.50655438740631,20.));
#6797=CARTESIAN_POINT('Ctrl Pts',(19.3263407699341,1.55682165729582,20.));
#6798=CARTESIAN_POINT('Ctrl Pts',(19.2536951044426,1.60645675620051,20.));
#6799=CARTESIAN_POINT('Ctrl Pts',(19.1808544344922,1.65545503374208,20.));
#6800=CARTESIAN_POINT('Ctrl Pts',(19.1078227737426,1.70381207107564,20.));
#6801=CARTESIAN_POINT('Ctrl Pts',(19.0346036982661,1.75152369018576,20.));
#6802=CARTESIAN_POINT('Ctrl Pts',(18.961200542173,1.79858579731892,20.));
#6803=CARTESIAN_POINT('Ctrl Pts',(18.8876165286963,1.84499427445281,20.));
#6804=CARTESIAN_POINT('Ctrl Pts',(18.8138549179671,1.89074486581643,20.));
#6805=CARTESIAN_POINT('Ctrl Pts',(18.7399191756673,1.93583304694183,20.));
#6806=CARTESIAN_POINT('Ctrl Pts',(18.6658130400464,1.9802539912468,20.));
#6807=CARTESIAN_POINT('Ctrl Pts',(18.5915404232639,2.02400268799135,20.));
#6808=CARTESIAN_POINT('Ctrl Pts',(18.5171053518823,2.06707403321868,20.));
#6809=CARTESIAN_POINT('Ctrl Pts',(18.4425118968526,2.10946292548728,20.));
#6810=CARTESIAN_POINT('Ctrl Pts',(18.36776410001,2.15116439037182,20.));
#6811=CARTESIAN_POINT('Ctrl Pts',(18.2928659327343,2.1921736160257,20.));
#6812=CARTESIAN_POINT('Ctrl Pts',(18.217821352751,2.23248572795127,20.));
#6813=CARTESIAN_POINT('Ctrl Pts',(18.1426343448333,2.27209560933919,20.));
#6814=CARTESIAN_POINT('Ctrl Pts',(18.0673089667436,2.31099772094441,20.));
#6815=CARTESIAN_POINT('Ctrl Pts',(17.9918493993518,2.34918589578986,20.));
#6816=CARTESIAN_POINT('Ctrl Pts',(17.9162599804201,2.38665323880352,20.));
#6817=CARTESIAN_POINT('Ctrl Pts',(17.8405451482982,2.4233925406169,20.));
#6818=CARTESIAN_POINT('Ctrl Pts',(17.7647093973311,2.45939663785792,20.));
#6819=CARTESIAN_POINT('Ctrl Pts',(17.6887572319414,2.49465877865787,20.));
#6820=CARTESIAN_POINT('Ctrl Pts',(17.6126931170314,2.52917304027013,20.));
#6821=CARTESIAN_POINT('Ctrl Pts',(17.536521445824,2.56293459052787,20.));
#6822=CARTESIAN_POINT('Ctrl Pts',(17.4602466456712,2.59593867354423,20.));
#6823=CARTESIAN_POINT('Ctrl Pts',(17.3838732734008,2.62817970083326,20.));
#6824=CARTESIAN_POINT('Ctrl Pts',(17.3074061115881,2.65965034605023,20.));
#6825=CARTESIAN_POINT('Ctrl Pts',(17.2308502747221,2.69034055009401,20.));
#6826=CARTESIAN_POINT('Ctrl Pts',(17.1542112857632,2.7202368290013,20.));
#6827=CARTESIAN_POINT('Ctrl Pts',(17.0774948561813,2.74932451979768,20.));
#6828=CARTESIAN_POINT('Ctrl Pts',(17.0007066849083,2.77758985041387,20.));
#6829=CARTESIAN_POINT('Ctrl Pts',(16.9238522617194,2.8050219706787,20.));
#6830=CARTESIAN_POINT('Ctrl Pts',(16.8469366434348,2.83161527036857,20.));
#6831=CARTESIAN_POINT('Ctrl Pts',(16.7699643154311,2.85737083613319,20.));
#6832=CARTESIAN_POINT('Ctrl Pts',(16.6929397398175,2.88229092209454,20.));
#6833=CARTESIAN_POINT('Ctrl Pts',(16.615867860323,2.90637386870258,20.));
#6834=CARTESIAN_POINT('Ctrl Pts',(16.5387545862828,2.92960924488182,20.));
#6835=CARTESIAN_POINT('Ctrl Pts',(16.4616073765492,2.95197197484597,20.));
#6836=CARTESIAN_POINT('Ctrl Pts',(16.384435518934,2.97341958960062,20.));
#6837=CARTESIAN_POINT('Ctrl Pts',(16.3072488667935,2.99390528547616,20.));
#6838=CARTESIAN_POINT('Ctrl Pts',(16.2300567005717,3.01338970605717,20.));
#6839=CARTESIAN_POINT('Ctrl Pts',(16.1528666829349,3.03185178418109,20.));
#6840=CARTESIAN_POINT('Ctrl Pts',(16.0756834371383,3.04930342258155,20.));
#6841=CARTESIAN_POINT('Ctrl Pts',(15.9985083264192,3.06579196375491,20.));
#6842=CARTESIAN_POINT('Ctrl Pts',(15.9213426693901,3.08136772573746,20.));
#6843=CARTESIAN_POINT('Ctrl Pts',(15.8441905768973,3.09605537835934,20.));
#6844=CARTESIAN_POINT('Ctrl Pts',(15.7670614701187,3.10982860812468,20.));
#6845=CARTESIAN_POINT('Ctrl Pts',(15.6899738673184,3.12257178946138,20.));
#6846=CARTESIAN_POINT('Ctrl Pts',(15.6129547643716,3.13408682871613,20.));
#6847=CARTESIAN_POINT('Ctrl Pts',(15.5360322979217,3.14416918352302,20.));
#6848=CARTESIAN_POINT('Ctrl Pts',(15.4592292940954,3.1526743472137,20.));
#6849=CARTESIAN_POINT('Ctrl Pts',(15.3825579055778,3.15957421757483,20.));
#6850=CARTESIAN_POINT('Ctrl Pts',(15.3060102092177,3.16505236989911,20.));
#6851=CARTESIAN_POINT('Ctrl Pts',(15.2295654526893,3.16943830528709,20.));
#6852=CARTESIAN_POINT('Ctrl Pts',(15.1532100516781,3.17301767943506,20.));
#6853=CARTESIAN_POINT('Ctrl Pts',(15.0769551165339,3.17586759985902,20.));
#6854=CARTESIAN_POINT('Ctrl Pts',(15.0008524090268,3.17770459858144,20.));
#6855=CARTESIAN_POINT('Ctrl Pts',(14.9250177172905,3.17766727106442,20.));
#6856=CARTESIAN_POINT('Ctrl Pts',(14.8496065460546,3.17452215602056,20.));
#6857=CARTESIAN_POINT('Ctrl Pts',(14.7897412850199,3.16850560178039,20.));
#6858=CARTESIAN_POINT('Ctrl Pts',(14.7451582910295,3.1615700919633,20.));
#6859=CARTESIAN_POINT('Ctrl Pts',(14.7155837309293,3.1558111677454,20.));
#6860=CARTESIAN_POINT('Ctrl Pts',(14.7008333106558,3.15264788575272,20.));
#6861=CARTESIAN_POINT('',(17.3277334766819,9.98747478400208,12.5));
#6862=CARTESIAN_POINT('Ctrl Pts',(19.9707111478521,1.08198717601259,20.));
#6863=CARTESIAN_POINT('Ctrl Pts',(19.8016506516002,4.20241079286363,17.5));
#6864=CARTESIAN_POINT('Ctrl Pts',(18.8882764116818,7.28001642827125,15.));
#6865=CARTESIAN_POINT('Ctrl Pts',(17.3277334766819,9.98747478400206,12.5));
#6866=CARTESIAN_POINT('Ctrl Pts',(17.3277334766819,9.98747478400208,12.5));
#6867=CARTESIAN_POINT('Ctrl Pts',(17.3101162779324,9.99099446790194,12.5));
#6868=CARTESIAN_POINT('Ctrl Pts',(17.274889992926,9.99796984494663,12.5));
#6869=CARTESIAN_POINT('Ctrl Pts',(17.222074902928,10.0082409382564,12.5));
#6870=CARTESIAN_POINT('Ctrl Pts',(17.1517034738304,10.021551657193,12.5));
#6871=CARTESIAN_POINT('Ctrl Pts',(17.0638206965387,10.0375490768291,12.5));
#6872=CARTESIAN_POINT('Ctrl Pts',(16.9760203337018,10.0529042187413,12.5));
#6873=CARTESIAN_POINT('Ctrl Pts',(16.8883040844917,10.0676154495883,12.5));
#6874=CARTESIAN_POINT('Ctrl Pts',(16.8006746525731,10.0816809040845,12.5));
#6875=CARTESIAN_POINT('Ctrl Pts',(16.7131360472202,10.0950986048045,12.5));
#6876=CARTESIAN_POINT('Ctrl Pts',(16.6256933406727,10.1078664990319,12.5));
#6877=CARTESIAN_POINT('Ctrl Pts',(16.5383522753431,10.1199824725587,12.5));
#6878=CARTESIAN_POINT('Ctrl Pts',(16.4511189073754,10.1314443777664,12.5));
#6879=CARTESIAN_POINT('Ctrl Pts',(16.3639992670826,10.1422500557243,12.5));
#6880=CARTESIAN_POINT('Ctrl Pts',(16.276998931494,10.1523973774887,12.5));
#6881=CARTESIAN_POINT('Ctrl Pts',(16.1901229784523,10.161884231279,12.5));
#6882=CARTESIAN_POINT('Ctrl Pts',(16.1033762318708,10.1707084711754,12.5));
#6883=CARTESIAN_POINT('Ctrl Pts',(16.0167634277091,10.1788678795163,12.5));
#6884=CARTESIAN_POINT('Ctrl Pts',(15.930289397076,10.186360132419,12.5));
#6885=CARTESIAN_POINT('Ctrl Pts',(15.8439592758487,10.1931827591495,12.5));
#6886=CARTESIAN_POINT('Ctrl Pts',(15.7577785795577,10.1993331425857,12.5));
#6887=CARTESIAN_POINT('Ctrl Pts',(15.6717530620818,10.2048085798795,12.5));
#6888=CARTESIAN_POINT('Ctrl Pts',(15.585888621475,10.2096063367053,12.5));
#6889=CARTESIAN_POINT('Ctrl Pts',(15.5001911942557,10.2137237010345,12.5));
#6890=CARTESIAN_POINT('Ctrl Pts',(15.4146666335847,10.2171580610006,12.5));
#6891=CARTESIAN_POINT('Ctrl Pts',(15.3293206563188,10.2199069179492,12.5));
#6892=CARTESIAN_POINT('Ctrl Pts',(15.2441589954374,10.2219677111642,12.5));
#6893=CARTESIAN_POINT('Ctrl Pts',(15.1591875175192,10.2233376759742,12.5));
#6894=CARTESIAN_POINT('Ctrl Pts',(15.0744123451038,10.2240137038136,12.5));
#6895=CARTESIAN_POINT('Ctrl Pts',(14.9898399941504,10.2239921817118,12.5));
#6896=CARTESIAN_POINT('Ctrl Pts',(14.9054774495197,10.2232689180201,12.5));
#6897=CARTESIAN_POINT('Ctrl Pts',(14.8213319278,10.2218394861375,12.5));
#6898=CARTESIAN_POINT('Ctrl Pts',(14.7374106747552,10.2196995257955,12.5));
#6899=CARTESIAN_POINT('Ctrl Pts',(14.653720759234,10.2168450483938,12.5));
#6900=CARTESIAN_POINT('Ctrl Pts',(14.5702688402542,10.2132727871663,12.5));
#6901=CARTESIAN_POINT('Ctrl Pts',(14.4870610201932,10.2089804159068,12.5));
#6902=CARTESIAN_POINT('Ctrl Pts',(14.4041033974149,10.2039656918797,12.5));
#6903=CARTESIAN_POINT('Ctrl Pts',(14.3214025619374,10.198225688053,12.5));
#6904=CARTESIAN_POINT('Ctrl Pts',(14.2389660902909,10.191756028979,12.5));
#6905=CARTESIAN_POINT('Ctrl Pts',(14.1568030896982,10.1845500511747,12.5));
#6906=CARTESIAN_POINT('Ctrl Pts',(14.0749245790485,10.176598220258,12.5));
#6907=CARTESIAN_POINT('Ctrl Pts',(13.99334227805,10.1678900351744,12.5));
#6908=CARTESIAN_POINT('Ctrl Pts',(13.9120674927399,10.1584157840117,12.5));
#6909=CARTESIAN_POINT('Ctrl Pts',(13.8311100225295,10.1481682670903,12.5));
#6910=CARTESIAN_POINT('Ctrl Pts',(13.7504769133174,10.1371447638679,12.5));
#6911=CARTESIAN_POINT('Ctrl Pts',(13.670171675742,10.1253482701464,12.5));
#6912=CARTESIAN_POINT('Ctrl Pts',(13.5901972722532,10.1127828127577,12.5));
#6913=CARTESIAN_POINT('Ctrl Pts',(13.5105588630557,10.099449144597,12.5));
#6914=CARTESIAN_POINT('Ctrl Pts',(13.4312664325287,10.0853406294193,12.5));
#6915=CARTESIAN_POINT('Ctrl Pts',(13.3523379634908,10.0704382659673,12.5));
#6916=CARTESIAN_POINT('Ctrl Pts',(13.2738009281918,10.0547083621884,12.5));
#6917=CARTESIAN_POINT('Ctrl Pts',(13.1956852617057,10.0381136144169,12.5));
#6918=CARTESIAN_POINT('Ctrl Pts',(13.118017023535,10.0206231041083,12.5));
#6919=CARTESIAN_POINT('Ctrl Pts',(13.0408125673457,10.0022214983107,12.5));
#6920=CARTESIAN_POINT('Ctrl Pts',(12.9640706403839,9.98292150450894,12.5));
#6921=CARTESIAN_POINT('Ctrl Pts',(12.8877710708504,9.96276597441099,12.5));
#6922=CARTESIAN_POINT('Ctrl Pts',(12.8118923028704,9.94180039414428,12.5));
#6923=CARTESIAN_POINT('Ctrl Pts',(12.7364268587431,9.92004862965871,12.5));
#6924=CARTESIAN_POINT('Ctrl Pts',(12.6613950311057,9.89749146201733,12.5));
#6925=CARTESIAN_POINT('Ctrl Pts',(12.5868655770601,9.8740341037741,12.5));
#6926=CARTESIAN_POINT('Ctrl Pts',(12.5129520735978,9.84951202487152,12.5));
#6927=CARTESIAN_POINT('Ctrl Pts',(12.4397720287723,9.82375545750492,12.5));
#6928=CARTESIAN_POINT('Ctrl Pts',(12.3674110905303,9.7966457945984,12.5));
#6929=CARTESIAN_POINT('Ctrl Pts',(12.2958927964704,9.76816345545696,12.5));
#6930=CARTESIAN_POINT('Ctrl Pts',(12.2251271440021,9.73846863433182,12.5));
#6931=CARTESIAN_POINT('Ctrl Pts',(12.154946760079,9.70784591495001,12.5));
#6932=CARTESIAN_POINT('Ctrl Pts',(12.0852104745824,9.67654400337891,12.5));
#6933=CARTESIAN_POINT('Ctrl Pts',(12.0158933644537,9.64463670917107,12.5));
#6934=CARTESIAN_POINT('Ctrl Pts',(11.9471696708575,9.61189452548203,12.5));
#6935=CARTESIAN_POINT('Ctrl Pts',(11.8795318502858,9.57760127407037,12.5));
#6936=CARTESIAN_POINT('Ctrl Pts',(11.8136758763689,9.54072679515521,12.5));
#6937=CARTESIAN_POINT('Ctrl Pts',(11.7629861671408,9.50831380729463,12.5));
#6938=CARTESIAN_POINT('Ctrl Pts',(11.7263454412589,9.48198508046598,12.5));
#6939=CARTESIAN_POINT('Ctrl Pts',(11.7025626972177,9.46348640756388,12.5));
#6940=CARTESIAN_POINT('Ctrl Pts',(11.6908324307725,9.45400051802556,12.5));
#6941=CARTESIAN_POINT('Ctrl Pts',(19.9707111478521,-1.08198717601262,20.));
#6942=CARTESIAN_POINT('Ctrl Pts',(20.139771644104,2.03843644083842,17.5));
#6943=CARTESIAN_POINT('Ctrl Pts',(19.5642491570901,5.19670856593793,15.));
#6944=CARTESIAN_POINT('Ctrl Pts',(18.3053553539664,8.05692033999439,12.5));
#6945=CARTESIAN_POINT('Ctrl Pts',(20.0097534164025,-0.361366927398064,20.));
#6946=CARTESIAN_POINT('Ctrl Pts',(20.0662170097305,2.76515832255429,17.5));
#6947=CARTESIAN_POINT('Ctrl Pts',(19.3767324457678,5.90266095329504,15.));
#6948=CARTESIAN_POINT('Ctrl Pts',(18.0146306073366,8.71744813134306,12.5));
#6949=CARTESIAN_POINT('Ctrl Pts',(20.0097534164025,0.361366927398038,20.));
#6950=CARTESIAN_POINT('Ctrl Pts',(19.9532898230744,3.4878921773504,17.5));
#6951=CARTESIAN_POINT('Ctrl Pts',(19.1509680574805,6.59845346211915,15.));
#6952=CARTESIAN_POINT('Ctrl Pts',(17.6881200702586,9.36222335888012,12.5));
#6953=CARTESIAN_POINT('Ctrl Pts',(19.9707111478521,1.08198717601259,20.));
#6954=CARTESIAN_POINT('Ctrl Pts',(19.8016506516002,4.20241079286363,17.5));
#6955=CARTESIAN_POINT('Ctrl Pts',(18.8882764116818,7.28001642827125,15.));
#6956=CARTESIAN_POINT('Ctrl Pts',(17.3277334766819,9.98747478400206,12.5));
#6957=CARTESIAN_POINT('',(19.9707111478521,-1.08198717601262,20.));
#6958=CARTESIAN_POINT('Origin',(0.,0.,20.));
#6959=CARTESIAN_POINT('',(18.3053553539664,8.05692033999439,12.5));
#6960=CARTESIAN_POINT('Ctrl Pts',(19.9707111478521,-1.08198717601261,20.));
#6961=CARTESIAN_POINT('Ctrl Pts',(20.139771644104,2.03843644083842,17.5));
#6962=CARTESIAN_POINT('Ctrl Pts',(19.5642491570901,5.19670856593793,15.));
#6963=CARTESIAN_POINT('Ctrl Pts',(18.3053553539664,8.0569203399944,12.5));
#6964=CARTESIAN_POINT('Origin',(0.,0.,12.5));
#6965=CARTESIAN_POINT('Ctrl Pts',(14.7008333106558,-3.15264788575272,20.));
#6966=CARTESIAN_POINT('Ctrl Pts',(15.1934345428046,-0.855642680963377,17.5));
#6967=CARTESIAN_POINT('Ctrl Pts',(15.1376404414969,1.55705474146849,15.));
#6968=CARTESIAN_POINT('Ctrl Pts',(14.5393851796551,3.82883367578898,12.5));
#6969=CARTESIAN_POINT('Ctrl Pts',(14.823753479601,-3.17900856902505,20.));
#6970=CARTESIAN_POINT('Ctrl Pts',(15.3205044133219,-0.862807759666863,17.5));
#6971=CARTESIAN_POINT('Ctrl Pts',(15.2641806091237,1.57006955068218,15.));
#6972=CARTESIAN_POINT('Ctrl Pts',(14.6609554093744,3.86084824750376,12.5));
#6973=CARTESIAN_POINT('Ctrl Pts',(15.0764943917959,-3.17875401896502,20.));
#6974=CARTESIAN_POINT('Ctrl Pts',(15.5733101209138,-0.823062393169381,17.5));
#6975=CARTESIAN_POINT('Ctrl Pts',(15.5073273137414,1.64921741630605,15.));
#6976=CARTESIAN_POINT('Ctrl Pts',(14.886319095897,3.97525647399888,12.5));
#6977=CARTESIAN_POINT('Ctrl Pts',(15.5863440958092,-3.15045517958518,20.));
#6978=CARTESIAN_POINT('Ctrl Pts',(16.0785138290437,-0.715084961932796,17.5));
#6979=CARTESIAN_POINT('Ctrl Pts',(15.9895381721802,1.83581428707476,15.));
#6980=CARTESIAN_POINT('Ctrl Pts',(15.3283885901515,4.23083837328426,12.5));
#6981=CARTESIAN_POINT('Ctrl Pts',(16.4879609796511,-2.97790105603826,20.));
#6982=CARTESIAN_POINT('Ctrl Pts',(16.953525869352,-0.401673784994911,17.5));
#6983=CARTESIAN_POINT('Ctrl Pts',(16.8033162236301,2.28343640717892,15.));
#6984=CARTESIAN_POINT('Ctrl Pts',(16.0547963658385,4.7921045082001,12.5));
#6985=CARTESIAN_POINT('Ctrl Pts',(18.0296125341671,-2.41434141420418,20.));
#6986=CARTESIAN_POINT('Ctrl Pts',(18.4067862921468,0.402784918308542,17.5));
#6987=CARTESIAN_POINT('Ctrl Pts',(18.1117633902454,3.30769956733504,15.));
#6988=CARTESIAN_POINT('Ctrl Pts',(17.1755555016391,5.99134924759444,12.5));
#6989=CARTESIAN_POINT('Ctrl Pts',(19.2643709519409,-1.63693599705219,20.));
#6990=CARTESIAN_POINT('Ctrl Pts',(19.5200452019646,1.37317407534211,17.5));
#6991=CARTESIAN_POINT('Ctrl Pts',(19.0577017497105,4.44180047909761,15.));
#6992=CARTESIAN_POINT('Ctrl Pts',(17.92591550746,7.24272744564051,12.5));
#6993=CARTESIAN_POINT('Ctrl Pts',(19.9707111478521,-1.08198717601261,20.));
#6994=CARTESIAN_POINT('Ctrl Pts',(20.139771644104,2.03843644083842,17.5));
#6995=CARTESIAN_POINT('Ctrl Pts',(19.5642491570901,5.19670856593793,15.));
#6996=CARTESIAN_POINT('Ctrl Pts',(18.3053553539664,8.0569203399944,12.5));
#6997=CARTESIAN_POINT('',(14.7008333106558,-3.15264788575272,20.));
#6998=CARTESIAN_POINT('Ctrl Pts',(14.7008333106558,-3.15264788575272,20.));
#6999=CARTESIAN_POINT('Ctrl Pts',(14.7155837309293,-3.1558111677454,20.));
#7000=CARTESIAN_POINT('Ctrl Pts',(14.7451582910295,-3.1615700919633,20.));
#7001=CARTESIAN_POINT('Ctrl Pts',(14.7897412850199,-3.16850560178039,20.));
#7002=CARTESIAN_POINT('Ctrl Pts',(14.8496065460546,-3.17452215602056,20.));
#7003=CARTESIAN_POINT('Ctrl Pts',(14.9250177172905,-3.17766727106442,20.));
#7004=CARTESIAN_POINT('Ctrl Pts',(15.0008524090268,-3.17770459858144,20.));
#7005=CARTESIAN_POINT('Ctrl Pts',(15.0769551165339,-3.17586759985902,20.));
#7006=CARTESIAN_POINT('Ctrl Pts',(15.1532100516781,-3.17301767943506,20.));
#7007=CARTESIAN_POINT('Ctrl Pts',(15.2295654526893,-3.16943830528709,20.));
#7008=CARTESIAN_POINT('Ctrl Pts',(15.3060102092177,-3.16505236989911,20.));
#7009=CARTESIAN_POINT('Ctrl Pts',(15.3825579055778,-3.15957421757483,20.));
#7010=CARTESIAN_POINT('Ctrl Pts',(15.4592292940954,-3.1526743472137,20.));
#7011=CARTESIAN_POINT('Ctrl Pts',(15.5360322979217,-3.14416918352302,20.));
#7012=CARTESIAN_POINT('Ctrl Pts',(15.6129547643716,-3.13408682871613,20.));
#7013=CARTESIAN_POINT('Ctrl Pts',(15.6899738673184,-3.12257178946138,20.));
#7014=CARTESIAN_POINT('Ctrl Pts',(15.7670614701187,-3.10982860812468,20.));
#7015=CARTESIAN_POINT('Ctrl Pts',(15.8441905768973,-3.09605537835934,20.));
#7016=CARTESIAN_POINT('Ctrl Pts',(15.9213426693901,-3.08136772573746,20.));
#7017=CARTESIAN_POINT('Ctrl Pts',(15.9985083264192,-3.06579196375491,20.));
#7018=CARTESIAN_POINT('Ctrl Pts',(16.0756834371383,-3.04930342258155,20.));
#7019=CARTESIAN_POINT('Ctrl Pts',(16.1528666829349,-3.03185178418109,20.));
#7020=CARTESIAN_POINT('Ctrl Pts',(16.2300567005717,-3.01338970605717,20.));
#7021=CARTESIAN_POINT('Ctrl Pts',(16.3072488667935,-2.99390528547616,20.));
#7022=CARTESIAN_POINT('Ctrl Pts',(16.384435518934,-2.97341958960062,20.));
#7023=CARTESIAN_POINT('Ctrl Pts',(16.4616073765492,-2.95197197484597,20.));
#7024=CARTESIAN_POINT('Ctrl Pts',(16.5387545862828,-2.92960924488182,20.));
#7025=CARTESIAN_POINT('Ctrl Pts',(16.615867860323,-2.90637386870258,20.));
#7026=CARTESIAN_POINT('Ctrl Pts',(16.6929397398175,-2.88229092209454,20.));
#7027=CARTESIAN_POINT('Ctrl Pts',(16.7699643154311,-2.85737083613319,20.));
#7028=CARTESIAN_POINT('Ctrl Pts',(16.8469366434348,-2.83161527036857,20.));
#7029=CARTESIAN_POINT('Ctrl Pts',(16.9238522617194,-2.8050219706787,20.));
#7030=CARTESIAN_POINT('Ctrl Pts',(17.0007066849083,-2.77758985041387,20.));
#7031=CARTESIAN_POINT('Ctrl Pts',(17.0774948561813,-2.74932451979768,20.));
#7032=CARTESIAN_POINT('Ctrl Pts',(17.1542112857632,-2.7202368290013,20.));
#7033=CARTESIAN_POINT('Ctrl Pts',(17.2308502747221,-2.69034055009401,20.));
#7034=CARTESIAN_POINT('Ctrl Pts',(17.3074061115881,-2.65965034605023,20.));
#7035=CARTESIAN_POINT('Ctrl Pts',(17.3838732734008,-2.62817970083326,20.));
#7036=CARTESIAN_POINT('Ctrl Pts',(17.4602466456712,-2.59593867354423,20.));
#7037=CARTESIAN_POINT('Ctrl Pts',(17.536521445824,-2.56293459052787,20.));
#7038=CARTESIAN_POINT('Ctrl Pts',(17.6126931170314,-2.52917304027013,20.));
#7039=CARTESIAN_POINT('Ctrl Pts',(17.6887572319414,-2.49465877865787,20.));
#7040=CARTESIAN_POINT('Ctrl Pts',(17.7647093973311,-2.45939663785792,20.));
#7041=CARTESIAN_POINT('Ctrl Pts',(17.8405451482982,-2.4233925406169,20.));
#7042=CARTESIAN_POINT('Ctrl Pts',(17.9162599804201,-2.38665323880352,20.));
#7043=CARTESIAN_POINT('Ctrl Pts',(17.9918493993518,-2.34918589578986,20.));
#7044=CARTESIAN_POINT('Ctrl Pts',(18.0673089667436,-2.31099772094441,20.));
#7045=CARTESIAN_POINT('Ctrl Pts',(18.1426343448333,-2.27209560933919,20.));
#7046=CARTESIAN_POINT('Ctrl Pts',(18.217821352751,-2.23248572795127,20.));
#7047=CARTESIAN_POINT('Ctrl Pts',(18.2928659327343,-2.1921736160257,20.));
#7048=CARTESIAN_POINT('Ctrl Pts',(18.36776410001,-2.15116439037182,20.));
#7049=CARTESIAN_POINT('Ctrl Pts',(18.4425118968526,-2.10946292548728,20.));
#7050=CARTESIAN_POINT('Ctrl Pts',(18.5171053518823,-2.06707403321868,20.));
#7051=CARTESIAN_POINT('Ctrl Pts',(18.5915404232639,-2.02400268799135,20.));
#7052=CARTESIAN_POINT('Ctrl Pts',(18.6658130400464,-1.9802539912468,20.));
#7053=CARTESIAN_POINT('Ctrl Pts',(18.7399191756673,-1.93583304694183,20.));
#7054=CARTESIAN_POINT('Ctrl Pts',(18.8138549179671,-1.89074486581643,20.));
#7055=CARTESIAN_POINT('Ctrl Pts',(18.8876165286963,-1.84499427445281,20.));
#7056=CARTESIAN_POINT('Ctrl Pts',(18.961200542173,-1.79858579731892,20.));
#7057=CARTESIAN_POINT('Ctrl Pts',(19.0346036982661,-1.75152369018576,20.));
#7058=CARTESIAN_POINT('Ctrl Pts',(19.1078227737426,-1.70381207107564,20.));
#7059=CARTESIAN_POINT('Ctrl Pts',(19.1808544344922,-1.65545503374208,20.));
#7060=CARTESIAN_POINT('Ctrl Pts',(19.2536951044426,-1.60645675620051,20.));
#7061=CARTESIAN_POINT('Ctrl Pts',(19.3263407699341,-1.55682165729582,20.));
#7062=CARTESIAN_POINT('Ctrl Pts',(19.3987870264645,-1.50655438740631,20.));
#7063=CARTESIAN_POINT('Ctrl Pts',(19.4710294413764,-1.45565959848793,20.));
#7064=CARTESIAN_POINT('Ctrl Pts',(19.543063846809,-1.40414177095503,20.));
#7065=CARTESIAN_POINT('Ctrl Pts',(19.614886645005,-1.35200502759822,20.));
#7066=CARTESIAN_POINT('Ctrl Pts',(19.6864951525002,-1.29925294382109,20.));
#7067=CARTESIAN_POINT('Ctrl Pts',(19.757887799947,-1.24588840514628,20.));
#7068=CARTESIAN_POINT('Ctrl Pts',(19.8290638093539,-1.19191363637022,20.));
#7069=CARTESIAN_POINT('Ctrl Pts',(19.8858311296438,-1.14824689136965,20.));
#7070=CARTESIAN_POINT('Ctrl Pts',(19.9283090643278,-1.11522335197329,20.));
#7071=CARTESIAN_POINT('Ctrl Pts',(19.9565843439339,-1.09308615243341,20.));
#7072=CARTESIAN_POINT('Ctrl Pts',(19.9707111478521,-1.08198717601261,20.));
#7073=CARTESIAN_POINT('',(14.5393851796551,3.82883367578898,12.5));
#7074=CARTESIAN_POINT('Ctrl Pts',(14.7008333106558,-3.15264788575272,20.));
#7075=CARTESIAN_POINT('Ctrl Pts',(15.1934345428046,-0.855642680963377,17.5));
#7076=CARTESIAN_POINT('Ctrl Pts',(15.1376404414969,1.55705474146849,15.));
#7077=CARTESIAN_POINT('Ctrl Pts',(14.5393851796551,3.82883367578898,12.5));
#7078=CARTESIAN_POINT('Ctrl Pts',(14.5393851796551,3.82883367578898,12.5));
#7079=CARTESIAN_POINT('Ctrl Pts',(14.5539736072214,3.83267542439475,12.5));
#7080=CARTESIAN_POINT('Ctrl Pts',(14.5829597865989,3.84089863656307,12.5));
#7081=CARTESIAN_POINT('Ctrl Pts',(14.625867043432,3.85485255933149,12.5));
#7082=CARTESIAN_POINT('Ctrl Pts',(14.6819929677849,3.87653040560863,12.5));
#7083=CARTESIAN_POINT('Ctrl Pts',(14.7506906882045,3.90779315828575,12.5));
#7084=CARTESIAN_POINT('Ctrl Pts',(14.8183622357909,3.94201980742572,12.5));
#7085=CARTESIAN_POINT('Ctrl Pts',(14.8854261221551,3.97803968804669,12.5));
#7086=CARTESIAN_POINT('Ctrl Pts',(14.9521682067967,4.015032002356,12.5));
#7087=CARTESIAN_POINT('Ctrl Pts',(15.0186703740416,4.0527204745272,12.5));
#7088=CARTESIAN_POINT('Ctrl Pts',(15.0848878769965,4.09116887543473,12.5));
#7089=CARTESIAN_POINT('Ctrl Pts',(15.1507037835916,4.13063818515736,12.5));
#7090=CARTESIAN_POINT('Ctrl Pts',(15.2159877484793,4.17143173803967,12.5));
#7091=CARTESIAN_POINT('Ctrl Pts',(15.2806639060896,4.21371688724038,12.5));
#7092=CARTESIAN_POINT('Ctrl Pts',(15.3447341103807,4.25746307159138,12.5));
#7093=CARTESIAN_POINT('Ctrl Pts',(15.4082432813862,4.30253105963134,12.5));
#7094=CARTESIAN_POINT('Ctrl Pts',(15.4712587238638,4.3487256608898,12.5));
#7095=CARTESIAN_POINT('Ctrl Pts',(15.5338458469447,4.39585795337675,12.5));
#7096=CARTESIAN_POINT('Ctrl Pts',(15.5960403661965,4.44381641759947,12.5));
#7097=CARTESIAN_POINT('Ctrl Pts',(15.6578457643556,4.49257332218211,12.5));
#7098=CARTESIAN_POINT('Ctrl Pts',(15.7192472288718,4.54214881874835,12.5));
#7099=CARTESIAN_POINT('Ctrl Pts',(15.7802208511134,4.59258720200259,12.5));
#7100=CARTESIAN_POINT('Ctrl Pts',(15.840744026901,4.6439300919095,12.5));
#7101=CARTESIAN_POINT('Ctrl Pts',(15.9008072543576,4.69618601864409,12.5));
#7102=CARTESIAN_POINT('Ctrl Pts',(15.9604132149032,4.74933272570669,12.5));
#7103=CARTESIAN_POINT('Ctrl Pts',(16.0195714092469,4.80333090927293,12.5));
#7104=CARTESIAN_POINT('Ctrl Pts',(16.0782941914399,4.8581343627466,12.5));
#7105=CARTESIAN_POINT('Ctrl Pts',(16.1365924617925,4.91370100213826,12.5));
#7106=CARTESIAN_POINT('Ctrl Pts',(16.1944708945361,4.97000508679715,12.5));
#7107=CARTESIAN_POINT('Ctrl Pts',(16.251928930216,5.02703464114038,12.5));
#7108=CARTESIAN_POINT('Ctrl Pts',(16.3089629081022,5.08478595119162,12.5));
#7109=CARTESIAN_POINT('Ctrl Pts',(16.3655678290489,5.14325901207546,12.5));
#7110=CARTESIAN_POINT('Ctrl Pts',(16.4217392005829,5.20245276686347,12.5));
#7111=CARTESIAN_POINT('Ctrl Pts',(16.4774750458837,5.2623599259591,12.5));
#7112=CARTESIAN_POINT('Ctrl Pts',(16.5327753691355,5.32296832943512,12.5));
#7113=CARTESIAN_POINT('Ctrl Pts',(16.587641307957,5.38426311614956,12.5));
#7114=CARTESIAN_POINT('Ctrl Pts',(16.6420743912672,5.44622862448969,12.5));
#7115=CARTESIAN_POINT('Ctrl Pts',(16.6960757835168,5.50885032984148,12.5));
#7116=CARTESIAN_POINT('Ctrl Pts',(16.7496454663128,5.57211694756163,12.5));
#7117=CARTESIAN_POINT('Ctrl Pts',(16.802782482792,5.63601978093994,12.5));
#7118=CARTESIAN_POINT('Ctrl Pts',(16.8554852923735,5.70055178565512,12.5));
#7119=CARTESIAN_POINT('Ctrl Pts',(16.9077520938412,5.76570671866877,12.5));
#7120=CARTESIAN_POINT('Ctrl Pts',(16.9595811508882,5.83147828430933,12.5));
#7121=CARTESIAN_POINT('Ctrl Pts',(17.0109711559523,5.89785918157937,12.5));
#7122=CARTESIAN_POINT('Ctrl Pts',(17.0619211407884,5.96484135193976,12.5));
#7123=CARTESIAN_POINT('Ctrl Pts',(17.1124303320469,6.03241637428798,12.5));
#7124=CARTESIAN_POINT('Ctrl Pts',(17.1624980271132,6.10057581178364,12.5));
#7125=CARTESIAN_POINT('Ctrl Pts',(17.2121234711206,6.16931155342341,12.5));
#7126=CARTESIAN_POINT('Ctrl Pts',(17.2613057202383,6.23861620864154,12.5));
#7127=CARTESIAN_POINT('Ctrl Pts',(17.3100436568727,6.30848300250951,12.5));
#7128=CARTESIAN_POINT('Ctrl Pts',(17.3583360377018,6.37890556994245,12.5));
#7129=CARTESIAN_POINT('Ctrl Pts',(17.4061815340643,6.44987777424927,12.5));
#7130=CARTESIAN_POINT('Ctrl Pts',(17.4535787768134,6.52139352846335,12.5));
#7131=CARTESIAN_POINT('Ctrl Pts',(17.5005264073953,6.59344656874635,12.5));
#7132=CARTESIAN_POINT('Ctrl Pts',(17.547023098663,6.6660305047909,12.5));
#7133=CARTESIAN_POINT('Ctrl Pts',(17.5930675642066,6.7391389640991,12.5));
#7134=CARTESIAN_POINT('Ctrl Pts',(17.638658577566,6.81276570901883,12.5));
#7135=CARTESIAN_POINT('Ctrl Pts',(17.6837949842352,6.88690474475903,12.5));
#7136=CARTESIAN_POINT('Ctrl Pts',(17.728475736388,6.96155046919309,12.5));
#7137=CARTESIAN_POINT('Ctrl Pts',(17.7726998481874,7.03669761277008,12.5));
#7138=CARTESIAN_POINT('Ctrl Pts',(17.8164663044839,7.11234104549885,12.5));
#7139=CARTESIAN_POINT('Ctrl Pts',(17.8597739802462,7.18847560894799,12.5));
#7140=CARTESIAN_POINT('Ctrl Pts',(17.9026215726479,7.2650959602017,12.5));
#7141=CARTESIAN_POINT('Ctrl Pts',(17.945007497276,7.34219634380255,12.5));
#7142=CARTESIAN_POINT('Ctrl Pts',(17.986929925634,7.41977062116299,12.5));
#7143=CARTESIAN_POINT('Ctrl Pts',(18.0283870048196,7.4978126395681,12.5));
#7144=CARTESIAN_POINT('Ctrl Pts',(18.0693770406674,7.57631651896869,12.5));
#7145=CARTESIAN_POINT('Ctrl Pts',(18.1098986860557,7.65527695592019,12.5));
#7146=CARTESIAN_POINT('Ctrl Pts',(18.1499511622414,7.73468954837203,12.5));
#7147=CARTESIAN_POINT('Ctrl Pts',(18.1895343727531,7.81455101306573,12.5));
#7148=CARTESIAN_POINT('Ctrl Pts',(18.2286486286181,7.89485901371105,12.5));
#7149=CARTESIAN_POINT('Ctrl Pts',(18.2595652784273,7.95946144428774,12.5));
#7150=CARTESIAN_POINT('Ctrl Pts',(18.2825421824515,8.00811317571372,12.5));
#7151=CARTESIAN_POINT('Ctrl Pts',(18.2977665570362,8.04063648210732,12.5));
#7152=CARTESIAN_POINT('Ctrl Pts',(18.3053553539664,8.0569203399944,12.5));
#7153=CARTESIAN_POINT('Ctrl Pts',(12.9276554160278,-2.77238335091779,20.));
#7154=CARTESIAN_POINT('Ctrl Pts',(13.3608403146086,-0.752437192163993,17.5));
#7155=CARTESIAN_POINT('Ctrl Pts',(13.3117759588194,1.36924667712588,15.));
#7156=CARTESIAN_POINT('Ctrl Pts',(12.7856807564263,3.36700929531694,12.5));
#7157=CARTESIAN_POINT('Ctrl Pts',(13.5187147142372,-2.89913819586277,20.));
#7158=CARTESIAN_POINT('Ctrl Pts',(13.9717050573406,-0.786839021763789,17.5));
#7159=CARTESIAN_POINT('Ctrl Pts',(13.9203974530453,1.43184936524009,15.));
#7160=CARTESIAN_POINT('Ctrl Pts',(13.3702488975025,3.52095075547429,12.5));
#7161=CARTESIAN_POINT('Ctrl Pts',(14.1097740124465,-3.02589304080775,20.));
#7162=CARTESIAN_POINT('Ctrl Pts',(14.5825698000726,-0.821240851363582,17.5));
#7163=CARTESIAN_POINT('Ctrl Pts',(14.5290189472711,1.49445205335429,15.));
#7164=CARTESIAN_POINT('Ctrl Pts',(13.9548170385788,3.67489221563163,12.5));
#7165=CARTESIAN_POINT('Ctrl Pts',(14.7008333106558,-3.15264788575272,20.));
#7166=CARTESIAN_POINT('Ctrl Pts',(15.1934345428046,-0.855642680963377,17.5));
#7167=CARTESIAN_POINT('Ctrl Pts',(15.1376404414969,1.55705474146849,15.));
#7168=CARTESIAN_POINT('Ctrl Pts',(14.5393851796551,3.82883367578898,12.5));
#7169=CARTESIAN_POINT('',(12.9276554160278,-2.77238335091779,20.));
#7170=CARTESIAN_POINT('',(12.7856807564263,3.36700929531694,12.5));
#7171=CARTESIAN_POINT('Origin',(0.,0.,20.));
#7172=CARTESIAN_POINT('Ctrl Pts',(10.6374660815156,-4.02078342672229,5.));
#7173=CARTESIAN_POINT('Ctrl Pts',(11.2657134919408,-2.35867935148593,7.5));
#7174=CARTESIAN_POINT('Ctrl Pts',(11.4969277298946,-0.548016002689739,10.));
#7175=CARTESIAN_POINT('Ctrl Pts',(11.3065172124333,1.21862731175248,12.5));
#7176=CARTESIAN_POINT('Ctrl Pts',(10.7809813145086,-3.64109661917185,5.));
#7177=CARTESIAN_POINT('Ctrl Pts',(11.3499349896583,-1.95674555255432,7.5));
#7178=CARTESIAN_POINT('Ctrl Pts',(11.5163793333004,-0.137508591163206,10.));
#7179=CARTESIAN_POINT('Ctrl Pts',(11.2630203204059,1.62219479596403,12.5));
#7180=CARTESIAN_POINT('Ctrl Pts',(11.3936437485833,-2.85861824331881,5.));
#7181=CARTESIAN_POINT('Ctrl Pts',(11.8405749776078,-1.07826656229274,7.5));
#7182=CARTESIAN_POINT('Ctrl Pts',(11.861685404908,0.806831023097951,10.));
#7183=CARTESIAN_POINT('Ctrl Pts',(11.4560957169107,2.59705353345803,12.5));
#7184=CARTESIAN_POINT('Ctrl Pts',(12.3984807296993,-2.65889988907632,5.));
#7185=CARTESIAN_POINT('Ctrl Pts',(12.8132207096535,-0.721734988971856,7.5));
#7186=CARTESIAN_POINT('Ctrl Pts',(12.7674699202046,1.31360790958331,10.));
#7187=CARTESIAN_POINT('Ctrl Pts',(12.2623175953545,3.22918568922781,12.5));
#7188=CARTESIAN_POINT('Ctrl Pts',(12.9276554160278,-2.77238335091779,5.));
#7189=CARTESIAN_POINT('Ctrl Pts',(13.3608403146086,-0.752437192163993,7.5));
#7190=CARTESIAN_POINT('Ctrl Pts',(13.3117759588194,1.36924667712588,10.));
#7191=CARTESIAN_POINT('Ctrl Pts',(12.7856807564263,3.36700929531694,12.5));
#7192=CARTESIAN_POINT('',(12.9276554160278,-2.77238335091779,5.));
#7193=CARTESIAN_POINT('',(10.6374660815156,-4.02078342672229,5.));
#7194=CARTESIAN_POINT('Origin',(12.5082831904702,-4.72792085667697,5.));
#7195=CARTESIAN_POINT('Ctrl Pts',(12.9276554160278,-2.77238335091779,5.));
#7196=CARTESIAN_POINT('Ctrl Pts',(13.3608403146086,-0.752437192163993,7.5));
#7197=CARTESIAN_POINT('Ctrl Pts',(13.3117759588194,1.36924667712588,10.));
#7198=CARTESIAN_POINT('Ctrl Pts',(12.7856807564263,3.36700929531694,12.5));
#7199=CARTESIAN_POINT('Ctrl Pts',(10.6374660815156,-4.02078342672232,5.));
#7200=CARTESIAN_POINT('Ctrl Pts',(11.2657134919408,-2.35867935148596,7.5));
#7201=CARTESIAN_POINT('Ctrl Pts',(11.4969277298946,-0.548016002689774,10.));
#7202=CARTESIAN_POINT('Ctrl Pts',(11.3065172124333,1.21862731175245,12.5));
#7203=CARTESIAN_POINT('Ctrl Pts',(10.3649476275994,-4.67870117416378,5.));
#7204=CARTESIAN_POINT('Ctrl Pts',(11.0959946860623,-3.05917810735181,7.5));
#7205=CARTESIAN_POINT('Ctrl Pts',(11.4400853872076,-1.26653665522266,10.));
#7206=CARTESIAN_POINT('Ctrl Pts',(11.3606227848773,0.508560654913934,12.5));
#7207=CARTESIAN_POINT('Ctrl Pts',(10.4626251068384,-4.46231164232133,5.));
#7208=CARTESIAN_POINT('Ctrl Pts',(11.1598613325032,-2.82752639425663,7.5));
#7209=CARTESIAN_POINT('Ctrl Pts',(11.4665269423157,-1.02770149968421,10.));
#7210=CARTESIAN_POINT('Ctrl Pts',(11.3500055385598,0.745736946988228,12.5));
#7211=CARTESIAN_POINT('Ctrl Pts',(10.5535239841111,-4.242862340005,5.));
#7212=CARTESIAN_POINT('Ctrl Pts',(11.2164712555449,-2.59387414205826,7.5));
#7213=CARTESIAN_POINT('Ctrl Pts',(11.4854867788933,-0.788038021154162,10.));
#7214=CARTESIAN_POINT('Ctrl Pts',(11.3319585559842,0.982580584429651,12.5));
#7215=CARTESIAN_POINT('Ctrl Pts',(10.6374660815156,-4.02078342672232,5.));
#7216=CARTESIAN_POINT('Ctrl Pts',(11.2657134919408,-2.35867935148596,7.5));
#7217=CARTESIAN_POINT('Ctrl Pts',(11.4969277298946,-0.548016002689774,10.));
#7218=CARTESIAN_POINT('Ctrl Pts',(11.3065172124333,1.21862731175245,12.5));
#7219=CARTESIAN_POINT('',(10.3649476275994,-4.67870117416378,5.));
#7220=CARTESIAN_POINT('Origin',(0.,0.,5.));
#7221=CARTESIAN_POINT('Ctrl Pts',(10.3649476275994,-4.67870117416378,5.));
#7222=CARTESIAN_POINT('Ctrl Pts',(11.0959946860623,-3.05917810735181,7.5));
#7223=CARTESIAN_POINT('Ctrl Pts',(11.4400853872076,-1.26653665522266,10.));
#7224=CARTESIAN_POINT('Ctrl Pts',(11.3606227848773,0.508560654913934,12.5));
#7225=CARTESIAN_POINT('Ctrl Pts',(11.1016038769989,-7.18086174203363,5.));
#7226=CARTESIAN_POINT('Ctrl Pts',(12.2236135241914,-5.44623613625302,7.5));
#7227=CARTESIAN_POINT('Ctrl Pts',(12.9308951566059,-3.44531073917721,10.));
#7228=CARTESIAN_POINT('Ctrl Pts',(13.1482234114707,-1.39090083113547,12.5));
#7229=CARTESIAN_POINT('Ctrl Pts',(10.7607829260821,-6.96040817924771,5.));
#7230=CARTESIAN_POINT('Ctrl Pts',(11.8485267973035,-5.27904167846842,7.5));
#7231=CARTESIAN_POINT('Ctrl Pts',(12.5337513796292,-3.33961532677919,10.));
#7232=CARTESIAN_POINT('Ctrl Pts',(12.7445709252521,-1.34819996113949,12.5));
#7233=CARTESIAN_POINT('Ctrl Pts',(10.1252904738904,-6.19634312363442,5.));
#7234=CARTESIAN_POINT('Ctrl Pts',(11.0934322225696,-4.61397625724115,7.5));
#7235=CARTESIAN_POINT('Ctrl Pts',(11.683600226378,-2.80271076545099,10.));
#7236=CARTESIAN_POINT('Ctrl Pts',(11.8324438984688,-0.953649136766518,12.5));
#7237=CARTESIAN_POINT('Ctrl Pts',(10.142282931742,-5.17198078856232,5.));
#7238=CARTESIAN_POINT('Ctrl Pts',(10.9503498571154,-3.58796676155416,7.5));
#7239=CARTESIAN_POINT('Ctrl Pts',(11.3795343756724,-1.81031814730225,10.));
#7240=CARTESIAN_POINT('Ctrl Pts',(11.3848257632972,-0.0321042695985188,
12.5));
#7241=CARTESIAN_POINT('Ctrl Pts',(10.3649476275994,-4.67870117416378,5.));
#7242=CARTESIAN_POINT('Ctrl Pts',(11.0959946860623,-3.05917810735181,7.5));
#7243=CARTESIAN_POINT('Ctrl Pts',(11.4400853872076,-1.26653665522266,10.));
#7244=CARTESIAN_POINT('Ctrl Pts',(11.3606227848773,0.508560654913934,12.5));
#7245=CARTESIAN_POINT('',(11.1016038769989,-7.18086174203363,5.));
#7246=CARTESIAN_POINT('Origin',(12.1878367636528,-5.50154696631358,5.));
#7247=CARTESIAN_POINT('Ctrl Pts',(11.1016038769989,-7.18086174203363,5.));
#7248=CARTESIAN_POINT('Ctrl Pts',(12.2236135241914,-5.44623613625302,7.5));
#7249=CARTESIAN_POINT('Ctrl Pts',(12.9308951566059,-3.44531073917722,10.));
#7250=CARTESIAN_POINT('Ctrl Pts',(13.1482234114707,-1.39090083113548,12.5));
#7251=CARTESIAN_POINT('Ctrl Pts',(12.624317621767,-8.16580022434864,5.));
#7252=CARTESIAN_POINT('Ctrl Pts',(13.9002239068211,-6.19325059594809,7.5));
#7253=CARTESIAN_POINT('Ctrl Pts',(14.7045174192335,-3.91787507093217,10.));
#7254=CARTESIAN_POINT('Ctrl Pts',(14.9516547651518,-1.58167901387783,12.5));
#7255=CARTESIAN_POINT('Ctrl Pts',(12.116746373511,-7.8374873969103,5.));
#7256=CARTESIAN_POINT('Ctrl Pts',(13.3413537792779,-5.94424577604974,7.5));
#7257=CARTESIAN_POINT('Ctrl Pts',(14.1133099983576,-3.76035362701385,10.));
#7258=CARTESIAN_POINT('Ctrl Pts',(14.3505109805915,-1.51808628629704,12.5));
#7259=CARTESIAN_POINT('Ctrl Pts',(11.609175125255,-7.50917456947197,5.));
#7260=CARTESIAN_POINT('Ctrl Pts',(12.7824836517346,-5.69524095615137,7.5));
#7261=CARTESIAN_POINT('Ctrl Pts',(13.5221025774817,-3.60283218309553,10.));
#7262=CARTESIAN_POINT('Ctrl Pts',(13.7493671960311,-1.45449355871626,12.5));
#7263=CARTESIAN_POINT('Ctrl Pts',(11.1016038769989,-7.18086174203363,5.));
#7264=CARTESIAN_POINT('Ctrl Pts',(12.2236135241914,-5.44623613625302,7.5));
#7265=CARTESIAN_POINT('Ctrl Pts',(12.9308951566059,-3.44531073917722,10.));
#7266=CARTESIAN_POINT('Ctrl Pts',(13.1482234114707,-1.39090083113548,12.5));
#7267=CARTESIAN_POINT('',(12.624317621767,-8.16580022434864,5.));
#7268=CARTESIAN_POINT('',(12.624317621767,-8.16580022434864,5.));
#7269=CARTESIAN_POINT('Ctrl Pts',(12.624317621767,-8.16580022434865,5.));
#7270=CARTESIAN_POINT('Ctrl Pts',(13.9002239068211,-6.19325059594809,7.5));
#7271=CARTESIAN_POINT('Ctrl Pts',(14.7045174192335,-3.91787507093217,10.));
#7272=CARTESIAN_POINT('Ctrl Pts',(14.9516547651518,-1.58167901387783,12.5));
#7273=CARTESIAN_POINT('Ctrl Pts',(14.8865057470794,-13.3563448084486,5.));
#7274=CARTESIAN_POINT('Ctrl Pts',(16.9734346233989,-11.0303282854681,7.5));
#7275=CARTESIAN_POINT('Ctrl Pts',(18.5037773192062,-8.20827935204603,10.));
#7276=CARTESIAN_POINT('Ctrl Pts',(19.3147689906524,-5.19034669725741,12.5));
#7277=CARTESIAN_POINT('Ctrl Pts',(14.7794558792944,-12.4644787915267,5.));
#7278=CARTESIAN_POINT('Ctrl Pts',(16.7271361276358,-10.1552205512521,7.5));
#7279=CARTESIAN_POINT('Ctrl Pts',(18.1220123813765,-7.38311851301148,10.));
#7280=CARTESIAN_POINT('Ctrl Pts',(18.8163465732505,-4.44304504453327,12.5));
#7281=CARTESIAN_POINT('Ctrl Pts',(14.456066734655,-11.0416581686779,5.));
#7282=CARTESIAN_POINT('Ctrl Pts',(16.1813737458809,-8.78294691354595,7.50000000000001));
#7283=CARTESIAN_POINT('Ctrl Pts',(17.366267233792,-6.11431372355282,10.));
#7284=CARTESIAN_POINT('Ctrl Pts',(17.8850504528553,-3.31979680847367,12.5));
#7285=CARTESIAN_POINT('Ctrl Pts',(13.7644522724331,-9.55304451581152,5.));
#7286=CARTESIAN_POINT('Ctrl Pts',(15.2569159550757,-7.40217265198918,7.5));
#7287=CARTESIAN_POINT('Ctrl Pts',(16.2357501042415,-4.89732387350798,10.));
#7288=CARTESIAN_POINT('Ctrl Pts',(16.5955247036996,-2.30420608671648,12.5));
#7289=CARTESIAN_POINT('Ctrl Pts',(13.2489204620529,-8.79349852927448,5.));
#7290=CARTESIAN_POINT('Ctrl Pts',(14.6229707017899,-6.72341517780789,7.5));
#7291=CARTESIAN_POINT('Ctrl Pts',(15.50182827287,-4.32703989753528,10.));
#7292=CARTESIAN_POINT('Ctrl Pts',(15.7924601945604,-1.85949208048395,12.5));
#7293=CARTESIAN_POINT('Ctrl Pts',(12.9084121438623,-8.41297033721628,5.));
#7294=CARTESIAN_POINT('Ctrl Pts',(14.2228358957873,-6.39594304317238,7.5));
#7295=CARTESIAN_POINT('Ctrl Pts',(15.0553631320457,-4.06711917488407,10.));
#7296=CARTESIAN_POINT('Ctrl Pts',(15.3167694677176,-1.67384200075373,12.5));
#7297=CARTESIAN_POINT('Ctrl Pts',(12.7298751246713,-8.2340780914558,5.));
#7298=CARTESIAN_POINT('Ctrl Pts',(14.0164204697635,-6.24502083877407,7.5));
#7299=CARTESIAN_POINT('Ctrl Pts',(14.8275010270116,-3.95063362041172,10.));
#7300=CARTESIAN_POINT('Ctrl Pts',(15.0766721632071,-1.59490413163098,12.5));
#7301=CARTESIAN_POINT('Ctrl Pts',(12.624317621767,-8.16580022434865,5.));
#7302=CARTESIAN_POINT('Ctrl Pts',(13.9002239068211,-6.19325059594809,7.5));
#7303=CARTESIAN_POINT('Ctrl Pts',(14.7045174192335,-3.91787507093217,10.));
#7304=CARTESIAN_POINT('Ctrl Pts',(14.9516547651518,-1.58167901387783,12.5));
#7305=CARTESIAN_POINT('',(14.8865057470794,-13.3563448084486,5.));
#7306=CARTESIAN_POINT('Ctrl Pts',(14.8865057470794,-13.3563448084486,5.));
#7307=CARTESIAN_POINT('Ctrl Pts',(14.8843647497237,-13.3385074881102,5.));
#7308=CARTESIAN_POINT('Ctrl Pts',(14.8800244716855,-13.3028604822497,5.));
#7309=CARTESIAN_POINT('Ctrl Pts',(14.8733392046655,-13.2494728779379,5.));
#7310=CARTESIAN_POINT('Ctrl Pts',(14.864075699041,-13.1784552693088,5.));
#7311=CARTESIAN_POINT('Ctrl Pts',(14.8519125851461,-13.0899603053849,5.));
#7312=CARTESIAN_POINT('Ctrl Pts',(14.8391647871815,-13.0017436530765,5.));
#7313=CARTESIAN_POINT('Ctrl Pts',(14.8258312821015,-12.9138074356755,5.));
#7314=CARTESIAN_POINT('Ctrl Pts',(14.8119111392299,-12.8261548032507,5.));
#7315=CARTESIAN_POINT('Ctrl Pts',(14.7974037278703,-12.7387901814901,5.));
#7316=CARTESIAN_POINT('Ctrl Pts',(14.782308676768,-12.6517190296453,5.));
#7317=CARTESIAN_POINT('Ctrl Pts',(14.7666257649144,-12.5649474629705,5.));
#7318=CARTESIAN_POINT('Ctrl Pts',(14.7503548372419,-12.4784819052573,5.));
#7319=CARTESIAN_POINT('Ctrl Pts',(14.7334957198899,-12.392328759273,5.));
#7320=CARTESIAN_POINT('Ctrl Pts',(14.7160481263492,-12.306493987699,5.));
#7321=CARTESIAN_POINT('Ctrl Pts',(14.6980116309817,-12.2209830735032,5.));
#7322=CARTESIAN_POINT('Ctrl Pts',(14.6793856966386,-12.1358012689786,5.));
#7323=CARTESIAN_POINT('Ctrl Pts',(14.6601696906082,-12.0509537651764,5.));
#7324=CARTESIAN_POINT('Ctrl Pts',(14.6403629088669,-11.966445876642,5.));
#7325=CARTESIAN_POINT('Ctrl Pts',(14.6199646027398,-11.8822832532646,5.));
#7326=CARTESIAN_POINT('Ctrl Pts',(14.5989740026594,-11.7984719512947,5.));
#7327=CARTESIAN_POINT('Ctrl Pts',(14.5773903318122,-11.7150182801752,5.));
#7328=CARTESIAN_POINT('Ctrl Pts',(14.5552128283653,-11.6319286961582,5.));
#7329=CARTESIAN_POINT('Ctrl Pts',(14.5324407636517,-11.5492096851044,5.));
#7330=CARTESIAN_POINT('Ctrl Pts',(14.5090734782308,-11.4668676224729,5.));
#7331=CARTESIAN_POINT('Ctrl Pts',(14.4851103778028,-11.3849087189428,5.));
#7332=CARTESIAN_POINT('Ctrl Pts',(14.4605508141118,-11.3033392198388,5.));
#7333=CARTESIAN_POINT('Ctrl Pts',(14.4353939866875,-11.2221655609517,5.));
#7334=CARTESIAN_POINT('Ctrl Pts',(14.4096388479634,-11.1413945283905,5.));
#7335=CARTESIAN_POINT('Ctrl Pts',(14.3832839935496,-11.061033439188,5.));
#7336=CARTESIAN_POINT('Ctrl Pts',(14.356327615155,-10.9810902361574,5.));
#7337=CARTESIAN_POINT('Ctrl Pts',(14.3287677533735,-10.9015731554793,5.));
#7338=CARTESIAN_POINT('Ctrl Pts',(14.300602520918,-10.8224904404045,5.));
#7339=CARTESIAN_POINT('Ctrl Pts',(14.2718303286039,-10.7438500503328,5.));
#7340=CARTESIAN_POINT('Ctrl Pts',(14.2424501455798,-10.6656593304413,5.));
#7341=CARTESIAN_POINT('Ctrl Pts',(14.2124616614653,-10.5879248040656,5.));
#7342=CARTESIAN_POINT('Ctrl Pts',(14.1818646439513,-10.5106529647363,5.));
#7343=CARTESIAN_POINT('Ctrl Pts',(14.1506583635453,-10.4338509862733,5.));
#7344=CARTESIAN_POINT('Ctrl Pts',(14.1188410215307,-10.3575274309762,5.));
#7345=CARTESIAN_POINT('Ctrl Pts',(14.0864091215387,-10.2816930281935,5.));
#7346=CARTESIAN_POINT('Ctrl Pts',(14.0533570342902,-10.2063612178498,5.));
#7347=CARTESIAN_POINT('Ctrl Pts',(14.0196784301156,-10.1315464068528,5.));
#7348=CARTESIAN_POINT('Ctrl Pts',(13.9853676004447,-10.0572623632795,5.));
#7349=CARTESIAN_POINT('Ctrl Pts',(13.9504207549052,-9.98352064121693,5.));
#7350=CARTESIAN_POINT('Ctrl Pts',(13.9148375021819,-9.91032878340386,5.));
#7351=CARTESIAN_POINT('Ctrl Pts',(13.8786217822922,-9.83768919310329,5.));
#7352=CARTESIAN_POINT('Ctrl Pts',(13.8417783443288,-9.76560343159785,5.));
#7353=CARTESIAN_POINT('Ctrl Pts',(13.804309510557,-9.69407616811107,5.));
#7354=CARTESIAN_POINT('Ctrl Pts',(13.7662120836234,-9.62311895705797,5.));
#7355=CARTESIAN_POINT('Ctrl Pts',(13.7274736064747,-9.55275480390224,5.));
#7356=CARTESIAN_POINT('Ctrl Pts',(13.6880706164715,-9.48302030623244,5.));
#7357=CARTESIAN_POINT('Ctrl Pts',(13.6479769857967,-9.41395552661586,5.));
#7358=CARTESIAN_POINT('Ctrl Pts',(13.6071714475272,-9.34559485650564,5.));
#7359=CARTESIAN_POINT('Ctrl Pts',(13.5656445232525,-9.27795861095857,5.));
#7360=CARTESIAN_POINT('Ctrl Pts',(13.5234078986116,-9.21104164260603,5.));
#7361=CARTESIAN_POINT('Ctrl Pts',(13.4804960137588,-9.14481143920218,5.));
#7362=CARTESIAN_POINT('Ctrl Pts',(13.4369453813188,-9.07923335292214,5.));
#7363=CARTESIAN_POINT('Ctrl Pts',(13.392776352303,-9.01429284636908,5.));
#7364=CARTESIAN_POINT('Ctrl Pts',(13.347976982039,-8.9500151877732,5.));
#7365=CARTESIAN_POINT('Ctrl Pts',(13.3024786052905,-8.88649523115063,5.));
#7366=CARTESIAN_POINT('Ctrl Pts',(13.2561602376586,-8.82389213883333,5.));
#7367=CARTESIAN_POINT('Ctrl Pts',(13.2088971414606,-8.76237043972678,5.));
#7368=CARTESIAN_POINT('Ctrl Pts',(13.1606032755602,-8.70204845598488,5.));
#7369=CARTESIAN_POINT('Ctrl Pts',(13.1112673619381,-8.64295465211946,5.));
#7370=CARTESIAN_POINT('Ctrl Pts',(13.0610136054146,-8.58495361828217,5.));
#7371=CARTESIAN_POINT('Ctrl Pts',(13.0100603243419,-8.52779768790006,5.));
#7372=CARTESIAN_POINT('Ctrl Pts',(12.9585999022391,-8.47127526633241,5.));
#7373=CARTESIAN_POINT('Ctrl Pts',(12.9066947185573,-8.4153396865354,5.));
#7374=CARTESIAN_POINT('Ctrl Pts',(12.854180932266,-8.36022799173676,5.));
#7375=CARTESIAN_POINT('Ctrl Pts',(12.8005313129497,-8.30663116150125,5.));
#7376=CARTESIAN_POINT('Ctrl Pts',(12.7449836302164,-8.25553134311827,5.));
#7377=CARTESIAN_POINT('Ctrl Pts',(12.6983981518787,-8.21745455738575,5.));
#7378=CARTESIAN_POINT('Ctrl Pts',(12.6619690684798,-8.1908337660322,5.));
#7379=CARTESIAN_POINT('Ctrl Pts',(12.6369845221155,-8.1739935684015,5.));
#7380=CARTESIAN_POINT('Ctrl Pts',(12.624317621767,-8.16580022434865,5.));
#7381=CARTESIAN_POINT('Ctrl Pts',(14.8865057470794,-13.3563448084486,5.));
#7382=CARTESIAN_POINT('Ctrl Pts',(16.9734346233989,-11.0303282854681,7.5));
#7383=CARTESIAN_POINT('Ctrl Pts',(18.5037773192062,-8.20827935204605,10.));
#7384=CARTESIAN_POINT('Ctrl Pts',(19.3147689906524,-5.19034669725743,12.5));
#7385=CARTESIAN_POINT('Ctrl Pts',(13.3563448084486,-14.8865057470794,5.));
#7386=CARTESIAN_POINT('Ctrl Pts',(15.6823613314291,-12.7995768707599,7.5));
#7387=CARTESIAN_POINT('Ctrl Pts',(17.5086411146266,-10.1593853809767,10.));
#7388=CARTESIAN_POINT('Ctrl Pts',(18.6409439107089,-7.24673789492923,12.5));
#7389=CARTESIAN_POINT('Ctrl Pts',(13.8935073257491,-14.4045573354686,5.));
#7390=CARTESIAN_POINT('Ctrl Pts',(16.1442203212739,-12.2336959194087,7.5));
#7391=CARTESIAN_POINT('Ctrl Pts',(17.8752304967598,-9.52760732251987,10.));
#7392=CARTESIAN_POINT('Ctrl Pts',(18.9024341513332,-6.57410077470381,12.5));
#7393=CARTESIAN_POINT('Ctrl Pts',(14.4045573354686,-13.8935073257492,5.));
#7394=CARTESIAN_POINT('Ctrl Pts',(16.5754187515284,-11.6427943302245,7.5));
#7395=CARTESIAN_POINT('Ctrl Pts',(18.2075905681397,-8.87596819132313,10.));
#7396=CARTESIAN_POINT('Ctrl Pts',(19.127481272169,-5.88729802407453,12.5));
#7397=CARTESIAN_POINT('Ctrl Pts',(14.8865057470794,-13.3563448084486,5.));
#7398=CARTESIAN_POINT('Ctrl Pts',(16.9734346233989,-11.0303282854681,7.5));
#7399=CARTESIAN_POINT('Ctrl Pts',(18.5037773192062,-8.20827935204605,10.));
#7400=CARTESIAN_POINT('Ctrl Pts',(19.3147689906524,-5.19034669725743,12.5));
#7401=CARTESIAN_POINT('',(13.3563448084486,-14.8865057470794,5.));
#7402=CARTESIAN_POINT('Origin',(0.,0.,5.));
#7403=CARTESIAN_POINT('Ctrl Pts',(13.3563448084486,-14.8865057470794,5.));
#7404=CARTESIAN_POINT('Ctrl Pts',(15.6823613314291,-12.7995768707599,7.5));
#7405=CARTESIAN_POINT('Ctrl Pts',(17.5086411146266,-10.1593853809767,10.));
#7406=CARTESIAN_POINT('Ctrl Pts',(18.6409439107089,-7.24673789492923,12.5));
#7407=CARTESIAN_POINT('Ctrl Pts',(8.16580022434864,-12.624317621767,5.));
#7408=CARTESIAN_POINT('Ctrl Pts',(10.1383498527492,-11.3484113367129,7.5));
#7409=CARTESIAN_POINT('Ctrl Pts',(11.8049321737172,-9.60292424097517,10.));
#7410=CARTESIAN_POINT('Ctrl Pts',(12.9882921110031,-7.5735035986315,12.5));
#7411=CARTESIAN_POINT('Ctrl Pts',(8.23407809145581,-12.7298751246713,5.));
#7412=CARTESIAN_POINT('Ctrl Pts',(10.2231353441375,-11.4433297795792,7.5));
#7413=CARTESIAN_POINT('Ctrl Pts',(11.9036124441894,-9.6831987917457,10.));
#7414=CARTESIAN_POINT('Ctrl Pts',(13.0968929655844,-7.63682901170017,12.5));
#7415=CARTESIAN_POINT('Ctrl Pts',(8.41297126356875,-12.9084113489813,5.));
#7416=CARTESIAN_POINT('Ctrl Pts',(10.4299985576127,-11.5939875970563,7.5));
#7417=CARTESIAN_POINT('Ctrl Pts',(12.131508296795,-9.79916547536921,10.));
#7418=CARTESIAN_POINT('Ctrl Pts',(13.337147165784,-7.71528836235956,12.5));
#7419=CARTESIAN_POINT('Ctrl Pts',(8.79349955458893,-13.2489195155084,5.));
#7420=CARTESIAN_POINT('Ctrl Pts',(10.8635829060555,-11.8748692757715,7.5));
#7421=CARTESIAN_POINT('Ctrl Pts',(12.6044267335798,-10.0081964719447,10.));
#7422=CARTESIAN_POINT('Ctrl Pts',(13.8304611532126,-7.84715534664976,12.5));
#7423=CARTESIAN_POINT('Ctrl Pts',(9.55304830201091,-13.7644489402235,5.));
#7424=CARTESIAN_POINT('Ctrl Pts',(11.7039201658332,-12.2719852575809,7.5));
#7425=CARTESIAN_POINT('Ctrl Pts',(13.4963689152193,-10.2671137574367,10.));
#7426=CARTESIAN_POINT('Ctrl Pts',(14.7409816739005,-7.96393406416096,12.5));
#7427=CARTESIAN_POINT('Ctrl Pts',(11.0416602684896,-14.4560637886915,5.));
#7428=CARTESIAN_POINT('Ctrl Pts',(13.3003715236216,-12.7307567774656,7.49999999999999));
#7429=CARTESIAN_POINT('Ctrl Pts',(15.1458464916683,-10.4680603927603,10.));
#7430=CARTESIAN_POINT('Ctrl Pts',(16.381474432275,-7.90843455888586,12.5));
#7431=CARTESIAN_POINT('Ctrl Pts',(12.4644787915267,-14.7794558792944,5.));
#7432=CARTESIAN_POINT('Ctrl Pts',(14.7737370318012,-12.8317756309531,7.5));
#7433=CARTESIAN_POINT('Ctrl Pts',(16.6166573804987,-10.3350029016034,10.));
#7434=CARTESIAN_POINT('Ctrl Pts',(17.7969181054004,-7.55415472320362,12.5));
#7435=CARTESIAN_POINT('Ctrl Pts',(13.3563448084486,-14.8865057470794,5.));
#7436=CARTESIAN_POINT('Ctrl Pts',(15.6823613314291,-12.7995768707599,7.5));
#7437=CARTESIAN_POINT('Ctrl Pts',(17.5086411146266,-10.1593853809767,10.));
#7438=CARTESIAN_POINT('Ctrl Pts',(18.6409439107089,-7.24673789492923,12.5));
#7439=CARTESIAN_POINT('',(8.16580022434864,-12.624317621767,5.));
#7440=CARTESIAN_POINT('Ctrl Pts',(8.16580022434864,-12.624317621767,5.));
#7441=CARTESIAN_POINT('Ctrl Pts',(8.1739935684015,-12.6369845221155,5.));
#7442=CARTESIAN_POINT('Ctrl Pts',(8.19083376603219,-12.6619690684799,5.));
#7443=CARTESIAN_POINT('Ctrl Pts',(8.21745455738574,-12.6983981518787,5.));
#7444=CARTESIAN_POINT('Ctrl Pts',(8.25553134311827,-12.7449836302164,5.));
#7445=CARTESIAN_POINT('Ctrl Pts',(8.30663116150125,-12.8005313129497,5.));
#7446=CARTESIAN_POINT('Ctrl Pts',(8.36022799173676,-12.854180932266,5.));
#7447=CARTESIAN_POINT('Ctrl Pts',(8.41533968653539,-12.9066947185573,5.));
#7448=CARTESIAN_POINT('Ctrl Pts',(8.47127526633241,-12.9585999022391,5.));
#7449=CARTESIAN_POINT('Ctrl Pts',(8.52779768790006,-13.0100603243419,5.));
#7450=CARTESIAN_POINT('Ctrl Pts',(8.58495361828216,-13.0610136054146,5.));
#7451=CARTESIAN_POINT('Ctrl Pts',(8.64295465211945,-13.1112673619381,5.));
#7452=CARTESIAN_POINT('Ctrl Pts',(8.70204845598487,-13.1606032755602,5.));
#7453=CARTESIAN_POINT('Ctrl Pts',(8.76237043972677,-13.2088971414606,5.));
#7454=CARTESIAN_POINT('Ctrl Pts',(8.82389213883332,-13.2561602376586,5.));
#7455=CARTESIAN_POINT('Ctrl Pts',(8.88649523115062,-13.3024786052905,5.));
#7456=CARTESIAN_POINT('Ctrl Pts',(8.9500151877732,-13.347976982039,5.));
#7457=CARTESIAN_POINT('Ctrl Pts',(9.01429284636907,-13.392776352303,5.));
#7458=CARTESIAN_POINT('Ctrl Pts',(9.07923335292213,-13.4369453813188,5.));
#7459=CARTESIAN_POINT('Ctrl Pts',(9.14481143920217,-13.4804960137588,5.));
#7460=CARTESIAN_POINT('Ctrl Pts',(9.21104164260603,-13.5234078986116,5.));
#7461=CARTESIAN_POINT('Ctrl Pts',(9.27795861095857,-13.5656445232525,5.));
#7462=CARTESIAN_POINT('Ctrl Pts',(9.34559485650563,-13.6071714475272,5.));
#7463=CARTESIAN_POINT('Ctrl Pts',(9.41395552661585,-13.6479769857967,5.));
#7464=CARTESIAN_POINT('Ctrl Pts',(9.48302030623244,-13.6880706164715,5.));
#7465=CARTESIAN_POINT('Ctrl Pts',(9.55275480390224,-13.7274736064747,5.));
#7466=CARTESIAN_POINT('Ctrl Pts',(9.62311895705796,-13.7662120836234,5.));
#7467=CARTESIAN_POINT('Ctrl Pts',(9.69407616811106,-13.804309510557,5.));
#7468=CARTESIAN_POINT('Ctrl Pts',(9.76560343159784,-13.8417783443288,5.));
#7469=CARTESIAN_POINT('Ctrl Pts',(9.83768919310328,-13.8786217822922,5.));
#7470=CARTESIAN_POINT('Ctrl Pts',(9.91032878340386,-13.9148375021819,5.));
#7471=CARTESIAN_POINT('Ctrl Pts',(9.98352064121692,-13.9504207549052,5.));
#7472=CARTESIAN_POINT('Ctrl Pts',(10.0572623632795,-13.9853676004447,5.));
#7473=CARTESIAN_POINT('Ctrl Pts',(10.1315464068528,-14.0196784301156,5.));
#7474=CARTESIAN_POINT('Ctrl Pts',(10.2063612178498,-14.0533570342902,5.));
#7475=CARTESIAN_POINT('Ctrl Pts',(10.2816930281935,-14.0864091215387,5.));
#7476=CARTESIAN_POINT('Ctrl Pts',(10.3575274309762,-14.1188410215307,5.));
#7477=CARTESIAN_POINT('Ctrl Pts',(10.4338509862733,-14.1506583635453,5.));
#7478=CARTESIAN_POINT('Ctrl Pts',(10.5106529647363,-14.1818646439513,5.));
#7479=CARTESIAN_POINT('Ctrl Pts',(10.5879248040656,-14.2124616614653,5.));
#7480=CARTESIAN_POINT('Ctrl Pts',(10.6656593304413,-14.2424501455798,5.));
#7481=CARTESIAN_POINT('Ctrl Pts',(10.7438500503328,-14.2718303286039,5.));
#7482=CARTESIAN_POINT('Ctrl Pts',(10.8224904404045,-14.300602520918,5.));
#7483=CARTESIAN_POINT('Ctrl Pts',(10.9015731554793,-14.3287677533735,5.));
#7484=CARTESIAN_POINT('Ctrl Pts',(10.9810902361574,-14.356327615155,5.));
#7485=CARTESIAN_POINT('Ctrl Pts',(11.061033439188,-14.3832839935496,5.));
#7486=CARTESIAN_POINT('Ctrl Pts',(11.1413945283905,-14.4096388479634,5.));
#7487=CARTESIAN_POINT('Ctrl Pts',(11.2221655609516,-14.4353939866875,5.));
#7488=CARTESIAN_POINT('Ctrl Pts',(11.3033392198388,-14.4605508141118,5.));
#7489=CARTESIAN_POINT('Ctrl Pts',(11.3849087189428,-14.4851103778028,5.));
#7490=CARTESIAN_POINT('Ctrl Pts',(11.4668676224729,-14.5090734782308,5.));
#7491=CARTESIAN_POINT('Ctrl Pts',(11.5492096851044,-14.5324407636517,5.));
#7492=CARTESIAN_POINT('Ctrl Pts',(11.6319286961582,-14.5552128283653,5.));
#7493=CARTESIAN_POINT('Ctrl Pts',(11.7150182801752,-14.5773903318122,5.));
#7494=CARTESIAN_POINT('Ctrl Pts',(11.7984719512947,-14.5989740026594,5.));
#7495=CARTESIAN_POINT('Ctrl Pts',(11.8822832532646,-14.6199646027398,5.));
#7496=CARTESIAN_POINT('Ctrl Pts',(11.966445876642,-14.6403629088669,5.));
#7497=CARTESIAN_POINT('Ctrl Pts',(12.0509537651764,-14.6601696906082,5.));
#7498=CARTESIAN_POINT('Ctrl Pts',(12.1358012689786,-14.6793856966386,5.));
#7499=CARTESIAN_POINT('Ctrl Pts',(12.2209830735032,-14.6980116309817,5.));
#7500=CARTESIAN_POINT('Ctrl Pts',(12.306493987699,-14.7160481263492,5.));
#7501=CARTESIAN_POINT('Ctrl Pts',(12.392328759273,-14.7334957198899,5.));
#7502=CARTESIAN_POINT('Ctrl Pts',(12.4784819052573,-14.7503548372419,5.));
#7503=CARTESIAN_POINT('Ctrl Pts',(12.5649474629705,-14.7666257649144,5.));
#7504=CARTESIAN_POINT('Ctrl Pts',(12.6517190296453,-14.782308676768,5.));
#7505=CARTESIAN_POINT('Ctrl Pts',(12.7387901814901,-14.7974037278703,5.));
#7506=CARTESIAN_POINT('Ctrl Pts',(12.8261548032507,-14.8119111392299,5.));
#7507=CARTESIAN_POINT('Ctrl Pts',(12.9138074356755,-14.8258312821015,5.));
#7508=CARTESIAN_POINT('Ctrl Pts',(13.0017436530765,-14.8391647871815,5.));
#7509=CARTESIAN_POINT('Ctrl Pts',(13.0899603053849,-14.8519125851461,5.));
#7510=CARTESIAN_POINT('Ctrl Pts',(13.1784552693088,-14.864075699041,5.));
#7511=CARTESIAN_POINT('Ctrl Pts',(13.2494728779378,-14.8733392046656,5.));
#7512=CARTESIAN_POINT('Ctrl Pts',(13.3028604822497,-14.8800244716855,5.));
#7513=CARTESIAN_POINT('Ctrl Pts',(13.3385074881102,-14.8843647497237,5.));
#7514=CARTESIAN_POINT('Ctrl Pts',(13.3563448084486,-14.8865057470794,5.));
#7515=CARTESIAN_POINT('Ctrl Pts',(8.16580022434864,-12.624317621767,5.));
#7516=CARTESIAN_POINT('Ctrl Pts',(10.1383498527492,-11.3484113367129,7.5));
#7517=CARTESIAN_POINT('Ctrl Pts',(11.8049321737172,-9.60292424097517,10.));
#7518=CARTESIAN_POINT('Ctrl Pts',(12.9882921110031,-7.5735035986315,12.5));
#7519=CARTESIAN_POINT('Ctrl Pts',(7.18086174203363,-11.1016038769989,5.));
#7520=CARTESIAN_POINT('Ctrl Pts',(8.91548734781424,-9.97959422980649,7.5));
#7521=CARTESIAN_POINT('Ctrl Pts',(10.3810506606301,-8.44464343960441,10.));
#7522=CARTESIAN_POINT('Ctrl Pts',(11.4216766699921,-6.66000645991863,12.5));
#7523=CARTESIAN_POINT('Ctrl Pts',(7.50917456947196,-11.609175125255,5.));
#7524=CARTESIAN_POINT('Ctrl Pts',(9.32310818279255,-10.4358665987753,7.5));
#7525=CARTESIAN_POINT('Ctrl Pts',(10.8556778316592,-8.83073704006133,10.));
#7526=CARTESIAN_POINT('Ctrl Pts',(11.9438818169958,-6.96450550615625,12.5));
#7527=CARTESIAN_POINT('Ctrl Pts',(7.8374873969103,-12.116746373511,5.));
#7528=CARTESIAN_POINT('Ctrl Pts',(9.73072901777088,-10.8921389677441,7.5));
#7529=CARTESIAN_POINT('Ctrl Pts',(11.3303050026882,-9.21683064051825,10.));
#7530=CARTESIAN_POINT('Ctrl Pts',(12.4660869639994,-7.26900455239387,12.5));
#7531=CARTESIAN_POINT('Ctrl Pts',(8.16580022434864,-12.624317621767,5.));
#7532=CARTESIAN_POINT('Ctrl Pts',(10.1383498527492,-11.3484113367129,7.5));
#7533=CARTESIAN_POINT('Ctrl Pts',(11.8049321737172,-9.60292424097517,10.));
#7534=CARTESIAN_POINT('Ctrl Pts',(12.9882921110031,-7.5735035986315,12.5));
#7535=CARTESIAN_POINT('',(7.18086174203363,-11.1016038769989,5.));
#7536=CARTESIAN_POINT('',(7.18086174203363,-11.1016038769989,5.));
#7537=CARTESIAN_POINT('Ctrl Pts',(7.18086174203363,-11.1016038769989,5.));
#7538=CARTESIAN_POINT('Ctrl Pts',(8.91548734781424,-9.97959422980649,7.5));
#7539=CARTESIAN_POINT('Ctrl Pts',(10.3810506606301,-8.44464343960441,10.));
#7540=CARTESIAN_POINT('Ctrl Pts',(11.4216766699921,-6.66000645991863,12.5));
#7541=CARTESIAN_POINT('Ctrl Pts',(4.67870117416378,-10.3649476275994,5.));
#7542=CARTESIAN_POINT('Ctrl Pts',(6.29822424097574,-9.63390056913651,7.5));
#7543=CARTESIAN_POINT('Ctrl Pts',(7.74204972891947,-8.51706139232079,10.));
#7544=CARTESIAN_POINT('Ctrl Pts',(8.85661462839334,-7.13321535663471,12.5));
#7545=CARTESIAN_POINT('Ctrl Pts',(5.04866088496268,-10.1979491057063,5.));
#7546=CARTESIAN_POINT('Ctrl Pts',(6.64198794794606,-9.40924404648162,7.5));
#7547=CARTESIAN_POINT('Ctrl Pts',(8.04607666401038,-8.2405431785762,10.));
#7548=CARTESIAN_POINT('Ctrl Pts',(9.11122298583259,-6.8170931045692,12.5));
#7549=CARTESIAN_POINT('Ctrl Pts',(6.03516784786886,-10.0779026303626,5.));
#7550=CARTESIAN_POINT('Ctrl Pts',(7.61009469718653,-9.13503198657945,7.50000000000001));
#7551=CARTESIAN_POINT('Ctrl Pts',(8.95800226114185,-7.81699359182669,9.99999999999999));
#7552=CARTESIAN_POINT('Ctrl Pts',(9.93708551928801,-6.264319896156,12.5));
#7553=CARTESIAN_POINT('Ctrl Pts',(6.88692365831907,-10.6471759424431,5.));
#7554=CARTESIAN_POINT('Ctrl Pts',(8.54997154771428,-9.57065895755748,7.5));
#7555=CARTESIAN_POINT('Ctrl Pts',(9.95682561985857,-8.09910349848528,10.));
#7556=CARTESIAN_POINT('Ctrl Pts',(10.9541470233018,-6.38738882617476,12.5));
#7557=CARTESIAN_POINT('Ctrl Pts',(7.18086174203363,-11.1016038769989,5.));
#7558=CARTESIAN_POINT('Ctrl Pts',(8.91548734781424,-9.97959422980649,7.5));
#7559=CARTESIAN_POINT('Ctrl Pts',(10.3810506606301,-8.44464343960441,10.));
#7560=CARTESIAN_POINT('Ctrl Pts',(11.4216766699921,-6.66000645991863,12.5));
#7561=CARTESIAN_POINT('',(4.67870117416378,-10.3649476275994,5.));
#7562=CARTESIAN_POINT('Origin',(5.50154696631357,-12.1878367636528,5.));
#7563=CARTESIAN_POINT('Ctrl Pts',(4.67870117416378,-10.3649476275994,5.));
#7564=CARTESIAN_POINT('Ctrl Pts',(6.29822424097574,-9.63390056913651,7.5));
#7565=CARTESIAN_POINT('Ctrl Pts',(7.74204972891947,-8.51706139232079,10.));
#7566=CARTESIAN_POINT('Ctrl Pts',(8.85661462839334,-7.13321535663471,12.5));
#7567=CARTESIAN_POINT('Ctrl Pts',(4.02078342672229,-10.6374660815156,5.));
#7568=CARTESIAN_POINT('Ctrl Pts',(5.68288750195865,-10.0092186710904,7.5));
#7569=CARTESIAN_POINT('Ctrl Pts',(7.19378529711835,-8.98493861217689,10.));
#7570=CARTESIAN_POINT('Ctrl Pts',(8.39278009742346,-7.67356672195483,12.5));
#7571=CARTESIAN_POINT('Ctrl Pts',(4.24286234000497,-10.5535239841111,5.));
#7572=CARTESIAN_POINT('Ctrl Pts',(5.89185053795171,-9.89057671267732,7.5));
#7573=CARTESIAN_POINT('Ctrl Pts',(7.38136425810738,-8.83475365703194,10.));
#7574=CARTESIAN_POINT('Ctrl Pts',(8.55298153501725,-7.49835023062377,12.5));
#7575=CARTESIAN_POINT('Ctrl Pts',(4.46231164232131,-10.4626251068384,5.));
#7576=CARTESIAN_POINT('Ctrl Pts',(6.09709689038601,-9.76538888117364,7.5));
#7577=CARTESIAN_POINT('Ctrl Pts',(7.56423855799296,-8.67869261517479,10.));
#7578=CARTESIAN_POINT('Ctrl Pts',(8.7076941333738,-7.31811534474888,12.5));
#7579=CARTESIAN_POINT('Ctrl Pts',(4.67870117416378,-10.3649476275994,5.));
#7580=CARTESIAN_POINT('Ctrl Pts',(6.29822424097574,-9.63390056913651,7.5));
#7581=CARTESIAN_POINT('Ctrl Pts',(7.74204972891947,-8.51706139232079,10.));
#7582=CARTESIAN_POINT('Ctrl Pts',(8.85661462839334,-7.13321535663471,12.5));
#7583=CARTESIAN_POINT('',(4.02078342672229,-10.6374660815156,5.));
#7584=CARTESIAN_POINT('Origin',(0.,0.,5.));
#7585=CARTESIAN_POINT('Ctrl Pts',(4.02078342672229,-10.6374660815156,5.));
#7586=CARTESIAN_POINT('Ctrl Pts',(5.68288750195865,-10.0092186710904,7.5));
#7587=CARTESIAN_POINT('Ctrl Pts',(7.19378529711835,-8.98493861217689,10.));
#7588=CARTESIAN_POINT('Ctrl Pts',(8.39278009742346,-7.67356672195483,12.5));
#7589=CARTESIAN_POINT('Ctrl Pts',(2.77238335091779,-12.9276554160278,5.));
#7590=CARTESIAN_POINT('Ctrl Pts',(4.79232950967159,-12.4944705174471,7.5));
#7591=CARTESIAN_POINT('Ctrl Pts',(6.70732106508124,-11.5797262390153,10.));
#7592=CARTESIAN_POINT('Ctrl Pts',(8.31368252515277,-10.2807133444606,12.5));
#7593=CARTESIAN_POINT('Ctrl Pts',(2.68727075453669,-12.5307744012814,5.));
#7594=CARTESIAN_POINT('Ctrl Pts',(4.64532747643239,-12.1110198144553,7.5));
#7595=CARTESIAN_POINT('Ctrl Pts',(6.50123595012196,-11.2241652383621,10.));
#7596=CARTESIAN_POINT('Ctrl Pts',(8.0584511896415,-9.96509385947585,12.5));
#7597=CARTESIAN_POINT('Ctrl Pts',(2.77824859509827,-11.5411659073579,5.));
#7598=CARTESIAN_POINT('Ctrl Pts',(4.58173053229068,-11.1068431614471,7.5));
#7599=CARTESIAN_POINT('Ctrl Pts',(6.27980631525501,-10.2433652265657,10.));
#7600=CARTESIAN_POINT('Ctrl Pts',(7.69253870160176,-9.04112957996319,12.5));
#7601=CARTESIAN_POINT('Ctrl Pts',(3.51453434998837,-10.8288197255063,5.));
#7602=CARTESIAN_POINT('Ctrl Pts',(5.20599101256459,-10.2801422680984,7.5));
#7603=CARTESIAN_POINT('Ctrl Pts',(6.76645768572089,-9.32663416184587,10.));
#7604=CARTESIAN_POINT('Ctrl Pts',(8.02758635311662,-8.07298864659293,12.5));
#7605=CARTESIAN_POINT('Ctrl Pts',(4.02078342672229,-10.6374660815156,5.));
#7606=CARTESIAN_POINT('Ctrl Pts',(5.68288750195865,-10.0092186710904,7.5));
#7607=CARTESIAN_POINT('Ctrl Pts',(7.19378529711835,-8.98493861217689,10.));
#7608=CARTESIAN_POINT('Ctrl Pts',(8.39278009742346,-7.67356672195483,12.5));
#7609=CARTESIAN_POINT('',(2.77238335091779,-12.9276554160278,5.));
#7610=CARTESIAN_POINT('Origin',(4.72792085667696,-12.5082831904702,5.));
#7611=CARTESIAN_POINT('Ctrl Pts',(2.77238335091779,-12.9276554160278,5.));
#7612=CARTESIAN_POINT('Ctrl Pts',(4.79232950967159,-12.494470517447,7.5));
#7613=CARTESIAN_POINT('Ctrl Pts',(6.70732106508124,-11.5797262390153,10.));
#7614=CARTESIAN_POINT('Ctrl Pts',(8.31368252515277,-10.2807133444606,12.5));
#7615=CARTESIAN_POINT('Ctrl Pts',(3.15264788575272,-14.7008333106558,5.));
#7616=CARTESIAN_POINT('Ctrl Pts',(5.44965309054207,-14.2082320785071,7.5));
#7617=CARTESIAN_POINT('Ctrl Pts',(7.62730795071786,-13.1680200117136,10.));
#7618=CARTESIAN_POINT('Ctrl Pts',(9.45400051802556,-11.6908324307725,12.5));
#7619=CARTESIAN_POINT('Ctrl Pts',(3.02589304080774,-14.1097740124465,5.));
#7620=CARTESIAN_POINT('Ctrl Pts',(5.2305452302519,-13.6369782248204,7.5));
#7621=CARTESIAN_POINT('Ctrl Pts',(7.32064565550565,-12.6385887541475,10.));
#7622=CARTESIAN_POINT('Ctrl Pts',(9.0738945204013,-11.2207927353352,12.5));
#7623=CARTESIAN_POINT('Ctrl Pts',(2.89913819586277,-13.5187147142372,5.));
#7624=CARTESIAN_POINT('Ctrl Pts',(5.01143736996175,-13.0657243711337,7.5));
#7625=CARTESIAN_POINT('Ctrl Pts',(7.01398336029345,-12.1091574965814,10.));
#7626=CARTESIAN_POINT('Ctrl Pts',(8.69378852277703,-10.7507530398979,12.5));
#7627=CARTESIAN_POINT('Ctrl Pts',(2.77238335091779,-12.9276554160278,5.));
#7628=CARTESIAN_POINT('Ctrl Pts',(4.79232950967159,-12.494470517447,7.5));
#7629=CARTESIAN_POINT('Ctrl Pts',(6.70732106508124,-11.5797262390153,10.));
#7630=CARTESIAN_POINT('Ctrl Pts',(8.31368252515277,-10.2807133444606,12.5));
#7631=CARTESIAN_POINT('',(3.15264788575272,-14.7008333106558,5.));
#7632=CARTESIAN_POINT('',(3.15264788575272,-14.7008333106558,5.));
#7633=CARTESIAN_POINT('Ctrl Pts',(3.15264788575272,-14.7008333106558,5.));
#7634=CARTESIAN_POINT('Ctrl Pts',(5.44965309054207,-14.2082320785071,7.5));
#7635=CARTESIAN_POINT('Ctrl Pts',(7.62730795071786,-13.1680200117136,10.));
#7636=CARTESIAN_POINT('Ctrl Pts',(9.45400051802556,-11.6908324307725,12.5));
#7637=CARTESIAN_POINT('Ctrl Pts',(1.08198717601261,-19.9707111478521,5.));
#7638=CARTESIAN_POINT('Ctrl Pts',(4.20241079286365,-19.8016506516002,7.5));
#7639=CARTESIAN_POINT('Ctrl Pts',(7.28001642827127,-18.8882764116818,10.));
#7640=CARTESIAN_POINT('Ctrl Pts',(9.98747478400208,-17.3277334766819,12.5));
#7641=CARTESIAN_POINT('Ctrl Pts',(1.63693599705228,-19.264370951941,5.));
#7642=CARTESIAN_POINT('Ctrl Pts',(4.64704606944659,-19.0086967019172,7.5));
#7643=CARTESIAN_POINT('Ctrl Pts',(7.59354467676376,-18.0348510104722,10.));
#7644=CARTESIAN_POINT('Ctrl Pts',(10.1634589789952,-16.4468735392085,12.5));
#7645=CARTESIAN_POINT('Ctrl Pts',(2.4143443533429,-18.0296130068054,5.));
#7646=CARTESIAN_POINT('Ctrl Pts',(5.23147068585561,-17.6524392488256,7.50000000000001));
#7647=CARTESIAN_POINT('Ctrl Pts',(7.95632576504334,-16.603280177348,10.));
#7648=CARTESIAN_POINT('Ctrl Pts',(10.2991827580017,-14.9940934487205,12.5));
#7649=CARTESIAN_POINT('Ctrl Pts',(2.97790506122091,-16.4879607289788,5.));
#7650=CARTESIAN_POINT('Ctrl Pts',(5.55413233226426,-16.0223958392779,7.5));
#7651=CARTESIAN_POINT('Ctrl Pts',(8.01746950862564,-14.9433449611728,10.));
#7652=CARTESIAN_POINT('Ctrl Pts',(10.1054797390569,-13.3641328486926,12.5));
#7653=CARTESIAN_POINT('Ctrl Pts',(3.15045630377406,-15.586344051994,5.));
#7654=CARTESIAN_POINT('Ctrl Pts',(5.58582652142644,-15.0941743187596,7.5));
#7655=CARTESIAN_POINT('Ctrl Pts',(7.90176622752777,-14.0211284901696,10.));
#7656=CARTESIAN_POINT('Ctrl Pts',(9.8520938245234,-12.4818164984872,12.5));
#7657=CARTESIAN_POINT('Ctrl Pts',(3.1787549870469,-15.0764943190815,5.));
#7658=CARTESIAN_POINT('Ctrl Pts',(5.53444661284254,-14.5796785899635,7.5));
#7659=CARTESIAN_POINT('Ctrl Pts',(7.76985975775608,-13.521638158847,10.));
#7660=CARTESIAN_POINT('Ctrl Pts',(9.64700446944135,-12.0141778323592,12.5));
#7661=CARTESIAN_POINT('Ctrl Pts',(3.17900856902507,-14.8237534796011,5.));
#7662=CARTESIAN_POINT('Ctrl Pts',(5.49520937838326,-14.3270025458802,7.5));
#7663=CARTESIAN_POINT('Ctrl Pts',(7.69110670127376,-13.2781463472271,10.));
#7664=CARTESIAN_POINT('Ctrl Pts',(9.53304959751154,-11.7885846511489,12.5));
#7665=CARTESIAN_POINT('Ctrl Pts',(3.15264788575272,-14.7008333106558,5.));
#7666=CARTESIAN_POINT('Ctrl Pts',(5.44965309054207,-14.2082320785071,7.5));
#7667=CARTESIAN_POINT('Ctrl Pts',(7.62730795071786,-13.1680200117136,10.));
#7668=CARTESIAN_POINT('Ctrl Pts',(9.45400051802556,-11.6908324307725,12.5));
#7669=CARTESIAN_POINT('',(1.08198717601261,-19.9707111478521,5.));
#7670=CARTESIAN_POINT('Ctrl Pts',(1.08198717601261,-19.9707111478521,5.));
#7671=CARTESIAN_POINT('Ctrl Pts',(1.09308615243341,-19.9565843439339,5.));
#7672=CARTESIAN_POINT('Ctrl Pts',(1.11522335197329,-19.9283090643279,5.));
#7673=CARTESIAN_POINT('Ctrl Pts',(1.14824689136964,-19.8858311296438,5.));
#7674=CARTESIAN_POINT('Ctrl Pts',(1.19191363637022,-19.8290638093539,5.));
#7675=CARTESIAN_POINT('Ctrl Pts',(1.24588840514627,-19.757887799947,5.));
#7676=CARTESIAN_POINT('Ctrl Pts',(1.29925294382109,-19.6864951525002,5.));
#7677=CARTESIAN_POINT('Ctrl Pts',(1.35200502759821,-19.614886645005,5.));
#7678=CARTESIAN_POINT('Ctrl Pts',(1.40414177095503,-19.543063846809,5.));
#7679=CARTESIAN_POINT('Ctrl Pts',(1.45565959848792,-19.4710294413764,5.));
#7680=CARTESIAN_POINT('Ctrl Pts',(1.50655438740631,-19.3987870264645,5.));
#7681=CARTESIAN_POINT('Ctrl Pts',(1.55682165729582,-19.3263407699341,5.));
#7682=CARTESIAN_POINT('Ctrl Pts',(1.6064567562005,-19.2536951044426,5.));
#7683=CARTESIAN_POINT('Ctrl Pts',(1.65545503374208,-19.1808544344922,5.));
#7684=CARTESIAN_POINT('Ctrl Pts',(1.70381207107563,-19.1078227737426,5.));
#7685=CARTESIAN_POINT('Ctrl Pts',(1.75152369018575,-19.0346036982661,5.));
#7686=CARTESIAN_POINT('Ctrl Pts',(1.79858579731892,-18.961200542173,5.));
#7687=CARTESIAN_POINT('Ctrl Pts',(1.8449942744528,-18.8876165286964,5.));
#7688=CARTESIAN_POINT('Ctrl Pts',(1.89074486581642,-18.8138549179671,5.));
#7689=CARTESIAN_POINT('Ctrl Pts',(1.93583304694182,-18.7399191756673,5.));
#7690=CARTESIAN_POINT('Ctrl Pts',(1.9802539912468,-18.6658130400464,5.));
#7691=CARTESIAN_POINT('Ctrl Pts',(2.02400268799135,-18.5915404232639,5.));
#7692=CARTESIAN_POINT('Ctrl Pts',(2.06707403321868,-18.5171053518823,5.));
#7693=CARTESIAN_POINT('Ctrl Pts',(2.10946292548728,-18.4425118968526,5.));
#7694=CARTESIAN_POINT('Ctrl Pts',(2.15116439037181,-18.36776410001,5.));
#7695=CARTESIAN_POINT('Ctrl Pts',(2.1921736160257,-18.2928659327343,5.));
#7696=CARTESIAN_POINT('Ctrl Pts',(2.23248572795127,-18.217821352751,5.));
#7697=CARTESIAN_POINT('Ctrl Pts',(2.27209560933919,-18.1426343448333,5.));
#7698=CARTESIAN_POINT('Ctrl Pts',(2.31099772094441,-18.0673089667436,5.));
#7699=CARTESIAN_POINT('Ctrl Pts',(2.34918589578986,-17.9918493993518,5.));
#7700=CARTESIAN_POINT('Ctrl Pts',(2.38665323880352,-17.9162599804201,5.));
#7701=CARTESIAN_POINT('Ctrl Pts',(2.4233925406169,-17.8405451482982,5.));
#7702=CARTESIAN_POINT('Ctrl Pts',(2.45939663785792,-17.7647093973311,5.));
#7703=CARTESIAN_POINT('Ctrl Pts',(2.49465877865787,-17.6887572319414,5.));
#7704=CARTESIAN_POINT('Ctrl Pts',(2.52917304027013,-17.6126931170314,5.));
#7705=CARTESIAN_POINT('Ctrl Pts',(2.56293459052787,-17.536521445824,5.));
#7706=CARTESIAN_POINT('Ctrl Pts',(2.59593867354422,-17.4602466456713,5.));
#7707=CARTESIAN_POINT('Ctrl Pts',(2.62817970083326,-17.3838732734008,5.));
#7708=CARTESIAN_POINT('Ctrl Pts',(2.65965034605023,-17.3074061115881,5.));
#7709=CARTESIAN_POINT('Ctrl Pts',(2.69034055009401,-17.2308502747221,5.));
#7710=CARTESIAN_POINT('Ctrl Pts',(2.72023682900129,-17.1542112857632,5.));
#7711=CARTESIAN_POINT('Ctrl Pts',(2.74932451979767,-17.0774948561813,5.));
#7712=CARTESIAN_POINT('Ctrl Pts',(2.77758985041387,-17.0007066849083,5.));
#7713=CARTESIAN_POINT('Ctrl Pts',(2.80502197067869,-16.9238522617194,5.));
#7714=CARTESIAN_POINT('Ctrl Pts',(2.83161527036857,-16.8469366434348,5.));
#7715=CARTESIAN_POINT('Ctrl Pts',(2.85737083613319,-16.7699643154311,5.));
#7716=CARTESIAN_POINT('Ctrl Pts',(2.88229092209454,-16.6929397398175,5.));
#7717=CARTESIAN_POINT('Ctrl Pts',(2.90637386870258,-16.6158678603231,5.));
#7718=CARTESIAN_POINT('Ctrl Pts',(2.92960924488182,-16.5387545862828,5.));
#7719=CARTESIAN_POINT('Ctrl Pts',(2.95197197484597,-16.4616073765492,5.));
#7720=CARTESIAN_POINT('Ctrl Pts',(2.97341958960061,-16.384435518934,5.));
#7721=CARTESIAN_POINT('Ctrl Pts',(2.99390528547616,-16.3072488667935,5.));
#7722=CARTESIAN_POINT('Ctrl Pts',(3.01338970605717,-16.2300567005717,5.));
#7723=CARTESIAN_POINT('Ctrl Pts',(3.03185178418109,-16.1528666829349,5.));
#7724=CARTESIAN_POINT('Ctrl Pts',(3.04930342258155,-16.0756834371383,5.));
#7725=CARTESIAN_POINT('Ctrl Pts',(3.0657919637549,-15.9985083264192,5.));
#7726=CARTESIAN_POINT('Ctrl Pts',(3.08136772573746,-15.9213426693901,5.));
#7727=CARTESIAN_POINT('Ctrl Pts',(3.09605537835934,-15.8441905768973,5.));
#7728=CARTESIAN_POINT('Ctrl Pts',(3.10982860812468,-15.7670614701187,5.));
#7729=CARTESIAN_POINT('Ctrl Pts',(3.12257178946138,-15.6899738673184,5.));
#7730=CARTESIAN_POINT('Ctrl Pts',(3.13408682871613,-15.6129547643716,5.));
#7731=CARTESIAN_POINT('Ctrl Pts',(3.14416918352301,-15.5360322979217,5.));
#7732=CARTESIAN_POINT('Ctrl Pts',(3.1526743472137,-15.4592292940954,5.));
#7733=CARTESIAN_POINT('Ctrl Pts',(3.15957421757483,-15.3825579055778,5.));
#7734=CARTESIAN_POINT('Ctrl Pts',(3.16505236989911,-15.3060102092177,5.));
#7735=CARTESIAN_POINT('Ctrl Pts',(3.16943830528708,-15.2295654526893,5.));
#7736=CARTESIAN_POINT('Ctrl Pts',(3.17301767943505,-15.1532100516781,5.));
#7737=CARTESIAN_POINT('Ctrl Pts',(3.17586759985902,-15.0769551165339,5.));
#7738=CARTESIAN_POINT('Ctrl Pts',(3.17770459858144,-15.0008524090268,5.));
#7739=CARTESIAN_POINT('Ctrl Pts',(3.17766727106442,-14.9250177172905,5.));
#7740=CARTESIAN_POINT('Ctrl Pts',(3.17452215602055,-14.8496065460546,5.));
#7741=CARTESIAN_POINT('Ctrl Pts',(3.16850560178039,-14.7897412850199,5.));
#7742=CARTESIAN_POINT('Ctrl Pts',(3.1615700919633,-14.7451582910295,5.));
#7743=CARTESIAN_POINT('Ctrl Pts',(3.1558111677454,-14.7155837309293,5.));
#7744=CARTESIAN_POINT('Ctrl Pts',(3.15264788575272,-14.7008333106558,5.));
#7745=CARTESIAN_POINT('Ctrl Pts',(1.08198717601254,-19.9707111478521,5.));
#7746=CARTESIAN_POINT('Ctrl Pts',(4.20241079286358,-19.8016506516002,7.5));
#7747=CARTESIAN_POINT('Ctrl Pts',(7.28001642827121,-18.8882764116818,10.));
#7748=CARTESIAN_POINT('Ctrl Pts',(9.98747478400202,-17.3277334766819,12.5));
#7749=CARTESIAN_POINT('Ctrl Pts',(-1.08198717601262,-19.9707111478521,5.));
#7750=CARTESIAN_POINT('Ctrl Pts',(2.03843644083842,-20.139771644104,7.5));
#7751=CARTESIAN_POINT('Ctrl Pts',(5.19670856593793,-19.5642491570901,10.));
#7752=CARTESIAN_POINT('Ctrl Pts',(8.05692033999439,-18.3053553539664,12.5));
#7753=CARTESIAN_POINT('Ctrl Pts',(-0.36136692739808,-20.0097534164025,5.));
#7754=CARTESIAN_POINT('Ctrl Pts',(2.76515832255427,-20.0662170097305,7.5));
#7755=CARTESIAN_POINT('Ctrl Pts',(5.90266095329503,-19.3767324457679,10.));
#7756=CARTESIAN_POINT('Ctrl Pts',(8.71744813134305,-18.0146306073367,12.5));
#7757=CARTESIAN_POINT('Ctrl Pts',(0.361366927398007,-20.0097534164025,5.));
#7758=CARTESIAN_POINT('Ctrl Pts',(3.48789217735037,-19.9532898230744,7.5));
#7759=CARTESIAN_POINT('Ctrl Pts',(6.59845346211912,-19.1509680574805,10.));
#7760=CARTESIAN_POINT('Ctrl Pts',(9.36222335888009,-17.6881200702587,12.5));
#7761=CARTESIAN_POINT('Ctrl Pts',(1.08198717601254,-19.9707111478521,5.));
#7762=CARTESIAN_POINT('Ctrl Pts',(4.20241079286358,-19.8016506516002,7.5));
#7763=CARTESIAN_POINT('Ctrl Pts',(7.28001642827121,-18.8882764116818,10.));
#7764=CARTESIAN_POINT('Ctrl Pts',(9.98747478400202,-17.3277334766819,12.5));
#7765=CARTESIAN_POINT('',(-1.08198717601262,-19.9707111478521,5.));
#7766=CARTESIAN_POINT('Origin',(0.,0.,5.));
#7767=CARTESIAN_POINT('Ctrl Pts',(-1.08198717601262,-19.9707111478521,5.));
#7768=CARTESIAN_POINT('Ctrl Pts',(2.03843644083842,-20.139771644104,7.5));
#7769=CARTESIAN_POINT('Ctrl Pts',(5.19670856593793,-19.5642491570901,10.));
#7770=CARTESIAN_POINT('Ctrl Pts',(8.05692033999439,-18.3053553539664,12.5));
#7771=CARTESIAN_POINT('Ctrl Pts',(-3.15264788575273,-14.7008333106558,5.));
#7772=CARTESIAN_POINT('Ctrl Pts',(-0.85564268096338,-15.1934345428046,7.5));
#7773=CARTESIAN_POINT('Ctrl Pts',(1.55705474146849,-15.1376404414969,10.));
#7774=CARTESIAN_POINT('Ctrl Pts',(3.82883367578897,-14.5393851796551,12.5));
#7775=CARTESIAN_POINT('Ctrl Pts',(-3.17900856902503,-14.823753479601,5.));
#7776=CARTESIAN_POINT('Ctrl Pts',(-0.862807759666843,-15.3205044133219,
7.5));
#7777=CARTESIAN_POINT('Ctrl Pts',(1.57006955068219,-15.2641806091237,10.));
#7778=CARTESIAN_POINT('Ctrl Pts',(3.86084824750377,-14.6609554093744,12.5));
#7779=CARTESIAN_POINT('Ctrl Pts',(-3.17875576782358,-15.0764942600544,5.));
#7780=CARTESIAN_POINT('Ctrl Pts',(-0.823064142027948,-15.5733099891723,
7.5));
#7781=CARTESIAN_POINT('Ctrl Pts',(1.64921579657334,-15.5073279862947,10.));
#7782=CARTESIAN_POINT('Ctrl Pts',(3.97525485426616,-14.8863197684504,12.5));
#7783=CARTESIAN_POINT('Ctrl Pts',(-3.15045720577983,-15.5863440165019,5.));
#7784=CARTESIAN_POINT('Ctrl Pts',(-0.715086988127453,-16.0785137497363,
7.5));
#7785=CARTESIAN_POINT('Ctrl Pts',(1.83581244360942,-15.9895390168043,10.));
#7786=CARTESIAN_POINT('Ctrl Pts',(4.23083652981891,-15.3283894347757,12.5));
#7787=CARTESIAN_POINT('Ctrl Pts',(-2.97790829099787,-16.4879605253593,5.));
#7788=CARTESIAN_POINT('Ctrl Pts',(-0.401681019954522,-16.9535254150602,
7.5));
#7789=CARTESIAN_POINT('Ctrl Pts',(2.28342974739156,-16.8033190868894,10.));
#7790=CARTESIAN_POINT('Ctrl Pts',(4.79209784841273,-16.0547992290978,12.5));
#7791=CARTESIAN_POINT('Ctrl Pts',(-2.41434669243121,-18.0296133890117,5.));
#7792=CARTESIAN_POINT('Ctrl Pts',(0.402779640081509,-18.4067871469914,7.49999999999999));
#7793=CARTESIAN_POINT('Ctrl Pts',(3.30769524464522,-18.1117665374335,10.));
#7794=CARTESIAN_POINT('Ctrl Pts',(5.99134492490463,-17.1755586488272,12.5));
#7795=CARTESIAN_POINT('Ctrl Pts',(-1.63693599705224,-19.2643709519409,5.));
#7796=CARTESIAN_POINT('Ctrl Pts',(1.37317407534206,-19.5200452019646,7.5));
#7797=CARTESIAN_POINT('Ctrl Pts',(4.44180047909758,-19.0577017497106,10.));
#7798=CARTESIAN_POINT('Ctrl Pts',(7.24272744564047,-17.92591550746,12.5));
#7799=CARTESIAN_POINT('Ctrl Pts',(-1.08198717601262,-19.9707111478521,5.));
#7800=CARTESIAN_POINT('Ctrl Pts',(2.03843644083842,-20.139771644104,7.5));
#7801=CARTESIAN_POINT('Ctrl Pts',(5.19670856593793,-19.5642491570901,10.));
#7802=CARTESIAN_POINT('Ctrl Pts',(8.05692033999439,-18.3053553539664,12.5));
#7803=CARTESIAN_POINT('',(-3.15264788575273,-14.7008333106558,5.));
#7804=CARTESIAN_POINT('Ctrl Pts',(-3.15264788575273,-14.7008333106558,5.));
#7805=CARTESIAN_POINT('Ctrl Pts',(-3.1558111677454,-14.7155837309293,5.));
#7806=CARTESIAN_POINT('Ctrl Pts',(-3.1615700919633,-14.7451582910295,5.));
#7807=CARTESIAN_POINT('Ctrl Pts',(-3.16850560178039,-14.7897412850199,5.));
#7808=CARTESIAN_POINT('Ctrl Pts',(-3.17452215602056,-14.8496065460546,5.));
#7809=CARTESIAN_POINT('Ctrl Pts',(-3.17766727106442,-14.9250177172905,5.));
#7810=CARTESIAN_POINT('Ctrl Pts',(-3.17770459858144,-15.0008524090268,5.));
#7811=CARTESIAN_POINT('Ctrl Pts',(-3.17586759985903,-15.0769551165339,5.));
#7812=CARTESIAN_POINT('Ctrl Pts',(-3.17301767943506,-15.1532100516781,5.));
#7813=CARTESIAN_POINT('Ctrl Pts',(-3.16943830528709,-15.2295654526893,5.));
#7814=CARTESIAN_POINT('Ctrl Pts',(-3.16505236989911,-15.3060102092177,5.));
#7815=CARTESIAN_POINT('Ctrl Pts',(-3.15957421757484,-15.3825579055778,5.));
#7816=CARTESIAN_POINT('Ctrl Pts',(-3.1526743472137,-15.4592292940954,5.));
#7817=CARTESIAN_POINT('Ctrl Pts',(-3.14416918352302,-15.5360322979217,5.));
#7818=CARTESIAN_POINT('Ctrl Pts',(-3.13408682871613,-15.6129547643716,5.));
#7819=CARTESIAN_POINT('Ctrl Pts',(-3.12257178946139,-15.6899738673184,5.));
#7820=CARTESIAN_POINT('Ctrl Pts',(-3.10982860812469,-15.7670614701187,5.));
#7821=CARTESIAN_POINT('Ctrl Pts',(-3.09605537835934,-15.8441905768973,5.));
#7822=CARTESIAN_POINT('Ctrl Pts',(-3.08136772573746,-15.9213426693901,5.));
#7823=CARTESIAN_POINT('Ctrl Pts',(-3.06579196375491,-15.9985083264192,5.));
#7824=CARTESIAN_POINT('Ctrl Pts',(-3.04930342258155,-16.0756834371383,5.));
#7825=CARTESIAN_POINT('Ctrl Pts',(-3.03185178418109,-16.1528666829349,5.));
#7826=CARTESIAN_POINT('Ctrl Pts',(-3.01338970605717,-16.2300567005717,5.));
#7827=CARTESIAN_POINT('Ctrl Pts',(-2.99390528547616,-16.3072488667935,5.));
#7828=CARTESIAN_POINT('Ctrl Pts',(-2.97341958960062,-16.384435518934,5.));
#7829=CARTESIAN_POINT('Ctrl Pts',(-2.95197197484597,-16.4616073765493,5.));
#7830=CARTESIAN_POINT('Ctrl Pts',(-2.92960924488182,-16.5387545862828,5.));
#7831=CARTESIAN_POINT('Ctrl Pts',(-2.90637386870258,-16.6158678603231,5.));
#7832=CARTESIAN_POINT('Ctrl Pts',(-2.88229092209455,-16.6929397398175,5.));
#7833=CARTESIAN_POINT('Ctrl Pts',(-2.8573708361332,-16.7699643154311,5.));
#7834=CARTESIAN_POINT('Ctrl Pts',(-2.83161527036857,-16.8469366434348,5.));
#7835=CARTESIAN_POINT('Ctrl Pts',(-2.8050219706787,-16.9238522617194,5.));
#7836=CARTESIAN_POINT('Ctrl Pts',(-2.77758985041388,-17.0007066849083,5.));
#7837=CARTESIAN_POINT('Ctrl Pts',(-2.74932451979768,-17.0774948561813,5.));
#7838=CARTESIAN_POINT('Ctrl Pts',(-2.7202368290013,-17.1542112857632,5.));
#7839=CARTESIAN_POINT('Ctrl Pts',(-2.69034055009402,-17.2308502747221,5.));
#7840=CARTESIAN_POINT('Ctrl Pts',(-2.65965034605023,-17.3074061115881,5.));
#7841=CARTESIAN_POINT('Ctrl Pts',(-2.62817970083326,-17.3838732734008,5.));
#7842=CARTESIAN_POINT('Ctrl Pts',(-2.59593867354423,-17.4602466456713,5.));
#7843=CARTESIAN_POINT('Ctrl Pts',(-2.56293459052787,-17.536521445824,5.));
#7844=CARTESIAN_POINT('Ctrl Pts',(-2.52917304027013,-17.6126931170314,5.));
#7845=CARTESIAN_POINT('Ctrl Pts',(-2.49465877865788,-17.6887572319414,5.));
#7846=CARTESIAN_POINT('Ctrl Pts',(-2.45939663785793,-17.7647093973311,5.));
#7847=CARTESIAN_POINT('Ctrl Pts',(-2.4233925406169,-17.8405451482982,5.));
#7848=CARTESIAN_POINT('Ctrl Pts',(-2.38665323880353,-17.9162599804201,5.));
#7849=CARTESIAN_POINT('Ctrl Pts',(-2.34918589578986,-17.9918493993518,5.));
#7850=CARTESIAN_POINT('Ctrl Pts',(-2.31099772094441,-18.0673089667436,5.));
#7851=CARTESIAN_POINT('Ctrl Pts',(-2.2720956093392,-18.1426343448333,5.));
#7852=CARTESIAN_POINT('Ctrl Pts',(-2.23248572795127,-18.217821352751,5.));
#7853=CARTESIAN_POINT('Ctrl Pts',(-2.1921736160257,-18.2928659327343,5.));
#7854=CARTESIAN_POINT('Ctrl Pts',(-2.15116439037182,-18.36776410001,5.));
#7855=CARTESIAN_POINT('Ctrl Pts',(-2.10946292548729,-18.4425118968526,5.));
#7856=CARTESIAN_POINT('Ctrl Pts',(-2.06707403321868,-18.5171053518823,5.));
#7857=CARTESIAN_POINT('Ctrl Pts',(-2.02400268799135,-18.5915404232639,5.));
#7858=CARTESIAN_POINT('Ctrl Pts',(-1.9802539912468,-18.6658130400464,5.));
#7859=CARTESIAN_POINT('Ctrl Pts',(-1.93583304694183,-18.7399191756673,5.));
#7860=CARTESIAN_POINT('Ctrl Pts',(-1.89074486581643,-18.8138549179671,5.));
#7861=CARTESIAN_POINT('Ctrl Pts',(-1.84499427445281,-18.8876165286964,5.));
#7862=CARTESIAN_POINT('Ctrl Pts',(-1.79858579731892,-18.961200542173,5.));
#7863=CARTESIAN_POINT('Ctrl Pts',(-1.75152369018576,-19.0346036982661,5.));
#7864=CARTESIAN_POINT('Ctrl Pts',(-1.70381207107564,-19.1078227737426,5.));
#7865=CARTESIAN_POINT('Ctrl Pts',(-1.65545503374209,-19.1808544344922,5.));
#7866=CARTESIAN_POINT('Ctrl Pts',(-1.60645675620051,-19.2536951044426,5.));
#7867=CARTESIAN_POINT('Ctrl Pts',(-1.55682165729583,-19.3263407699341,5.));
#7868=CARTESIAN_POINT('Ctrl Pts',(-1.50655438740632,-19.3987870264645,5.));
#7869=CARTESIAN_POINT('Ctrl Pts',(-1.45565959848793,-19.4710294413764,5.));
#7870=CARTESIAN_POINT('Ctrl Pts',(-1.40414177095503,-19.543063846809,5.));
#7871=CARTESIAN_POINT('Ctrl Pts',(-1.35200502759822,-19.614886645005,5.));
#7872=CARTESIAN_POINT('Ctrl Pts',(-1.29925294382109,-19.6864951525002,5.));
#7873=CARTESIAN_POINT('Ctrl Pts',(-1.24588840514628,-19.757887799947,5.));
#7874=CARTESIAN_POINT('Ctrl Pts',(-1.19191363637022,-19.8290638093539,5.));
#7875=CARTESIAN_POINT('Ctrl Pts',(-1.14824689136965,-19.8858311296438,5.));
#7876=CARTESIAN_POINT('Ctrl Pts',(-1.11522335197329,-19.9283090643279,5.));
#7877=CARTESIAN_POINT('Ctrl Pts',(-1.09308615243341,-19.9565843439339,5.));
#7878=CARTESIAN_POINT('Ctrl Pts',(-1.08198717601262,-19.9707111478521,5.));
#7879=CARTESIAN_POINT('Ctrl Pts',(-3.15264788575273,-14.7008333106558,5.));
#7880=CARTESIAN_POINT('Ctrl Pts',(-0.85564268096338,-15.1934345428046,7.5));
#7881=CARTESIAN_POINT('Ctrl Pts',(1.55705474146849,-15.1376404414969,10.));
#7882=CARTESIAN_POINT('Ctrl Pts',(3.82883367578897,-14.5393851796551,12.5));
#7883=CARTESIAN_POINT('Ctrl Pts',(-2.77238335091779,-12.9276554160278,5.));
#7884=CARTESIAN_POINT('Ctrl Pts',(-0.752437192163994,-13.3608403146086,
7.5));
#7885=CARTESIAN_POINT('Ctrl Pts',(1.36924667712588,-13.3117759588194,10.));
#7886=CARTESIAN_POINT('Ctrl Pts',(3.36700929531694,-12.7856807564263,12.5));
#7887=CARTESIAN_POINT('Ctrl Pts',(-2.89913819586277,-13.5187147142372,5.));
#7888=CARTESIAN_POINT('Ctrl Pts',(-0.786839021763788,-13.9717050573406,
7.5));
#7889=CARTESIAN_POINT('Ctrl Pts',(1.43184936524009,-13.9203974530453,10.));
#7890=CARTESIAN_POINT('Ctrl Pts',(3.52095075547428,-13.3702488975025,12.5));
#7891=CARTESIAN_POINT('Ctrl Pts',(-3.02589304080775,-14.1097740124465,5.));
#7892=CARTESIAN_POINT('Ctrl Pts',(-0.821240851363587,-14.5825698000726,
7.5));
#7893=CARTESIAN_POINT('Ctrl Pts',(1.49445205335428,-14.5290189472711,10.));
#7894=CARTESIAN_POINT('Ctrl Pts',(3.67489221563163,-13.9548170385788,12.5));
#7895=CARTESIAN_POINT('Ctrl Pts',(-3.15264788575273,-14.7008333106558,5.));
#7896=CARTESIAN_POINT('Ctrl Pts',(-0.85564268096338,-15.1934345428046,7.5));
#7897=CARTESIAN_POINT('Ctrl Pts',(1.55705474146849,-15.1376404414969,10.));
#7898=CARTESIAN_POINT('Ctrl Pts',(3.82883367578897,-14.5393851796551,12.5));
#7899=CARTESIAN_POINT('',(-2.77238335091779,-12.9276554160278,5.));
#7900=CARTESIAN_POINT('',(-2.77238335091779,-12.9276554160278,5.));
#7901=CARTESIAN_POINT('Ctrl Pts',(-2.77238335091779,-12.9276554160278,5.));
#7902=CARTESIAN_POINT('Ctrl Pts',(-0.752437192163994,-13.3608403146086,
7.5));
#7903=CARTESIAN_POINT('Ctrl Pts',(1.36924667712588,-13.3117759588194,10.));
#7904=CARTESIAN_POINT('Ctrl Pts',(3.36700929531694,-12.7856807564263,12.5));
#7905=CARTESIAN_POINT('Ctrl Pts',(-4.02078342672229,-10.6374660815156,5.));
#7906=CARTESIAN_POINT('Ctrl Pts',(-2.35867935148593,-11.2657134919408,7.5));
#7907=CARTESIAN_POINT('Ctrl Pts',(-0.548016002689738,-11.4969277298946,
10.));
#7908=CARTESIAN_POINT('Ctrl Pts',(1.21862731175248,-11.3065172124333,12.5));
#7909=CARTESIAN_POINT('Ctrl Pts',(-3.64109661917185,-10.7809813145086,5.));
#7910=CARTESIAN_POINT('Ctrl Pts',(-1.95674555255432,-11.3499349896583,7.5));
#7911=CARTESIAN_POINT('Ctrl Pts',(-0.137508591163206,-11.5163793333003,
10.));
#7912=CARTESIAN_POINT('Ctrl Pts',(1.62219479596403,-11.2630203204059,12.5));
#7913=CARTESIAN_POINT('Ctrl Pts',(-2.85861824331881,-11.3936437485833,5.));
#7914=CARTESIAN_POINT('Ctrl Pts',(-1.07826656229274,-11.8405749776078,7.5));
#7915=CARTESIAN_POINT('Ctrl Pts',(0.806831023097949,-11.861685404908,10.));
#7916=CARTESIAN_POINT('Ctrl Pts',(2.59705353345802,-11.4560957169107,12.5));
#7917=CARTESIAN_POINT('Ctrl Pts',(-2.65889988907632,-12.3984807296993,5.));
#7918=CARTESIAN_POINT('Ctrl Pts',(-0.721734988971856,-12.8132207096535,
7.5));
#7919=CARTESIAN_POINT('Ctrl Pts',(1.31360790958331,-12.7674699202046,10.));
#7920=CARTESIAN_POINT('Ctrl Pts',(3.22918568922781,-12.2623175953545,12.5));
#7921=CARTESIAN_POINT('Ctrl Pts',(-2.77238335091779,-12.9276554160278,5.));
#7922=CARTESIAN_POINT('Ctrl Pts',(-0.752437192163994,-13.3608403146086,
7.5));
#7923=CARTESIAN_POINT('Ctrl Pts',(1.36924667712588,-13.3117759588194,10.));
#7924=CARTESIAN_POINT('Ctrl Pts',(3.36700929531694,-12.7856807564263,12.5));
#7925=CARTESIAN_POINT('',(-4.02078342672229,-10.6374660815156,5.));
#7926=CARTESIAN_POINT('Origin',(-4.72792085667697,-12.5082831904702,5.));
#7927=CARTESIAN_POINT('Ctrl Pts',(-4.02078342672229,-10.6374660815156,5.));
#7928=CARTESIAN_POINT('Ctrl Pts',(-2.35867935148593,-11.2657134919408,7.5));
#7929=CARTESIAN_POINT('Ctrl Pts',(-0.548016002689739,-11.4969277298946,
10.));
#7930=CARTESIAN_POINT('Ctrl Pts',(1.21862731175248,-11.3065172124333,12.5));
#7931=CARTESIAN_POINT('Ctrl Pts',(-4.67870117416378,-10.3649476275994,5.));
#7932=CARTESIAN_POINT('Ctrl Pts',(-3.05917810735181,-11.0959946860623,7.5));
#7933=CARTESIAN_POINT('Ctrl Pts',(-1.26653665522266,-11.4400853872076,10.));
#7934=CARTESIAN_POINT('Ctrl Pts',(0.508560654913935,-11.3606227848773,12.5));
#7935=CARTESIAN_POINT('Ctrl Pts',(-4.46231164232131,-10.4626251068384,5.));
#7936=CARTESIAN_POINT('Ctrl Pts',(-2.82752639425662,-11.1598613325032,7.5));
#7937=CARTESIAN_POINT('Ctrl Pts',(-1.02770149968419,-11.4665269423157,10.));
#7938=CARTESIAN_POINT('Ctrl Pts',(0.745736946988241,-11.3500055385598,12.5));
#7939=CARTESIAN_POINT('Ctrl Pts',(-4.24286234000497,-10.5535239841111,5.));
#7940=CARTESIAN_POINT('Ctrl Pts',(-2.59387414205823,-11.216471255545,7.5));
#7941=CARTESIAN_POINT('Ctrl Pts',(-0.788038021154141,-11.4854867788933,
10.));
#7942=CARTESIAN_POINT('Ctrl Pts',(0.982580584429674,-11.3319585559842,12.5));
#7943=CARTESIAN_POINT('Ctrl Pts',(-4.02078342672229,-10.6374660815156,5.));
#7944=CARTESIAN_POINT('Ctrl Pts',(-2.35867935148593,-11.2657134919408,7.5));
#7945=CARTESIAN_POINT('Ctrl Pts',(-0.548016002689739,-11.4969277298946,
10.));
#7946=CARTESIAN_POINT('Ctrl Pts',(1.21862731175248,-11.3065172124333,12.5));
#7947=CARTESIAN_POINT('',(-4.67870117416378,-10.3649476275994,5.));
#7948=CARTESIAN_POINT('Origin',(0.,0.,5.));
#7949=CARTESIAN_POINT('Ctrl Pts',(-4.67870117416378,-10.3649476275994,5.));
#7950=CARTESIAN_POINT('Ctrl Pts',(-3.05917810735181,-11.0959946860623,7.5));
#7951=CARTESIAN_POINT('Ctrl Pts',(-1.26653665522266,-11.4400853872076,10.));
#7952=CARTESIAN_POINT('Ctrl Pts',(0.508560654913935,-11.3606227848773,12.5));
#7953=CARTESIAN_POINT('Ctrl Pts',(-7.18086174203363,-11.1016038769989,5.));
#7954=CARTESIAN_POINT('Ctrl Pts',(-5.44623613625302,-12.2236135241914,7.5));
#7955=CARTESIAN_POINT('Ctrl Pts',(-3.44531073917721,-12.9308951566059,10.));
#7956=CARTESIAN_POINT('Ctrl Pts',(-1.39090083113548,-13.1482234114707,12.5));
#7957=CARTESIAN_POINT('Ctrl Pts',(-6.96040817924771,-10.7607829260821,5.));
#7958=CARTESIAN_POINT('Ctrl Pts',(-5.27904167846842,-11.8485267973035,7.5));
#7959=CARTESIAN_POINT('Ctrl Pts',(-3.33961532677919,-12.5337513796292,10.));
#7960=CARTESIAN_POINT('Ctrl Pts',(-1.34819996113949,-12.7445709252521,12.5));
#7961=CARTESIAN_POINT('Ctrl Pts',(-6.19634312363442,-10.1252904738904,5.));
#7962=CARTESIAN_POINT('Ctrl Pts',(-4.61397625724114,-11.0934322225696,7.5));
#7963=CARTESIAN_POINT('Ctrl Pts',(-2.80271076545099,-11.683600226378,10.));
#7964=CARTESIAN_POINT('Ctrl Pts',(-0.953649136766521,-11.8324438984688,
12.5));
#7965=CARTESIAN_POINT('Ctrl Pts',(-5.17198078856232,-10.142282931742,5.));
#7966=CARTESIAN_POINT('Ctrl Pts',(-3.58796676155416,-10.9503498571154,7.5));
#7967=CARTESIAN_POINT('Ctrl Pts',(-1.81031814730225,-11.3795343756724,10.));
#7968=CARTESIAN_POINT('Ctrl Pts',(-0.0321042695985187,-11.3848257632972,
12.5));
#7969=CARTESIAN_POINT('Ctrl Pts',(-4.67870117416378,-10.3649476275994,5.));
#7970=CARTESIAN_POINT('Ctrl Pts',(-3.05917810735181,-11.0959946860623,7.5));
#7971=CARTESIAN_POINT('Ctrl Pts',(-1.26653665522266,-11.4400853872076,10.));
#7972=CARTESIAN_POINT('Ctrl Pts',(0.508560654913935,-11.3606227848773,12.5));
#7973=CARTESIAN_POINT('',(-7.18086174203363,-11.1016038769989,5.));
#7974=CARTESIAN_POINT('Origin',(-5.50154696631358,-12.1878367636528,5.));
#7975=CARTESIAN_POINT('Ctrl Pts',(-7.18086174203363,-11.1016038769989,5.));
#7976=CARTESIAN_POINT('Ctrl Pts',(-5.44623613625302,-12.2236135241914,7.5));
#7977=CARTESIAN_POINT('Ctrl Pts',(-3.44531073917721,-12.9308951566059,10.));
#7978=CARTESIAN_POINT('Ctrl Pts',(-1.39090083113547,-13.1482234114707,12.5));
#7979=CARTESIAN_POINT('Ctrl Pts',(-8.16580022434864,-12.624317621767,5.));
#7980=CARTESIAN_POINT('Ctrl Pts',(-6.19325059594808,-13.9002239068211,7.5));
#7981=CARTESIAN_POINT('Ctrl Pts',(-3.91787507093216,-14.7045174192335,10.));
#7982=CARTESIAN_POINT('Ctrl Pts',(-1.58167901387782,-14.9516547651518,12.5));
#7983=CARTESIAN_POINT('Ctrl Pts',(-7.8374873969103,-12.116746373511,5.));
#7984=CARTESIAN_POINT('Ctrl Pts',(-5.94424577604973,-13.3413537792779,7.5));
#7985=CARTESIAN_POINT('Ctrl Pts',(-3.76035362701385,-14.1133099983576,10.));
#7986=CARTESIAN_POINT('Ctrl Pts',(-1.51808628629704,-14.3505109805915,12.5));
#7987=CARTESIAN_POINT('Ctrl Pts',(-7.50917456947197,-11.609175125255,5.));
#7988=CARTESIAN_POINT('Ctrl Pts',(-5.69524095615137,-12.7824836517346,7.5));
#7989=CARTESIAN_POINT('Ctrl Pts',(-3.60283218309553,-13.5221025774817,10.));
#7990=CARTESIAN_POINT('Ctrl Pts',(-1.45449355871626,-13.7493671960311,12.5));
#7991=CARTESIAN_POINT('Ctrl Pts',(-7.18086174203363,-11.1016038769989,5.));
#7992=CARTESIAN_POINT('Ctrl Pts',(-5.44623613625302,-12.2236135241914,7.5));
#7993=CARTESIAN_POINT('Ctrl Pts',(-3.44531073917721,-12.9308951566059,10.));
#7994=CARTESIAN_POINT('Ctrl Pts',(-1.39090083113547,-13.1482234114707,12.5));
#7995=CARTESIAN_POINT('',(-8.16580022434864,-12.624317621767,5.));
#7996=CARTESIAN_POINT('',(-8.16580022434864,-12.624317621767,5.));
#7997=CARTESIAN_POINT('Ctrl Pts',(-8.16580022434864,-12.624317621767,5.));
#7998=CARTESIAN_POINT('Ctrl Pts',(-6.19325059594809,-13.9002239068211,7.5));
#7999=CARTESIAN_POINT('Ctrl Pts',(-3.91787507093216,-14.7045174192335,10.));
#8000=CARTESIAN_POINT('Ctrl Pts',(-1.58167901387783,-14.9516547651518,12.5));
#8001=CARTESIAN_POINT('Ctrl Pts',(-13.3563448084486,-14.8865057470794,5.));
#8002=CARTESIAN_POINT('Ctrl Pts',(-11.0303282854681,-16.9734346233989,7.5));
#8003=CARTESIAN_POINT('Ctrl Pts',(-8.20827935204603,-18.5037773192062,10.));
#8004=CARTESIAN_POINT('Ctrl Pts',(-5.19034669725741,-19.3147689906524,12.5));
#8005=CARTESIAN_POINT('Ctrl Pts',(-12.4644787915266,-14.7794558792945,5.));
#8006=CARTESIAN_POINT('Ctrl Pts',(-10.155220551252,-16.7271361276359,7.5));
#8007=CARTESIAN_POINT('Ctrl Pts',(-7.38311851301133,-18.1220123813765,10.));
#8008=CARTESIAN_POINT('Ctrl Pts',(-4.44304504453313,-18.8163465732506,12.5));
#8009=CARTESIAN_POINT('Ctrl Pts',(-11.0416581686779,-14.4560667346551,5.));
#8010=CARTESIAN_POINT('Ctrl Pts',(-8.78294691354594,-16.181373745881,7.50000000000001));
#8011=CARTESIAN_POINT('Ctrl Pts',(-6.11431372355277,-17.3662672337921,10.));
#8012=CARTESIAN_POINT('Ctrl Pts',(-3.31979680847363,-17.8850504528554,12.5));
#8013=CARTESIAN_POINT('Ctrl Pts',(-9.5530445158115,-13.7644522724331,5.));
#8014=CARTESIAN_POINT('Ctrl Pts',(-7.40217265198916,-15.2569159550757,7.5));
#8015=CARTESIAN_POINT('Ctrl Pts',(-4.89732387350797,-16.2357501042415,10.));
#8016=CARTESIAN_POINT('Ctrl Pts',(-2.30420608671647,-16.5955247036996,12.5));
#8017=CARTESIAN_POINT('Ctrl Pts',(-8.79349852927448,-13.2489204620531,5.));
#8018=CARTESIAN_POINT('Ctrl Pts',(-6.72341517780789,-14.62297070179,7.5));
#8019=CARTESIAN_POINT('Ctrl Pts',(-4.32703989753522,-15.5018282728701,10.));
#8020=CARTESIAN_POINT('Ctrl Pts',(-1.85949208048389,-15.7924601945605,12.5));
#8021=CARTESIAN_POINT('Ctrl Pts',(-8.41297033721632,-12.9084121438624,5.));
#8022=CARTESIAN_POINT('Ctrl Pts',(-6.39594304317241,-14.2228358957874,7.5));
#8023=CARTESIAN_POINT('Ctrl Pts',(-4.06711917488406,-15.0553631320458,10.));
#8024=CARTESIAN_POINT('Ctrl Pts',(-1.67384200075372,-15.3167694677177,12.5));
#8025=CARTESIAN_POINT('Ctrl Pts',(-8.23407809145581,-12.7298751246713,5.));
#8026=CARTESIAN_POINT('Ctrl Pts',(-6.24502083877407,-14.0164204697635,7.5));
#8027=CARTESIAN_POINT('Ctrl Pts',(-3.95063362041172,-14.8275010270116,10.));
#8028=CARTESIAN_POINT('Ctrl Pts',(-1.59490413163098,-15.0766721632071,12.5));
#8029=CARTESIAN_POINT('Ctrl Pts',(-8.16580022434864,-12.624317621767,5.));
#8030=CARTESIAN_POINT('Ctrl Pts',(-6.19325059594809,-13.9002239068211,7.5));
#8031=CARTESIAN_POINT('Ctrl Pts',(-3.91787507093216,-14.7045174192335,10.));
#8032=CARTESIAN_POINT('Ctrl Pts',(-1.58167901387783,-14.9516547651518,12.5));
#8033=CARTESIAN_POINT('',(-13.3563448084486,-14.8865057470794,5.));
#8034=CARTESIAN_POINT('Ctrl Pts',(-13.3563448084486,-14.8865057470794,5.));
#8035=CARTESIAN_POINT('Ctrl Pts',(-13.3385074881102,-14.8843647497237,5.));
#8036=CARTESIAN_POINT('Ctrl Pts',(-13.3028604822497,-14.8800244716855,5.));
#8037=CARTESIAN_POINT('Ctrl Pts',(-13.2494728779379,-14.8733392046655,5.));
#8038=CARTESIAN_POINT('Ctrl Pts',(-13.1784552693088,-14.864075699041,5.));
#8039=CARTESIAN_POINT('Ctrl Pts',(-13.0899603053849,-14.8519125851461,5.));
#8040=CARTESIAN_POINT('Ctrl Pts',(-13.0017436530765,-14.8391647871815,5.));
#8041=CARTESIAN_POINT('Ctrl Pts',(-12.9138074356755,-14.8258312821015,5.));
#8042=CARTESIAN_POINT('Ctrl Pts',(-12.8261548032507,-14.8119111392299,5.));
#8043=CARTESIAN_POINT('Ctrl Pts',(-12.7387901814901,-14.7974037278703,5.));
#8044=CARTESIAN_POINT('Ctrl Pts',(-12.6517190296453,-14.782308676768,5.));
#8045=CARTESIAN_POINT('Ctrl Pts',(-12.5649474629705,-14.7666257649144,5.));
#8046=CARTESIAN_POINT('Ctrl Pts',(-12.4784819052573,-14.7503548372419,5.));
#8047=CARTESIAN_POINT('Ctrl Pts',(-12.392328759273,-14.7334957198899,5.));
#8048=CARTESIAN_POINT('Ctrl Pts',(-12.306493987699,-14.7160481263492,5.));
#8049=CARTESIAN_POINT('Ctrl Pts',(-12.2209830735032,-14.6980116309817,5.));
#8050=CARTESIAN_POINT('Ctrl Pts',(-12.1358012689786,-14.6793856966386,5.));
#8051=CARTESIAN_POINT('Ctrl Pts',(-12.0509537651764,-14.6601696906082,5.));
#8052=CARTESIAN_POINT('Ctrl Pts',(-11.966445876642,-14.6403629088669,5.));
#8053=CARTESIAN_POINT('Ctrl Pts',(-11.8822832532646,-14.6199646027398,5.));
#8054=CARTESIAN_POINT('Ctrl Pts',(-11.7984719512947,-14.5989740026594,5.));
#8055=CARTESIAN_POINT('Ctrl Pts',(-11.7150182801752,-14.5773903318122,5.));
#8056=CARTESIAN_POINT('Ctrl Pts',(-11.6319286961582,-14.5552128283653,5.));
#8057=CARTESIAN_POINT('Ctrl Pts',(-11.5492096851044,-14.5324407636517,5.));
#8058=CARTESIAN_POINT('Ctrl Pts',(-11.4668676224729,-14.5090734782308,5.));
#8059=CARTESIAN_POINT('Ctrl Pts',(-11.3849087189428,-14.4851103778028,5.));
#8060=CARTESIAN_POINT('Ctrl Pts',(-11.3033392198388,-14.4605508141118,5.));
#8061=CARTESIAN_POINT('Ctrl Pts',(-11.2221655609516,-14.4353939866875,5.));
#8062=CARTESIAN_POINT('Ctrl Pts',(-11.1413945283905,-14.4096388479634,5.));
#8063=CARTESIAN_POINT('Ctrl Pts',(-11.061033439188,-14.3832839935496,5.));
#8064=CARTESIAN_POINT('Ctrl Pts',(-10.9810902361574,-14.356327615155,5.));
#8065=CARTESIAN_POINT('Ctrl Pts',(-10.9015731554793,-14.3287677533735,5.));
#8066=CARTESIAN_POINT('Ctrl Pts',(-10.8224904404045,-14.300602520918,5.));
#8067=CARTESIAN_POINT('Ctrl Pts',(-10.7438500503328,-14.2718303286039,5.));
#8068=CARTESIAN_POINT('Ctrl Pts',(-10.6656593304413,-14.2424501455798,5.));
#8069=CARTESIAN_POINT('Ctrl Pts',(-10.5879248040656,-14.2124616614653,5.));
#8070=CARTESIAN_POINT('Ctrl Pts',(-10.5106529647363,-14.1818646439513,5.));
#8071=CARTESIAN_POINT('Ctrl Pts',(-10.4338509862733,-14.1506583635453,5.));
#8072=CARTESIAN_POINT('Ctrl Pts',(-10.3575274309762,-14.1188410215307,5.));
#8073=CARTESIAN_POINT('Ctrl Pts',(-10.2816930281935,-14.0864091215387,5.));
#8074=CARTESIAN_POINT('Ctrl Pts',(-10.2063612178498,-14.0533570342902,5.));
#8075=CARTESIAN_POINT('Ctrl Pts',(-10.1315464068528,-14.0196784301156,5.));
#8076=CARTESIAN_POINT('Ctrl Pts',(-10.0572623632795,-13.9853676004447,5.));
#8077=CARTESIAN_POINT('Ctrl Pts',(-9.98352064121693,-13.9504207549052,5.));
#8078=CARTESIAN_POINT('Ctrl Pts',(-9.91032878340386,-13.9148375021819,5.));
#8079=CARTESIAN_POINT('Ctrl Pts',(-9.83768919310329,-13.8786217822922,5.));
#8080=CARTESIAN_POINT('Ctrl Pts',(-9.76560343159785,-13.8417783443288,5.));
#8081=CARTESIAN_POINT('Ctrl Pts',(-9.69407616811107,-13.804309510557,5.));
#8082=CARTESIAN_POINT('Ctrl Pts',(-9.62311895705796,-13.7662120836234,5.));
#8083=CARTESIAN_POINT('Ctrl Pts',(-9.55275480390224,-13.7274736064747,5.));
#8084=CARTESIAN_POINT('Ctrl Pts',(-9.48302030623244,-13.6880706164715,5.));
#8085=CARTESIAN_POINT('Ctrl Pts',(-9.41395552661586,-13.6479769857967,5.));
#8086=CARTESIAN_POINT('Ctrl Pts',(-9.34559485650564,-13.6071714475272,5.));
#8087=CARTESIAN_POINT('Ctrl Pts',(-9.27795861095857,-13.5656445232525,5.));
#8088=CARTESIAN_POINT('Ctrl Pts',(-9.21104164260603,-13.5234078986116,5.));
#8089=CARTESIAN_POINT('Ctrl Pts',(-9.14481143920218,-13.4804960137588,5.));
#8090=CARTESIAN_POINT('Ctrl Pts',(-9.07923335292213,-13.4369453813188,5.));
#8091=CARTESIAN_POINT('Ctrl Pts',(-9.01429284636908,-13.392776352303,5.));
#8092=CARTESIAN_POINT('Ctrl Pts',(-8.9500151877732,-13.347976982039,5.));
#8093=CARTESIAN_POINT('Ctrl Pts',(-8.88649523115063,-13.3024786052905,5.));
#8094=CARTESIAN_POINT('Ctrl Pts',(-8.82389213883333,-13.2561602376586,5.));
#8095=CARTESIAN_POINT('Ctrl Pts',(-8.76237043972678,-13.2088971414606,5.));
#8096=CARTESIAN_POINT('Ctrl Pts',(-8.70204845598487,-13.1606032755602,5.));
#8097=CARTESIAN_POINT('Ctrl Pts',(-8.64295465211945,-13.1112673619381,5.));
#8098=CARTESIAN_POINT('Ctrl Pts',(-8.58495361828216,-13.0610136054146,5.));
#8099=CARTESIAN_POINT('Ctrl Pts',(-8.52779768790006,-13.0100603243419,5.));
#8100=CARTESIAN_POINT('Ctrl Pts',(-8.47127526633241,-12.9585999022391,5.));
#8101=CARTESIAN_POINT('Ctrl Pts',(-8.4153396865354,-12.9066947185573,5.));
#8102=CARTESIAN_POINT('Ctrl Pts',(-8.36022799173676,-12.854180932266,5.));
#8103=CARTESIAN_POINT('Ctrl Pts',(-8.30663116150125,-12.8005313129497,5.));
#8104=CARTESIAN_POINT('Ctrl Pts',(-8.25553134311827,-12.7449836302164,5.));
#8105=CARTESIAN_POINT('Ctrl Pts',(-8.21745455738575,-12.6983981518787,5.));
#8106=CARTESIAN_POINT('Ctrl Pts',(-8.1908337660322,-12.6619690684798,5.));
#8107=CARTESIAN_POINT('Ctrl Pts',(-8.1739935684015,-12.6369845221155,5.));
#8108=CARTESIAN_POINT('Ctrl Pts',(-8.16580022434864,-12.624317621767,5.));
#8109=CARTESIAN_POINT('Ctrl Pts',(-13.3563448084486,-14.8865057470794,5.));
#8110=CARTESIAN_POINT('Ctrl Pts',(-11.0303282854681,-16.9734346233989,7.5));
#8111=CARTESIAN_POINT('Ctrl Pts',(-8.20827935204605,-18.5037773192062,10.));
#8112=CARTESIAN_POINT('Ctrl Pts',(-5.19034669725743,-19.3147689906524,12.5));
#8113=CARTESIAN_POINT('Ctrl Pts',(-14.8865057470794,-13.3563448084486,5.));
#8114=CARTESIAN_POINT('Ctrl Pts',(-12.7995768707599,-15.6823613314291,7.5));
#8115=CARTESIAN_POINT('Ctrl Pts',(-10.1593853809767,-17.5086411146266,10.));
#8116=CARTESIAN_POINT('Ctrl Pts',(-7.24673789492923,-18.6409439107089,12.5));
#8117=CARTESIAN_POINT('Ctrl Pts',(-14.4045573354686,-13.8935073257491,5.));
#8118=CARTESIAN_POINT('Ctrl Pts',(-12.2336959194087,-16.1442203212739,7.5));
#8119=CARTESIAN_POINT('Ctrl Pts',(-9.52760732251986,-17.8752304967598,10.));
#8120=CARTESIAN_POINT('Ctrl Pts',(-6.5741007747038,-18.9024341513332,12.5));
#8121=CARTESIAN_POINT('Ctrl Pts',(-13.8935073257492,-14.4045573354686,5.));
#8122=CARTESIAN_POINT('Ctrl Pts',(-11.6427943302244,-16.5754187515284,7.5));
#8123=CARTESIAN_POINT('Ctrl Pts',(-8.87596819132312,-18.2075905681397,10.));
#8124=CARTESIAN_POINT('Ctrl Pts',(-5.88729802407453,-19.127481272169,12.5));
#8125=CARTESIAN_POINT('Ctrl Pts',(-13.3563448084486,-14.8865057470794,5.));
#8126=CARTESIAN_POINT('Ctrl Pts',(-11.0303282854681,-16.9734346233989,7.5));
#8127=CARTESIAN_POINT('Ctrl Pts',(-8.20827935204605,-18.5037773192062,10.));
#8128=CARTESIAN_POINT('Ctrl Pts',(-5.19034669725743,-19.3147689906524,12.5));
#8129=CARTESIAN_POINT('',(-14.8865057470794,-13.3563448084486,5.));
#8130=CARTESIAN_POINT('Origin',(0.,0.,5.));
#8131=CARTESIAN_POINT('Ctrl Pts',(-14.8865057470794,-13.3563448084486,5.));
#8132=CARTESIAN_POINT('Ctrl Pts',(-12.7995768707599,-15.6823613314291,7.5));
#8133=CARTESIAN_POINT('Ctrl Pts',(-10.1593853809767,-17.5086411146266,10.));
#8134=CARTESIAN_POINT('Ctrl Pts',(-7.24673789492923,-18.6409439107089,12.5));
#8135=CARTESIAN_POINT('Ctrl Pts',(-12.624317621767,-8.16580022434864,5.));
#8136=CARTESIAN_POINT('Ctrl Pts',(-11.3484113367129,-10.1383498527492,7.5));
#8137=CARTESIAN_POINT('Ctrl Pts',(-9.60292424097517,-11.8049321737172,10.));
#8138=CARTESIAN_POINT('Ctrl Pts',(-7.5735035986315,-12.9882921110031,12.5));
#8139=CARTESIAN_POINT('Ctrl Pts',(-12.7298751246713,-8.23407809145581,5.));
#8140=CARTESIAN_POINT('Ctrl Pts',(-11.4433297795792,-10.2231353441375,7.5));
#8141=CARTESIAN_POINT('Ctrl Pts',(-9.68319879174568,-11.9036124441894,10.));
#8142=CARTESIAN_POINT('Ctrl Pts',(-7.63682901170015,-13.0968929655844,12.5));
#8143=CARTESIAN_POINT('Ctrl Pts',(-12.9084113489813,-8.41297126356874,5.));
#8144=CARTESIAN_POINT('Ctrl Pts',(-11.5939875970563,-10.4299985576126,7.5));
#8145=CARTESIAN_POINT('Ctrl Pts',(-9.7991654753692,-12.131508296795,10.));
#8146=CARTESIAN_POINT('Ctrl Pts',(-7.71528836235955,-13.337147165784,12.5));
#8147=CARTESIAN_POINT('Ctrl Pts',(-13.2489195155084,-8.79349955458893,5.));
#8148=CARTESIAN_POINT('Ctrl Pts',(-11.8748692757715,-10.8635829060555,7.5));
#8149=CARTESIAN_POINT('Ctrl Pts',(-10.0081964719447,-12.6044267335798,10.));
#8150=CARTESIAN_POINT('Ctrl Pts',(-7.84715534664975,-13.8304611532126,12.5));
#8151=CARTESIAN_POINT('Ctrl Pts',(-13.7644489402235,-9.55304830201084,5.));
#8152=CARTESIAN_POINT('Ctrl Pts',(-12.2719852575809,-11.7039201658332,7.5));
#8153=CARTESIAN_POINT('Ctrl Pts',(-10.2671137574367,-13.4963689152192,10.));
#8154=CARTESIAN_POINT('Ctrl Pts',(-7.96393406416098,-14.7409816739004,12.5));
#8155=CARTESIAN_POINT('Ctrl Pts',(-14.4560637886916,-11.0416602684896,5.));
#8156=CARTESIAN_POINT('Ctrl Pts',(-12.7307567774657,-13.3003715236216,7.49999999999999));
#8157=CARTESIAN_POINT('Ctrl Pts',(-10.4680603927604,-15.1458464916683,10.));
#8158=CARTESIAN_POINT('Ctrl Pts',(-7.90843455888595,-16.381474432275,12.5));
#8159=CARTESIAN_POINT('Ctrl Pts',(-14.7794558792945,-12.4644787915265,5.));
#8160=CARTESIAN_POINT('Ctrl Pts',(-12.8317756309532,-14.7737370318011,7.5));
#8161=CARTESIAN_POINT('Ctrl Pts',(-10.3350029016035,-16.6166573804986,10.));
#8162=CARTESIAN_POINT('Ctrl Pts',(-7.55415472320377,-17.7969181054004,12.5));
#8163=CARTESIAN_POINT('Ctrl Pts',(-14.8865057470794,-13.3563448084486,5.));
#8164=CARTESIAN_POINT('Ctrl Pts',(-12.7995768707599,-15.6823613314291,7.5));
#8165=CARTESIAN_POINT('Ctrl Pts',(-10.1593853809767,-17.5086411146266,10.));
#8166=CARTESIAN_POINT('Ctrl Pts',(-7.24673789492923,-18.6409439107089,12.5));
#8167=CARTESIAN_POINT('',(-12.624317621767,-8.16580022434864,5.));
#8168=CARTESIAN_POINT('Ctrl Pts',(-12.624317621767,-8.16580022434864,5.));
#8169=CARTESIAN_POINT('Ctrl Pts',(-12.6369845221155,-8.1739935684015,5.));
#8170=CARTESIAN_POINT('Ctrl Pts',(-12.6619690684799,-8.19083376603219,5.));
#8171=CARTESIAN_POINT('Ctrl Pts',(-12.6983981518787,-8.21745455738574,5.));
#8172=CARTESIAN_POINT('Ctrl Pts',(-12.7449836302164,-8.25553134311827,5.));
#8173=CARTESIAN_POINT('Ctrl Pts',(-12.8005313129497,-8.30663116150125,5.));
#8174=CARTESIAN_POINT('Ctrl Pts',(-12.854180932266,-8.36022799173676,5.));
#8175=CARTESIAN_POINT('Ctrl Pts',(-12.9066947185573,-8.4153396865354,5.));
#8176=CARTESIAN_POINT('Ctrl Pts',(-12.9585999022391,-8.47127526633241,5.));
#8177=CARTESIAN_POINT('Ctrl Pts',(-13.0100603243419,-8.52779768790006,5.));
#8178=CARTESIAN_POINT('Ctrl Pts',(-13.0610136054146,-8.58495361828216,5.));
#8179=CARTESIAN_POINT('Ctrl Pts',(-13.1112673619381,-8.64295465211945,5.));
#8180=CARTESIAN_POINT('Ctrl Pts',(-13.1606032755602,-8.70204845598487,5.));
#8181=CARTESIAN_POINT('Ctrl Pts',(-13.2088971414606,-8.76237043972677,5.));
#8182=CARTESIAN_POINT('Ctrl Pts',(-13.2561602376586,-8.82389213883332,5.));
#8183=CARTESIAN_POINT('Ctrl Pts',(-13.3024786052905,-8.88649523115063,5.));
#8184=CARTESIAN_POINT('Ctrl Pts',(-13.347976982039,-8.9500151877732,5.));
#8185=CARTESIAN_POINT('Ctrl Pts',(-13.392776352303,-9.01429284636907,5.));
#8186=CARTESIAN_POINT('Ctrl Pts',(-13.4369453813188,-9.07923335292213,5.));
#8187=CARTESIAN_POINT('Ctrl Pts',(-13.4804960137588,-9.14481143920218,5.));
#8188=CARTESIAN_POINT('Ctrl Pts',(-13.5234078986116,-9.21104164260603,5.));
#8189=CARTESIAN_POINT('Ctrl Pts',(-13.5656445232525,-9.27795861095857,5.));
#8190=CARTESIAN_POINT('Ctrl Pts',(-13.6071714475272,-9.34559485650563,5.));
#8191=CARTESIAN_POINT('Ctrl Pts',(-13.6479769857967,-9.41395552661586,5.));
#8192=CARTESIAN_POINT('Ctrl Pts',(-13.6880706164715,-9.48302030623244,5.));
#8193=CARTESIAN_POINT('Ctrl Pts',(-13.7274736064747,-9.55275480390224,5.));
#8194=CARTESIAN_POINT('Ctrl Pts',(-13.7662120836234,-9.62311895705796,5.));
#8195=CARTESIAN_POINT('Ctrl Pts',(-13.804309510557,-9.69407616811106,5.));
#8196=CARTESIAN_POINT('Ctrl Pts',(-13.8417783443288,-9.76560343159784,5.));
#8197=CARTESIAN_POINT('Ctrl Pts',(-13.8786217822922,-9.83768919310328,5.));
#8198=CARTESIAN_POINT('Ctrl Pts',(-13.9148375021819,-9.91032878340386,5.));
#8199=CARTESIAN_POINT('Ctrl Pts',(-13.9504207549052,-9.98352064121692,5.));
#8200=CARTESIAN_POINT('Ctrl Pts',(-13.9853676004447,-10.0572623632795,5.));
#8201=CARTESIAN_POINT('Ctrl Pts',(-14.0196784301156,-10.1315464068528,5.));
#8202=CARTESIAN_POINT('Ctrl Pts',(-14.0533570342902,-10.2063612178498,5.));
#8203=CARTESIAN_POINT('Ctrl Pts',(-14.0864091215387,-10.2816930281935,5.));
#8204=CARTESIAN_POINT('Ctrl Pts',(-14.1188410215307,-10.3575274309762,5.));
#8205=CARTESIAN_POINT('Ctrl Pts',(-14.1506583635453,-10.4338509862733,5.));
#8206=CARTESIAN_POINT('Ctrl Pts',(-14.1818646439513,-10.5106529647363,5.));
#8207=CARTESIAN_POINT('Ctrl Pts',(-14.2124616614653,-10.5879248040656,5.));
#8208=CARTESIAN_POINT('Ctrl Pts',(-14.2424501455798,-10.6656593304413,5.));
#8209=CARTESIAN_POINT('Ctrl Pts',(-14.2718303286039,-10.7438500503328,5.));
#8210=CARTESIAN_POINT('Ctrl Pts',(-14.300602520918,-10.8224904404045,5.));
#8211=CARTESIAN_POINT('Ctrl Pts',(-14.3287677533735,-10.9015731554793,5.));
#8212=CARTESIAN_POINT('Ctrl Pts',(-14.356327615155,-10.9810902361574,5.));
#8213=CARTESIAN_POINT('Ctrl Pts',(-14.3832839935496,-11.061033439188,5.));
#8214=CARTESIAN_POINT('Ctrl Pts',(-14.4096388479634,-11.1413945283905,5.));
#8215=CARTESIAN_POINT('Ctrl Pts',(-14.4353939866875,-11.2221655609516,5.));
#8216=CARTESIAN_POINT('Ctrl Pts',(-14.4605508141118,-11.3033392198388,5.));
#8217=CARTESIAN_POINT('Ctrl Pts',(-14.4851103778028,-11.3849087189428,5.));
#8218=CARTESIAN_POINT('Ctrl Pts',(-14.5090734782308,-11.4668676224729,5.));
#8219=CARTESIAN_POINT('Ctrl Pts',(-14.5324407636517,-11.5492096851044,5.));
#8220=CARTESIAN_POINT('Ctrl Pts',(-14.5552128283653,-11.6319286961582,5.));
#8221=CARTESIAN_POINT('Ctrl Pts',(-14.5773903318122,-11.7150182801752,5.));
#8222=CARTESIAN_POINT('Ctrl Pts',(-14.5989740026594,-11.7984719512947,5.));
#8223=CARTESIAN_POINT('Ctrl Pts',(-14.6199646027398,-11.8822832532646,5.));
#8224=CARTESIAN_POINT('Ctrl Pts',(-14.6403629088669,-11.966445876642,5.));
#8225=CARTESIAN_POINT('Ctrl Pts',(-14.6601696906082,-12.0509537651764,5.));
#8226=CARTESIAN_POINT('Ctrl Pts',(-14.6793856966386,-12.1358012689786,5.));
#8227=CARTESIAN_POINT('Ctrl Pts',(-14.6980116309817,-12.2209830735032,5.));
#8228=CARTESIAN_POINT('Ctrl Pts',(-14.7160481263492,-12.306493987699,5.));
#8229=CARTESIAN_POINT('Ctrl Pts',(-14.7334957198899,-12.392328759273,5.));
#8230=CARTESIAN_POINT('Ctrl Pts',(-14.7503548372419,-12.4784819052573,5.));
#8231=CARTESIAN_POINT('Ctrl Pts',(-14.7666257649144,-12.5649474629705,5.));
#8232=CARTESIAN_POINT('Ctrl Pts',(-14.782308676768,-12.6517190296453,5.));
#8233=CARTESIAN_POINT('Ctrl Pts',(-14.7974037278703,-12.7387901814901,5.));
#8234=CARTESIAN_POINT('Ctrl Pts',(-14.8119111392299,-12.8261548032507,5.));
#8235=CARTESIAN_POINT('Ctrl Pts',(-14.8258312821015,-12.9138074356755,5.));
#8236=CARTESIAN_POINT('Ctrl Pts',(-14.8391647871815,-13.0017436530765,5.));
#8237=CARTESIAN_POINT('Ctrl Pts',(-14.8519125851461,-13.0899603053849,5.));
#8238=CARTESIAN_POINT('Ctrl Pts',(-14.864075699041,-13.1784552693088,5.));
#8239=CARTESIAN_POINT('Ctrl Pts',(-14.8733392046656,-13.2494728779378,5.));
#8240=CARTESIAN_POINT('Ctrl Pts',(-14.8800244716855,-13.3028604822497,5.));
#8241=CARTESIAN_POINT('Ctrl Pts',(-14.8843647497237,-13.3385074881102,5.));
#8242=CARTESIAN_POINT('Ctrl Pts',(-14.8865057470794,-13.3563448084486,5.));
#8243=CARTESIAN_POINT('Ctrl Pts',(-12.624317621767,-8.16580022434864,5.));
#8244=CARTESIAN_POINT('Ctrl Pts',(-11.3484113367129,-10.1383498527492,7.5));
#8245=CARTESIAN_POINT('Ctrl Pts',(-9.60292424097517,-11.8049321737172,10.));
#8246=CARTESIAN_POINT('Ctrl Pts',(-7.5735035986315,-12.9882921110031,12.5));
#8247=CARTESIAN_POINT('Ctrl Pts',(-11.1016038769989,-7.18086174203363,5.));
#8248=CARTESIAN_POINT('Ctrl Pts',(-9.97959422980649,-8.91548734781424,7.5));
#8249=CARTESIAN_POINT('Ctrl Pts',(-8.44464343960441,-10.3810506606301,10.));
#8250=CARTESIAN_POINT('Ctrl Pts',(-6.66000645991862,-11.4216766699921,12.5));
#8251=CARTESIAN_POINT('Ctrl Pts',(-11.609175125255,-7.50917456947196,5.));
#8252=CARTESIAN_POINT('Ctrl Pts',(-10.4358665987753,-9.32310818279255,7.5));
#8253=CARTESIAN_POINT('Ctrl Pts',(-8.83073704006133,-10.8556778316592,10.));
#8254=CARTESIAN_POINT('Ctrl Pts',(-6.96450550615625,-11.9438818169958,12.5));
#8255=CARTESIAN_POINT('Ctrl Pts',(-12.116746373511,-7.8374873969103,5.));
#8256=CARTESIAN_POINT('Ctrl Pts',(-10.8921389677441,-9.73072901777088,7.5));
#8257=CARTESIAN_POINT('Ctrl Pts',(-9.21683064051825,-11.3303050026882,10.));
#8258=CARTESIAN_POINT('Ctrl Pts',(-7.26900455239387,-12.4660869639994,12.5));
#8259=CARTESIAN_POINT('Ctrl Pts',(-12.624317621767,-8.16580022434864,5.));
#8260=CARTESIAN_POINT('Ctrl Pts',(-11.3484113367129,-10.1383498527492,7.5));
#8261=CARTESIAN_POINT('Ctrl Pts',(-9.60292424097517,-11.8049321737172,10.));
#8262=CARTESIAN_POINT('Ctrl Pts',(-7.5735035986315,-12.9882921110031,12.5));
#8263=CARTESIAN_POINT('',(-11.1016038769989,-7.18086174203363,5.));
#8264=CARTESIAN_POINT('',(-11.1016038769989,-7.18086174203363,5.));
#8265=CARTESIAN_POINT('Ctrl Pts',(-11.1016038769989,-7.18086174203363,5.));
#8266=CARTESIAN_POINT('Ctrl Pts',(-9.97959422980649,-8.91548734781424,7.5));
#8267=CARTESIAN_POINT('Ctrl Pts',(-8.44464343960441,-10.3810506606301,10.));
#8268=CARTESIAN_POINT('Ctrl Pts',(-6.66000645991862,-11.4216766699921,12.5));
#8269=CARTESIAN_POINT('Ctrl Pts',(-10.3649476275994,-4.67870117416377,5.));
#8270=CARTESIAN_POINT('Ctrl Pts',(-9.63390056913651,-6.29822424097574,7.5));
#8271=CARTESIAN_POINT('Ctrl Pts',(-8.51706139232079,-7.74204972891947,10.));
#8272=CARTESIAN_POINT('Ctrl Pts',(-7.13321535663471,-8.85661462839334,12.5));
#8273=CARTESIAN_POINT('Ctrl Pts',(-10.1979491057063,-5.04866088496268,5.));
#8274=CARTESIAN_POINT('Ctrl Pts',(-9.40924404648162,-6.64198794794606,7.5));
#8275=CARTESIAN_POINT('Ctrl Pts',(-8.2405431785762,-8.04607666401038,10.));
#8276=CARTESIAN_POINT('Ctrl Pts',(-6.8170931045692,-9.11122298583258,12.5));
#8277=CARTESIAN_POINT('Ctrl Pts',(-10.0779026303626,-6.03516784786886,5.));
#8278=CARTESIAN_POINT('Ctrl Pts',(-9.13503198657944,-7.61009469718652,7.5));
#8279=CARTESIAN_POINT('Ctrl Pts',(-7.81699359182668,-8.95800226114186,10.));
#8280=CARTESIAN_POINT('Ctrl Pts',(-6.264319896156,-9.93708551928801,12.5));
#8281=CARTESIAN_POINT('Ctrl Pts',(-10.6471759424431,-6.88692365831907,5.));
#8282=CARTESIAN_POINT('Ctrl Pts',(-9.57065895755747,-8.54997154771428,7.5));
#8283=CARTESIAN_POINT('Ctrl Pts',(-8.09910349848528,-9.95682561985857,10.));
#8284=CARTESIAN_POINT('Ctrl Pts',(-6.38738882617476,-10.9541470233018,12.5));
#8285=CARTESIAN_POINT('Ctrl Pts',(-11.1016038769989,-7.18086174203363,5.));
#8286=CARTESIAN_POINT('Ctrl Pts',(-9.97959422980649,-8.91548734781424,7.5));
#8287=CARTESIAN_POINT('Ctrl Pts',(-8.44464343960441,-10.3810506606301,10.));
#8288=CARTESIAN_POINT('Ctrl Pts',(-6.66000645991862,-11.4216766699921,12.5));
#8289=CARTESIAN_POINT('',(-10.3649476275994,-4.67870117416378,5.));
#8290=CARTESIAN_POINT('Origin',(-12.1878367636528,-5.50154696631357,5.));
#8291=CARTESIAN_POINT('Ctrl Pts',(-10.3649476275994,-4.67870117416378,5.));
#8292=CARTESIAN_POINT('Ctrl Pts',(-9.63390056913651,-6.29822424097574,7.5));
#8293=CARTESIAN_POINT('Ctrl Pts',(-8.51706139232079,-7.74204972891947,10.));
#8294=CARTESIAN_POINT('Ctrl Pts',(-7.13321535663471,-8.85661462839334,12.5));
#8295=CARTESIAN_POINT('Ctrl Pts',(-10.6374660815156,-4.02078342672229,5.));
#8296=CARTESIAN_POINT('Ctrl Pts',(-10.0092186710904,-5.68288750195865,7.5));
#8297=CARTESIAN_POINT('Ctrl Pts',(-8.98493861217689,-7.19378529711835,10.));
#8298=CARTESIAN_POINT('Ctrl Pts',(-7.67356672195483,-8.39278009742346,12.5));
#8299=CARTESIAN_POINT('Ctrl Pts',(-10.5535239841111,-4.24286234000497,5.));
#8300=CARTESIAN_POINT('Ctrl Pts',(-9.89057671267732,-5.89185053795171,7.5));
#8301=CARTESIAN_POINT('Ctrl Pts',(-8.83475365703194,-7.38136425810739,10.));
#8302=CARTESIAN_POINT('Ctrl Pts',(-7.49835023062377,-8.55298153501725,12.5));
#8303=CARTESIAN_POINT('Ctrl Pts',(-10.4626251068384,-4.46231164232131,5.));
#8304=CARTESIAN_POINT('Ctrl Pts',(-9.76538888117364,-6.09709689038601,7.5));
#8305=CARTESIAN_POINT('Ctrl Pts',(-8.67869261517479,-7.56423855799296,10.));
#8306=CARTESIAN_POINT('Ctrl Pts',(-7.31811534474888,-8.7076941333738,12.5));
#8307=CARTESIAN_POINT('Ctrl Pts',(-10.3649476275994,-4.67870117416378,5.));
#8308=CARTESIAN_POINT('Ctrl Pts',(-9.63390056913651,-6.29822424097574,7.5));
#8309=CARTESIAN_POINT('Ctrl Pts',(-8.51706139232079,-7.74204972891947,10.));
#8310=CARTESIAN_POINT('Ctrl Pts',(-7.13321535663471,-8.85661462839334,12.5));
#8311=CARTESIAN_POINT('',(-10.6374660815156,-4.02078342672229,5.));
#8312=CARTESIAN_POINT('Origin',(0.,0.,5.));
#8313=CARTESIAN_POINT('Ctrl Pts',(-10.6374660815156,-4.02078342672229,5.));
#8314=CARTESIAN_POINT('Ctrl Pts',(-10.0092186710904,-5.68288750195865,7.5));
#8315=CARTESIAN_POINT('Ctrl Pts',(-8.98493861217689,-7.19378529711835,10.));
#8316=CARTESIAN_POINT('Ctrl Pts',(-7.67356672195483,-8.39278009742346,12.5));
#8317=CARTESIAN_POINT('Ctrl Pts',(-12.9276554160278,-2.77238335091779,5.));
#8318=CARTESIAN_POINT('Ctrl Pts',(-12.4944705174471,-4.79232950967159,7.5));
#8319=CARTESIAN_POINT('Ctrl Pts',(-11.5797262390153,-6.70732106508124,10.));
#8320=CARTESIAN_POINT('Ctrl Pts',(-10.2807133444606,-8.31368252515277,12.5));
#8321=CARTESIAN_POINT('Ctrl Pts',(-12.5307744012814,-2.68727075453669,5.));
#8322=CARTESIAN_POINT('Ctrl Pts',(-12.1110198144553,-4.64532747643239,7.5));
#8323=CARTESIAN_POINT('Ctrl Pts',(-11.2241652383621,-6.50123595012196,10.));
#8324=CARTESIAN_POINT('Ctrl Pts',(-9.96509385947585,-8.0584511896415,12.5));
#8325=CARTESIAN_POINT('Ctrl Pts',(-11.5411659073579,-2.77824859509827,5.));
#8326=CARTESIAN_POINT('Ctrl Pts',(-11.1068431614471,-4.58173053229067,7.5));
#8327=CARTESIAN_POINT('Ctrl Pts',(-10.2433652265657,-6.27980631525501,10.));
#8328=CARTESIAN_POINT('Ctrl Pts',(-9.04112957996319,-7.69253870160176,12.5));
#8329=CARTESIAN_POINT('Ctrl Pts',(-10.8288197255063,-3.51453434998837,5.));
#8330=CARTESIAN_POINT('Ctrl Pts',(-10.2801422680983,-5.20599101256459,7.5));
#8331=CARTESIAN_POINT('Ctrl Pts',(-9.32663416184586,-6.76645768572089,10.));
#8332=CARTESIAN_POINT('Ctrl Pts',(-8.07298864659293,-8.02758635311662,12.5));
#8333=CARTESIAN_POINT('Ctrl Pts',(-10.6374660815156,-4.02078342672229,5.));
#8334=CARTESIAN_POINT('Ctrl Pts',(-10.0092186710904,-5.68288750195865,7.5));
#8335=CARTESIAN_POINT('Ctrl Pts',(-8.98493861217689,-7.19378529711835,10.));
#8336=CARTESIAN_POINT('Ctrl Pts',(-7.67356672195483,-8.39278009742346,12.5));
#8337=CARTESIAN_POINT('',(-12.9276554160278,-2.77238335091779,5.));
#8338=CARTESIAN_POINT('Origin',(-12.5082831904702,-4.72792085667697,5.));
#8339=CARTESIAN_POINT('Ctrl Pts',(-12.9276554160278,-2.77238335091779,5.));
#8340=CARTESIAN_POINT('Ctrl Pts',(-12.494470517447,-4.79232950967159,7.5));
#8341=CARTESIAN_POINT('Ctrl Pts',(-11.5797262390153,-6.70732106508124,10.));
#8342=CARTESIAN_POINT('Ctrl Pts',(-10.2807133444606,-8.31368252515277,12.5));
#8343=CARTESIAN_POINT('Ctrl Pts',(-14.7008333106558,-3.15264788575272,5.));
#8344=CARTESIAN_POINT('Ctrl Pts',(-14.2082320785071,-5.44965309054207,7.5));
#8345=CARTESIAN_POINT('Ctrl Pts',(-13.1680200117136,-7.62730795071786,10.));
#8346=CARTESIAN_POINT('Ctrl Pts',(-11.6908324307725,-9.45400051802556,12.5));
#8347=CARTESIAN_POINT('Ctrl Pts',(-14.1097740124465,-3.02589304080774,5.));
#8348=CARTESIAN_POINT('Ctrl Pts',(-13.6369782248204,-5.2305452302519,7.5));
#8349=CARTESIAN_POINT('Ctrl Pts',(-12.6385887541475,-7.32064565550565,10.));
#8350=CARTESIAN_POINT('Ctrl Pts',(-11.2207927353352,-9.0738945204013,12.5));
#8351=CARTESIAN_POINT('Ctrl Pts',(-13.5187147142372,-2.89913819586277,5.));
#8352=CARTESIAN_POINT('Ctrl Pts',(-13.0657243711337,-5.01143736996175,7.5));
#8353=CARTESIAN_POINT('Ctrl Pts',(-12.1091574965814,-7.01398336029345,10.));
#8354=CARTESIAN_POINT('Ctrl Pts',(-10.7507530398979,-8.69378852277703,12.5));
#8355=CARTESIAN_POINT('Ctrl Pts',(-12.9276554160278,-2.77238335091779,5.));
#8356=CARTESIAN_POINT('Ctrl Pts',(-12.494470517447,-4.79232950967159,7.5));
#8357=CARTESIAN_POINT('Ctrl Pts',(-11.5797262390153,-6.70732106508124,10.));
#8358=CARTESIAN_POINT('Ctrl Pts',(-10.2807133444606,-8.31368252515277,12.5));
#8359=CARTESIAN_POINT('',(-14.7008333106558,-3.15264788575272,5.));
#8360=CARTESIAN_POINT('',(-14.7008333106558,-3.15264788575272,5.));
#8361=CARTESIAN_POINT('Ctrl Pts',(-14.7008333106558,-3.15264788575272,5.));
#8362=CARTESIAN_POINT('Ctrl Pts',(-14.2082320785071,-5.44965309054207,7.5));
#8363=CARTESIAN_POINT('Ctrl Pts',(-13.1680200117136,-7.62730795071786,10.));
#8364=CARTESIAN_POINT('Ctrl Pts',(-11.6908324307725,-9.45400051802556,12.5));
#8365=CARTESIAN_POINT('Ctrl Pts',(-19.9707111478521,-1.08198717601261,5.));
#8366=CARTESIAN_POINT('Ctrl Pts',(-19.8016506516002,-4.20241079286365,7.5));
#8367=CARTESIAN_POINT('Ctrl Pts',(-18.8882764116818,-7.28001642827127,10.));
#8368=CARTESIAN_POINT('Ctrl Pts',(-17.3277334766819,-9.98747478400208,12.5));
#8369=CARTESIAN_POINT('Ctrl Pts',(-19.264370951941,-1.63693599705228,5.));
#8370=CARTESIAN_POINT('Ctrl Pts',(-19.0086967019172,-4.64704606944659,7.5));
#8371=CARTESIAN_POINT('Ctrl Pts',(-18.0348510104722,-7.59354467676376,10.));
#8372=CARTESIAN_POINT('Ctrl Pts',(-16.4468735392085,-10.1634589789952,12.5));
#8373=CARTESIAN_POINT('Ctrl Pts',(-18.0296130068054,-2.4143443533429,5.));
#8374=CARTESIAN_POINT('Ctrl Pts',(-17.6524392488256,-5.23147068585561,7.50000000000001));
#8375=CARTESIAN_POINT('Ctrl Pts',(-16.603280177348,-7.95632576504334,10.));
#8376=CARTESIAN_POINT('Ctrl Pts',(-14.9940934487205,-10.2991827580017,12.5));
#8377=CARTESIAN_POINT('Ctrl Pts',(-16.4879607289788,-2.97790506122091,5.));
#8378=CARTESIAN_POINT('Ctrl Pts',(-16.0223958392779,-5.55413233226426,7.5));
#8379=CARTESIAN_POINT('Ctrl Pts',(-14.9433449611728,-8.01746950862564,10.));
#8380=CARTESIAN_POINT('Ctrl Pts',(-13.3641328486926,-10.1054797390569,12.5));
#8381=CARTESIAN_POINT('Ctrl Pts',(-15.586344051994,-3.15045630377406,5.));
#8382=CARTESIAN_POINT('Ctrl Pts',(-15.0941743187596,-5.58582652142644,7.5));
#8383=CARTESIAN_POINT('Ctrl Pts',(-14.0211284901696,-7.90176622752777,10.));
#8384=CARTESIAN_POINT('Ctrl Pts',(-12.4818164984872,-9.8520938245234,12.5));
#8385=CARTESIAN_POINT('Ctrl Pts',(-15.0764943190815,-3.1787549870469,5.));
#8386=CARTESIAN_POINT('Ctrl Pts',(-14.5796785899635,-5.53444661284254,7.5));
#8387=CARTESIAN_POINT('Ctrl Pts',(-13.521638158847,-7.76985975775608,10.));
#8388=CARTESIAN_POINT('Ctrl Pts',(-12.0141778323592,-9.64700446944135,12.5));
#8389=CARTESIAN_POINT('Ctrl Pts',(-14.8237534796011,-3.17900856902507,5.));
#8390=CARTESIAN_POINT('Ctrl Pts',(-14.3270025458802,-5.49520937838326,7.5));
#8391=CARTESIAN_POINT('Ctrl Pts',(-13.2781463472271,-7.69110670127376,10.));
#8392=CARTESIAN_POINT('Ctrl Pts',(-11.7885846511489,-9.53304959751154,12.5));
#8393=CARTESIAN_POINT('Ctrl Pts',(-14.7008333106558,-3.15264788575272,5.));
#8394=CARTESIAN_POINT('Ctrl Pts',(-14.2082320785071,-5.44965309054207,7.5));
#8395=CARTESIAN_POINT('Ctrl Pts',(-13.1680200117136,-7.62730795071786,10.));
#8396=CARTESIAN_POINT('Ctrl Pts',(-11.6908324307725,-9.45400051802556,12.5));
#8397=CARTESIAN_POINT('',(-19.9707111478521,-1.08198717601261,5.));
#8398=CARTESIAN_POINT('Ctrl Pts',(-19.9707111478521,-1.08198717601261,5.));
#8399=CARTESIAN_POINT('Ctrl Pts',(-19.9565843439339,-1.09308615243341,5.));
#8400=CARTESIAN_POINT('Ctrl Pts',(-19.9283090643279,-1.11522335197329,5.));
#8401=CARTESIAN_POINT('Ctrl Pts',(-19.8858311296438,-1.14824689136964,5.));
#8402=CARTESIAN_POINT('Ctrl Pts',(-19.8290638093539,-1.19191363637022,5.));
#8403=CARTESIAN_POINT('Ctrl Pts',(-19.757887799947,-1.24588840514627,5.));
#8404=CARTESIAN_POINT('Ctrl Pts',(-19.6864951525002,-1.29925294382109,5.));
#8405=CARTESIAN_POINT('Ctrl Pts',(-19.614886645005,-1.35200502759821,5.));
#8406=CARTESIAN_POINT('Ctrl Pts',(-19.543063846809,-1.40414177095503,5.));
#8407=CARTESIAN_POINT('Ctrl Pts',(-19.4710294413764,-1.45565959848792,5.));
#8408=CARTESIAN_POINT('Ctrl Pts',(-19.3987870264645,-1.50655438740631,5.));
#8409=CARTESIAN_POINT('Ctrl Pts',(-19.3263407699341,-1.55682165729582,5.));
#8410=CARTESIAN_POINT('Ctrl Pts',(-19.2536951044426,-1.6064567562005,5.));
#8411=CARTESIAN_POINT('Ctrl Pts',(-19.1808544344922,-1.65545503374208,5.));
#8412=CARTESIAN_POINT('Ctrl Pts',(-19.1078227737426,-1.70381207107563,5.));
#8413=CARTESIAN_POINT('Ctrl Pts',(-19.0346036982661,-1.75152369018575,5.));
#8414=CARTESIAN_POINT('Ctrl Pts',(-18.961200542173,-1.79858579731892,5.));
#8415=CARTESIAN_POINT('Ctrl Pts',(-18.8876165286964,-1.8449942744528,5.));
#8416=CARTESIAN_POINT('Ctrl Pts',(-18.8138549179671,-1.89074486581642,5.));
#8417=CARTESIAN_POINT('Ctrl Pts',(-18.7399191756673,-1.93583304694182,5.));
#8418=CARTESIAN_POINT('Ctrl Pts',(-18.6658130400464,-1.9802539912468,5.));
#8419=CARTESIAN_POINT('Ctrl Pts',(-18.5915404232639,-2.02400268799135,5.));
#8420=CARTESIAN_POINT('Ctrl Pts',(-18.5171053518823,-2.06707403321868,5.));
#8421=CARTESIAN_POINT('Ctrl Pts',(-18.4425118968526,-2.10946292548728,5.));
#8422=CARTESIAN_POINT('Ctrl Pts',(-18.36776410001,-2.15116439037181,5.));
#8423=CARTESIAN_POINT('Ctrl Pts',(-18.2928659327343,-2.1921736160257,5.));
#8424=CARTESIAN_POINT('Ctrl Pts',(-18.217821352751,-2.23248572795127,5.));
#8425=CARTESIAN_POINT('Ctrl Pts',(-18.1426343448333,-2.27209560933919,5.));
#8426=CARTESIAN_POINT('Ctrl Pts',(-18.0673089667436,-2.31099772094441,5.));
#8427=CARTESIAN_POINT('Ctrl Pts',(-17.9918493993518,-2.34918589578986,5.));
#8428=CARTESIAN_POINT('Ctrl Pts',(-17.9162599804201,-2.38665323880352,5.));
#8429=CARTESIAN_POINT('Ctrl Pts',(-17.8405451482982,-2.4233925406169,5.));
#8430=CARTESIAN_POINT('Ctrl Pts',(-17.7647093973311,-2.45939663785792,5.));
#8431=CARTESIAN_POINT('Ctrl Pts',(-17.6887572319414,-2.49465877865787,5.));
#8432=CARTESIAN_POINT('Ctrl Pts',(-17.6126931170314,-2.52917304027013,5.));
#8433=CARTESIAN_POINT('Ctrl Pts',(-17.536521445824,-2.56293459052787,5.));
#8434=CARTESIAN_POINT('Ctrl Pts',(-17.4602466456713,-2.59593867354422,5.));
#8435=CARTESIAN_POINT('Ctrl Pts',(-17.3838732734008,-2.62817970083326,5.));
#8436=CARTESIAN_POINT('Ctrl Pts',(-17.3074061115881,-2.65965034605023,5.));
#8437=CARTESIAN_POINT('Ctrl Pts',(-17.2308502747221,-2.69034055009401,5.));
#8438=CARTESIAN_POINT('Ctrl Pts',(-17.1542112857632,-2.72023682900129,5.));
#8439=CARTESIAN_POINT('Ctrl Pts',(-17.0774948561813,-2.74932451979767,5.));
#8440=CARTESIAN_POINT('Ctrl Pts',(-17.0007066849083,-2.77758985041387,5.));
#8441=CARTESIAN_POINT('Ctrl Pts',(-16.9238522617194,-2.80502197067869,5.));
#8442=CARTESIAN_POINT('Ctrl Pts',(-16.8469366434348,-2.83161527036857,5.));
#8443=CARTESIAN_POINT('Ctrl Pts',(-16.7699643154311,-2.85737083613319,5.));
#8444=CARTESIAN_POINT('Ctrl Pts',(-16.6929397398175,-2.88229092209454,5.));
#8445=CARTESIAN_POINT('Ctrl Pts',(-16.6158678603231,-2.90637386870258,5.));
#8446=CARTESIAN_POINT('Ctrl Pts',(-16.5387545862828,-2.92960924488182,5.));
#8447=CARTESIAN_POINT('Ctrl Pts',(-16.4616073765492,-2.95197197484597,5.));
#8448=CARTESIAN_POINT('Ctrl Pts',(-16.384435518934,-2.97341958960061,5.));
#8449=CARTESIAN_POINT('Ctrl Pts',(-16.3072488667935,-2.99390528547616,5.));
#8450=CARTESIAN_POINT('Ctrl Pts',(-16.2300567005717,-3.01338970605717,5.));
#8451=CARTESIAN_POINT('Ctrl Pts',(-16.1528666829349,-3.03185178418109,5.));
#8452=CARTESIAN_POINT('Ctrl Pts',(-16.0756834371383,-3.04930342258155,5.));
#8453=CARTESIAN_POINT('Ctrl Pts',(-15.9985083264192,-3.0657919637549,5.));
#8454=CARTESIAN_POINT('Ctrl Pts',(-15.9213426693901,-3.08136772573746,5.));
#8455=CARTESIAN_POINT('Ctrl Pts',(-15.8441905768973,-3.09605537835934,5.));
#8456=CARTESIAN_POINT('Ctrl Pts',(-15.7670614701187,-3.10982860812468,5.));
#8457=CARTESIAN_POINT('Ctrl Pts',(-15.6899738673184,-3.12257178946138,5.));
#8458=CARTESIAN_POINT('Ctrl Pts',(-15.6129547643716,-3.13408682871613,5.));
#8459=CARTESIAN_POINT('Ctrl Pts',(-15.5360322979217,-3.14416918352301,5.));
#8460=CARTESIAN_POINT('Ctrl Pts',(-15.4592292940954,-3.1526743472137,5.));
#8461=CARTESIAN_POINT('Ctrl Pts',(-15.3825579055778,-3.15957421757483,5.));
#8462=CARTESIAN_POINT('Ctrl Pts',(-15.3060102092177,-3.16505236989911,5.));
#8463=CARTESIAN_POINT('Ctrl Pts',(-15.2295654526893,-3.16943830528708,5.));
#8464=CARTESIAN_POINT('Ctrl Pts',(-15.1532100516781,-3.17301767943505,5.));
#8465=CARTESIAN_POINT('Ctrl Pts',(-15.0769551165339,-3.17586759985902,5.));
#8466=CARTESIAN_POINT('Ctrl Pts',(-15.0008524090268,-3.17770459858144,5.));
#8467=CARTESIAN_POINT('Ctrl Pts',(-14.9250177172905,-3.17766727106442,5.));
#8468=CARTESIAN_POINT('Ctrl Pts',(-14.8496065460546,-3.17452215602055,5.));
#8469=CARTESIAN_POINT('Ctrl Pts',(-14.7897412850199,-3.16850560178039,5.));
#8470=CARTESIAN_POINT('Ctrl Pts',(-14.7451582910295,-3.1615700919633,5.));
#8471=CARTESIAN_POINT('Ctrl Pts',(-14.7155837309293,-3.1558111677454,5.));
#8472=CARTESIAN_POINT('Ctrl Pts',(-14.7008333106558,-3.15264788575272,5.));
#8473=CARTESIAN_POINT('Ctrl Pts',(-19.9707111478521,-1.08198717601254,5.));
#8474=CARTESIAN_POINT('Ctrl Pts',(-19.8016506516002,-4.20241079286358,7.5));
#8475=CARTESIAN_POINT('Ctrl Pts',(-18.8882764116818,-7.28001642827121,10.));
#8476=CARTESIAN_POINT('Ctrl Pts',(-17.3277334766819,-9.98747478400202,12.5));
#8477=CARTESIAN_POINT('Ctrl Pts',(-19.9707111478521,1.08198717601262,5.));
#8478=CARTESIAN_POINT('Ctrl Pts',(-20.139771644104,-2.03843644083842,7.5));
#8479=CARTESIAN_POINT('Ctrl Pts',(-19.5642491570901,-5.19670856593793,10.));
#8480=CARTESIAN_POINT('Ctrl Pts',(-18.3053553539664,-8.05692033999439,12.5));
#8481=CARTESIAN_POINT('Ctrl Pts',(-20.0097534164025,0.36136692739808,5.));
#8482=CARTESIAN_POINT('Ctrl Pts',(-20.0662170097305,-2.76515832255427,7.5));
#8483=CARTESIAN_POINT('Ctrl Pts',(-19.3767324457678,-5.90266095329503,10.));
#8484=CARTESIAN_POINT('Ctrl Pts',(-18.0146306073367,-8.71744813134305,12.5));
#8485=CARTESIAN_POINT('Ctrl Pts',(-20.0097534164025,-0.361366927398007,
5.));
#8486=CARTESIAN_POINT('Ctrl Pts',(-19.9532898230744,-3.48789217735037,7.5));
#8487=CARTESIAN_POINT('Ctrl Pts',(-19.1509680574805,-6.59845346211912,10.));
#8488=CARTESIAN_POINT('Ctrl Pts',(-17.6881200702587,-9.36222335888009,12.5));
#8489=CARTESIAN_POINT('Ctrl Pts',(-19.9707111478521,-1.08198717601254,5.));
#8490=CARTESIAN_POINT('Ctrl Pts',(-19.8016506516002,-4.20241079286358,7.5));
#8491=CARTESIAN_POINT('Ctrl Pts',(-18.8882764116818,-7.28001642827121,10.));
#8492=CARTESIAN_POINT('Ctrl Pts',(-17.3277334766819,-9.98747478400202,12.5));
#8493=CARTESIAN_POINT('',(-19.9707111478521,1.08198717601262,5.));
#8494=CARTESIAN_POINT('Origin',(0.,0.,5.));
#8495=CARTESIAN_POINT('Ctrl Pts',(-19.9707111478521,1.08198717601262,5.));
#8496=CARTESIAN_POINT('Ctrl Pts',(-20.139771644104,-2.03843644083842,7.5));
#8497=CARTESIAN_POINT('Ctrl Pts',(-19.5642491570901,-5.19670856593793,10.));
#8498=CARTESIAN_POINT('Ctrl Pts',(-18.3053553539664,-8.05692033999439,12.5));
#8499=CARTESIAN_POINT('Ctrl Pts',(-14.7008333106558,3.15264788575273,5.));
#8500=CARTESIAN_POINT('Ctrl Pts',(-15.1934345428046,0.85564268096338,7.5));
#8501=CARTESIAN_POINT('Ctrl Pts',(-15.1376404414969,-1.55705474146849,10.));
#8502=CARTESIAN_POINT('Ctrl Pts',(-14.5393851796551,-3.82883367578897,12.5));
#8503=CARTESIAN_POINT('Ctrl Pts',(-14.823753479601,3.17900856902503,5.));
#8504=CARTESIAN_POINT('Ctrl Pts',(-15.3205044133219,0.862807759666843,7.5));
#8505=CARTESIAN_POINT('Ctrl Pts',(-15.2641806091237,-1.57006955068219,10.));
#8506=CARTESIAN_POINT('Ctrl Pts',(-14.6609554093744,-3.86084824750377,12.5));
#8507=CARTESIAN_POINT('Ctrl Pts',(-15.0764942600544,3.17875576782358,5.));
#8508=CARTESIAN_POINT('Ctrl Pts',(-15.5733099891723,0.823064142027948,7.5));
#8509=CARTESIAN_POINT('Ctrl Pts',(-15.5073279862947,-1.64921579657334,10.));
#8510=CARTESIAN_POINT('Ctrl Pts',(-14.8863197684504,-3.97525485426616,12.5));
#8511=CARTESIAN_POINT('Ctrl Pts',(-15.5863440165019,3.15045720577983,5.));
#8512=CARTESIAN_POINT('Ctrl Pts',(-16.0785137497363,0.715086988127453,7.5));
#8513=CARTESIAN_POINT('Ctrl Pts',(-15.9895390168043,-1.83581244360942,10.));
#8514=CARTESIAN_POINT('Ctrl Pts',(-15.3283894347757,-4.23083652981891,12.5));
#8515=CARTESIAN_POINT('Ctrl Pts',(-16.4879605253593,2.97790829099787,5.));
#8516=CARTESIAN_POINT('Ctrl Pts',(-16.9535254150602,0.401681019954522,7.5));
#8517=CARTESIAN_POINT('Ctrl Pts',(-16.8033190868894,-2.28342974739156,10.));
#8518=CARTESIAN_POINT('Ctrl Pts',(-16.0547992290978,-4.79209784841273,12.5));
#8519=CARTESIAN_POINT('Ctrl Pts',(-18.0296133890117,2.41434669243121,5.));
#8520=CARTESIAN_POINT('Ctrl Pts',(-18.4067871469914,-0.402779640081509,
7.49999999999999));
#8521=CARTESIAN_POINT('Ctrl Pts',(-18.1117665374335,-3.30769524464522,10.));
#8522=CARTESIAN_POINT('Ctrl Pts',(-17.1755586488272,-5.99134492490463,12.5));
#8523=CARTESIAN_POINT('Ctrl Pts',(-19.2643709519409,1.63693599705224,5.));
#8524=CARTESIAN_POINT('Ctrl Pts',(-19.5200452019646,-1.37317407534206,7.5));
#8525=CARTESIAN_POINT('Ctrl Pts',(-19.0577017497106,-4.44180047909758,10.));
#8526=CARTESIAN_POINT('Ctrl Pts',(-17.92591550746,-7.24272744564047,12.5));
#8527=CARTESIAN_POINT('Ctrl Pts',(-19.9707111478521,1.08198717601262,5.));
#8528=CARTESIAN_POINT('Ctrl Pts',(-20.139771644104,-2.03843644083842,7.5));
#8529=CARTESIAN_POINT('Ctrl Pts',(-19.5642491570901,-5.19670856593793,10.));
#8530=CARTESIAN_POINT('Ctrl Pts',(-18.3053553539664,-8.05692033999439,12.5));
#8531=CARTESIAN_POINT('',(-14.7008333106558,3.15264788575273,5.));
#8532=CARTESIAN_POINT('Ctrl Pts',(-14.7008333106558,3.15264788575273,5.));
#8533=CARTESIAN_POINT('Ctrl Pts',(-14.7155837309293,3.1558111677454,5.));
#8534=CARTESIAN_POINT('Ctrl Pts',(-14.7451582910295,3.1615700919633,5.));
#8535=CARTESIAN_POINT('Ctrl Pts',(-14.7897412850199,3.16850560178039,5.));
#8536=CARTESIAN_POINT('Ctrl Pts',(-14.8496065460546,3.17452215602056,5.));
#8537=CARTESIAN_POINT('Ctrl Pts',(-14.9250177172905,3.17766727106442,5.));
#8538=CARTESIAN_POINT('Ctrl Pts',(-15.0008524090268,3.17770459858144,5.));
#8539=CARTESIAN_POINT('Ctrl Pts',(-15.0769551165339,3.17586759985903,5.));
#8540=CARTESIAN_POINT('Ctrl Pts',(-15.1532100516781,3.17301767943506,5.));
#8541=CARTESIAN_POINT('Ctrl Pts',(-15.2295654526893,3.16943830528709,5.));
#8542=CARTESIAN_POINT('Ctrl Pts',(-15.3060102092177,3.16505236989911,5.));
#8543=CARTESIAN_POINT('Ctrl Pts',(-15.3825579055778,3.15957421757484,5.));
#8544=CARTESIAN_POINT('Ctrl Pts',(-15.4592292940954,3.1526743472137,5.));
#8545=CARTESIAN_POINT('Ctrl Pts',(-15.5360322979217,3.14416918352302,5.));
#8546=CARTESIAN_POINT('Ctrl Pts',(-15.6129547643716,3.13408682871613,5.));
#8547=CARTESIAN_POINT('Ctrl Pts',(-15.6899738673184,3.12257178946139,5.));
#8548=CARTESIAN_POINT('Ctrl Pts',(-15.7670614701187,3.10982860812469,5.));
#8549=CARTESIAN_POINT('Ctrl Pts',(-15.8441905768973,3.09605537835934,5.));
#8550=CARTESIAN_POINT('Ctrl Pts',(-15.9213426693901,3.08136772573746,5.));
#8551=CARTESIAN_POINT('Ctrl Pts',(-15.9985083264192,3.06579196375491,5.));
#8552=CARTESIAN_POINT('Ctrl Pts',(-16.0756834371383,3.04930342258155,5.));
#8553=CARTESIAN_POINT('Ctrl Pts',(-16.1528666829349,3.03185178418109,5.));
#8554=CARTESIAN_POINT('Ctrl Pts',(-16.2300567005717,3.01338970605717,5.));
#8555=CARTESIAN_POINT('Ctrl Pts',(-16.3072488667935,2.99390528547616,5.));
#8556=CARTESIAN_POINT('Ctrl Pts',(-16.384435518934,2.97341958960062,5.));
#8557=CARTESIAN_POINT('Ctrl Pts',(-16.4616073765493,2.95197197484597,5.));
#8558=CARTESIAN_POINT('Ctrl Pts',(-16.5387545862828,2.92960924488182,5.));
#8559=CARTESIAN_POINT('Ctrl Pts',(-16.6158678603231,2.90637386870258,5.));
#8560=CARTESIAN_POINT('Ctrl Pts',(-16.6929397398175,2.88229092209455,5.));
#8561=CARTESIAN_POINT('Ctrl Pts',(-16.7699643154311,2.8573708361332,5.));
#8562=CARTESIAN_POINT('Ctrl Pts',(-16.8469366434348,2.83161527036857,5.));
#8563=CARTESIAN_POINT('Ctrl Pts',(-16.9238522617194,2.8050219706787,5.));
#8564=CARTESIAN_POINT('Ctrl Pts',(-17.0007066849083,2.77758985041388,5.));
#8565=CARTESIAN_POINT('Ctrl Pts',(-17.0774948561813,2.74932451979768,5.));
#8566=CARTESIAN_POINT('Ctrl Pts',(-17.1542112857632,2.7202368290013,5.));
#8567=CARTESIAN_POINT('Ctrl Pts',(-17.2308502747221,2.69034055009402,5.));
#8568=CARTESIAN_POINT('Ctrl Pts',(-17.3074061115881,2.65965034605023,5.));
#8569=CARTESIAN_POINT('Ctrl Pts',(-17.3838732734008,2.62817970083326,5.));
#8570=CARTESIAN_POINT('Ctrl Pts',(-17.4602466456713,2.59593867354423,5.));
#8571=CARTESIAN_POINT('Ctrl Pts',(-17.536521445824,2.56293459052787,5.));
#8572=CARTESIAN_POINT('Ctrl Pts',(-17.6126931170314,2.52917304027013,5.));
#8573=CARTESIAN_POINT('Ctrl Pts',(-17.6887572319414,2.49465877865788,5.));
#8574=CARTESIAN_POINT('Ctrl Pts',(-17.7647093973311,2.45939663785793,5.));
#8575=CARTESIAN_POINT('Ctrl Pts',(-17.8405451482982,2.4233925406169,5.));
#8576=CARTESIAN_POINT('Ctrl Pts',(-17.9162599804201,2.38665323880353,5.));
#8577=CARTESIAN_POINT('Ctrl Pts',(-17.9918493993518,2.34918589578986,5.));
#8578=CARTESIAN_POINT('Ctrl Pts',(-18.0673089667436,2.31099772094441,5.));
#8579=CARTESIAN_POINT('Ctrl Pts',(-18.1426343448333,2.2720956093392,5.));
#8580=CARTESIAN_POINT('Ctrl Pts',(-18.217821352751,2.23248572795127,5.));
#8581=CARTESIAN_POINT('Ctrl Pts',(-18.2928659327343,2.1921736160257,5.));
#8582=CARTESIAN_POINT('Ctrl Pts',(-18.36776410001,2.15116439037182,5.));
#8583=CARTESIAN_POINT('Ctrl Pts',(-18.4425118968526,2.10946292548729,5.));
#8584=CARTESIAN_POINT('Ctrl Pts',(-18.5171053518823,2.06707403321868,5.));
#8585=CARTESIAN_POINT('Ctrl Pts',(-18.5915404232639,2.02400268799135,5.));
#8586=CARTESIAN_POINT('Ctrl Pts',(-18.6658130400464,1.9802539912468,5.));
#8587=CARTESIAN_POINT('Ctrl Pts',(-18.7399191756673,1.93583304694183,5.));
#8588=CARTESIAN_POINT('Ctrl Pts',(-18.8138549179671,1.89074486581643,5.));
#8589=CARTESIAN_POINT('Ctrl Pts',(-18.8876165286964,1.84499427445281,5.));
#8590=CARTESIAN_POINT('Ctrl Pts',(-18.961200542173,1.79858579731892,5.));
#8591=CARTESIAN_POINT('Ctrl Pts',(-19.0346036982661,1.75152369018576,5.));
#8592=CARTESIAN_POINT('Ctrl Pts',(-19.1078227737426,1.70381207107564,5.));
#8593=CARTESIAN_POINT('Ctrl Pts',(-19.1808544344922,1.65545503374209,5.));
#8594=CARTESIAN_POINT('Ctrl Pts',(-19.2536951044426,1.60645675620051,5.));
#8595=CARTESIAN_POINT('Ctrl Pts',(-19.3263407699341,1.55682165729583,5.));
#8596=CARTESIAN_POINT('Ctrl Pts',(-19.3987870264645,1.50655438740632,5.));
#8597=CARTESIAN_POINT('Ctrl Pts',(-19.4710294413764,1.45565959848793,5.));
#8598=CARTESIAN_POINT('Ctrl Pts',(-19.543063846809,1.40414177095503,5.));
#8599=CARTESIAN_POINT('Ctrl Pts',(-19.614886645005,1.35200502759822,5.));
#8600=CARTESIAN_POINT('Ctrl Pts',(-19.6864951525002,1.29925294382109,5.));
#8601=CARTESIAN_POINT('Ctrl Pts',(-19.757887799947,1.24588840514628,5.));
#8602=CARTESIAN_POINT('Ctrl Pts',(-19.8290638093539,1.19191363637022,5.));
#8603=CARTESIAN_POINT('Ctrl Pts',(-19.8858311296438,1.14824689136965,5.));
#8604=CARTESIAN_POINT('Ctrl Pts',(-19.9283090643279,1.11522335197329,5.));
#8605=CARTESIAN_POINT('Ctrl Pts',(-19.9565843439339,1.09308615243341,5.));
#8606=CARTESIAN_POINT('Ctrl Pts',(-19.9707111478521,1.08198717601262,5.));
#8607=CARTESIAN_POINT('Ctrl Pts',(-14.7008333106558,3.15264788575273,5.));
#8608=CARTESIAN_POINT('Ctrl Pts',(-15.1934345428046,0.85564268096338,7.5));
#8609=CARTESIAN_POINT('Ctrl Pts',(-15.1376404414969,-1.55705474146849,10.));
#8610=CARTESIAN_POINT('Ctrl Pts',(-14.5393851796551,-3.82883367578897,12.5));
#8611=CARTESIAN_POINT('Ctrl Pts',(-12.9276554160278,2.77238335091779,5.));
#8612=CARTESIAN_POINT('Ctrl Pts',(-13.3608403146086,0.752437192163997,7.5));
#8613=CARTESIAN_POINT('Ctrl Pts',(-13.3117759588194,-1.36924667712588,10.));
#8614=CARTESIAN_POINT('Ctrl Pts',(-12.7856807564263,-3.36700929531694,12.5));
#8615=CARTESIAN_POINT('Ctrl Pts',(-13.5187147142372,2.89913819586277,5.));
#8616=CARTESIAN_POINT('Ctrl Pts',(-13.9717050573406,0.786839021763792,7.5));
#8617=CARTESIAN_POINT('Ctrl Pts',(-13.9203974530453,-1.43184936524008,10.));
#8618=CARTESIAN_POINT('Ctrl Pts',(-13.3702488975025,-3.52095075547428,12.5));
#8619=CARTESIAN_POINT('Ctrl Pts',(-14.1097740124465,3.02589304080775,5.));
#8620=CARTESIAN_POINT('Ctrl Pts',(-14.5825698000726,0.821240851363586,7.5));
#8621=CARTESIAN_POINT('Ctrl Pts',(-14.5290189472711,-1.49445205335428,10.));
#8622=CARTESIAN_POINT('Ctrl Pts',(-13.9548170385788,-3.67489221563163,12.5));
#8623=CARTESIAN_POINT('Ctrl Pts',(-14.7008333106558,3.15264788575273,5.));
#8624=CARTESIAN_POINT('Ctrl Pts',(-15.1934345428046,0.85564268096338,7.5));
#8625=CARTESIAN_POINT('Ctrl Pts',(-15.1376404414969,-1.55705474146849,10.));
#8626=CARTESIAN_POINT('Ctrl Pts',(-14.5393851796551,-3.82883367578897,12.5));
#8627=CARTESIAN_POINT('',(-12.9276554160278,2.77238335091779,5.));
#8628=CARTESIAN_POINT('',(-12.9276554160278,2.77238335091779,5.));
#8629=CARTESIAN_POINT('Ctrl Pts',(-12.9276554160278,2.77238335091779,5.));
#8630=CARTESIAN_POINT('Ctrl Pts',(-13.3608403146086,0.752437192163997,7.5));
#8631=CARTESIAN_POINT('Ctrl Pts',(-13.3117759588194,-1.36924667712588,10.));
#8632=CARTESIAN_POINT('Ctrl Pts',(-12.7856807564263,-3.36700929531694,12.5));
#8633=CARTESIAN_POINT('Ctrl Pts',(-10.6374660815156,4.02078342672229,5.));
#8634=CARTESIAN_POINT('Ctrl Pts',(-11.2657134919408,2.35867935148593,7.5));
#8635=CARTESIAN_POINT('Ctrl Pts',(-11.4969277298946,0.548016002689743,10.));
#8636=CARTESIAN_POINT('Ctrl Pts',(-11.3065172124333,-1.21862731175248,12.5));
#8637=CARTESIAN_POINT('Ctrl Pts',(-10.8288197255063,3.51453434998838,5.));
#8638=CARTESIAN_POINT('Ctrl Pts',(-11.3774971829142,1.82307768741216,7.5));
#8639=CARTESIAN_POINT('Ctrl Pts',(-11.5231795719764,0.000165021309405933,
10.));
#8640=CARTESIAN_POINT('Ctrl Pts',(-11.2485213563968,-1.7567172907012,12.5));
#8641=CARTESIAN_POINT('Ctrl Pts',(-11.5411495169935,2.77821169802149,5.));
#8642=CARTESIAN_POINT('Ctrl Pts',(-11.9754722629042,0.974729760829087,7.5));
#8643=CARTESIAN_POINT('Ctrl Pts',(-11.9786529310191,-0.930264181824134,
10.));
#8644=CARTESIAN_POINT('Ctrl Pts',(-11.5513652004739,-2.73542582021562,12.5));
#8645=CARTESIAN_POINT('Ctrl Pts',(-12.5307744012814,2.68727075453669,5.));
#8646=CARTESIAN_POINT('Ctrl Pts',(-12.9505289881076,0.729214032640993,7.5));
#8647=CARTESIAN_POINT('Ctrl Pts',(-12.9032753397657,-1.32716005651896,10.));
#8648=CARTESIAN_POINT('Ctrl Pts',(-12.3931583856225,-3.26364159075009,12.5));
#8649=CARTESIAN_POINT('Ctrl Pts',(-12.9276554160278,2.77238335091779,5.));
#8650=CARTESIAN_POINT('Ctrl Pts',(-13.3608403146086,0.752437192163997,7.5));
#8651=CARTESIAN_POINT('Ctrl Pts',(-13.3117759588194,-1.36924667712588,10.));
#8652=CARTESIAN_POINT('Ctrl Pts',(-12.7856807564263,-3.36700929531694,12.5));
#8653=CARTESIAN_POINT('',(-10.6374660815156,4.02078342672229,5.));
#8654=CARTESIAN_POINT('Origin',(-12.5082831904702,4.72792085667697,5.));
#8655=CARTESIAN_POINT('Ctrl Pts',(-10.6374660815156,4.02078342672229,5.));
#8656=CARTESIAN_POINT('Ctrl Pts',(-11.2657134919408,2.35867935148593,7.5));
#8657=CARTESIAN_POINT('Ctrl Pts',(-11.4969277298946,0.548016002689743,10.));
#8658=CARTESIAN_POINT('Ctrl Pts',(-11.3065172124333,-1.21862731175248,12.5));
#8659=CARTESIAN_POINT('Ctrl Pts',(-10.3649476275994,4.67870117416377,5.));
#8660=CARTESIAN_POINT('Ctrl Pts',(-11.0959946860623,3.05917810735181,7.5));
#8661=CARTESIAN_POINT('Ctrl Pts',(-11.4400853872076,1.26653665522266,10.));
#8662=CARTESIAN_POINT('Ctrl Pts',(-11.3606227848773,-0.508560654913938,
12.5));
#8663=CARTESIAN_POINT('Ctrl Pts',(-10.4626251068384,4.46231164232131,5.));
#8664=CARTESIAN_POINT('Ctrl Pts',(-11.1598613325031,2.82752639425662,7.5));
#8665=CARTESIAN_POINT('Ctrl Pts',(-11.4665269423157,1.0277014996842,10.));
#8666=CARTESIAN_POINT('Ctrl Pts',(-11.3500055385598,-0.74573694698824,12.5));
#8667=CARTESIAN_POINT('Ctrl Pts',(-10.5535239841111,4.24286234000498,5.));
#8668=CARTESIAN_POINT('Ctrl Pts',(-11.216471255545,2.59387414205824,7.5));
#8669=CARTESIAN_POINT('Ctrl Pts',(-11.4854867788933,0.788038021154137,10.));
#8670=CARTESIAN_POINT('Ctrl Pts',(-11.3319585559842,-0.982580584429672,
12.5));
#8671=CARTESIAN_POINT('Ctrl Pts',(-10.6374660815156,4.02078342672229,5.));
#8672=CARTESIAN_POINT('Ctrl Pts',(-11.2657134919408,2.35867935148593,7.5));
#8673=CARTESIAN_POINT('Ctrl Pts',(-11.4969277298946,0.548016002689743,10.));
#8674=CARTESIAN_POINT('Ctrl Pts',(-11.3065172124333,-1.21862731175248,12.5));
#8675=CARTESIAN_POINT('',(-10.3649476275994,4.67870117416377,5.));
#8676=CARTESIAN_POINT('Origin',(0.,0.,5.));
#8677=CARTESIAN_POINT('Ctrl Pts',(-10.3649476275994,4.67870117416377,5.));
#8678=CARTESIAN_POINT('Ctrl Pts',(-11.0959946860623,3.05917810735181,7.5));
#8679=CARTESIAN_POINT('Ctrl Pts',(-11.4400853872076,1.26653665522266,10.));
#8680=CARTESIAN_POINT('Ctrl Pts',(-11.3606227848773,-0.508560654913938,
12.5));
#8681=CARTESIAN_POINT('Ctrl Pts',(-11.1016038769989,7.18086174203363,5.));
#8682=CARTESIAN_POINT('Ctrl Pts',(-12.2236135241914,5.44623613625302,7.5));
#8683=CARTESIAN_POINT('Ctrl Pts',(-12.9308951566059,3.44531073917721,10.));
#8684=CARTESIAN_POINT('Ctrl Pts',(-13.1482234114707,1.39090083113547,12.5));
#8685=CARTESIAN_POINT('Ctrl Pts',(-10.7607829260821,6.96040817924771,5.));
#8686=CARTESIAN_POINT('Ctrl Pts',(-11.8485267973035,5.27904167846841,7.5));
#8687=CARTESIAN_POINT('Ctrl Pts',(-12.5337513796292,3.33961532677919,10.));
#8688=CARTESIAN_POINT('Ctrl Pts',(-12.7445709252521,1.34819996113949,12.5));
#8689=CARTESIAN_POINT('Ctrl Pts',(-10.1252904738904,6.19634312363442,5.));
#8690=CARTESIAN_POINT('Ctrl Pts',(-11.0934322225696,4.61397625724114,7.5));
#8691=CARTESIAN_POINT('Ctrl Pts',(-11.683600226378,2.80271076545099,10.));
#8692=CARTESIAN_POINT('Ctrl Pts',(-11.8324438984688,0.953649136766517,12.5));
#8693=CARTESIAN_POINT('Ctrl Pts',(-10.142282931742,5.17198078856231,5.));
#8694=CARTESIAN_POINT('Ctrl Pts',(-10.9503498571154,3.58796676155415,7.5));
#8695=CARTESIAN_POINT('Ctrl Pts',(-11.3795343756724,1.81031814730224,10.));
#8696=CARTESIAN_POINT('Ctrl Pts',(-11.3848257632972,0.0321042695985158,
12.5));
#8697=CARTESIAN_POINT('Ctrl Pts',(-10.3649476275994,4.67870117416377,5.));
#8698=CARTESIAN_POINT('Ctrl Pts',(-11.0959946860623,3.05917810735181,7.5));
#8699=CARTESIAN_POINT('Ctrl Pts',(-11.4400853872076,1.26653665522266,10.));
#8700=CARTESIAN_POINT('Ctrl Pts',(-11.3606227848773,-0.508560654913938,
12.5));
#8701=CARTESIAN_POINT('',(-11.1016038769989,7.18086174203363,5.));
#8702=CARTESIAN_POINT('Origin',(-12.1878367636528,5.50154696631357,5.));
#8703=CARTESIAN_POINT('Ctrl Pts',(-11.1016038769989,7.18086174203363,5.));
#8704=CARTESIAN_POINT('Ctrl Pts',(-12.2236135241914,5.44623613625302,7.5));
#8705=CARTESIAN_POINT('Ctrl Pts',(-12.9308951566059,3.44531073917721,10.));
#8706=CARTESIAN_POINT('Ctrl Pts',(-13.1482234114707,1.39090083113547,12.5));
#8707=CARTESIAN_POINT('Ctrl Pts',(-12.624317621767,8.16580022434864,5.));
#8708=CARTESIAN_POINT('Ctrl Pts',(-13.9002239068211,6.19325059594808,7.5));
#8709=CARTESIAN_POINT('Ctrl Pts',(-14.7045174192335,3.91787507093216,10.));
#8710=CARTESIAN_POINT('Ctrl Pts',(-14.9516547651518,1.58167901387782,12.5));
#8711=CARTESIAN_POINT('Ctrl Pts',(-12.116746373511,7.8374873969103,5.));
#8712=CARTESIAN_POINT('Ctrl Pts',(-13.3413537792779,5.94424577604973,7.5));
#8713=CARTESIAN_POINT('Ctrl Pts',(-14.1133099983576,3.76035362701384,10.));
#8714=CARTESIAN_POINT('Ctrl Pts',(-14.3505109805915,1.51808628629704,12.5));
#8715=CARTESIAN_POINT('Ctrl Pts',(-11.609175125255,7.50917456947197,5.));
#8716=CARTESIAN_POINT('Ctrl Pts',(-12.7824836517346,5.69524095615138,7.5));
#8717=CARTESIAN_POINT('Ctrl Pts',(-13.5221025774817,3.60283218309553,10.));
#8718=CARTESIAN_POINT('Ctrl Pts',(-13.7493671960311,1.45449355871626,12.5));
#8719=CARTESIAN_POINT('Ctrl Pts',(-11.1016038769989,7.18086174203363,5.));
#8720=CARTESIAN_POINT('Ctrl Pts',(-12.2236135241914,5.44623613625302,7.5));
#8721=CARTESIAN_POINT('Ctrl Pts',(-12.9308951566059,3.44531073917721,10.));
#8722=CARTESIAN_POINT('Ctrl Pts',(-13.1482234114707,1.39090083113547,12.5));
#8723=CARTESIAN_POINT('',(-12.624317621767,8.16580022434864,5.));
#8724=CARTESIAN_POINT('',(-12.624317621767,8.16580022434864,5.));
#8725=CARTESIAN_POINT('Ctrl Pts',(-12.624317621767,8.16580022434864,5.));
#8726=CARTESIAN_POINT('Ctrl Pts',(-13.9002239068211,6.19325059594809,7.5));
#8727=CARTESIAN_POINT('Ctrl Pts',(-14.7045174192335,3.91787507093216,10.));
#8728=CARTESIAN_POINT('Ctrl Pts',(-14.9516547651518,1.58167901387783,12.5));
#8729=CARTESIAN_POINT('Ctrl Pts',(-14.8865057470794,13.3563448084486,5.));
#8730=CARTESIAN_POINT('Ctrl Pts',(-16.9734346233989,11.0303282854681,7.5));
#8731=CARTESIAN_POINT('Ctrl Pts',(-18.5037773192062,8.20827935204603,10.));
#8732=CARTESIAN_POINT('Ctrl Pts',(-19.3147689906524,5.19034669725741,12.5));
#8733=CARTESIAN_POINT('Ctrl Pts',(-14.7794558792945,12.4644787915266,5.));
#8734=CARTESIAN_POINT('Ctrl Pts',(-16.7271361276359,10.155220551252,7.5));
#8735=CARTESIAN_POINT('Ctrl Pts',(-18.1220123813765,7.38311851301133,10.));
#8736=CARTESIAN_POINT('Ctrl Pts',(-18.8163465732506,4.44304504453313,12.5));
#8737=CARTESIAN_POINT('Ctrl Pts',(-14.4560667346551,11.0416581686779,5.));
#8738=CARTESIAN_POINT('Ctrl Pts',(-16.181373745881,8.78294691354594,7.50000000000001));
#8739=CARTESIAN_POINT('Ctrl Pts',(-17.3662672337921,6.11431372355277,10.));
#8740=CARTESIAN_POINT('Ctrl Pts',(-17.8850504528554,3.31979680847363,12.5));
#8741=CARTESIAN_POINT('Ctrl Pts',(-13.7644522724331,9.5530445158115,5.));
#8742=CARTESIAN_POINT('Ctrl Pts',(-15.2569159550757,7.40217265198916,7.5));
#8743=CARTESIAN_POINT('Ctrl Pts',(-16.2357501042415,4.89732387350797,10.));
#8744=CARTESIAN_POINT('Ctrl Pts',(-16.5955247036996,2.30420608671647,12.5));
#8745=CARTESIAN_POINT('Ctrl Pts',(-13.2489204620531,8.79349852927448,5.));
#8746=CARTESIAN_POINT('Ctrl Pts',(-14.62297070179,6.72341517780789,7.5));
#8747=CARTESIAN_POINT('Ctrl Pts',(-15.5018282728701,4.32703989753522,10.));
#8748=CARTESIAN_POINT('Ctrl Pts',(-15.7924601945605,1.85949208048389,12.5));
#8749=CARTESIAN_POINT('Ctrl Pts',(-12.9084121438624,8.41297033721632,5.));
#8750=CARTESIAN_POINT('Ctrl Pts',(-14.2228358957874,6.39594304317241,7.5));
#8751=CARTESIAN_POINT('Ctrl Pts',(-15.0553631320458,4.06711917488406,10.));
#8752=CARTESIAN_POINT('Ctrl Pts',(-15.3167694677177,1.67384200075372,12.5));
#8753=CARTESIAN_POINT('Ctrl Pts',(-12.7298751246713,8.23407809145581,5.));
#8754=CARTESIAN_POINT('Ctrl Pts',(-14.0164204697635,6.24502083877407,7.5));
#8755=CARTESIAN_POINT('Ctrl Pts',(-14.8275010270116,3.95063362041172,10.));
#8756=CARTESIAN_POINT('Ctrl Pts',(-15.0766721632071,1.59490413163098,12.5));
#8757=CARTESIAN_POINT('Ctrl Pts',(-12.624317621767,8.16580022434864,5.));
#8758=CARTESIAN_POINT('Ctrl Pts',(-13.9002239068211,6.19325059594809,7.5));
#8759=CARTESIAN_POINT('Ctrl Pts',(-14.7045174192335,3.91787507093216,10.));
#8760=CARTESIAN_POINT('Ctrl Pts',(-14.9516547651518,1.58167901387783,12.5));
#8761=CARTESIAN_POINT('',(-14.8865057470794,13.3563448084486,5.));
#8762=CARTESIAN_POINT('Ctrl Pts',(-14.8865057470794,13.3563448084486,5.));
#8763=CARTESIAN_POINT('Ctrl Pts',(-14.8843647497237,13.3385074881102,5.));
#8764=CARTESIAN_POINT('Ctrl Pts',(-14.8800244716855,13.3028604822497,5.));
#8765=CARTESIAN_POINT('Ctrl Pts',(-14.8733392046655,13.2494728779379,5.));
#8766=CARTESIAN_POINT('Ctrl Pts',(-14.864075699041,13.1784552693088,5.));
#8767=CARTESIAN_POINT('Ctrl Pts',(-14.8519125851461,13.0899603053849,5.));
#8768=CARTESIAN_POINT('Ctrl Pts',(-14.8391647871815,13.0017436530765,5.));
#8769=CARTESIAN_POINT('Ctrl Pts',(-14.8258312821015,12.9138074356755,5.));
#8770=CARTESIAN_POINT('Ctrl Pts',(-14.8119111392299,12.8261548032507,5.));
#8771=CARTESIAN_POINT('Ctrl Pts',(-14.7974037278703,12.7387901814901,5.));
#8772=CARTESIAN_POINT('Ctrl Pts',(-14.782308676768,12.6517190296453,5.));
#8773=CARTESIAN_POINT('Ctrl Pts',(-14.7666257649144,12.5649474629705,5.));
#8774=CARTESIAN_POINT('Ctrl Pts',(-14.7503548372419,12.4784819052573,5.));
#8775=CARTESIAN_POINT('Ctrl Pts',(-14.7334957198899,12.392328759273,5.));
#8776=CARTESIAN_POINT('Ctrl Pts',(-14.7160481263492,12.306493987699,5.));
#8777=CARTESIAN_POINT('Ctrl Pts',(-14.6980116309817,12.2209830735032,5.));
#8778=CARTESIAN_POINT('Ctrl Pts',(-14.6793856966386,12.1358012689786,5.));
#8779=CARTESIAN_POINT('Ctrl Pts',(-14.6601696906082,12.0509537651764,5.));
#8780=CARTESIAN_POINT('Ctrl Pts',(-14.6403629088669,11.966445876642,5.));
#8781=CARTESIAN_POINT('Ctrl Pts',(-14.6199646027398,11.8822832532646,5.));
#8782=CARTESIAN_POINT('Ctrl Pts',(-14.5989740026594,11.7984719512947,5.));
#8783=CARTESIAN_POINT('Ctrl Pts',(-14.5773903318122,11.7150182801752,5.));
#8784=CARTESIAN_POINT('Ctrl Pts',(-14.5552128283653,11.6319286961582,5.));
#8785=CARTESIAN_POINT('Ctrl Pts',(-14.5324407636517,11.5492096851044,5.));
#8786=CARTESIAN_POINT('Ctrl Pts',(-14.5090734782308,11.4668676224729,5.));
#8787=CARTESIAN_POINT('Ctrl Pts',(-14.4851103778028,11.3849087189428,5.));
#8788=CARTESIAN_POINT('Ctrl Pts',(-14.4605508141118,11.3033392198388,5.));
#8789=CARTESIAN_POINT('Ctrl Pts',(-14.4353939866875,11.2221655609516,5.));
#8790=CARTESIAN_POINT('Ctrl Pts',(-14.4096388479634,11.1413945283905,5.));
#8791=CARTESIAN_POINT('Ctrl Pts',(-14.3832839935496,11.061033439188,5.));
#8792=CARTESIAN_POINT('Ctrl Pts',(-14.356327615155,10.9810902361574,5.));
#8793=CARTESIAN_POINT('Ctrl Pts',(-14.3287677533735,10.9015731554793,5.));
#8794=CARTESIAN_POINT('Ctrl Pts',(-14.300602520918,10.8224904404045,5.));
#8795=CARTESIAN_POINT('Ctrl Pts',(-14.2718303286039,10.7438500503328,5.));
#8796=CARTESIAN_POINT('Ctrl Pts',(-14.2424501455798,10.6656593304413,5.));
#8797=CARTESIAN_POINT('Ctrl Pts',(-14.2124616614653,10.5879248040656,5.));
#8798=CARTESIAN_POINT('Ctrl Pts',(-14.1818646439513,10.5106529647363,5.));
#8799=CARTESIAN_POINT('Ctrl Pts',(-14.1506583635453,10.4338509862733,5.));
#8800=CARTESIAN_POINT('Ctrl Pts',(-14.1188410215307,10.3575274309762,5.));
#8801=CARTESIAN_POINT('Ctrl Pts',(-14.0864091215387,10.2816930281935,5.));
#8802=CARTESIAN_POINT('Ctrl Pts',(-14.0533570342902,10.2063612178498,5.));
#8803=CARTESIAN_POINT('Ctrl Pts',(-14.0196784301156,10.1315464068528,5.));
#8804=CARTESIAN_POINT('Ctrl Pts',(-13.9853676004447,10.0572623632795,5.));
#8805=CARTESIAN_POINT('Ctrl Pts',(-13.9504207549052,9.98352064121693,5.));
#8806=CARTESIAN_POINT('Ctrl Pts',(-13.9148375021819,9.91032878340386,5.));
#8807=CARTESIAN_POINT('Ctrl Pts',(-13.8786217822922,9.83768919310329,5.));
#8808=CARTESIAN_POINT('Ctrl Pts',(-13.8417783443288,9.76560343159785,5.));
#8809=CARTESIAN_POINT('Ctrl Pts',(-13.804309510557,9.69407616811107,5.));
#8810=CARTESIAN_POINT('Ctrl Pts',(-13.7662120836234,9.62311895705796,5.));
#8811=CARTESIAN_POINT('Ctrl Pts',(-13.7274736064747,9.55275480390224,5.));
#8812=CARTESIAN_POINT('Ctrl Pts',(-13.6880706164715,9.48302030623244,5.));
#8813=CARTESIAN_POINT('Ctrl Pts',(-13.6479769857967,9.41395552661586,5.));
#8814=CARTESIAN_POINT('Ctrl Pts',(-13.6071714475272,9.34559485650564,5.));
#8815=CARTESIAN_POINT('Ctrl Pts',(-13.5656445232525,9.27795861095857,5.));
#8816=CARTESIAN_POINT('Ctrl Pts',(-13.5234078986116,9.21104164260603,5.));
#8817=CARTESIAN_POINT('Ctrl Pts',(-13.4804960137588,9.14481143920218,5.));
#8818=CARTESIAN_POINT('Ctrl Pts',(-13.4369453813188,9.07923335292213,5.));
#8819=CARTESIAN_POINT('Ctrl Pts',(-13.392776352303,9.01429284636908,5.));
#8820=CARTESIAN_POINT('Ctrl Pts',(-13.347976982039,8.9500151877732,5.));
#8821=CARTESIAN_POINT('Ctrl Pts',(-13.3024786052905,8.88649523115063,5.));
#8822=CARTESIAN_POINT('Ctrl Pts',(-13.2561602376586,8.82389213883333,5.));
#8823=CARTESIAN_POINT('Ctrl Pts',(-13.2088971414606,8.76237043972678,5.));
#8824=CARTESIAN_POINT('Ctrl Pts',(-13.1606032755602,8.70204845598487,5.));
#8825=CARTESIAN_POINT('Ctrl Pts',(-13.1112673619381,8.64295465211945,5.));
#8826=CARTESIAN_POINT('Ctrl Pts',(-13.0610136054146,8.58495361828216,5.));
#8827=CARTESIAN_POINT('Ctrl Pts',(-13.0100603243419,8.52779768790006,5.));
#8828=CARTESIAN_POINT('Ctrl Pts',(-12.9585999022391,8.47127526633241,5.));
#8829=CARTESIAN_POINT('Ctrl Pts',(-12.9066947185573,8.4153396865354,5.));
#8830=CARTESIAN_POINT('Ctrl Pts',(-12.854180932266,8.36022799173676,5.));
#8831=CARTESIAN_POINT('Ctrl Pts',(-12.8005313129497,8.30663116150125,5.));
#8832=CARTESIAN_POINT('Ctrl Pts',(-12.7449836302164,8.25553134311827,5.));
#8833=CARTESIAN_POINT('Ctrl Pts',(-12.6983981518787,8.21745455738575,5.));
#8834=CARTESIAN_POINT('Ctrl Pts',(-12.6619690684798,8.1908337660322,5.));
#8835=CARTESIAN_POINT('Ctrl Pts',(-12.6369845221155,8.1739935684015,5.));
#8836=CARTESIAN_POINT('Ctrl Pts',(-12.624317621767,8.16580022434864,5.));
#8837=CARTESIAN_POINT('Ctrl Pts',(-14.8865057470794,13.3563448084486,5.));
#8838=CARTESIAN_POINT('Ctrl Pts',(-16.9734346233989,11.0303282854681,7.5));
#8839=CARTESIAN_POINT('Ctrl Pts',(-18.5037773192062,8.20827935204605,10.));
#8840=CARTESIAN_POINT('Ctrl Pts',(-19.3147689906524,5.19034669725743,12.5));
#8841=CARTESIAN_POINT('Ctrl Pts',(-13.3563448084486,14.8865057470794,5.));
#8842=CARTESIAN_POINT('Ctrl Pts',(-15.6823613314291,12.7995768707599,7.5));
#8843=CARTESIAN_POINT('Ctrl Pts',(-17.5086411146266,10.1593853809767,10.));
#8844=CARTESIAN_POINT('Ctrl Pts',(-18.6409439107089,7.24673789492923,12.5));
#8845=CARTESIAN_POINT('Ctrl Pts',(-13.8935073257491,14.4045573354686,5.));
#8846=CARTESIAN_POINT('Ctrl Pts',(-16.1442203212739,12.2336959194087,7.5));
#8847=CARTESIAN_POINT('Ctrl Pts',(-17.8752304967598,9.52760732251986,10.));
#8848=CARTESIAN_POINT('Ctrl Pts',(-18.9024341513332,6.5741007747038,12.5));
#8849=CARTESIAN_POINT('Ctrl Pts',(-14.4045573354686,13.8935073257492,5.));
#8850=CARTESIAN_POINT('Ctrl Pts',(-16.5754187515284,11.6427943302244,7.5));
#8851=CARTESIAN_POINT('Ctrl Pts',(-18.2075905681397,8.87596819132312,10.));
#8852=CARTESIAN_POINT('Ctrl Pts',(-19.127481272169,5.88729802407453,12.5));
#8853=CARTESIAN_POINT('Ctrl Pts',(-14.8865057470794,13.3563448084486,5.));
#8854=CARTESIAN_POINT('Ctrl Pts',(-16.9734346233989,11.0303282854681,7.5));
#8855=CARTESIAN_POINT('Ctrl Pts',(-18.5037773192062,8.20827935204605,10.));
#8856=CARTESIAN_POINT('Ctrl Pts',(-19.3147689906524,5.19034669725743,12.5));
#8857=CARTESIAN_POINT('',(-13.3563448084486,14.8865057470794,5.));
#8858=CARTESIAN_POINT('Origin',(0.,0.,5.));
#8859=CARTESIAN_POINT('Ctrl Pts',(-13.3563448084486,14.8865057470794,5.));
#8860=CARTESIAN_POINT('Ctrl Pts',(-15.6823613314291,12.7995768707599,7.5));
#8861=CARTESIAN_POINT('Ctrl Pts',(-17.5086411146266,10.1593853809767,10.));
#8862=CARTESIAN_POINT('Ctrl Pts',(-18.6409439107089,7.24673789492923,12.5));
#8863=CARTESIAN_POINT('Ctrl Pts',(-8.16580022434864,12.624317621767,5.));
#8864=CARTESIAN_POINT('Ctrl Pts',(-10.1383498527492,11.3484113367129,7.5));
#8865=CARTESIAN_POINT('Ctrl Pts',(-11.8049321737172,9.60292424097517,10.));
#8866=CARTESIAN_POINT('Ctrl Pts',(-12.9882921110031,7.5735035986315,12.5));
#8867=CARTESIAN_POINT('Ctrl Pts',(-8.23407809145581,12.7298751246713,5.));
#8868=CARTESIAN_POINT('Ctrl Pts',(-10.2231353441375,11.4433297795792,7.5));
#8869=CARTESIAN_POINT('Ctrl Pts',(-11.9036124441894,9.68319879174568,10.));
#8870=CARTESIAN_POINT('Ctrl Pts',(-13.0968929655844,7.63682901170015,12.5));
#8871=CARTESIAN_POINT('Ctrl Pts',(-8.41297126356874,12.9084113489813,5.));
#8872=CARTESIAN_POINT('Ctrl Pts',(-10.4299985576126,11.5939875970563,7.5));
#8873=CARTESIAN_POINT('Ctrl Pts',(-12.131508296795,9.7991654753692,10.));
#8874=CARTESIAN_POINT('Ctrl Pts',(-13.337147165784,7.71528836235955,12.5));
#8875=CARTESIAN_POINT('Ctrl Pts',(-8.79349955458893,13.2489195155084,5.));
#8876=CARTESIAN_POINT('Ctrl Pts',(-10.8635829060555,11.8748692757715,7.5));
#8877=CARTESIAN_POINT('Ctrl Pts',(-12.6044267335798,10.0081964719447,10.));
#8878=CARTESIAN_POINT('Ctrl Pts',(-13.8304611532126,7.84715534664975,12.5));
#8879=CARTESIAN_POINT('Ctrl Pts',(-9.55304830201084,13.7644489402235,5.));
#8880=CARTESIAN_POINT('Ctrl Pts',(-11.7039201658332,12.2719852575809,7.5));
#8881=CARTESIAN_POINT('Ctrl Pts',(-13.4963689152192,10.2671137574367,10.));
#8882=CARTESIAN_POINT('Ctrl Pts',(-14.7409816739004,7.96393406416098,12.5));
#8883=CARTESIAN_POINT('Ctrl Pts',(-11.0416602684896,14.4560637886916,5.));
#8884=CARTESIAN_POINT('Ctrl Pts',(-13.3003715236216,12.7307567774657,7.49999999999999));
#8885=CARTESIAN_POINT('Ctrl Pts',(-15.1458464916683,10.4680603927604,10.));
#8886=CARTESIAN_POINT('Ctrl Pts',(-16.381474432275,7.90843455888595,12.5));
#8887=CARTESIAN_POINT('Ctrl Pts',(-12.4644787915265,14.7794558792945,5.));
#8888=CARTESIAN_POINT('Ctrl Pts',(-14.7737370318011,12.8317756309532,7.5));
#8889=CARTESIAN_POINT('Ctrl Pts',(-16.6166573804986,10.3350029016035,10.));
#8890=CARTESIAN_POINT('Ctrl Pts',(-17.7969181054004,7.55415472320377,12.5));
#8891=CARTESIAN_POINT('Ctrl Pts',(-13.3563448084486,14.8865057470794,5.));
#8892=CARTESIAN_POINT('Ctrl Pts',(-15.6823613314291,12.7995768707599,7.5));
#8893=CARTESIAN_POINT('Ctrl Pts',(-17.5086411146266,10.1593853809767,10.));
#8894=CARTESIAN_POINT('Ctrl Pts',(-18.6409439107089,7.24673789492923,12.5));
#8895=CARTESIAN_POINT('',(-8.16580022434864,12.624317621767,5.));
#8896=CARTESIAN_POINT('Ctrl Pts',(-8.16580022434864,12.624317621767,5.));
#8897=CARTESIAN_POINT('Ctrl Pts',(-8.1739935684015,12.6369845221155,5.));
#8898=CARTESIAN_POINT('Ctrl Pts',(-8.19083376603219,12.6619690684799,5.));
#8899=CARTESIAN_POINT('Ctrl Pts',(-8.21745455738574,12.6983981518787,5.));
#8900=CARTESIAN_POINT('Ctrl Pts',(-8.25553134311827,12.7449836302164,5.));
#8901=CARTESIAN_POINT('Ctrl Pts',(-8.30663116150125,12.8005313129497,5.));
#8902=CARTESIAN_POINT('Ctrl Pts',(-8.36022799173676,12.854180932266,5.));
#8903=CARTESIAN_POINT('Ctrl Pts',(-8.4153396865354,12.9066947185573,5.));
#8904=CARTESIAN_POINT('Ctrl Pts',(-8.47127526633241,12.9585999022391,5.));
#8905=CARTESIAN_POINT('Ctrl Pts',(-8.52779768790006,13.0100603243419,5.));
#8906=CARTESIAN_POINT('Ctrl Pts',(-8.58495361828216,13.0610136054146,5.));
#8907=CARTESIAN_POINT('Ctrl Pts',(-8.64295465211945,13.1112673619381,5.));
#8908=CARTESIAN_POINT('Ctrl Pts',(-8.70204845598487,13.1606032755602,5.));
#8909=CARTESIAN_POINT('Ctrl Pts',(-8.76237043972677,13.2088971414606,5.));
#8910=CARTESIAN_POINT('Ctrl Pts',(-8.82389213883332,13.2561602376586,5.));
#8911=CARTESIAN_POINT('Ctrl Pts',(-8.88649523115063,13.3024786052905,5.));
#8912=CARTESIAN_POINT('Ctrl Pts',(-8.9500151877732,13.347976982039,5.));
#8913=CARTESIAN_POINT('Ctrl Pts',(-9.01429284636907,13.392776352303,5.));
#8914=CARTESIAN_POINT('Ctrl Pts',(-9.07923335292213,13.4369453813188,5.));
#8915=CARTESIAN_POINT('Ctrl Pts',(-9.14481143920218,13.4804960137588,5.));
#8916=CARTESIAN_POINT('Ctrl Pts',(-9.21104164260603,13.5234078986116,5.));
#8917=CARTESIAN_POINT('Ctrl Pts',(-9.27795861095857,13.5656445232525,5.));
#8918=CARTESIAN_POINT('Ctrl Pts',(-9.34559485650563,13.6071714475272,5.));
#8919=CARTESIAN_POINT('Ctrl Pts',(-9.41395552661586,13.6479769857967,5.));
#8920=CARTESIAN_POINT('Ctrl Pts',(-9.48302030623244,13.6880706164715,5.));
#8921=CARTESIAN_POINT('Ctrl Pts',(-9.55275480390224,13.7274736064747,5.));
#8922=CARTESIAN_POINT('Ctrl Pts',(-9.62311895705796,13.7662120836234,5.));
#8923=CARTESIAN_POINT('Ctrl Pts',(-9.69407616811106,13.804309510557,5.));
#8924=CARTESIAN_POINT('Ctrl Pts',(-9.76560343159784,13.8417783443288,5.));
#8925=CARTESIAN_POINT('Ctrl Pts',(-9.83768919310328,13.8786217822922,5.));
#8926=CARTESIAN_POINT('Ctrl Pts',(-9.91032878340386,13.9148375021819,5.));
#8927=CARTESIAN_POINT('Ctrl Pts',(-9.98352064121692,13.9504207549052,5.));
#8928=CARTESIAN_POINT('Ctrl Pts',(-10.0572623632795,13.9853676004447,5.));
#8929=CARTESIAN_POINT('Ctrl Pts',(-10.1315464068528,14.0196784301156,5.));
#8930=CARTESIAN_POINT('Ctrl Pts',(-10.2063612178498,14.0533570342902,5.));
#8931=CARTESIAN_POINT('Ctrl Pts',(-10.2816930281935,14.0864091215387,5.));
#8932=CARTESIAN_POINT('Ctrl Pts',(-10.3575274309762,14.1188410215307,5.));
#8933=CARTESIAN_POINT('Ctrl Pts',(-10.4338509862733,14.1506583635453,5.));
#8934=CARTESIAN_POINT('Ctrl Pts',(-10.5106529647363,14.1818646439513,5.));
#8935=CARTESIAN_POINT('Ctrl Pts',(-10.5879248040656,14.2124616614653,5.));
#8936=CARTESIAN_POINT('Ctrl Pts',(-10.6656593304413,14.2424501455798,5.));
#8937=CARTESIAN_POINT('Ctrl Pts',(-10.7438500503328,14.2718303286039,5.));
#8938=CARTESIAN_POINT('Ctrl Pts',(-10.8224904404045,14.300602520918,5.));
#8939=CARTESIAN_POINT('Ctrl Pts',(-10.9015731554793,14.3287677533735,5.));
#8940=CARTESIAN_POINT('Ctrl Pts',(-10.9810902361574,14.356327615155,5.));
#8941=CARTESIAN_POINT('Ctrl Pts',(-11.061033439188,14.3832839935496,5.));
#8942=CARTESIAN_POINT('Ctrl Pts',(-11.1413945283905,14.4096388479634,5.));
#8943=CARTESIAN_POINT('Ctrl Pts',(-11.2221655609516,14.4353939866875,5.));
#8944=CARTESIAN_POINT('Ctrl Pts',(-11.3033392198388,14.4605508141118,5.));
#8945=CARTESIAN_POINT('Ctrl Pts',(-11.3849087189428,14.4851103778028,5.));
#8946=CARTESIAN_POINT('Ctrl Pts',(-11.4668676224729,14.5090734782308,5.));
#8947=CARTESIAN_POINT('Ctrl Pts',(-11.5492096851044,14.5324407636517,5.));
#8948=CARTESIAN_POINT('Ctrl Pts',(-11.6319286961582,14.5552128283653,5.));
#8949=CARTESIAN_POINT('Ctrl Pts',(-11.7150182801752,14.5773903318122,5.));
#8950=CARTESIAN_POINT('Ctrl Pts',(-11.7984719512947,14.5989740026594,5.));
#8951=CARTESIAN_POINT('Ctrl Pts',(-11.8822832532646,14.6199646027398,5.));
#8952=CARTESIAN_POINT('Ctrl Pts',(-11.966445876642,14.6403629088669,5.));
#8953=CARTESIAN_POINT('Ctrl Pts',(-12.0509537651764,14.6601696906082,5.));
#8954=CARTESIAN_POINT('Ctrl Pts',(-12.1358012689786,14.6793856966386,5.));
#8955=CARTESIAN_POINT('Ctrl Pts',(-12.2209830735032,14.6980116309817,5.));
#8956=CARTESIAN_POINT('Ctrl Pts',(-12.306493987699,14.7160481263492,5.));
#8957=CARTESIAN_POINT('Ctrl Pts',(-12.392328759273,14.7334957198899,5.));
#8958=CARTESIAN_POINT('Ctrl Pts',(-12.4784819052573,14.7503548372419,5.));
#8959=CARTESIAN_POINT('Ctrl Pts',(-12.5649474629705,14.7666257649144,5.));
#8960=CARTESIAN_POINT('Ctrl Pts',(-12.6517190296453,14.782308676768,5.));
#8961=CARTESIAN_POINT('Ctrl Pts',(-12.7387901814901,14.7974037278703,5.));
#8962=CARTESIAN_POINT('Ctrl Pts',(-12.8261548032507,14.8119111392299,5.));
#8963=CARTESIAN_POINT('Ctrl Pts',(-12.9138074356755,14.8258312821015,5.));
#8964=CARTESIAN_POINT('Ctrl Pts',(-13.0017436530765,14.8391647871815,5.));
#8965=CARTESIAN_POINT('Ctrl Pts',(-13.0899603053849,14.8519125851461,5.));
#8966=CARTESIAN_POINT('Ctrl Pts',(-13.1784552693088,14.864075699041,5.));
#8967=CARTESIAN_POINT('Ctrl Pts',(-13.2494728779378,14.8733392046656,5.));
#8968=CARTESIAN_POINT('Ctrl Pts',(-13.3028604822497,14.8800244716855,5.));
#8969=CARTESIAN_POINT('Ctrl Pts',(-13.3385074881102,14.8843647497237,5.));
#8970=CARTESIAN_POINT('Ctrl Pts',(-13.3563448084486,14.8865057470794,5.));
#8971=CARTESIAN_POINT('Ctrl Pts',(-8.16580022434864,12.624317621767,5.));
#8972=CARTESIAN_POINT('Ctrl Pts',(-10.1383498527492,11.3484113367129,7.5));
#8973=CARTESIAN_POINT('Ctrl Pts',(-11.8049321737172,9.60292424097517,10.));
#8974=CARTESIAN_POINT('Ctrl Pts',(-12.9882921110031,7.5735035986315,12.5));
#8975=CARTESIAN_POINT('Ctrl Pts',(-7.18086174203363,11.1016038769989,5.));
#8976=CARTESIAN_POINT('Ctrl Pts',(-8.91548734781424,9.97959422980649,7.5));
#8977=CARTESIAN_POINT('Ctrl Pts',(-10.3810506606301,8.44464343960441,10.));
#8978=CARTESIAN_POINT('Ctrl Pts',(-11.4216766699921,6.66000645991862,12.5));
#8979=CARTESIAN_POINT('Ctrl Pts',(-7.50917456947196,11.609175125255,5.));
#8980=CARTESIAN_POINT('Ctrl Pts',(-9.32310818279255,10.4358665987753,7.5));
#8981=CARTESIAN_POINT('Ctrl Pts',(-10.8556778316592,8.83073704006133,10.));
#8982=CARTESIAN_POINT('Ctrl Pts',(-11.9438818169958,6.96450550615625,12.5));
#8983=CARTESIAN_POINT('Ctrl Pts',(-7.8374873969103,12.116746373511,5.));
#8984=CARTESIAN_POINT('Ctrl Pts',(-9.73072901777088,10.8921389677441,7.5));
#8985=CARTESIAN_POINT('Ctrl Pts',(-11.3303050026882,9.21683064051825,10.));
#8986=CARTESIAN_POINT('Ctrl Pts',(-12.4660869639994,7.26900455239387,12.5));
#8987=CARTESIAN_POINT('Ctrl Pts',(-8.16580022434864,12.624317621767,5.));
#8988=CARTESIAN_POINT('Ctrl Pts',(-10.1383498527492,11.3484113367129,7.5));
#8989=CARTESIAN_POINT('Ctrl Pts',(-11.8049321737172,9.60292424097517,10.));
#8990=CARTESIAN_POINT('Ctrl Pts',(-12.9882921110031,7.5735035986315,12.5));
#8991=CARTESIAN_POINT('',(-7.18086174203363,11.1016038769989,5.));
#8992=CARTESIAN_POINT('',(-7.18086174203363,11.1016038769989,5.));
#8993=CARTESIAN_POINT('Ctrl Pts',(-7.18086174203363,11.1016038769989,5.));
#8994=CARTESIAN_POINT('Ctrl Pts',(-8.91548734781424,9.97959422980649,7.5));
#8995=CARTESIAN_POINT('Ctrl Pts',(-10.3810506606301,8.44464343960441,10.));
#8996=CARTESIAN_POINT('Ctrl Pts',(-11.4216766699921,6.66000645991862,12.5));
#8997=CARTESIAN_POINT('Ctrl Pts',(-4.67870117416377,10.3649476275994,5.));
#8998=CARTESIAN_POINT('Ctrl Pts',(-6.29822424097574,9.63390056913651,7.5));
#8999=CARTESIAN_POINT('Ctrl Pts',(-7.74204972891946,8.51706139232079,10.));
#9000=CARTESIAN_POINT('Ctrl Pts',(-8.85661462839333,7.13321535663471,12.5));
#9001=CARTESIAN_POINT('Ctrl Pts',(-5.04866088496268,10.1979491057063,5.));
#9002=CARTESIAN_POINT('Ctrl Pts',(-6.64198794794605,9.40924404648162,7.5));
#9003=CARTESIAN_POINT('Ctrl Pts',(-8.04607666401038,8.2405431785762,10.));
#9004=CARTESIAN_POINT('Ctrl Pts',(-9.11122298583258,6.8170931045692,12.5));
#9005=CARTESIAN_POINT('Ctrl Pts',(-6.03516784786886,10.0779026303626,5.));
#9006=CARTESIAN_POINT('Ctrl Pts',(-7.61009469718653,9.13503198657944,7.50000000000001));
#9007=CARTESIAN_POINT('Ctrl Pts',(-8.95800226114184,7.81699359182668,10.));
#9008=CARTESIAN_POINT('Ctrl Pts',(-9.937085519288,6.264319896156,12.5));
#9009=CARTESIAN_POINT('Ctrl Pts',(-6.88692365831907,10.6471759424431,5.));
#9010=CARTESIAN_POINT('Ctrl Pts',(-8.54997154771428,9.57065895755747,7.5));
#9011=CARTESIAN_POINT('Ctrl Pts',(-9.95682561985857,8.09910349848528,10.));
#9012=CARTESIAN_POINT('Ctrl Pts',(-10.9541470233018,6.38738882617475,12.5));
#9013=CARTESIAN_POINT('Ctrl Pts',(-7.18086174203363,11.1016038769989,5.));
#9014=CARTESIAN_POINT('Ctrl Pts',(-8.91548734781424,9.97959422980649,7.5));
#9015=CARTESIAN_POINT('Ctrl Pts',(-10.3810506606301,8.44464343960441,10.));
#9016=CARTESIAN_POINT('Ctrl Pts',(-11.4216766699921,6.66000645991862,12.5));
#9017=CARTESIAN_POINT('',(-4.67870117416377,10.3649476275994,5.));
#9018=CARTESIAN_POINT('Origin',(-5.50154696631357,12.1878367636528,5.));
#9019=CARTESIAN_POINT('Ctrl Pts',(-4.67870117416375,10.3649476275994,5.));
#9020=CARTESIAN_POINT('Ctrl Pts',(-6.29822424097571,9.63390056913653,7.5));
#9021=CARTESIAN_POINT('Ctrl Pts',(-7.74204972891944,8.51706139232081,10.));
#9022=CARTESIAN_POINT('Ctrl Pts',(-8.85661462839332,7.13321535663473,12.5));
#9023=CARTESIAN_POINT('Ctrl Pts',(-4.02078342672229,10.6374660815156,5.));
#9024=CARTESIAN_POINT('Ctrl Pts',(-5.68288750195865,10.0092186710904,7.5));
#9025=CARTESIAN_POINT('Ctrl Pts',(-7.19378529711835,8.98493861217689,10.));
#9026=CARTESIAN_POINT('Ctrl Pts',(-8.39278009742346,7.67356672195483,12.5));
#9027=CARTESIAN_POINT('Ctrl Pts',(-4.24286234000497,10.5535239841111,5.));
#9028=CARTESIAN_POINT('Ctrl Pts',(-5.89185053795171,9.89057671267733,7.5));
#9029=CARTESIAN_POINT('Ctrl Pts',(-7.38136425810738,8.83475365703195,10.));
#9030=CARTESIAN_POINT('Ctrl Pts',(-8.55298153501724,7.49835023062378,12.5));
#9031=CARTESIAN_POINT('Ctrl Pts',(-4.4623116423213,10.4626251068384,5.));
#9032=CARTESIAN_POINT('Ctrl Pts',(-6.09709689038599,9.76538888117365,7.5));
#9033=CARTESIAN_POINT('Ctrl Pts',(-7.56423855799294,8.67869261517481,10.));
#9034=CARTESIAN_POINT('Ctrl Pts',(-8.70769413337379,7.31811534474889,12.5));
#9035=CARTESIAN_POINT('Ctrl Pts',(-4.67870117416375,10.3649476275994,5.));
#9036=CARTESIAN_POINT('Ctrl Pts',(-6.29822424097571,9.63390056913653,7.5));
#9037=CARTESIAN_POINT('Ctrl Pts',(-7.74204972891944,8.51706139232081,10.));
#9038=CARTESIAN_POINT('Ctrl Pts',(-8.85661462839332,7.13321535663473,12.5));
#9039=CARTESIAN_POINT('',(-4.02078342672229,10.6374660815156,5.));
#9040=CARTESIAN_POINT('Origin',(0.,0.,5.));
#9041=CARTESIAN_POINT('Ctrl Pts',(-4.02078342672229,10.6374660815156,5.));
#9042=CARTESIAN_POINT('Ctrl Pts',(-5.68288750195865,10.0092186710904,7.5));
#9043=CARTESIAN_POINT('Ctrl Pts',(-7.19378529711835,8.98493861217689,10.));
#9044=CARTESIAN_POINT('Ctrl Pts',(-8.39278009742346,7.67356672195483,12.5));
#9045=CARTESIAN_POINT('Ctrl Pts',(-2.77238335091779,12.9276554160278,5.));
#9046=CARTESIAN_POINT('Ctrl Pts',(-4.79232950967159,12.494470517447,7.5));
#9047=CARTESIAN_POINT('Ctrl Pts',(-6.70732106508124,11.5797262390153,10.));
#9048=CARTESIAN_POINT('Ctrl Pts',(-8.31368252515277,10.2807133444606,12.5));
#9049=CARTESIAN_POINT('Ctrl Pts',(-2.68727075453669,12.5307744012814,5.));
#9050=CARTESIAN_POINT('Ctrl Pts',(-4.64532747643239,12.1110198144553,7.5));
#9051=CARTESIAN_POINT('Ctrl Pts',(-6.50123595012196,11.2241652383621,10.));
#9052=CARTESIAN_POINT('Ctrl Pts',(-8.05845118964151,9.96509385947585,12.5));
#9053=CARTESIAN_POINT('Ctrl Pts',(-2.77824859509828,11.5411659073579,5.));
#9054=CARTESIAN_POINT('Ctrl Pts',(-4.58173053229068,11.1068431614471,7.5));
#9055=CARTESIAN_POINT('Ctrl Pts',(-6.27980631525502,10.2433652265657,10.));
#9056=CARTESIAN_POINT('Ctrl Pts',(-7.69253870160176,9.04112957996319,12.5));
#9057=CARTESIAN_POINT('Ctrl Pts',(-3.51453434998837,10.8288197255063,5.));
#9058=CARTESIAN_POINT('Ctrl Pts',(-5.20599101256459,10.2801422680983,7.5));
#9059=CARTESIAN_POINT('Ctrl Pts',(-6.76645768572089,9.32663416184586,10.));
#9060=CARTESIAN_POINT('Ctrl Pts',(-8.02758635311662,8.07298864659293,12.5));
#9061=CARTESIAN_POINT('Ctrl Pts',(-4.02078342672229,10.6374660815156,5.));
#9062=CARTESIAN_POINT('Ctrl Pts',(-5.68288750195865,10.0092186710904,7.5));
#9063=CARTESIAN_POINT('Ctrl Pts',(-7.19378529711835,8.98493861217689,10.));
#9064=CARTESIAN_POINT('Ctrl Pts',(-8.39278009742346,7.67356672195483,12.5));
#9065=CARTESIAN_POINT('',(-2.77238335091779,12.9276554160278,5.));
#9066=CARTESIAN_POINT('Origin',(-4.72792085667697,12.5082831904702,5.));
#9067=CARTESIAN_POINT('Ctrl Pts',(-2.77238335091779,12.9276554160278,5.));
#9068=CARTESIAN_POINT('Ctrl Pts',(-4.79232950967159,12.494470517447,7.5));
#9069=CARTESIAN_POINT('Ctrl Pts',(-6.70732106508124,11.5797262390153,10.));
#9070=CARTESIAN_POINT('Ctrl Pts',(-8.31368252515277,10.2807133444606,12.5));
#9071=CARTESIAN_POINT('Ctrl Pts',(-3.15264788575272,14.7008333106558,5.));
#9072=CARTESIAN_POINT('Ctrl Pts',(-5.44965309054207,14.2082320785071,7.5));
#9073=CARTESIAN_POINT('Ctrl Pts',(-7.62730795071786,13.1680200117136,10.));
#9074=CARTESIAN_POINT('Ctrl Pts',(-9.45400051802556,11.6908324307725,12.5));
#9075=CARTESIAN_POINT('Ctrl Pts',(-3.02589304080775,14.1097740124465,5.));
#9076=CARTESIAN_POINT('Ctrl Pts',(-5.23054523025191,13.6369782248204,7.5));
#9077=CARTESIAN_POINT('Ctrl Pts',(-7.32064565550565,12.6385887541475,10.));
#9078=CARTESIAN_POINT('Ctrl Pts',(-9.0738945204013,11.2207927353352,12.5));
#9079=CARTESIAN_POINT('Ctrl Pts',(-2.89913819586277,13.5187147142372,5.));
#9080=CARTESIAN_POINT('Ctrl Pts',(-5.01143736996175,13.0657243711337,7.5));
#9081=CARTESIAN_POINT('Ctrl Pts',(-7.01398336029345,12.1091574965814,10.));
#9082=CARTESIAN_POINT('Ctrl Pts',(-8.69378852277703,10.7507530398979,12.5));
#9083=CARTESIAN_POINT('Ctrl Pts',(-2.77238335091779,12.9276554160278,5.));
#9084=CARTESIAN_POINT('Ctrl Pts',(-4.79232950967159,12.494470517447,7.5));
#9085=CARTESIAN_POINT('Ctrl Pts',(-6.70732106508124,11.5797262390153,10.));
#9086=CARTESIAN_POINT('Ctrl Pts',(-8.31368252515277,10.2807133444606,12.5));
#9087=CARTESIAN_POINT('',(-3.15264788575272,14.7008333106558,5.));
#9088=CARTESIAN_POINT('',(-3.15264788575272,14.7008333106558,5.));
#9089=CARTESIAN_POINT('Ctrl Pts',(-3.15264788575272,14.7008333106558,5.));
#9090=CARTESIAN_POINT('Ctrl Pts',(-5.44965309054207,14.2082320785071,7.5));
#9091=CARTESIAN_POINT('Ctrl Pts',(-7.62730795071786,13.1680200117136,10.));
#9092=CARTESIAN_POINT('Ctrl Pts',(-9.45400051802556,11.6908324307725,12.5));
#9093=CARTESIAN_POINT('Ctrl Pts',(-1.08198717601261,19.9707111478521,5.));
#9094=CARTESIAN_POINT('Ctrl Pts',(-4.20241079286365,19.8016506516002,7.5));
#9095=CARTESIAN_POINT('Ctrl Pts',(-7.28001642827128,18.8882764116818,10.));
#9096=CARTESIAN_POINT('Ctrl Pts',(-9.98747478400208,17.3277334766819,12.5));
#9097=CARTESIAN_POINT('Ctrl Pts',(-1.63693599705223,19.2643709519409,5.));
#9098=CARTESIAN_POINT('Ctrl Pts',(-4.64704606944653,19.0086967019171,7.5));
#9099=CARTESIAN_POINT('Ctrl Pts',(-7.59354467676367,18.0348510104722,10.));
#9100=CARTESIAN_POINT('Ctrl Pts',(-10.1634589789951,16.4468735392084,12.5));
#9101=CARTESIAN_POINT('Ctrl Pts',(-2.41434435334289,18.0296130068054,5.));
#9102=CARTESIAN_POINT('Ctrl Pts',(-5.23147068585561,17.6524392488257,7.50000000000001));
#9103=CARTESIAN_POINT('Ctrl Pts',(-7.95632576504335,16.6032801773481,10.));
#9104=CARTESIAN_POINT('Ctrl Pts',(-10.2991827580018,14.9940934487205,12.5));
#9105=CARTESIAN_POINT('Ctrl Pts',(-2.97790506122089,16.4879607289788,5.));
#9106=CARTESIAN_POINT('Ctrl Pts',(-5.55413233226424,16.0223958392779,7.5));
#9107=CARTESIAN_POINT('Ctrl Pts',(-8.0174695086256,14.9433449611728,10.));
#9108=CARTESIAN_POINT('Ctrl Pts',(-10.1054797390568,13.3641328486925,12.5));
#9109=CARTESIAN_POINT('Ctrl Pts',(-3.15045630377405,15.5863440519939,5.));
#9110=CARTESIAN_POINT('Ctrl Pts',(-5.58582652142644,15.0941743187595,7.5));
#9111=CARTESIAN_POINT('Ctrl Pts',(-7.90176622752774,14.0211284901696,10.));
#9112=CARTESIAN_POINT('Ctrl Pts',(-9.85209382452338,12.4818164984871,12.5));
#9113=CARTESIAN_POINT('Ctrl Pts',(-3.17875498704689,15.0764943190814,5.));
#9114=CARTESIAN_POINT('Ctrl Pts',(-5.53444661284253,14.5796785899635,7.5));
#9115=CARTESIAN_POINT('Ctrl Pts',(-7.76985975775606,13.5216381588469,10.));
#9116=CARTESIAN_POINT('Ctrl Pts',(-9.64700446944133,12.0141778323591,12.5));
#9117=CARTESIAN_POINT('Ctrl Pts',(-3.17900856902505,14.823753479601,5.));
#9118=CARTESIAN_POINT('Ctrl Pts',(-5.49520937838324,14.3270025458801,7.5));
#9119=CARTESIAN_POINT('Ctrl Pts',(-7.69110670127373,13.2781463472271,10.));
#9120=CARTESIAN_POINT('Ctrl Pts',(-9.53304959751151,11.7885846511489,12.5));
#9121=CARTESIAN_POINT('Ctrl Pts',(-3.15264788575272,14.7008333106558,5.));
#9122=CARTESIAN_POINT('Ctrl Pts',(-5.44965309054207,14.2082320785071,7.5));
#9123=CARTESIAN_POINT('Ctrl Pts',(-7.62730795071786,13.1680200117136,10.));
#9124=CARTESIAN_POINT('Ctrl Pts',(-9.45400051802556,11.6908324307725,12.5));
#9125=CARTESIAN_POINT('',(-1.08198717601261,19.9707111478521,5.));
#9126=CARTESIAN_POINT('Ctrl Pts',(-1.08198717601261,19.9707111478521,5.));
#9127=CARTESIAN_POINT('Ctrl Pts',(-1.09308615243341,19.9565843439339,5.));
#9128=CARTESIAN_POINT('Ctrl Pts',(-1.11522335197329,19.9283090643279,5.));
#9129=CARTESIAN_POINT('Ctrl Pts',(-1.14824689136965,19.8858311296438,5.));
#9130=CARTESIAN_POINT('Ctrl Pts',(-1.19191363637022,19.8290638093539,5.));
#9131=CARTESIAN_POINT('Ctrl Pts',(-1.24588840514628,19.757887799947,5.));
#9132=CARTESIAN_POINT('Ctrl Pts',(-1.29925294382109,19.6864951525002,5.));
#9133=CARTESIAN_POINT('Ctrl Pts',(-1.35200502759822,19.614886645005,5.));
#9134=CARTESIAN_POINT('Ctrl Pts',(-1.40414177095503,19.543063846809,5.));
#9135=CARTESIAN_POINT('Ctrl Pts',(-1.45565959848793,19.4710294413764,5.));
#9136=CARTESIAN_POINT('Ctrl Pts',(-1.50655438740631,19.3987870264645,5.));
#9137=CARTESIAN_POINT('Ctrl Pts',(-1.55682165729582,19.3263407699341,5.));
#9138=CARTESIAN_POINT('Ctrl Pts',(-1.60645675620051,19.2536951044426,5.));
#9139=CARTESIAN_POINT('Ctrl Pts',(-1.65545503374209,19.1808544344922,5.));
#9140=CARTESIAN_POINT('Ctrl Pts',(-1.70381207107564,19.1078227737426,5.));
#9141=CARTESIAN_POINT('Ctrl Pts',(-1.75152369018576,19.0346036982661,5.));
#9142=CARTESIAN_POINT('Ctrl Pts',(-1.79858579731892,18.961200542173,5.));
#9143=CARTESIAN_POINT('Ctrl Pts',(-1.84499427445281,18.8876165286964,5.));
#9144=CARTESIAN_POINT('Ctrl Pts',(-1.89074486581643,18.8138549179671,5.));
#9145=CARTESIAN_POINT('Ctrl Pts',(-1.93583304694183,18.7399191756673,5.));
#9146=CARTESIAN_POINT('Ctrl Pts',(-1.9802539912468,18.6658130400464,5.));
#9147=CARTESIAN_POINT('Ctrl Pts',(-2.02400268799135,18.5915404232639,5.));
#9148=CARTESIAN_POINT('Ctrl Pts',(-2.06707403321868,18.5171053518823,5.));
#9149=CARTESIAN_POINT('Ctrl Pts',(-2.10946292548728,18.4425118968526,5.));
#9150=CARTESIAN_POINT('Ctrl Pts',(-2.15116439037182,18.36776410001,5.));
#9151=CARTESIAN_POINT('Ctrl Pts',(-2.1921736160257,18.2928659327343,5.));
#9152=CARTESIAN_POINT('Ctrl Pts',(-2.23248572795127,18.217821352751,5.));
#9153=CARTESIAN_POINT('Ctrl Pts',(-2.27209560933919,18.1426343448333,5.));
#9154=CARTESIAN_POINT('Ctrl Pts',(-2.31099772094441,18.0673089667436,5.));
#9155=CARTESIAN_POINT('Ctrl Pts',(-2.34918589578986,17.9918493993518,5.));
#9156=CARTESIAN_POINT('Ctrl Pts',(-2.38665323880352,17.9162599804201,5.));
#9157=CARTESIAN_POINT('Ctrl Pts',(-2.4233925406169,17.8405451482982,5.));
#9158=CARTESIAN_POINT('Ctrl Pts',(-2.45939663785792,17.7647093973311,5.));
#9159=CARTESIAN_POINT('Ctrl Pts',(-2.49465877865787,17.6887572319414,5.));
#9160=CARTESIAN_POINT('Ctrl Pts',(-2.52917304027013,17.6126931170314,5.));
#9161=CARTESIAN_POINT('Ctrl Pts',(-2.56293459052787,17.536521445824,5.));
#9162=CARTESIAN_POINT('Ctrl Pts',(-2.59593867354423,17.4602466456713,5.));
#9163=CARTESIAN_POINT('Ctrl Pts',(-2.62817970083326,17.3838732734008,5.));
#9164=CARTESIAN_POINT('Ctrl Pts',(-2.65965034605023,17.3074061115881,5.));
#9165=CARTESIAN_POINT('Ctrl Pts',(-2.69034055009401,17.2308502747221,5.));
#9166=CARTESIAN_POINT('Ctrl Pts',(-2.7202368290013,17.1542112857632,5.));
#9167=CARTESIAN_POINT('Ctrl Pts',(-2.74932451979768,17.0774948561813,5.));
#9168=CARTESIAN_POINT('Ctrl Pts',(-2.77758985041388,17.0007066849083,5.));
#9169=CARTESIAN_POINT('Ctrl Pts',(-2.80502197067869,16.9238522617194,5.));
#9170=CARTESIAN_POINT('Ctrl Pts',(-2.83161527036857,16.8469366434348,5.));
#9171=CARTESIAN_POINT('Ctrl Pts',(-2.85737083613319,16.7699643154311,5.));
#9172=CARTESIAN_POINT('Ctrl Pts',(-2.88229092209454,16.6929397398175,5.));
#9173=CARTESIAN_POINT('Ctrl Pts',(-2.90637386870258,16.6158678603231,5.));
#9174=CARTESIAN_POINT('Ctrl Pts',(-2.92960924488182,16.5387545862828,5.));
#9175=CARTESIAN_POINT('Ctrl Pts',(-2.95197197484597,16.4616073765492,5.));
#9176=CARTESIAN_POINT('Ctrl Pts',(-2.97341958960062,16.384435518934,5.));
#9177=CARTESIAN_POINT('Ctrl Pts',(-2.99390528547616,16.3072488667935,5.));
#9178=CARTESIAN_POINT('Ctrl Pts',(-3.01338970605717,16.2300567005717,5.));
#9179=CARTESIAN_POINT('Ctrl Pts',(-3.03185178418109,16.1528666829349,5.));
#9180=CARTESIAN_POINT('Ctrl Pts',(-3.04930342258155,16.0756834371384,5.));
#9181=CARTESIAN_POINT('Ctrl Pts',(-3.06579196375491,15.9985083264192,5.));
#9182=CARTESIAN_POINT('Ctrl Pts',(-3.08136772573746,15.9213426693901,5.));
#9183=CARTESIAN_POINT('Ctrl Pts',(-3.09605537835934,15.8441905768973,5.));
#9184=CARTESIAN_POINT('Ctrl Pts',(-3.10982860812469,15.7670614701187,5.));
#9185=CARTESIAN_POINT('Ctrl Pts',(-3.12257178946138,15.6899738673184,5.));
#9186=CARTESIAN_POINT('Ctrl Pts',(-3.13408682871613,15.6129547643716,5.));
#9187=CARTESIAN_POINT('Ctrl Pts',(-3.14416918352302,15.5360322979217,5.));
#9188=CARTESIAN_POINT('Ctrl Pts',(-3.1526743472137,15.4592292940954,5.));
#9189=CARTESIAN_POINT('Ctrl Pts',(-3.15957421757483,15.3825579055778,5.));
#9190=CARTESIAN_POINT('Ctrl Pts',(-3.16505236989911,15.3060102092177,5.));
#9191=CARTESIAN_POINT('Ctrl Pts',(-3.16943830528709,15.2295654526893,5.));
#9192=CARTESIAN_POINT('Ctrl Pts',(-3.17301767943506,15.1532100516781,5.));
#9193=CARTESIAN_POINT('Ctrl Pts',(-3.17586759985902,15.0769551165339,5.));
#9194=CARTESIAN_POINT('Ctrl Pts',(-3.17770459858144,15.0008524090268,5.));
#9195=CARTESIAN_POINT('Ctrl Pts',(-3.17766727106442,14.9250177172905,5.));
#9196=CARTESIAN_POINT('Ctrl Pts',(-3.17452215602056,14.8496065460546,5.));
#9197=CARTESIAN_POINT('Ctrl Pts',(-3.16850560178039,14.7897412850199,5.));
#9198=CARTESIAN_POINT('Ctrl Pts',(-3.1615700919633,14.7451582910295,5.));
#9199=CARTESIAN_POINT('Ctrl Pts',(-3.1558111677454,14.7155837309293,5.));
#9200=CARTESIAN_POINT('Ctrl Pts',(-3.15264788575272,14.7008333106558,5.));
#9201=CARTESIAN_POINT('Ctrl Pts',(-1.08198717601255,19.9707111478521,5.));
#9202=CARTESIAN_POINT('Ctrl Pts',(-4.20241079286359,19.8016506516002,7.5));
#9203=CARTESIAN_POINT('Ctrl Pts',(-7.28001642827121,18.8882764116818,10.));
#9204=CARTESIAN_POINT('Ctrl Pts',(-9.98747478400202,17.3277334766819,12.5));
#9205=CARTESIAN_POINT('Ctrl Pts',(1.08198717601261,19.9707111478521,5.));
#9206=CARTESIAN_POINT('Ctrl Pts',(-2.03843644083842,20.139771644104,7.5));
#9207=CARTESIAN_POINT('Ctrl Pts',(-5.19670856593793,19.5642491570901,10.));
#9208=CARTESIAN_POINT('Ctrl Pts',(-8.0569203399944,18.3053553539664,12.5));
#9209=CARTESIAN_POINT('Ctrl Pts',(0.361366927398077,20.0097534164025,5.));
#9210=CARTESIAN_POINT('Ctrl Pts',(-2.76515832255428,20.0662170097305,7.5));
#9211=CARTESIAN_POINT('Ctrl Pts',(-5.90266095329503,19.3767324457678,10.));
#9212=CARTESIAN_POINT('Ctrl Pts',(-8.71744813134305,18.0146306073367,12.5));
#9213=CARTESIAN_POINT('Ctrl Pts',(-0.361366927398011,20.0097534164025,5.));
#9214=CARTESIAN_POINT('Ctrl Pts',(-3.48789217735037,19.9532898230744,7.5));
#9215=CARTESIAN_POINT('Ctrl Pts',(-6.59845346211912,19.1509680574805,10.));
#9216=CARTESIAN_POINT('Ctrl Pts',(-9.36222335888009,17.6881200702587,12.5));
#9217=CARTESIAN_POINT('Ctrl Pts',(-1.08198717601255,19.9707111478521,5.));
#9218=CARTESIAN_POINT('Ctrl Pts',(-4.20241079286359,19.8016506516002,7.5));
#9219=CARTESIAN_POINT('Ctrl Pts',(-7.28001642827121,18.8882764116818,10.));
#9220=CARTESIAN_POINT('Ctrl Pts',(-9.98747478400202,17.3277334766819,12.5));
#9221=CARTESIAN_POINT('',(1.08198717601261,19.9707111478521,5.));
#9222=CARTESIAN_POINT('Origin',(0.,0.,5.));
#9223=CARTESIAN_POINT('Ctrl Pts',(1.08198717601261,19.9707111478521,5.));
#9224=CARTESIAN_POINT('Ctrl Pts',(-2.03843644083842,20.139771644104,7.5));
#9225=CARTESIAN_POINT('Ctrl Pts',(-5.19670856593793,19.5642491570901,10.));
#9226=CARTESIAN_POINT('Ctrl Pts',(-8.0569203399944,18.3053553539664,12.5));
#9227=CARTESIAN_POINT('Ctrl Pts',(3.15264788575272,14.7008333106558,5.));
#9228=CARTESIAN_POINT('Ctrl Pts',(0.855642680963376,15.1934345428046,7.5));
#9229=CARTESIAN_POINT('Ctrl Pts',(-1.55705474146849,15.1376404414969,10.));
#9230=CARTESIAN_POINT('Ctrl Pts',(-3.82883367578898,14.5393851796551,12.5));
#9231=CARTESIAN_POINT('Ctrl Pts',(3.17900856902505,14.823753479601,5.));
#9232=CARTESIAN_POINT('Ctrl Pts',(0.862807759666863,15.3205044133219,7.5));
#9233=CARTESIAN_POINT('Ctrl Pts',(-1.57006955068216,15.2641806091237,10.));
#9234=CARTESIAN_POINT('Ctrl Pts',(-3.86084824750375,14.6609554093744,12.5));
#9235=CARTESIAN_POINT('Ctrl Pts',(3.17875576782357,15.0764942600544,5.));
#9236=CARTESIAN_POINT('Ctrl Pts',(0.823064142027934,15.5733099891723,7.5));
#9237=CARTESIAN_POINT('Ctrl Pts',(-1.64921579657334,15.5073279862947,10.));
#9238=CARTESIAN_POINT('Ctrl Pts',(-3.97525485426617,14.8863197684504,12.5));
#9239=CARTESIAN_POINT('Ctrl Pts',(3.15045720577983,15.5863440165019,5.));
#9240=CARTESIAN_POINT('Ctrl Pts',(0.715086988127442,16.0785137497363,7.5));
#9241=CARTESIAN_POINT('Ctrl Pts',(-1.83581244360943,15.9895390168043,10.));
#9242=CARTESIAN_POINT('Ctrl Pts',(-4.23083652981892,15.3283894347757,12.5));
#9243=CARTESIAN_POINT('Ctrl Pts',(2.97790829099787,16.4879605253593,5.));
#9244=CARTESIAN_POINT('Ctrl Pts',(0.40168101995452,16.9535254150602,7.5));
#9245=CARTESIAN_POINT('Ctrl Pts',(-2.28342974739157,16.8033190868895,10.));
#9246=CARTESIAN_POINT('Ctrl Pts',(-4.79209784841274,16.0547992290978,12.5));
#9247=CARTESIAN_POINT('Ctrl Pts',(2.41434669243121,18.0296133890117,5.));
#9248=CARTESIAN_POINT('Ctrl Pts',(-0.402779640081509,18.4067871469915,7.49999999999999));
#9249=CARTESIAN_POINT('Ctrl Pts',(-3.30769524464526,18.1117665374335,10.));
#9250=CARTESIAN_POINT('Ctrl Pts',(-5.99134492490467,17.1755586488272,12.5));
#9251=CARTESIAN_POINT('Ctrl Pts',(1.63693599705223,19.2643709519409,5.));
#9252=CARTESIAN_POINT('Ctrl Pts',(-1.37317407534207,19.5200452019646,7.5));
#9253=CARTESIAN_POINT('Ctrl Pts',(-4.44180047909758,19.0577017497106,10.));
#9254=CARTESIAN_POINT('Ctrl Pts',(-7.24272744564048,17.92591550746,12.5));
#9255=CARTESIAN_POINT('Ctrl Pts',(1.08198717601261,19.9707111478521,5.));
#9256=CARTESIAN_POINT('Ctrl Pts',(-2.03843644083842,20.139771644104,7.5));
#9257=CARTESIAN_POINT('Ctrl Pts',(-5.19670856593793,19.5642491570901,10.));
#9258=CARTESIAN_POINT('Ctrl Pts',(-8.0569203399944,18.3053553539664,12.5));
#9259=CARTESIAN_POINT('',(3.15264788575272,14.7008333106558,5.));
#9260=CARTESIAN_POINT('Ctrl Pts',(3.15264788575272,14.7008333106558,5.));
#9261=CARTESIAN_POINT('Ctrl Pts',(3.1558111677454,14.7155837309293,5.));
#9262=CARTESIAN_POINT('Ctrl Pts',(3.1615700919633,14.7451582910295,5.));
#9263=CARTESIAN_POINT('Ctrl Pts',(3.16850560178039,14.7897412850199,5.));
#9264=CARTESIAN_POINT('Ctrl Pts',(3.17452215602056,14.8496065460546,5.));
#9265=CARTESIAN_POINT('Ctrl Pts',(3.17766727106442,14.9250177172905,5.));
#9266=CARTESIAN_POINT('Ctrl Pts',(3.17770459858144,15.0008524090268,5.));
#9267=CARTESIAN_POINT('Ctrl Pts',(3.17586759985902,15.0769551165339,5.));
#9268=CARTESIAN_POINT('Ctrl Pts',(3.17301767943506,15.1532100516781,5.));
#9269=CARTESIAN_POINT('Ctrl Pts',(3.16943830528709,15.2295654526893,5.));
#9270=CARTESIAN_POINT('Ctrl Pts',(3.16505236989911,15.3060102092177,5.));
#9271=CARTESIAN_POINT('Ctrl Pts',(3.15957421757483,15.3825579055778,5.));
#9272=CARTESIAN_POINT('Ctrl Pts',(3.1526743472137,15.4592292940954,5.));
#9273=CARTESIAN_POINT('Ctrl Pts',(3.14416918352302,15.5360322979217,5.));
#9274=CARTESIAN_POINT('Ctrl Pts',(3.13408682871613,15.6129547643716,5.));
#9275=CARTESIAN_POINT('Ctrl Pts',(3.12257178946138,15.6899738673184,5.));
#9276=CARTESIAN_POINT('Ctrl Pts',(3.10982860812469,15.7670614701187,5.));
#9277=CARTESIAN_POINT('Ctrl Pts',(3.09605537835934,15.8441905768973,5.));
#9278=CARTESIAN_POINT('Ctrl Pts',(3.08136772573746,15.9213426693901,5.));
#9279=CARTESIAN_POINT('Ctrl Pts',(3.06579196375491,15.9985083264192,5.));
#9280=CARTESIAN_POINT('Ctrl Pts',(3.04930342258155,16.0756834371384,5.));
#9281=CARTESIAN_POINT('Ctrl Pts',(3.03185178418109,16.1528666829349,5.));
#9282=CARTESIAN_POINT('Ctrl Pts',(3.01338970605717,16.2300567005717,5.));
#9283=CARTESIAN_POINT('Ctrl Pts',(2.99390528547616,16.3072488667935,5.));
#9284=CARTESIAN_POINT('Ctrl Pts',(2.97341958960062,16.384435518934,5.));
#9285=CARTESIAN_POINT('Ctrl Pts',(2.95197197484597,16.4616073765492,5.));
#9286=CARTESIAN_POINT('Ctrl Pts',(2.92960924488182,16.5387545862828,5.));
#9287=CARTESIAN_POINT('Ctrl Pts',(2.90637386870258,16.6158678603231,5.));
#9288=CARTESIAN_POINT('Ctrl Pts',(2.88229092209454,16.6929397398175,5.));
#9289=CARTESIAN_POINT('Ctrl Pts',(2.85737083613319,16.7699643154311,5.));
#9290=CARTESIAN_POINT('Ctrl Pts',(2.83161527036857,16.8469366434348,5.));
#9291=CARTESIAN_POINT('Ctrl Pts',(2.80502197067869,16.9238522617194,5.));
#9292=CARTESIAN_POINT('Ctrl Pts',(2.77758985041388,17.0007066849083,5.));
#9293=CARTESIAN_POINT('Ctrl Pts',(2.74932451979768,17.0774948561813,5.));
#9294=CARTESIAN_POINT('Ctrl Pts',(2.7202368290013,17.1542112857632,5.));
#9295=CARTESIAN_POINT('Ctrl Pts',(2.69034055009401,17.2308502747221,5.));
#9296=CARTESIAN_POINT('Ctrl Pts',(2.65965034605023,17.3074061115881,5.));
#9297=CARTESIAN_POINT('Ctrl Pts',(2.62817970083326,17.3838732734008,5.));
#9298=CARTESIAN_POINT('Ctrl Pts',(2.59593867354423,17.4602466456713,5.));
#9299=CARTESIAN_POINT('Ctrl Pts',(2.56293459052787,17.536521445824,5.));
#9300=CARTESIAN_POINT('Ctrl Pts',(2.52917304027013,17.6126931170314,5.));
#9301=CARTESIAN_POINT('Ctrl Pts',(2.49465877865787,17.6887572319414,5.));
#9302=CARTESIAN_POINT('Ctrl Pts',(2.45939663785792,17.7647093973311,5.));
#9303=CARTESIAN_POINT('Ctrl Pts',(2.4233925406169,17.8405451482982,5.));
#9304=CARTESIAN_POINT('Ctrl Pts',(2.38665323880352,17.9162599804201,5.));
#9305=CARTESIAN_POINT('Ctrl Pts',(2.34918589578986,17.9918493993518,5.));
#9306=CARTESIAN_POINT('Ctrl Pts',(2.31099772094441,18.0673089667436,5.));
#9307=CARTESIAN_POINT('Ctrl Pts',(2.27209560933919,18.1426343448333,5.));
#9308=CARTESIAN_POINT('Ctrl Pts',(2.23248572795127,18.217821352751,5.));
#9309=CARTESIAN_POINT('Ctrl Pts',(2.1921736160257,18.2928659327343,5.));
#9310=CARTESIAN_POINT('Ctrl Pts',(2.15116439037182,18.36776410001,5.));
#9311=CARTESIAN_POINT('Ctrl Pts',(2.10946292548728,18.4425118968526,5.));
#9312=CARTESIAN_POINT('Ctrl Pts',(2.06707403321868,18.5171053518823,5.));
#9313=CARTESIAN_POINT('Ctrl Pts',(2.02400268799135,18.5915404232639,5.));
#9314=CARTESIAN_POINT('Ctrl Pts',(1.9802539912468,18.6658130400464,5.));
#9315=CARTESIAN_POINT('Ctrl Pts',(1.93583304694183,18.7399191756673,5.));
#9316=CARTESIAN_POINT('Ctrl Pts',(1.89074486581643,18.8138549179671,5.));
#9317=CARTESIAN_POINT('Ctrl Pts',(1.84499427445281,18.8876165286964,5.));
#9318=CARTESIAN_POINT('Ctrl Pts',(1.79858579731892,18.961200542173,5.));
#9319=CARTESIAN_POINT('Ctrl Pts',(1.75152369018576,19.0346036982661,5.));
#9320=CARTESIAN_POINT('Ctrl Pts',(1.70381207107564,19.1078227737426,5.));
#9321=CARTESIAN_POINT('Ctrl Pts',(1.65545503374209,19.1808544344922,5.));
#9322=CARTESIAN_POINT('Ctrl Pts',(1.60645675620051,19.2536951044426,5.));
#9323=CARTESIAN_POINT('Ctrl Pts',(1.55682165729582,19.3263407699341,5.));
#9324=CARTESIAN_POINT('Ctrl Pts',(1.50655438740631,19.3987870264645,5.));
#9325=CARTESIAN_POINT('Ctrl Pts',(1.45565959848793,19.4710294413764,5.));
#9326=CARTESIAN_POINT('Ctrl Pts',(1.40414177095503,19.543063846809,5.));
#9327=CARTESIAN_POINT('Ctrl Pts',(1.35200502759822,19.614886645005,5.));
#9328=CARTESIAN_POINT('Ctrl Pts',(1.29925294382109,19.6864951525002,5.));
#9329=CARTESIAN_POINT('Ctrl Pts',(1.24588840514628,19.757887799947,5.));
#9330=CARTESIAN_POINT('Ctrl Pts',(1.19191363637022,19.8290638093539,5.));
#9331=CARTESIAN_POINT('Ctrl Pts',(1.14824689136965,19.8858311296438,5.));
#9332=CARTESIAN_POINT('Ctrl Pts',(1.11522335197329,19.9283090643279,5.));
#9333=CARTESIAN_POINT('Ctrl Pts',(1.09308615243341,19.9565843439339,5.));
#9334=CARTESIAN_POINT('Ctrl Pts',(1.08198717601261,19.9707111478521,5.));
#9335=CARTESIAN_POINT('Ctrl Pts',(3.15264788575272,14.7008333106558,5.));
#9336=CARTESIAN_POINT('Ctrl Pts',(0.855642680963376,15.1934345428046,7.5));
#9337=CARTESIAN_POINT('Ctrl Pts',(-1.55705474146849,15.1376404414969,10.));
#9338=CARTESIAN_POINT('Ctrl Pts',(-3.82883367578898,14.5393851796551,12.5));
#9339=CARTESIAN_POINT('Ctrl Pts',(2.77238335091779,12.9276554160278,5.));
#9340=CARTESIAN_POINT('Ctrl Pts',(0.752437192163994,13.3608403146086,7.5));
#9341=CARTESIAN_POINT('Ctrl Pts',(-1.36924667712588,13.3117759588194,10.));
#9342=CARTESIAN_POINT('Ctrl Pts',(-3.36700929531694,12.7856807564263,12.5));
#9343=CARTESIAN_POINT('Ctrl Pts',(2.89913819586277,13.5187147142372,5.));
#9344=CARTESIAN_POINT('Ctrl Pts',(0.786839021763789,13.9717050573406,7.5));
#9345=CARTESIAN_POINT('Ctrl Pts',(-1.43184936524009,13.9203974530453,10.));
#9346=CARTESIAN_POINT('Ctrl Pts',(-3.52095075547429,13.3702488975025,12.5));
#9347=CARTESIAN_POINT('Ctrl Pts',(3.02589304080775,14.1097740124465,5.));
#9348=CARTESIAN_POINT('Ctrl Pts',(0.821240851363582,14.5825698000726,7.5));
#9349=CARTESIAN_POINT('Ctrl Pts',(-1.49445205335429,14.5290189472711,10.));
#9350=CARTESIAN_POINT('Ctrl Pts',(-3.67489221563163,13.9548170385788,12.5));
#9351=CARTESIAN_POINT('Ctrl Pts',(3.15264788575272,14.7008333106558,5.));
#9352=CARTESIAN_POINT('Ctrl Pts',(0.855642680963376,15.1934345428046,7.5));
#9353=CARTESIAN_POINT('Ctrl Pts',(-1.55705474146849,15.1376404414969,10.));
#9354=CARTESIAN_POINT('Ctrl Pts',(-3.82883367578898,14.5393851796551,12.5));
#9355=CARTESIAN_POINT('',(2.77238335091779,12.9276554160278,5.));
#9356=CARTESIAN_POINT('',(2.77238335091779,12.9276554160278,5.));
#9357=CARTESIAN_POINT('Ctrl Pts',(2.77238335091779,12.9276554160278,5.));
#9358=CARTESIAN_POINT('Ctrl Pts',(0.752437192163994,13.3608403146086,7.5));
#9359=CARTESIAN_POINT('Ctrl Pts',(-1.36924667712588,13.3117759588194,10.));
#9360=CARTESIAN_POINT('Ctrl Pts',(-3.36700929531694,12.7856807564263,12.5));
#9361=CARTESIAN_POINT('Ctrl Pts',(4.02078342672229,10.6374660815156,5.));
#9362=CARTESIAN_POINT('Ctrl Pts',(2.35867935148593,11.2657134919408,7.5));
#9363=CARTESIAN_POINT('Ctrl Pts',(0.548016002689742,11.4969277298946,10.));
#9364=CARTESIAN_POINT('Ctrl Pts',(-1.21862731175248,11.3065172124333,12.5));
#9365=CARTESIAN_POINT('Ctrl Pts',(3.64109661917185,10.7809813145086,5.));
#9366=CARTESIAN_POINT('Ctrl Pts',(1.95674555255433,11.3499349896583,7.5));
#9367=CARTESIAN_POINT('Ctrl Pts',(0.137508591163207,11.5163793333003,10.));
#9368=CARTESIAN_POINT('Ctrl Pts',(-1.62219479596402,11.2630203204059,12.5));
#9369=CARTESIAN_POINT('Ctrl Pts',(2.85861824331881,11.3936437485832,5.));
#9370=CARTESIAN_POINT('Ctrl Pts',(1.07826656229273,11.8405749776077,7.5));
#9371=CARTESIAN_POINT('Ctrl Pts',(-0.806831023097944,11.861685404908,9.99999999999999));
#9372=CARTESIAN_POINT('Ctrl Pts',(-2.59705353345802,11.4560957169106,12.5));
#9373=CARTESIAN_POINT('Ctrl Pts',(2.65889988907632,12.3984807296993,5.));
#9374=CARTESIAN_POINT('Ctrl Pts',(0.721734988971858,12.8132207096535,7.5));
#9375=CARTESIAN_POINT('Ctrl Pts',(-1.31360790958331,12.7674699202046,10.));
#9376=CARTESIAN_POINT('Ctrl Pts',(-3.22918568922781,12.2623175953545,12.5));
#9377=CARTESIAN_POINT('Ctrl Pts',(2.77238335091779,12.9276554160278,5.));
#9378=CARTESIAN_POINT('Ctrl Pts',(0.752437192163994,13.3608403146086,7.5));
#9379=CARTESIAN_POINT('Ctrl Pts',(-1.36924667712588,13.3117759588194,10.));
#9380=CARTESIAN_POINT('Ctrl Pts',(-3.36700929531694,12.7856807564263,12.5));
#9381=CARTESIAN_POINT('',(4.02078342672229,10.6374660815156,5.));
#9382=CARTESIAN_POINT('Origin',(4.72792085667697,12.5082831904702,5.));
#9383=CARTESIAN_POINT('Ctrl Pts',(4.02078342672229,10.6374660815156,5.));
#9384=CARTESIAN_POINT('Ctrl Pts',(2.35867935148593,11.2657134919408,7.5));
#9385=CARTESIAN_POINT('Ctrl Pts',(0.548016002689742,11.4969277298946,10.));
#9386=CARTESIAN_POINT('Ctrl Pts',(-1.21862731175248,11.3065172124333,12.5));
#9387=CARTESIAN_POINT('Ctrl Pts',(4.67870117416377,10.3649476275994,5.));
#9388=CARTESIAN_POINT('Ctrl Pts',(3.05917810735181,11.0959946860623,7.5));
#9389=CARTESIAN_POINT('Ctrl Pts',(1.26653665522266,11.4400853872076,10.));
#9390=CARTESIAN_POINT('Ctrl Pts',(-0.508560654913937,11.3606227848773,12.5));
#9391=CARTESIAN_POINT('Ctrl Pts',(4.46231164232131,10.4626251068384,5.));
#9392=CARTESIAN_POINT('Ctrl Pts',(2.82752639425662,11.1598613325032,7.5));
#9393=CARTESIAN_POINT('Ctrl Pts',(1.0277014996842,11.4665269423157,10.));
#9394=CARTESIAN_POINT('Ctrl Pts',(-0.745736946988241,11.3500055385598,12.5));
#9395=CARTESIAN_POINT('Ctrl Pts',(4.24286234000497,10.5535239841111,5.));
#9396=CARTESIAN_POINT('Ctrl Pts',(2.59387414205823,11.216471255545,7.5));
#9397=CARTESIAN_POINT('Ctrl Pts',(0.788038021154137,11.4854867788933,10.));
#9398=CARTESIAN_POINT('Ctrl Pts',(-0.982580584429673,11.3319585559842,12.5));
#9399=CARTESIAN_POINT('Ctrl Pts',(4.02078342672229,10.6374660815156,5.));
#9400=CARTESIAN_POINT('Ctrl Pts',(2.35867935148593,11.2657134919408,7.5));
#9401=CARTESIAN_POINT('Ctrl Pts',(0.548016002689742,11.4969277298946,10.));
#9402=CARTESIAN_POINT('Ctrl Pts',(-1.21862731175248,11.3065172124333,12.5));
#9403=CARTESIAN_POINT('',(4.67870117416377,10.3649476275994,5.));
#9404=CARTESIAN_POINT('Origin',(0.,0.,5.));
#9405=CARTESIAN_POINT('Ctrl Pts',(4.67870117416377,10.3649476275994,5.));
#9406=CARTESIAN_POINT('Ctrl Pts',(3.05917810735181,11.0959946860623,7.5));
#9407=CARTESIAN_POINT('Ctrl Pts',(1.26653665522266,11.4400853872076,10.));
#9408=CARTESIAN_POINT('Ctrl Pts',(-0.508560654913937,11.3606227848773,12.5));
#9409=CARTESIAN_POINT('Ctrl Pts',(7.18086174203363,11.1016038769989,5.));
#9410=CARTESIAN_POINT('Ctrl Pts',(5.44623613625302,12.2236135241914,7.5));
#9411=CARTESIAN_POINT('Ctrl Pts',(3.44531073917721,12.9308951566059,10.));
#9412=CARTESIAN_POINT('Ctrl Pts',(1.39090083113547,13.1482234114707,12.5));
#9413=CARTESIAN_POINT('Ctrl Pts',(6.96040817924771,10.7607829260821,5.));
#9414=CARTESIAN_POINT('Ctrl Pts',(5.27904167846842,11.8485267973035,7.5));
#9415=CARTESIAN_POINT('Ctrl Pts',(3.33961532677919,12.5337513796292,10.));
#9416=CARTESIAN_POINT('Ctrl Pts',(1.34819996113949,12.7445709252521,12.5));
#9417=CARTESIAN_POINT('Ctrl Pts',(6.19634312363442,10.1252904738904,5.));
#9418=CARTESIAN_POINT('Ctrl Pts',(4.61397625724114,11.0934322225696,7.49999999999999));
#9419=CARTESIAN_POINT('Ctrl Pts',(2.80271076545099,11.683600226378,10.));
#9420=CARTESIAN_POINT('Ctrl Pts',(0.953649136766519,11.8324438984688,12.5));
#9421=CARTESIAN_POINT('Ctrl Pts',(5.17198078856232,10.142282931742,5.));
#9422=CARTESIAN_POINT('Ctrl Pts',(3.58796676155416,10.9503498571154,7.5));
#9423=CARTESIAN_POINT('Ctrl Pts',(1.81031814730225,11.3795343756724,10.));
#9424=CARTESIAN_POINT('Ctrl Pts',(0.0321042695985166,11.3848257632972,12.5));
#9425=CARTESIAN_POINT('Ctrl Pts',(4.67870117416377,10.3649476275994,5.));
#9426=CARTESIAN_POINT('Ctrl Pts',(3.05917810735181,11.0959946860623,7.5));
#9427=CARTESIAN_POINT('Ctrl Pts',(1.26653665522266,11.4400853872076,10.));
#9428=CARTESIAN_POINT('Ctrl Pts',(-0.508560654913937,11.3606227848773,12.5));
#9429=CARTESIAN_POINT('',(7.18086174203363,11.1016038769989,5.));
#9430=CARTESIAN_POINT('Origin',(5.50154696631358,12.1878367636528,5.));
#9431=CARTESIAN_POINT('Ctrl Pts',(7.18086174203363,11.1016038769989,5.));
#9432=CARTESIAN_POINT('Ctrl Pts',(5.44623613625302,12.2236135241914,7.5));
#9433=CARTESIAN_POINT('Ctrl Pts',(3.44531073917721,12.9308951566059,10.));
#9434=CARTESIAN_POINT('Ctrl Pts',(1.39090083113547,13.1482234114707,12.5));
#9435=CARTESIAN_POINT('Ctrl Pts',(8.16580022434864,12.624317621767,5.));
#9436=CARTESIAN_POINT('Ctrl Pts',(6.19325059594808,13.9002239068211,7.5));
#9437=CARTESIAN_POINT('Ctrl Pts',(3.91787507093216,14.7045174192335,10.));
#9438=CARTESIAN_POINT('Ctrl Pts',(1.58167901387782,14.9516547651518,12.5));
#9439=CARTESIAN_POINT('Ctrl Pts',(7.8374873969103,12.116746373511,5.));
#9440=CARTESIAN_POINT('Ctrl Pts',(5.94424577604973,13.3413537792779,7.5));
#9441=CARTESIAN_POINT('Ctrl Pts',(3.76035362701384,14.1133099983576,10.));
#9442=CARTESIAN_POINT('Ctrl Pts',(1.51808628629704,14.3505109805915,12.5));
#9443=CARTESIAN_POINT('Ctrl Pts',(7.50917456947196,11.609175125255,5.));
#9444=CARTESIAN_POINT('Ctrl Pts',(5.69524095615137,12.7824836517346,7.5));
#9445=CARTESIAN_POINT('Ctrl Pts',(3.60283218309553,13.5221025774817,10.));
#9446=CARTESIAN_POINT('Ctrl Pts',(1.45449355871626,13.7493671960311,12.5));
#9447=CARTESIAN_POINT('Ctrl Pts',(7.18086174203363,11.1016038769989,5.));
#9448=CARTESIAN_POINT('Ctrl Pts',(5.44623613625302,12.2236135241914,7.5));
#9449=CARTESIAN_POINT('Ctrl Pts',(3.44531073917721,12.9308951566059,10.));
#9450=CARTESIAN_POINT('Ctrl Pts',(1.39090083113547,13.1482234114707,12.5));
#9451=CARTESIAN_POINT('',(8.16580022434864,12.624317621767,5.));
#9452=CARTESIAN_POINT('',(8.16580022434864,12.624317621767,5.));
#9453=CARTESIAN_POINT('Ctrl Pts',(8.16580022434864,12.624317621767,5.));
#9454=CARTESIAN_POINT('Ctrl Pts',(6.19325059594809,13.9002239068211,7.5));
#9455=CARTESIAN_POINT('Ctrl Pts',(3.91787507093216,14.7045174192335,10.));
#9456=CARTESIAN_POINT('Ctrl Pts',(1.58167901387783,14.9516547651518,12.5));
#9457=CARTESIAN_POINT('Ctrl Pts',(13.3563448084486,14.8865057470794,5.));
#9458=CARTESIAN_POINT('Ctrl Pts',(11.0303282854681,16.9734346233989,7.5));
#9459=CARTESIAN_POINT('Ctrl Pts',(8.20827935204602,18.5037773192062,10.));
#9460=CARTESIAN_POINT('Ctrl Pts',(5.1903466972574,19.3147689906524,12.5));
#9461=CARTESIAN_POINT('Ctrl Pts',(12.4644787915266,14.7794558792945,5.));
#9462=CARTESIAN_POINT('Ctrl Pts',(10.155220551252,16.7271361276359,7.5));
#9463=CARTESIAN_POINT('Ctrl Pts',(7.38311851301132,18.1220123813765,10.));
#9464=CARTESIAN_POINT('Ctrl Pts',(4.44304504453312,18.8163465732506,12.5));
#9465=CARTESIAN_POINT('Ctrl Pts',(11.041658168678,14.456066734655,5.));
#9466=CARTESIAN_POINT('Ctrl Pts',(8.78294691354595,16.1813737458809,7.50000000000001));
#9467=CARTESIAN_POINT('Ctrl Pts',(6.11431372355283,17.366267233792,10.));
#9468=CARTESIAN_POINT('Ctrl Pts',(3.31979680847368,17.8850504528553,12.5));
#9469=CARTESIAN_POINT('Ctrl Pts',(9.55304451581148,13.7644522724331,5.));
#9470=CARTESIAN_POINT('Ctrl Pts',(7.40217265198914,15.2569159550757,7.5));
#9471=CARTESIAN_POINT('Ctrl Pts',(4.89732387350792,16.2357501042415,10.));
#9472=CARTESIAN_POINT('Ctrl Pts',(2.30420608671642,16.5955247036996,12.5));
#9473=CARTESIAN_POINT('Ctrl Pts',(8.79349852927447,13.2489204620531,5.));
#9474=CARTESIAN_POINT('Ctrl Pts',(6.72341517780788,14.62297070179,7.5));
#9475=CARTESIAN_POINT('Ctrl Pts',(4.32703989753522,15.5018282728701,10.));
#9476=CARTESIAN_POINT('Ctrl Pts',(1.85949208048389,15.7924601945605,12.5));
#9477=CARTESIAN_POINT('Ctrl Pts',(8.4129703372163,12.9084121438624,5.));
#9478=CARTESIAN_POINT('Ctrl Pts',(6.3959430431724,14.2228358957874,7.5));
#9479=CARTESIAN_POINT('Ctrl Pts',(4.06711917488404,15.0553631320457,10.));
#9480=CARTESIAN_POINT('Ctrl Pts',(1.67384200075371,15.3167694677177,12.5));
#9481=CARTESIAN_POINT('Ctrl Pts',(8.2340780914558,12.7298751246713,5.));
#9482=CARTESIAN_POINT('Ctrl Pts',(6.24502083877406,14.0164204697635,7.5));
#9483=CARTESIAN_POINT('Ctrl Pts',(3.95063362041171,14.8275010270116,10.));
#9484=CARTESIAN_POINT('Ctrl Pts',(1.59490413163098,15.0766721632071,12.5));
#9485=CARTESIAN_POINT('Ctrl Pts',(8.16580022434864,12.624317621767,5.));
#9486=CARTESIAN_POINT('Ctrl Pts',(6.19325059594809,13.9002239068211,7.5));
#9487=CARTESIAN_POINT('Ctrl Pts',(3.91787507093216,14.7045174192335,10.));
#9488=CARTESIAN_POINT('Ctrl Pts',(1.58167901387783,14.9516547651518,12.5));
#9489=CARTESIAN_POINT('',(13.3563448084486,14.8865057470794,5.));
#9490=CARTESIAN_POINT('Ctrl Pts',(13.3563448084486,14.8865057470794,5.));
#9491=CARTESIAN_POINT('Ctrl Pts',(13.3385074881102,14.8843647497237,5.));
#9492=CARTESIAN_POINT('Ctrl Pts',(13.3028604822497,14.8800244716855,5.));
#9493=CARTESIAN_POINT('Ctrl Pts',(13.2494728779379,14.8733392046655,5.));
#9494=CARTESIAN_POINT('Ctrl Pts',(13.1784552693088,14.864075699041,5.));
#9495=CARTESIAN_POINT('Ctrl Pts',(13.0899603053849,14.8519125851461,5.));
#9496=CARTESIAN_POINT('Ctrl Pts',(13.0017436530765,14.8391647871815,5.));
#9497=CARTESIAN_POINT('Ctrl Pts',(12.9138074356755,14.8258312821015,5.));
#9498=CARTESIAN_POINT('Ctrl Pts',(12.8261548032507,14.8119111392299,5.));
#9499=CARTESIAN_POINT('Ctrl Pts',(12.7387901814901,14.7974037278703,5.));
#9500=CARTESIAN_POINT('Ctrl Pts',(12.6517190296453,14.782308676768,5.));
#9501=CARTESIAN_POINT('Ctrl Pts',(12.5649474629705,14.7666257649144,5.));
#9502=CARTESIAN_POINT('Ctrl Pts',(12.4784819052573,14.7503548372419,5.));
#9503=CARTESIAN_POINT('Ctrl Pts',(12.392328759273,14.7334957198899,5.));
#9504=CARTESIAN_POINT('Ctrl Pts',(12.306493987699,14.7160481263492,5.));
#9505=CARTESIAN_POINT('Ctrl Pts',(12.2209830735032,14.6980116309817,5.));
#9506=CARTESIAN_POINT('Ctrl Pts',(12.1358012689786,14.6793856966386,5.));
#9507=CARTESIAN_POINT('Ctrl Pts',(12.0509537651764,14.6601696906082,5.));
#9508=CARTESIAN_POINT('Ctrl Pts',(11.966445876642,14.6403629088669,5.));
#9509=CARTESIAN_POINT('Ctrl Pts',(11.8822832532646,14.6199646027398,5.));
#9510=CARTESIAN_POINT('Ctrl Pts',(11.7984719512947,14.5989740026594,5.));
#9511=CARTESIAN_POINT('Ctrl Pts',(11.7150182801752,14.5773903318122,5.));
#9512=CARTESIAN_POINT('Ctrl Pts',(11.6319286961582,14.5552128283653,5.));
#9513=CARTESIAN_POINT('Ctrl Pts',(11.5492096851044,14.5324407636517,5.));
#9514=CARTESIAN_POINT('Ctrl Pts',(11.4668676224729,14.5090734782308,5.));
#9515=CARTESIAN_POINT('Ctrl Pts',(11.3849087189428,14.4851103778028,5.));
#9516=CARTESIAN_POINT('Ctrl Pts',(11.3033392198388,14.4605508141118,5.));
#9517=CARTESIAN_POINT('Ctrl Pts',(11.2221655609516,14.4353939866875,5.));
#9518=CARTESIAN_POINT('Ctrl Pts',(11.1413945283905,14.4096388479634,5.));
#9519=CARTESIAN_POINT('Ctrl Pts',(11.061033439188,14.3832839935496,5.));
#9520=CARTESIAN_POINT('Ctrl Pts',(10.9810902361574,14.356327615155,5.));
#9521=CARTESIAN_POINT('Ctrl Pts',(10.9015731554793,14.3287677533735,5.));
#9522=CARTESIAN_POINT('Ctrl Pts',(10.8224904404045,14.300602520918,5.));
#9523=CARTESIAN_POINT('Ctrl Pts',(10.7438500503328,14.2718303286039,5.));
#9524=CARTESIAN_POINT('Ctrl Pts',(10.6656593304413,14.2424501455798,5.));
#9525=CARTESIAN_POINT('Ctrl Pts',(10.5879248040656,14.2124616614653,5.));
#9526=CARTESIAN_POINT('Ctrl Pts',(10.5106529647363,14.1818646439513,5.));
#9527=CARTESIAN_POINT('Ctrl Pts',(10.4338509862733,14.1506583635453,5.));
#9528=CARTESIAN_POINT('Ctrl Pts',(10.3575274309762,14.1188410215307,5.));
#9529=CARTESIAN_POINT('Ctrl Pts',(10.2816930281935,14.0864091215387,5.));
#9530=CARTESIAN_POINT('Ctrl Pts',(10.2063612178498,14.0533570342902,5.));
#9531=CARTESIAN_POINT('Ctrl Pts',(10.1315464068528,14.0196784301156,5.));
#9532=CARTESIAN_POINT('Ctrl Pts',(10.0572623632795,13.9853676004447,5.));
#9533=CARTESIAN_POINT('Ctrl Pts',(9.98352064121693,13.9504207549052,5.));
#9534=CARTESIAN_POINT('Ctrl Pts',(9.91032878340386,13.9148375021819,5.));
#9535=CARTESIAN_POINT('Ctrl Pts',(9.83768919310329,13.8786217822922,5.));
#9536=CARTESIAN_POINT('Ctrl Pts',(9.76560343159784,13.8417783443288,5.));
#9537=CARTESIAN_POINT('Ctrl Pts',(9.69407616811107,13.804309510557,5.));
#9538=CARTESIAN_POINT('Ctrl Pts',(9.62311895705796,13.7662120836234,5.));
#9539=CARTESIAN_POINT('Ctrl Pts',(9.55275480390224,13.7274736064747,5.));
#9540=CARTESIAN_POINT('Ctrl Pts',(9.48302030623244,13.6880706164715,5.));
#9541=CARTESIAN_POINT('Ctrl Pts',(9.41395552661586,13.6479769857967,5.));
#9542=CARTESIAN_POINT('Ctrl Pts',(9.34559485650564,13.6071714475272,5.));
#9543=CARTESIAN_POINT('Ctrl Pts',(9.27795861095857,13.5656445232525,5.));
#9544=CARTESIAN_POINT('Ctrl Pts',(9.21104164260603,13.5234078986116,5.));
#9545=CARTESIAN_POINT('Ctrl Pts',(9.14481143920218,13.4804960137588,5.));
#9546=CARTESIAN_POINT('Ctrl Pts',(9.07923335292213,13.4369453813188,5.));
#9547=CARTESIAN_POINT('Ctrl Pts',(9.01429284636907,13.392776352303,5.));
#9548=CARTESIAN_POINT('Ctrl Pts',(8.9500151877732,13.347976982039,5.));
#9549=CARTESIAN_POINT('Ctrl Pts',(8.88649523115063,13.3024786052905,5.));
#9550=CARTESIAN_POINT('Ctrl Pts',(8.82389213883333,13.2561602376586,5.));
#9551=CARTESIAN_POINT('Ctrl Pts',(8.76237043972677,13.2088971414606,5.));
#9552=CARTESIAN_POINT('Ctrl Pts',(8.70204845598487,13.1606032755602,5.));
#9553=CARTESIAN_POINT('Ctrl Pts',(8.64295465211945,13.1112673619381,5.));
#9554=CARTESIAN_POINT('Ctrl Pts',(8.58495361828216,13.0610136054146,5.));
#9555=CARTESIAN_POINT('Ctrl Pts',(8.52779768790006,13.0100603243419,5.));
#9556=CARTESIAN_POINT('Ctrl Pts',(8.47127526633241,12.9585999022391,5.));
#9557=CARTESIAN_POINT('Ctrl Pts',(8.4153396865354,12.9066947185573,5.));
#9558=CARTESIAN_POINT('Ctrl Pts',(8.36022799173676,12.854180932266,5.));
#9559=CARTESIAN_POINT('Ctrl Pts',(8.30663116150125,12.8005313129497,5.));
#9560=CARTESIAN_POINT('Ctrl Pts',(8.25553134311827,12.7449836302164,5.));
#9561=CARTESIAN_POINT('Ctrl Pts',(8.21745455738575,12.6983981518787,5.));
#9562=CARTESIAN_POINT('Ctrl Pts',(8.19083376603219,12.6619690684799,5.));
#9563=CARTESIAN_POINT('Ctrl Pts',(8.1739935684015,12.6369845221155,5.));
#9564=CARTESIAN_POINT('Ctrl Pts',(8.16580022434864,12.624317621767,5.));
#9565=CARTESIAN_POINT('Ctrl Pts',(13.3563448084486,14.8865057470794,5.));
#9566=CARTESIAN_POINT('Ctrl Pts',(11.0303282854681,16.9734346233989,7.5));
#9567=CARTESIAN_POINT('Ctrl Pts',(8.20827935204605,18.5037773192062,10.));
#9568=CARTESIAN_POINT('Ctrl Pts',(5.19034669725743,19.3147689906524,12.5));
#9569=CARTESIAN_POINT('Ctrl Pts',(14.8865057470794,13.3563448084486,5.));
#9570=CARTESIAN_POINT('Ctrl Pts',(12.7995768707599,15.6823613314291,7.5));
#9571=CARTESIAN_POINT('Ctrl Pts',(10.1593853809767,17.5086411146266,10.));
#9572=CARTESIAN_POINT('Ctrl Pts',(7.24673789492922,18.6409439107089,12.5));
#9573=CARTESIAN_POINT('Ctrl Pts',(14.4045573354686,13.8935073257491,5.));
#9574=CARTESIAN_POINT('Ctrl Pts',(12.2336959194087,16.1442203212739,7.5));
#9575=CARTESIAN_POINT('Ctrl Pts',(9.52760732251986,17.8752304967598,10.));
#9576=CARTESIAN_POINT('Ctrl Pts',(6.5741007747038,18.9024341513332,12.5));
#9577=CARTESIAN_POINT('Ctrl Pts',(13.8935073257492,14.4045573354686,5.));
#9578=CARTESIAN_POINT('Ctrl Pts',(11.6427943302244,16.5754187515284,7.5));
#9579=CARTESIAN_POINT('Ctrl Pts',(8.87596819132312,18.2075905681397,10.));
#9580=CARTESIAN_POINT('Ctrl Pts',(5.88729802407453,19.127481272169,12.5));
#9581=CARTESIAN_POINT('Ctrl Pts',(13.3563448084486,14.8865057470794,5.));
#9582=CARTESIAN_POINT('Ctrl Pts',(11.0303282854681,16.9734346233989,7.5));
#9583=CARTESIAN_POINT('Ctrl Pts',(8.20827935204605,18.5037773192062,10.));
#9584=CARTESIAN_POINT('Ctrl Pts',(5.19034669725743,19.3147689906524,12.5));
#9585=CARTESIAN_POINT('',(14.8865057470794,13.3563448084486,5.));
#9586=CARTESIAN_POINT('Origin',(0.,0.,5.));
#9587=CARTESIAN_POINT('Ctrl Pts',(14.8865057470794,13.3563448084486,5.));
#9588=CARTESIAN_POINT('Ctrl Pts',(12.7995768707599,15.6823613314291,7.5));
#9589=CARTESIAN_POINT('Ctrl Pts',(10.1593853809767,17.5086411146266,10.));
#9590=CARTESIAN_POINT('Ctrl Pts',(7.24673789492923,18.6409439107089,12.5));
#9591=CARTESIAN_POINT('Ctrl Pts',(12.624317621767,8.16580022434864,5.));
#9592=CARTESIAN_POINT('Ctrl Pts',(11.3484113367129,10.1383498527492,7.5));
#9593=CARTESIAN_POINT('Ctrl Pts',(9.60292424097517,11.8049321737172,10.));
#9594=CARTESIAN_POINT('Ctrl Pts',(7.57350359863149,12.9882921110031,12.5));
#9595=CARTESIAN_POINT('Ctrl Pts',(12.7298751246713,8.2340780914558,5.));
#9596=CARTESIAN_POINT('Ctrl Pts',(11.4433297795792,10.2231353441375,7.5));
#9597=CARTESIAN_POINT('Ctrl Pts',(9.68319879174568,11.9036124441894,10.));
#9598=CARTESIAN_POINT('Ctrl Pts',(7.63682901170015,13.0968929655844,12.5));
#9599=CARTESIAN_POINT('Ctrl Pts',(12.9084113489813,8.4129712635687,5.));
#9600=CARTESIAN_POINT('Ctrl Pts',(11.5939875970563,10.4299985576126,7.5));
#9601=CARTESIAN_POINT('Ctrl Pts',(9.79916547536925,12.1315082967949,10.));
#9602=CARTESIAN_POINT('Ctrl Pts',(7.7152883623596,13.337147165784,12.5));
#9603=CARTESIAN_POINT('Ctrl Pts',(13.2489195155083,8.79349955458892,5.));
#9604=CARTESIAN_POINT('Ctrl Pts',(11.8748692757714,10.8635829060555,7.5));
#9605=CARTESIAN_POINT('Ctrl Pts',(10.0081964719446,12.6044267335798,10.));
#9606=CARTESIAN_POINT('Ctrl Pts',(7.84715534664969,13.8304611532125,12.5));
#9607=CARTESIAN_POINT('Ctrl Pts',(13.7644489402235,9.5530483020108,5.));
#9608=CARTESIAN_POINT('Ctrl Pts',(12.2719852575809,11.7039201658331,7.5));
#9609=CARTESIAN_POINT('Ctrl Pts',(10.2671137574368,13.4963689152192,10.));
#9610=CARTESIAN_POINT('Ctrl Pts',(7.96393406416103,14.7409816739004,12.5));
#9611=CARTESIAN_POINT('Ctrl Pts',(14.4560637886915,11.0416602684897,5.));
#9612=CARTESIAN_POINT('Ctrl Pts',(12.7307567774657,13.3003715236217,7.49999999999999));
#9613=CARTESIAN_POINT('Ctrl Pts',(10.4680603927603,15.1458464916684,10.));
#9614=CARTESIAN_POINT('Ctrl Pts',(7.90843455888587,16.3814744322751,12.5));
#9615=CARTESIAN_POINT('Ctrl Pts',(14.7794558792945,12.4644787915266,5.));
#9616=CARTESIAN_POINT('Ctrl Pts',(12.8317756309532,14.7737370318011,7.5));
#9617=CARTESIAN_POINT('Ctrl Pts',(10.3350029016035,16.6166573804986,10.));
#9618=CARTESIAN_POINT('Ctrl Pts',(7.55415472320377,17.7969181054004,12.5));
#9619=CARTESIAN_POINT('Ctrl Pts',(14.8865057470794,13.3563448084486,5.));
#9620=CARTESIAN_POINT('Ctrl Pts',(12.7995768707599,15.6823613314291,7.5));
#9621=CARTESIAN_POINT('Ctrl Pts',(10.1593853809767,17.5086411146266,10.));
#9622=CARTESIAN_POINT('Ctrl Pts',(7.24673789492923,18.6409439107089,12.5));
#9623=CARTESIAN_POINT('',(12.624317621767,8.16580022434864,5.));
#9624=CARTESIAN_POINT('Ctrl Pts',(12.624317621767,8.16580022434864,5.));
#9625=CARTESIAN_POINT('Ctrl Pts',(12.6369845221155,8.1739935684015,5.));
#9626=CARTESIAN_POINT('Ctrl Pts',(12.6619690684799,8.19083376603219,5.));
#9627=CARTESIAN_POINT('Ctrl Pts',(12.6983981518787,8.21745455738575,5.));
#9628=CARTESIAN_POINT('Ctrl Pts',(12.7449836302164,8.25553134311827,5.));
#9629=CARTESIAN_POINT('Ctrl Pts',(12.8005313129497,8.30663116150125,5.));
#9630=CARTESIAN_POINT('Ctrl Pts',(12.854180932266,8.36022799173676,5.));
#9631=CARTESIAN_POINT('Ctrl Pts',(12.9066947185573,8.4153396865354,5.));
#9632=CARTESIAN_POINT('Ctrl Pts',(12.9585999022391,8.47127526633241,5.));
#9633=CARTESIAN_POINT('Ctrl Pts',(13.0100603243419,8.52779768790006,5.));
#9634=CARTESIAN_POINT('Ctrl Pts',(13.0610136054146,8.58495361828216,5.));
#9635=CARTESIAN_POINT('Ctrl Pts',(13.1112673619381,8.64295465211945,5.));
#9636=CARTESIAN_POINT('Ctrl Pts',(13.1606032755602,8.70204845598487,5.));
#9637=CARTESIAN_POINT('Ctrl Pts',(13.2088971414606,8.76237043972677,5.));
#9638=CARTESIAN_POINT('Ctrl Pts',(13.2561602376586,8.82389213883333,5.));
#9639=CARTESIAN_POINT('Ctrl Pts',(13.3024786052905,8.88649523115063,5.));
#9640=CARTESIAN_POINT('Ctrl Pts',(13.347976982039,8.9500151877732,5.));
#9641=CARTESIAN_POINT('Ctrl Pts',(13.392776352303,9.01429284636907,5.));
#9642=CARTESIAN_POINT('Ctrl Pts',(13.4369453813188,9.07923335292213,5.));
#9643=CARTESIAN_POINT('Ctrl Pts',(13.4804960137588,9.14481143920218,5.));
#9644=CARTESIAN_POINT('Ctrl Pts',(13.5234078986116,9.21104164260603,5.));
#9645=CARTESIAN_POINT('Ctrl Pts',(13.5656445232525,9.27795861095857,5.));
#9646=CARTESIAN_POINT('Ctrl Pts',(13.6071714475272,9.34559485650564,5.));
#9647=CARTESIAN_POINT('Ctrl Pts',(13.6479769857967,9.41395552661586,5.));
#9648=CARTESIAN_POINT('Ctrl Pts',(13.6880706164715,9.48302030623244,5.));
#9649=CARTESIAN_POINT('Ctrl Pts',(13.7274736064747,9.55275480390224,5.));
#9650=CARTESIAN_POINT('Ctrl Pts',(13.7662120836234,9.62311895705796,5.));
#9651=CARTESIAN_POINT('Ctrl Pts',(13.804309510557,9.69407616811107,5.));
#9652=CARTESIAN_POINT('Ctrl Pts',(13.8417783443288,9.76560343159784,5.));
#9653=CARTESIAN_POINT('Ctrl Pts',(13.8786217822922,9.83768919310329,5.));
#9654=CARTESIAN_POINT('Ctrl Pts',(13.9148375021819,9.91032878340386,5.));
#9655=CARTESIAN_POINT('Ctrl Pts',(13.9504207549052,9.98352064121693,5.));
#9656=CARTESIAN_POINT('Ctrl Pts',(13.9853676004447,10.0572623632795,5.));
#9657=CARTESIAN_POINT('Ctrl Pts',(14.0196784301156,10.1315464068528,5.));
#9658=CARTESIAN_POINT('Ctrl Pts',(14.0533570342902,10.2063612178498,5.));
#9659=CARTESIAN_POINT('Ctrl Pts',(14.0864091215387,10.2816930281935,5.));
#9660=CARTESIAN_POINT('Ctrl Pts',(14.1188410215307,10.3575274309762,5.));
#9661=CARTESIAN_POINT('Ctrl Pts',(14.1506583635453,10.4338509862733,5.));
#9662=CARTESIAN_POINT('Ctrl Pts',(14.1818646439513,10.5106529647363,5.));
#9663=CARTESIAN_POINT('Ctrl Pts',(14.2124616614653,10.5879248040656,5.));
#9664=CARTESIAN_POINT('Ctrl Pts',(14.2424501455798,10.6656593304413,5.));
#9665=CARTESIAN_POINT('Ctrl Pts',(14.2718303286039,10.7438500503328,5.));
#9666=CARTESIAN_POINT('Ctrl Pts',(14.300602520918,10.8224904404045,5.));
#9667=CARTESIAN_POINT('Ctrl Pts',(14.3287677533735,10.9015731554793,5.));
#9668=CARTESIAN_POINT('Ctrl Pts',(14.356327615155,10.9810902361574,5.));
#9669=CARTESIAN_POINT('Ctrl Pts',(14.3832839935496,11.061033439188,5.));
#9670=CARTESIAN_POINT('Ctrl Pts',(14.4096388479634,11.1413945283905,5.));
#9671=CARTESIAN_POINT('Ctrl Pts',(14.4353939866875,11.2221655609516,5.));
#9672=CARTESIAN_POINT('Ctrl Pts',(14.4605508141118,11.3033392198388,5.));
#9673=CARTESIAN_POINT('Ctrl Pts',(14.4851103778028,11.3849087189428,5.));
#9674=CARTESIAN_POINT('Ctrl Pts',(14.5090734782308,11.4668676224729,5.));
#9675=CARTESIAN_POINT('Ctrl Pts',(14.5324407636517,11.5492096851044,5.));
#9676=CARTESIAN_POINT('Ctrl Pts',(14.5552128283653,11.6319286961582,5.));
#9677=CARTESIAN_POINT('Ctrl Pts',(14.5773903318122,11.7150182801752,5.));
#9678=CARTESIAN_POINT('Ctrl Pts',(14.5989740026594,11.7984719512947,5.));
#9679=CARTESIAN_POINT('Ctrl Pts',(14.6199646027398,11.8822832532646,5.));
#9680=CARTESIAN_POINT('Ctrl Pts',(14.6403629088669,11.966445876642,5.));
#9681=CARTESIAN_POINT('Ctrl Pts',(14.6601696906082,12.0509537651764,5.));
#9682=CARTESIAN_POINT('Ctrl Pts',(14.6793856966386,12.1358012689786,5.));
#9683=CARTESIAN_POINT('Ctrl Pts',(14.6980116309817,12.2209830735032,5.));
#9684=CARTESIAN_POINT('Ctrl Pts',(14.7160481263492,12.306493987699,5.));
#9685=CARTESIAN_POINT('Ctrl Pts',(14.7334957198899,12.392328759273,5.));
#9686=CARTESIAN_POINT('Ctrl Pts',(14.7503548372419,12.4784819052573,5.));
#9687=CARTESIAN_POINT('Ctrl Pts',(14.7666257649144,12.5649474629705,5.));
#9688=CARTESIAN_POINT('Ctrl Pts',(14.782308676768,12.6517190296453,5.));
#9689=CARTESIAN_POINT('Ctrl Pts',(14.7974037278703,12.7387901814901,5.));
#9690=CARTESIAN_POINT('Ctrl Pts',(14.8119111392299,12.8261548032507,5.));
#9691=CARTESIAN_POINT('Ctrl Pts',(14.8258312821015,12.9138074356755,5.));
#9692=CARTESIAN_POINT('Ctrl Pts',(14.8391647871815,13.0017436530765,5.));
#9693=CARTESIAN_POINT('Ctrl Pts',(14.8519125851461,13.0899603053849,5.));
#9694=CARTESIAN_POINT('Ctrl Pts',(14.864075699041,13.1784552693088,5.));
#9695=CARTESIAN_POINT('Ctrl Pts',(14.8733392046655,13.2494728779379,5.));
#9696=CARTESIAN_POINT('Ctrl Pts',(14.8800244716855,13.3028604822497,5.));
#9697=CARTESIAN_POINT('Ctrl Pts',(14.8843647497237,13.3385074881102,5.));
#9698=CARTESIAN_POINT('Ctrl Pts',(14.8865057470794,13.3563448084486,5.));
#9699=CARTESIAN_POINT('Ctrl Pts',(12.624317621767,8.16580022434864,5.));
#9700=CARTESIAN_POINT('Ctrl Pts',(11.3484113367129,10.1383498527492,7.5));
#9701=CARTESIAN_POINT('Ctrl Pts',(9.60292424097517,11.8049321737172,10.));
#9702=CARTESIAN_POINT('Ctrl Pts',(7.57350359863149,12.9882921110031,12.5));
#9703=CARTESIAN_POINT('Ctrl Pts',(11.1016038769989,7.18086174203363,5.));
#9704=CARTESIAN_POINT('Ctrl Pts',(9.97959422980649,8.91548734781424,7.5));
#9705=CARTESIAN_POINT('Ctrl Pts',(8.4446434396044,10.3810506606301,10.));
#9706=CARTESIAN_POINT('Ctrl Pts',(6.66000645991862,11.4216766699921,12.5));
#9707=CARTESIAN_POINT('Ctrl Pts',(11.609175125255,7.50917456947196,5.));
#9708=CARTESIAN_POINT('Ctrl Pts',(10.4358665987753,9.32310818279255,7.5));
#9709=CARTESIAN_POINT('Ctrl Pts',(8.83073704006133,10.8556778316592,10.));
#9710=CARTESIAN_POINT('Ctrl Pts',(6.96450550615625,11.9438818169958,12.5));
#9711=CARTESIAN_POINT('Ctrl Pts',(12.116746373511,7.8374873969103,5.));
#9712=CARTESIAN_POINT('Ctrl Pts',(10.8921389677441,9.73072901777088,7.5));
#9713=CARTESIAN_POINT('Ctrl Pts',(9.21683064051825,11.3303050026882,10.));
#9714=CARTESIAN_POINT('Ctrl Pts',(7.26900455239387,12.4660869639994,12.5));
#9715=CARTESIAN_POINT('Ctrl Pts',(12.624317621767,8.16580022434864,5.));
#9716=CARTESIAN_POINT('Ctrl Pts',(11.3484113367129,10.1383498527492,7.5));
#9717=CARTESIAN_POINT('Ctrl Pts',(9.60292424097517,11.8049321737172,10.));
#9718=CARTESIAN_POINT('Ctrl Pts',(7.57350359863149,12.9882921110031,12.5));
#9719=CARTESIAN_POINT('',(11.1016038769989,7.18086174203363,5.));
#9720=CARTESIAN_POINT('',(11.1016038769989,7.18086174203363,5.));
#9721=CARTESIAN_POINT('Ctrl Pts',(11.1016038769989,7.18086174203363,5.));
#9722=CARTESIAN_POINT('Ctrl Pts',(9.97959422980649,8.91548734781424,7.5));
#9723=CARTESIAN_POINT('Ctrl Pts',(8.4446434396044,10.3810506606301,10.));
#9724=CARTESIAN_POINT('Ctrl Pts',(6.66000645991862,11.4216766699921,12.5));
#9725=CARTESIAN_POINT('Ctrl Pts',(10.3649476275994,4.67870117416377,5.));
#9726=CARTESIAN_POINT('Ctrl Pts',(9.63390056913651,6.29822424097574,7.5));
#9727=CARTESIAN_POINT('Ctrl Pts',(8.51706139232079,7.74204972891947,10.));
#9728=CARTESIAN_POINT('Ctrl Pts',(7.13321535663471,8.85661462839334,12.5));
#9729=CARTESIAN_POINT('Ctrl Pts',(10.1979491057063,5.04866088496268,5.));
#9730=CARTESIAN_POINT('Ctrl Pts',(9.40924404648162,6.64198794794606,7.5));
#9731=CARTESIAN_POINT('Ctrl Pts',(8.2405431785762,8.04607666401038,10.));
#9732=CARTESIAN_POINT('Ctrl Pts',(6.8170931045692,9.11122298583258,12.5));
#9733=CARTESIAN_POINT('Ctrl Pts',(10.0779026303626,6.03516784786886,5.));
#9734=CARTESIAN_POINT('Ctrl Pts',(9.13503198657944,7.61009469718652,7.5));
#9735=CARTESIAN_POINT('Ctrl Pts',(7.81699359182668,8.95800226114184,9.99999999999999));
#9736=CARTESIAN_POINT('Ctrl Pts',(6.264319896156,9.937085519288,12.5));
#9737=CARTESIAN_POINT('Ctrl Pts',(10.6471759424431,6.88692365831907,5.));
#9738=CARTESIAN_POINT('Ctrl Pts',(9.57065895755747,8.54997154771428,7.5));
#9739=CARTESIAN_POINT('Ctrl Pts',(8.09910349848528,9.95682561985857,10.));
#9740=CARTESIAN_POINT('Ctrl Pts',(6.38738882617475,10.9541470233018,12.5));
#9741=CARTESIAN_POINT('Ctrl Pts',(11.1016038769989,7.18086174203363,5.));
#9742=CARTESIAN_POINT('Ctrl Pts',(9.97959422980649,8.91548734781424,7.5));
#9743=CARTESIAN_POINT('Ctrl Pts',(8.4446434396044,10.3810506606301,10.));
#9744=CARTESIAN_POINT('Ctrl Pts',(6.66000645991862,11.4216766699921,12.5));
#9745=CARTESIAN_POINT('',(10.3649476275994,4.67870117416377,5.));
#9746=CARTESIAN_POINT('Origin',(12.1878367636528,5.50154696631357,5.));
#9747=CARTESIAN_POINT('Ctrl Pts',(10.3649476275994,4.67870117416378,5.));
#9748=CARTESIAN_POINT('Ctrl Pts',(9.63390056913651,6.29822424097574,7.5));
#9749=CARTESIAN_POINT('Ctrl Pts',(8.51706139232079,7.74204972891947,10.));
#9750=CARTESIAN_POINT('Ctrl Pts',(7.13321535663471,8.85661462839334,12.5));
#9751=CARTESIAN_POINT('Ctrl Pts',(10.6374660815156,4.02078342672229,5.));
#9752=CARTESIAN_POINT('Ctrl Pts',(10.0092186710904,5.68288750195865,7.5));
#9753=CARTESIAN_POINT('Ctrl Pts',(8.98493861217689,7.19378529711835,10.));
#9754=CARTESIAN_POINT('Ctrl Pts',(7.67356672195483,8.39278009742346,12.5));
#9755=CARTESIAN_POINT('Ctrl Pts',(10.5535239841111,4.24286234000498,5.));
#9756=CARTESIAN_POINT('Ctrl Pts',(9.89057671267732,5.89185053795172,7.5));
#9757=CARTESIAN_POINT('Ctrl Pts',(8.83475365703194,7.38136425810739,10.));
#9758=CARTESIAN_POINT('Ctrl Pts',(7.49835023062377,8.55298153501725,12.5));
#9759=CARTESIAN_POINT('Ctrl Pts',(10.4626251068384,4.46231164232132,5.));
#9760=CARTESIAN_POINT('Ctrl Pts',(9.76538888117364,6.09709689038601,7.5));
#9761=CARTESIAN_POINT('Ctrl Pts',(8.67869261517479,7.56423855799296,10.));
#9762=CARTESIAN_POINT('Ctrl Pts',(7.31811534474888,8.7076941333738,12.5));
#9763=CARTESIAN_POINT('Ctrl Pts',(10.3649476275994,4.67870117416378,5.));
#9764=CARTESIAN_POINT('Ctrl Pts',(9.63390056913651,6.29822424097574,7.5));
#9765=CARTESIAN_POINT('Ctrl Pts',(8.51706139232079,7.74204972891947,10.));
#9766=CARTESIAN_POINT('Ctrl Pts',(7.13321535663471,8.85661462839334,12.5));
#9767=CARTESIAN_POINT('',(10.6374660815156,4.02078342672229,5.));
#9768=CARTESIAN_POINT('Origin',(0.,0.,5.));
#9769=CARTESIAN_POINT('Ctrl Pts',(10.6374660815156,4.02078342672229,5.));
#9770=CARTESIAN_POINT('Ctrl Pts',(10.0092186710904,5.68288750195865,7.5));
#9771=CARTESIAN_POINT('Ctrl Pts',(8.98493861217689,7.19378529711835,10.));
#9772=CARTESIAN_POINT('Ctrl Pts',(7.67356672195483,8.39278009742346,12.5));
#9773=CARTESIAN_POINT('Ctrl Pts',(12.9276554160278,2.77238335091779,5.));
#9774=CARTESIAN_POINT('Ctrl Pts',(12.494470517447,4.79232950967159,7.5));
#9775=CARTESIAN_POINT('Ctrl Pts',(11.5797262390153,6.70732106508124,10.));
#9776=CARTESIAN_POINT('Ctrl Pts',(10.2807133444606,8.31368252515277,12.5));
#9777=CARTESIAN_POINT('Ctrl Pts',(12.5307744012814,2.68727075453669,5.));
#9778=CARTESIAN_POINT('Ctrl Pts',(12.1110198144552,4.64532747643239,7.5));
#9779=CARTESIAN_POINT('Ctrl Pts',(11.2241652383621,6.50123595012197,10.));
#9780=CARTESIAN_POINT('Ctrl Pts',(9.96509385947585,8.05845118964151,12.5));
#9781=CARTESIAN_POINT('Ctrl Pts',(11.5411659073579,2.77824859509828,5.));
#9782=CARTESIAN_POINT('Ctrl Pts',(11.1068431614471,4.58173053229068,7.5));
#9783=CARTESIAN_POINT('Ctrl Pts',(10.2433652265657,6.27980631525502,10.));
#9784=CARTESIAN_POINT('Ctrl Pts',(9.04112957996319,7.69253870160177,12.5));
#9785=CARTESIAN_POINT('Ctrl Pts',(10.8288197255063,3.51453434998838,5.));
#9786=CARTESIAN_POINT('Ctrl Pts',(10.2801422680983,5.20599101256459,7.5));
#9787=CARTESIAN_POINT('Ctrl Pts',(9.32663416184586,6.76645768572089,10.));
#9788=CARTESIAN_POINT('Ctrl Pts',(8.07298864659292,8.02758635311662,12.5));
#9789=CARTESIAN_POINT('Ctrl Pts',(10.6374660815156,4.02078342672229,5.));
#9790=CARTESIAN_POINT('Ctrl Pts',(10.0092186710904,5.68288750195865,7.5));
#9791=CARTESIAN_POINT('Ctrl Pts',(8.98493861217689,7.19378529711835,10.));
#9792=CARTESIAN_POINT('Ctrl Pts',(7.67356672195483,8.39278009742346,12.5));
#9793=CARTESIAN_POINT('',(12.9276554160278,2.77238335091779,5.));
#9794=CARTESIAN_POINT('Origin',(12.5082831904702,4.72792085667697,5.));
#9795=CARTESIAN_POINT('Ctrl Pts',(12.9276554160278,2.77238335091779,5.));
#9796=CARTESIAN_POINT('Ctrl Pts',(12.494470517447,4.79232950967159,7.5));
#9797=CARTESIAN_POINT('Ctrl Pts',(11.5797262390153,6.70732106508124,10.));
#9798=CARTESIAN_POINT('Ctrl Pts',(10.2807133444606,8.31368252515277,12.5));
#9799=CARTESIAN_POINT('Ctrl Pts',(14.7008333106558,3.15264788575272,5.));
#9800=CARTESIAN_POINT('Ctrl Pts',(14.2082320785071,5.44965309054207,7.5));
#9801=CARTESIAN_POINT('Ctrl Pts',(13.1680200117136,7.62730795071786,10.));
#9802=CARTESIAN_POINT('Ctrl Pts',(11.6908324307725,9.45400051802556,12.5));
#9803=CARTESIAN_POINT('Ctrl Pts',(14.1097740124465,3.02589304080775,5.));
#9804=CARTESIAN_POINT('Ctrl Pts',(13.6369782248204,5.23054523025191,7.5));
#9805=CARTESIAN_POINT('Ctrl Pts',(12.6385887541475,7.32064565550566,10.));
#9806=CARTESIAN_POINT('Ctrl Pts',(11.2207927353352,9.0738945204013,12.5));
#9807=CARTESIAN_POINT('Ctrl Pts',(13.5187147142372,2.89913819586277,5.));
#9808=CARTESIAN_POINT('Ctrl Pts',(13.0657243711337,5.01143736996175,7.5));
#9809=CARTESIAN_POINT('Ctrl Pts',(12.1091574965814,7.01398336029345,10.));
#9810=CARTESIAN_POINT('Ctrl Pts',(10.7507530398979,8.69378852277703,12.5));
#9811=CARTESIAN_POINT('Ctrl Pts',(12.9276554160278,2.77238335091779,5.));
#9812=CARTESIAN_POINT('Ctrl Pts',(12.494470517447,4.79232950967159,7.5));
#9813=CARTESIAN_POINT('Ctrl Pts',(11.5797262390153,6.70732106508124,10.));
#9814=CARTESIAN_POINT('Ctrl Pts',(10.2807133444606,8.31368252515277,12.5));
#9815=CARTESIAN_POINT('',(14.7008333106558,3.15264788575272,5.));
#9816=CARTESIAN_POINT('',(14.7008333106558,3.15264788575272,5.));
#9817=CARTESIAN_POINT('Ctrl Pts',(14.7008333106558,3.15264788575272,5.));
#9818=CARTESIAN_POINT('Ctrl Pts',(14.2082320785071,5.44965309054207,7.5));
#9819=CARTESIAN_POINT('Ctrl Pts',(13.1680200117136,7.62730795071786,10.));
#9820=CARTESIAN_POINT('Ctrl Pts',(11.6908324307725,9.45400051802556,12.5));
#9821=CARTESIAN_POINT('Ctrl Pts',(19.9707111478521,1.08198717601261,5.));
#9822=CARTESIAN_POINT('Ctrl Pts',(19.8016506516002,4.20241079286365,7.5));
#9823=CARTESIAN_POINT('Ctrl Pts',(18.8882764116818,7.28001642827127,10.));
#9824=CARTESIAN_POINT('Ctrl Pts',(17.3277334766819,9.98747478400208,12.5));
#9825=CARTESIAN_POINT('Ctrl Pts',(19.2643709519409,1.63693599705219,5.));
#9826=CARTESIAN_POINT('Ctrl Pts',(19.0086967019171,4.6470460694465,7.5));
#9827=CARTESIAN_POINT('Ctrl Pts',(18.0348510104722,7.59354467676363,10.));
#9828=CARTESIAN_POINT('Ctrl Pts',(16.4468735392084,10.163458978995,12.5));
#9829=CARTESIAN_POINT('Ctrl Pts',(18.0296130068053,2.41434435334288,5.));
#9830=CARTESIAN_POINT('Ctrl Pts',(17.6524392488256,5.23147068585559,7.50000000000001));
#9831=CARTESIAN_POINT('Ctrl Pts',(16.603280177348,7.95632576504331,10.));
#9832=CARTESIAN_POINT('Ctrl Pts',(14.9940934487205,10.2991827580017,12.5));
#9833=CARTESIAN_POINT('Ctrl Pts',(16.4879607289789,2.97790506122089,5.));
#9834=CARTESIAN_POINT('Ctrl Pts',(16.022395839278,5.55413233226424,7.5));
#9835=CARTESIAN_POINT('Ctrl Pts',(14.9433449611729,8.01746950862565,10.));
#9836=CARTESIAN_POINT('Ctrl Pts',(13.3641328486927,10.1054797390569,12.5));
#9837=CARTESIAN_POINT('Ctrl Pts',(15.5863440519939,3.15045630377405,5.));
#9838=CARTESIAN_POINT('Ctrl Pts',(15.0941743187595,5.58582652142643,7.5));
#9839=CARTESIAN_POINT('Ctrl Pts',(14.0211284901696,7.90176622752774,10.));
#9840=CARTESIAN_POINT('Ctrl Pts',(12.4818164984871,9.85209382452337,12.5));
#9841=CARTESIAN_POINT('Ctrl Pts',(15.0764943190815,3.17875498704689,5.));
#9842=CARTESIAN_POINT('Ctrl Pts',(14.5796785899635,5.53444661284253,7.5));
#9843=CARTESIAN_POINT('Ctrl Pts',(13.521638158847,7.76985975775607,10.));
#9844=CARTESIAN_POINT('Ctrl Pts',(12.0141778323592,9.64700446944134,12.5));
#9845=CARTESIAN_POINT('Ctrl Pts',(14.823753479601,3.17900856902505,5.));
#9846=CARTESIAN_POINT('Ctrl Pts',(14.3270025458801,5.49520937838323,7.5));
#9847=CARTESIAN_POINT('Ctrl Pts',(13.2781463472271,7.69110670127373,10.));
#9848=CARTESIAN_POINT('Ctrl Pts',(11.7885846511489,9.53304959751151,12.5));
#9849=CARTESIAN_POINT('Ctrl Pts',(14.7008333106558,3.15264788575272,5.));
#9850=CARTESIAN_POINT('Ctrl Pts',(14.2082320785071,5.44965309054207,7.5));
#9851=CARTESIAN_POINT('Ctrl Pts',(13.1680200117136,7.62730795071786,10.));
#9852=CARTESIAN_POINT('Ctrl Pts',(11.6908324307725,9.45400051802556,12.5));
#9853=CARTESIAN_POINT('',(19.9707111478521,1.08198717601261,5.));
#9854=CARTESIAN_POINT('Ctrl Pts',(19.9707111478521,1.08198717601261,5.));
#9855=CARTESIAN_POINT('Ctrl Pts',(19.9565843439339,1.09308615243341,5.));
#9856=CARTESIAN_POINT('Ctrl Pts',(19.9283090643278,1.11522335197329,5.));
#9857=CARTESIAN_POINT('Ctrl Pts',(19.8858311296438,1.14824689136965,5.));
#9858=CARTESIAN_POINT('Ctrl Pts',(19.8290638093539,1.19191363637022,5.));
#9859=CARTESIAN_POINT('Ctrl Pts',(19.757887799947,1.24588840514628,5.));
#9860=CARTESIAN_POINT('Ctrl Pts',(19.6864951525002,1.29925294382109,5.));
#9861=CARTESIAN_POINT('Ctrl Pts',(19.614886645005,1.35200502759822,5.));
#9862=CARTESIAN_POINT('Ctrl Pts',(19.543063846809,1.40414177095503,5.));
#9863=CARTESIAN_POINT('Ctrl Pts',(19.4710294413764,1.45565959848793,5.));
#9864=CARTESIAN_POINT('Ctrl Pts',(19.3987870264645,1.50655438740631,5.));
#9865=CARTESIAN_POINT('Ctrl Pts',(19.3263407699341,1.55682165729582,5.));
#9866=CARTESIAN_POINT('Ctrl Pts',(19.2536951044426,1.60645675620051,5.));
#9867=CARTESIAN_POINT('Ctrl Pts',(19.1808544344922,1.65545503374208,5.));
#9868=CARTESIAN_POINT('Ctrl Pts',(19.1078227737426,1.70381207107564,5.));
#9869=CARTESIAN_POINT('Ctrl Pts',(19.0346036982661,1.75152369018576,5.));
#9870=CARTESIAN_POINT('Ctrl Pts',(18.961200542173,1.79858579731892,5.));
#9871=CARTESIAN_POINT('Ctrl Pts',(18.8876165286963,1.84499427445281,5.));
#9872=CARTESIAN_POINT('Ctrl Pts',(18.8138549179671,1.89074486581643,5.));
#9873=CARTESIAN_POINT('Ctrl Pts',(18.7399191756673,1.93583304694183,5.));
#9874=CARTESIAN_POINT('Ctrl Pts',(18.6658130400464,1.9802539912468,5.));
#9875=CARTESIAN_POINT('Ctrl Pts',(18.5915404232639,2.02400268799135,5.));
#9876=CARTESIAN_POINT('Ctrl Pts',(18.5171053518823,2.06707403321868,5.));
#9877=CARTESIAN_POINT('Ctrl Pts',(18.4425118968526,2.10946292548728,5.));
#9878=CARTESIAN_POINT('Ctrl Pts',(18.36776410001,2.15116439037182,5.));
#9879=CARTESIAN_POINT('Ctrl Pts',(18.2928659327343,2.1921736160257,5.));
#9880=CARTESIAN_POINT('Ctrl Pts',(18.217821352751,2.23248572795127,5.));
#9881=CARTESIAN_POINT('Ctrl Pts',(18.1426343448333,2.27209560933919,5.));
#9882=CARTESIAN_POINT('Ctrl Pts',(18.0673089667436,2.31099772094441,5.));
#9883=CARTESIAN_POINT('Ctrl Pts',(17.9918493993518,2.34918589578986,5.));
#9884=CARTESIAN_POINT('Ctrl Pts',(17.9162599804201,2.38665323880352,5.));
#9885=CARTESIAN_POINT('Ctrl Pts',(17.8405451482982,2.4233925406169,5.));
#9886=CARTESIAN_POINT('Ctrl Pts',(17.7647093973311,2.45939663785792,5.));
#9887=CARTESIAN_POINT('Ctrl Pts',(17.6887572319414,2.49465877865787,5.));
#9888=CARTESIAN_POINT('Ctrl Pts',(17.6126931170314,2.52917304027013,5.));
#9889=CARTESIAN_POINT('Ctrl Pts',(17.536521445824,2.56293459052787,5.));
#9890=CARTESIAN_POINT('Ctrl Pts',(17.4602466456712,2.59593867354423,5.));
#9891=CARTESIAN_POINT('Ctrl Pts',(17.3838732734008,2.62817970083326,5.));
#9892=CARTESIAN_POINT('Ctrl Pts',(17.3074061115881,2.65965034605023,5.));
#9893=CARTESIAN_POINT('Ctrl Pts',(17.2308502747221,2.69034055009401,5.));
#9894=CARTESIAN_POINT('Ctrl Pts',(17.1542112857632,2.7202368290013,5.));
#9895=CARTESIAN_POINT('Ctrl Pts',(17.0774948561813,2.74932451979768,5.));
#9896=CARTESIAN_POINT('Ctrl Pts',(17.0007066849083,2.77758985041387,5.));
#9897=CARTESIAN_POINT('Ctrl Pts',(16.9238522617194,2.8050219706787,5.));
#9898=CARTESIAN_POINT('Ctrl Pts',(16.8469366434348,2.83161527036857,5.));
#9899=CARTESIAN_POINT('Ctrl Pts',(16.7699643154311,2.85737083613319,5.));
#9900=CARTESIAN_POINT('Ctrl Pts',(16.6929397398175,2.88229092209454,5.));
#9901=CARTESIAN_POINT('Ctrl Pts',(16.615867860323,2.90637386870258,5.));
#9902=CARTESIAN_POINT('Ctrl Pts',(16.5387545862828,2.92960924488182,5.));
#9903=CARTESIAN_POINT('Ctrl Pts',(16.4616073765492,2.95197197484597,5.));
#9904=CARTESIAN_POINT('Ctrl Pts',(16.384435518934,2.97341958960062,5.));
#9905=CARTESIAN_POINT('Ctrl Pts',(16.3072488667935,2.99390528547616,5.));
#9906=CARTESIAN_POINT('Ctrl Pts',(16.2300567005717,3.01338970605717,5.));
#9907=CARTESIAN_POINT('Ctrl Pts',(16.1528666829349,3.03185178418109,5.));
#9908=CARTESIAN_POINT('Ctrl Pts',(16.0756834371383,3.04930342258155,5.));
#9909=CARTESIAN_POINT('Ctrl Pts',(15.9985083264192,3.06579196375491,5.));
#9910=CARTESIAN_POINT('Ctrl Pts',(15.9213426693901,3.08136772573746,5.));
#9911=CARTESIAN_POINT('Ctrl Pts',(15.8441905768973,3.09605537835934,5.));
#9912=CARTESIAN_POINT('Ctrl Pts',(15.7670614701187,3.10982860812468,5.));
#9913=CARTESIAN_POINT('Ctrl Pts',(15.6899738673184,3.12257178946138,5.));
#9914=CARTESIAN_POINT('Ctrl Pts',(15.6129547643716,3.13408682871613,5.));
#9915=CARTESIAN_POINT('Ctrl Pts',(15.5360322979217,3.14416918352302,5.));
#9916=CARTESIAN_POINT('Ctrl Pts',(15.4592292940954,3.1526743472137,5.));
#9917=CARTESIAN_POINT('Ctrl Pts',(15.3825579055778,3.15957421757483,5.));
#9918=CARTESIAN_POINT('Ctrl Pts',(15.3060102092177,3.16505236989911,5.));
#9919=CARTESIAN_POINT('Ctrl Pts',(15.2295654526893,3.16943830528709,5.));
#9920=CARTESIAN_POINT('Ctrl Pts',(15.1532100516781,3.17301767943506,5.));
#9921=CARTESIAN_POINT('Ctrl Pts',(15.0769551165339,3.17586759985902,5.));
#9922=CARTESIAN_POINT('Ctrl Pts',(15.0008524090268,3.17770459858144,5.));
#9923=CARTESIAN_POINT('Ctrl Pts',(14.9250177172905,3.17766727106442,5.));
#9924=CARTESIAN_POINT('Ctrl Pts',(14.8496065460546,3.17452215602056,5.));
#9925=CARTESIAN_POINT('Ctrl Pts',(14.7897412850199,3.16850560178039,5.));
#9926=CARTESIAN_POINT('Ctrl Pts',(14.7451582910295,3.1615700919633,5.));
#9927=CARTESIAN_POINT('Ctrl Pts',(14.7155837309293,3.1558111677454,5.));
#9928=CARTESIAN_POINT('Ctrl Pts',(14.7008333106558,3.15264788575272,5.));
#9929=CARTESIAN_POINT('Ctrl Pts',(19.9707111478521,1.08198717601259,5.));
#9930=CARTESIAN_POINT('Ctrl Pts',(19.8016506516002,4.20241079286363,7.5));
#9931=CARTESIAN_POINT('Ctrl Pts',(18.8882764116818,7.28001642827125,10.));
#9932=CARTESIAN_POINT('Ctrl Pts',(17.3277334766819,9.98747478400206,12.5));
#9933=CARTESIAN_POINT('Ctrl Pts',(19.9707111478521,-1.08198717601262,5.));
#9934=CARTESIAN_POINT('Ctrl Pts',(20.139771644104,2.03843644083842,7.5));
#9935=CARTESIAN_POINT('Ctrl Pts',(19.5642491570901,5.19670856593793,10.));
#9936=CARTESIAN_POINT('Ctrl Pts',(18.3053553539664,8.05692033999439,12.5));
#9937=CARTESIAN_POINT('Ctrl Pts',(20.0097534164025,-0.361366927398064,5.));
#9938=CARTESIAN_POINT('Ctrl Pts',(20.0662170097305,2.76515832255429,7.5));
#9939=CARTESIAN_POINT('Ctrl Pts',(19.3767324457678,5.90266095329504,10.));
#9940=CARTESIAN_POINT('Ctrl Pts',(18.0146306073366,8.71744813134306,12.5));
#9941=CARTESIAN_POINT('Ctrl Pts',(20.0097534164025,0.361366927398038,5.));
#9942=CARTESIAN_POINT('Ctrl Pts',(19.9532898230744,3.4878921773504,7.5));
#9943=CARTESIAN_POINT('Ctrl Pts',(19.1509680574805,6.59845346211915,10.));
#9944=CARTESIAN_POINT('Ctrl Pts',(17.6881200702586,9.36222335888012,12.5));
#9945=CARTESIAN_POINT('Ctrl Pts',(19.9707111478521,1.08198717601259,5.));
#9946=CARTESIAN_POINT('Ctrl Pts',(19.8016506516002,4.20241079286363,7.5));
#9947=CARTESIAN_POINT('Ctrl Pts',(18.8882764116818,7.28001642827125,10.));
#9948=CARTESIAN_POINT('Ctrl Pts',(17.3277334766819,9.98747478400206,12.5));
#9949=CARTESIAN_POINT('',(19.9707111478521,-1.08198717601262,5.));
#9950=CARTESIAN_POINT('Origin',(0.,0.,5.));
#9951=CARTESIAN_POINT('Ctrl Pts',(19.9707111478521,-1.08198717601261,5.));
#9952=CARTESIAN_POINT('Ctrl Pts',(20.139771644104,2.03843644083842,7.5));
#9953=CARTESIAN_POINT('Ctrl Pts',(19.5642491570901,5.19670856593793,10.));
#9954=CARTESIAN_POINT('Ctrl Pts',(18.3053553539664,8.0569203399944,12.5));
#9955=CARTESIAN_POINT('Ctrl Pts',(14.7008333106558,-3.15264788575272,5.));
#9956=CARTESIAN_POINT('Ctrl Pts',(15.1934345428046,-0.855642680963377,7.5));
#9957=CARTESIAN_POINT('Ctrl Pts',(15.1376404414969,1.55705474146849,10.));
#9958=CARTESIAN_POINT('Ctrl Pts',(14.5393851796551,3.82883367578898,12.5));
#9959=CARTESIAN_POINT('Ctrl Pts',(14.823753479601,-3.17900856902505,5.));
#9960=CARTESIAN_POINT('Ctrl Pts',(15.3205044133219,-0.862807759666863,7.5));
#9961=CARTESIAN_POINT('Ctrl Pts',(15.2641806091237,1.57006955068218,10.));
#9962=CARTESIAN_POINT('Ctrl Pts',(14.6609554093744,3.86084824750376,12.5));
#9963=CARTESIAN_POINT('Ctrl Pts',(15.0764942600544,-3.17875576782359,5.));
#9964=CARTESIAN_POINT('Ctrl Pts',(15.5733099891724,-0.823064142027953,7.5));
#9965=CARTESIAN_POINT('Ctrl Pts',(15.5073279862948,1.64921579657334,10.));
#9966=CARTESIAN_POINT('Ctrl Pts',(14.8863197684504,3.97525485426617,12.5));
#9967=CARTESIAN_POINT('Ctrl Pts',(15.5863440165019,-3.15045720577985,5.));
#9968=CARTESIAN_POINT('Ctrl Pts',(16.0785137497363,-0.715086988127465,7.5));
#9969=CARTESIAN_POINT('Ctrl Pts',(15.9895390168044,1.83581244360943,10.));
#9970=CARTESIAN_POINT('Ctrl Pts',(15.3283894347757,4.23083652981893,12.5));
#9971=CARTESIAN_POINT('Ctrl Pts',(16.4879605253592,-2.97790829099787,5.));
#9972=CARTESIAN_POINT('Ctrl Pts',(16.9535254150601,-0.401681019954515,7.50000000000001));
#9973=CARTESIAN_POINT('Ctrl Pts',(16.8033190868894,2.28342974739154,10.));
#9974=CARTESIAN_POINT('Ctrl Pts',(16.0547992290977,4.79209784841271,12.5));
#9975=CARTESIAN_POINT('Ctrl Pts',(18.0296133890117,-2.4143466924312,5.));
#9976=CARTESIAN_POINT('Ctrl Pts',(18.4067871469914,0.402779640081516,7.5));
#9977=CARTESIAN_POINT('Ctrl Pts',(18.1117665374335,3.30769524464525,10.));
#9978=CARTESIAN_POINT('Ctrl Pts',(17.1755586488272,5.99134492490465,12.5));
#9979=CARTESIAN_POINT('Ctrl Pts',(19.2643709519409,-1.63693599705219,5.));
#9980=CARTESIAN_POINT('Ctrl Pts',(19.5200452019646,1.37317407534211,7.5));
#9981=CARTESIAN_POINT('Ctrl Pts',(19.0577017497105,4.44180047909761,10.));
#9982=CARTESIAN_POINT('Ctrl Pts',(17.92591550746,7.24272744564051,12.5));
#9983=CARTESIAN_POINT('Ctrl Pts',(19.9707111478521,-1.08198717601261,5.));
#9984=CARTESIAN_POINT('Ctrl Pts',(20.139771644104,2.03843644083842,7.5));
#9985=CARTESIAN_POINT('Ctrl Pts',(19.5642491570901,5.19670856593793,10.));
#9986=CARTESIAN_POINT('Ctrl Pts',(18.3053553539664,8.0569203399944,12.5));
#9987=CARTESIAN_POINT('',(14.7008333106558,-3.15264788575272,5.));
#9988=CARTESIAN_POINT('Ctrl Pts',(14.7008333106558,-3.15264788575272,5.));
#9989=CARTESIAN_POINT('Ctrl Pts',(14.7155837309293,-3.1558111677454,5.));
#9990=CARTESIAN_POINT('Ctrl Pts',(14.7451582910295,-3.1615700919633,5.));
#9991=CARTESIAN_POINT('Ctrl Pts',(14.7897412850199,-3.16850560178039,5.));
#9992=CARTESIAN_POINT('Ctrl Pts',(14.8496065460546,-3.17452215602056,5.));
#9993=CARTESIAN_POINT('Ctrl Pts',(14.9250177172905,-3.17766727106442,5.));
#9994=CARTESIAN_POINT('Ctrl Pts',(15.0008524090268,-3.17770459858144,5.));
#9995=CARTESIAN_POINT('Ctrl Pts',(15.0769551165339,-3.17586759985902,5.));
#9996=CARTESIAN_POINT('Ctrl Pts',(15.1532100516781,-3.17301767943506,5.));
#9997=CARTESIAN_POINT('Ctrl Pts',(15.2295654526893,-3.16943830528709,5.));
#9998=CARTESIAN_POINT('Ctrl Pts',(15.3060102092177,-3.16505236989911,5.));
#9999=CARTESIAN_POINT('Ctrl Pts',(15.3825579055778,-3.15957421757483,5.));
#10000=CARTESIAN_POINT('Ctrl Pts',(15.4592292940954,-3.1526743472137,5.));
#10001=CARTESIAN_POINT('Ctrl Pts',(15.5360322979217,-3.14416918352302,5.));
#10002=CARTESIAN_POINT('Ctrl Pts',(15.6129547643716,-3.13408682871613,5.));
#10003=CARTESIAN_POINT('Ctrl Pts',(15.6899738673184,-3.12257178946138,5.));
#10004=CARTESIAN_POINT('Ctrl Pts',(15.7670614701187,-3.10982860812468,5.));
#10005=CARTESIAN_POINT('Ctrl Pts',(15.8441905768973,-3.09605537835934,5.));
#10006=CARTESIAN_POINT('Ctrl Pts',(15.9213426693901,-3.08136772573746,5.));
#10007=CARTESIAN_POINT('Ctrl Pts',(15.9985083264192,-3.06579196375491,5.));
#10008=CARTESIAN_POINT('Ctrl Pts',(16.0756834371383,-3.04930342258155,5.));
#10009=CARTESIAN_POINT('Ctrl Pts',(16.1528666829349,-3.03185178418109,5.));
#10010=CARTESIAN_POINT('Ctrl Pts',(16.2300567005717,-3.01338970605717,5.));
#10011=CARTESIAN_POINT('Ctrl Pts',(16.3072488667935,-2.99390528547616,5.));
#10012=CARTESIAN_POINT('Ctrl Pts',(16.384435518934,-2.97341958960062,5.));
#10013=CARTESIAN_POINT('Ctrl Pts',(16.4616073765492,-2.95197197484597,5.));
#10014=CARTESIAN_POINT('Ctrl Pts',(16.5387545862828,-2.92960924488182,5.));
#10015=CARTESIAN_POINT('Ctrl Pts',(16.615867860323,-2.90637386870258,5.));
#10016=CARTESIAN_POINT('Ctrl Pts',(16.6929397398175,-2.88229092209454,5.));
#10017=CARTESIAN_POINT('Ctrl Pts',(16.7699643154311,-2.85737083613319,5.));
#10018=CARTESIAN_POINT('Ctrl Pts',(16.8469366434348,-2.83161527036857,5.));
#10019=CARTESIAN_POINT('Ctrl Pts',(16.9238522617194,-2.8050219706787,5.));
#10020=CARTESIAN_POINT('Ctrl Pts',(17.0007066849083,-2.77758985041387,5.));
#10021=CARTESIAN_POINT('Ctrl Pts',(17.0774948561813,-2.74932451979768,5.));
#10022=CARTESIAN_POINT('Ctrl Pts',(17.1542112857632,-2.7202368290013,5.));
#10023=CARTESIAN_POINT('Ctrl Pts',(17.2308502747221,-2.69034055009401,5.));
#10024=CARTESIAN_POINT('Ctrl Pts',(17.3074061115881,-2.65965034605023,5.));
#10025=CARTESIAN_POINT('Ctrl Pts',(17.3838732734008,-2.62817970083326,5.));
#10026=CARTESIAN_POINT('Ctrl Pts',(17.4602466456712,-2.59593867354423,5.));
#10027=CARTESIAN_POINT('Ctrl Pts',(17.536521445824,-2.56293459052787,5.));
#10028=CARTESIAN_POINT('Ctrl Pts',(17.6126931170314,-2.52917304027013,5.));
#10029=CARTESIAN_POINT('Ctrl Pts',(17.6887572319414,-2.49465877865787,5.));
#10030=CARTESIAN_POINT('Ctrl Pts',(17.7647093973311,-2.45939663785792,5.));
#10031=CARTESIAN_POINT('Ctrl Pts',(17.8405451482982,-2.4233925406169,5.));
#10032=CARTESIAN_POINT('Ctrl Pts',(17.9162599804201,-2.38665323880352,5.));
#10033=CARTESIAN_POINT('Ctrl Pts',(17.9918493993518,-2.34918589578986,5.));
#10034=CARTESIAN_POINT('Ctrl Pts',(18.0673089667436,-2.31099772094441,5.));
#10035=CARTESIAN_POINT('Ctrl Pts',(18.1426343448333,-2.27209560933919,5.));
#10036=CARTESIAN_POINT('Ctrl Pts',(18.217821352751,-2.23248572795127,5.));
#10037=CARTESIAN_POINT('Ctrl Pts',(18.2928659327343,-2.1921736160257,5.));
#10038=CARTESIAN_POINT('Ctrl Pts',(18.36776410001,-2.15116439037182,5.));
#10039=CARTESIAN_POINT('Ctrl Pts',(18.4425118968526,-2.10946292548728,5.));
#10040=CARTESIAN_POINT('Ctrl Pts',(18.5171053518823,-2.06707403321868,5.));
#10041=CARTESIAN_POINT('Ctrl Pts',(18.5915404232639,-2.02400268799135,5.));
#10042=CARTESIAN_POINT('Ctrl Pts',(18.6658130400464,-1.9802539912468,5.));
#10043=CARTESIAN_POINT('Ctrl Pts',(18.7399191756673,-1.93583304694183,5.));
#10044=CARTESIAN_POINT('Ctrl Pts',(18.8138549179671,-1.89074486581643,5.));
#10045=CARTESIAN_POINT('Ctrl Pts',(18.8876165286963,-1.84499427445281,5.));
#10046=CARTESIAN_POINT('Ctrl Pts',(18.961200542173,-1.79858579731892,5.));
#10047=CARTESIAN_POINT('Ctrl Pts',(19.0346036982661,-1.75152369018576,5.));
#10048=CARTESIAN_POINT('Ctrl Pts',(19.1078227737426,-1.70381207107564,5.));
#10049=CARTESIAN_POINT('Ctrl Pts',(19.1808544344922,-1.65545503374208,5.));
#10050=CARTESIAN_POINT('Ctrl Pts',(19.2536951044426,-1.60645675620051,5.));
#10051=CARTESIAN_POINT('Ctrl Pts',(19.3263407699341,-1.55682165729582,5.));
#10052=CARTESIAN_POINT('Ctrl Pts',(19.3987870264645,-1.50655438740631,5.));
#10053=CARTESIAN_POINT('Ctrl Pts',(19.4710294413764,-1.45565959848793,5.));
#10054=CARTESIAN_POINT('Ctrl Pts',(19.543063846809,-1.40414177095503,5.));
#10055=CARTESIAN_POINT('Ctrl Pts',(19.614886645005,-1.35200502759822,5.));
#10056=CARTESIAN_POINT('Ctrl Pts',(19.6864951525002,-1.29925294382109,5.));
#10057=CARTESIAN_POINT('Ctrl Pts',(19.757887799947,-1.24588840514628,5.));
#10058=CARTESIAN_POINT('Ctrl Pts',(19.8290638093539,-1.19191363637022,5.));
#10059=CARTESIAN_POINT('Ctrl Pts',(19.8858311296438,-1.14824689136965,5.));
#10060=CARTESIAN_POINT('Ctrl Pts',(19.9283090643278,-1.11522335197329,5.));
#10061=CARTESIAN_POINT('Ctrl Pts',(19.9565843439339,-1.09308615243341,5.));
#10062=CARTESIAN_POINT('Ctrl Pts',(19.9707111478521,-1.08198717601261,5.));
#10063=CARTESIAN_POINT('Ctrl Pts',(14.7008333106558,-3.15264788575272,5.));
#10064=CARTESIAN_POINT('Ctrl Pts',(15.1934345428046,-0.855642680963377,
7.5));
#10065=CARTESIAN_POINT('Ctrl Pts',(15.1376404414969,1.55705474146849,10.));
#10066=CARTESIAN_POINT('Ctrl Pts',(14.5393851796551,3.82883367578898,12.5));
#10067=CARTESIAN_POINT('Ctrl Pts',(12.9276554160278,-2.77238335091779,5.));
#10068=CARTESIAN_POINT('Ctrl Pts',(13.3608403146086,-0.752437192163993,
7.5));
#10069=CARTESIAN_POINT('Ctrl Pts',(13.3117759588194,1.36924667712588,10.));
#10070=CARTESIAN_POINT('Ctrl Pts',(12.7856807564263,3.36700929531694,12.5));
#10071=CARTESIAN_POINT('Ctrl Pts',(13.5187147142372,-2.89913819586277,5.));
#10072=CARTESIAN_POINT('Ctrl Pts',(13.9717050573406,-0.786839021763789,
7.5));
#10073=CARTESIAN_POINT('Ctrl Pts',(13.9203974530453,1.43184936524009,10.));
#10074=CARTESIAN_POINT('Ctrl Pts',(13.3702488975025,3.52095075547429,12.5));
#10075=CARTESIAN_POINT('Ctrl Pts',(14.1097740124465,-3.02589304080775,5.));
#10076=CARTESIAN_POINT('Ctrl Pts',(14.5825698000726,-0.821240851363582,
7.5));
#10077=CARTESIAN_POINT('Ctrl Pts',(14.5290189472711,1.49445205335429,10.));
#10078=CARTESIAN_POINT('Ctrl Pts',(13.9548170385788,3.67489221563163,12.5));
#10079=CARTESIAN_POINT('Ctrl Pts',(14.7008333106558,-3.15264788575272,5.));
#10080=CARTESIAN_POINT('Ctrl Pts',(15.1934345428046,-0.855642680963377,
7.5));
#10081=CARTESIAN_POINT('Ctrl Pts',(15.1376404414969,1.55705474146849,10.));
#10082=CARTESIAN_POINT('Ctrl Pts',(14.5393851796551,3.82883367578898,12.5));
#10083=CARTESIAN_POINT('',(12.9276554160278,-2.77238335091779,5.));
#10084=CARTESIAN_POINT('Origin',(0.,0.,5.));
#10085=UNCERTAINTY_MEASURE_WITH_UNIT(LENGTH_MEASURE(0.01),#10089,
'DISTANCE_ACCURACY_VALUE',
'Maximum model space distance between geometric entities at asserted c
onnectivities');
#10086=UNCERTAINTY_MEASURE_WITH_UNIT(LENGTH_MEASURE(0.01),#10089,
'DISTANCE_ACCURACY_VALUE',
'Maximum model space distance between geometric entities at asserted c
onnectivities');
#10087=(
GEOMETRIC_REPRESENTATION_CONTEXT(3)
GLOBAL_UNCERTAINTY_ASSIGNED_CONTEXT((#10085))
GLOBAL_UNIT_ASSIGNED_CONTEXT((#10089,#10091,#10092))
REPRESENTATION_CONTEXT('','3D')
);
#10088=(
GEOMETRIC_REPRESENTATION_CONTEXT(3)
GLOBAL_UNCERTAINTY_ASSIGNED_CONTEXT((#10086))
GLOBAL_UNIT_ASSIGNED_CONTEXT((#10089,#10091,#10092))
REPRESENTATION_CONTEXT('','3D')
);
#10089=(
LENGTH_UNIT()
NAMED_UNIT(*)
SI_UNIT(.MILLI.,.METRE.)
);
#10090=(
LENGTH_UNIT()
NAMED_UNIT(*)
SI_UNIT($,.METRE.)
);
#10091=(
NAMED_UNIT(*)
PLANE_ANGLE_UNIT()
SI_UNIT($,.RADIAN.)
);
#10092=(
NAMED_UNIT(*)
SI_UNIT($,.STERADIAN.)
SOLID_ANGLE_UNIT()
);
#10093=SHAPE_DEFINITION_REPRESENTATION(#10094,#10095);
#10094=PRODUCT_DEFINITION_SHAPE('',$,#10097);
#10095=SHAPE_REPRESENTATION('',(#2385),#10087);
#10096=PRODUCT_DEFINITION_CONTEXT('part definition',#10101,'design');
#10097=PRODUCT_DEFINITION('Pan_motor_gear_v2','Pan_motor_gear_v2 v1',#10098,
#10096);
#10098=PRODUCT_DEFINITION_FORMATION('',$,#10103);
#10099=PRODUCT_RELATED_PRODUCT_CATEGORY('Pan_motor_gear_v2 v1',
'Pan_motor_gear_v2 v1',(#10103));
#10100=APPLICATION_PROTOCOL_DEFINITION('international standard',
'automotive_design',2009,#10101);
#10101=APPLICATION_CONTEXT(
'Core Data for Automotive Mechanical Design Process');
#10102=PRODUCT_CONTEXT('part definition',#10101,'mechanical');
#10103=PRODUCT('Pan_motor_gear_v2','Pan_motor_gear_v2 v1',
'Spur Gear; Module: 4.0; Num Teeth: 8; Pressure Angle: 20.0; Backlash:
 0.00 mm',(#10102));
#10104=PRESENTATION_STYLE_ASSIGNMENT((#10105));
#10105=SURFACE_STYLE_USAGE(.BOTH.,#10106);
#10106=SURFACE_SIDE_STYLE('',(#10107));
#10107=SURFACE_STYLE_FILL_AREA(#10108);
#10108=FILL_AREA_STYLE('Steel - Satin',(#10109));
#10109=FILL_AREA_STYLE_COLOUR('Steel - Satin',#10110);
#10110=COLOUR_RGB('Steel - Satin',0.627450980392157,0.627450980392157,0.627450980392157);
ENDSEC;
END-ISO-10303-21;
