mic1,mic2,mic3,mic4
-30,74,-98,-108
-54,72,-86,-114
-60,60,-104,-110
-64,52,-86,-94
-52,94,-112,-122
-58,50,-82,-94
-30,74,-62,-118
-70,42,-90,-104
-50,64,-72,-96
-66,42,-64,-98
-64,74,-90,-92
-70,58,-70,-76
-78,42,-92,-80
-46,58,-86,-94
-40,76,-66,-102
-40,64,-84,-118
-58,86,-74,-106
-34,92,-86,-84
-50,72,-64,-98
-64,90,-88,-62
-28,68,-84,-104
-18,80,-68,-98
-48,58,-70,-108
-34,74,-52,-94
-44,72,-66,-88
-26,64,-64,-84
-60,66,-52,-112
-42,62,-98,-114
-78,60,-66,-90
-38,66,-90,-96
-50,66,-74,-90
-46,46,-84,-116
-28,76,-68,-96
-54,82,-52,-72
-60,88,-66,-102
-40,82,-84,-82
-38,72,-72,-86
-26,94,-60,-110
-44,52,-84,-78
-42,82,-72,-94
-52,64,-72,-96
-66,42,-64,-98
-64,74,-90,-92
-70,58,-70,-76
-78,42,-92,-80
-46,58,-86,-94
-40,76,-66,-86
-40,58,-68,-116
-38,56,-74,-72
-38,86,-74,-92
-40,80,-68,-98
-56,68,-88,-62
-28,68,-84,-104
-18,80,-68,-98
-48,58,-70,-108
-34,74,-52,-94
-44,72,-66,-88
-26,64,-64,-84
-60,66,-52,-98
-42,64,-64,-104
-44,54,-62,-90
-54,60,-70,-94
-20,50,-62,-68
-56,84,-70,-106
-28,76,-68,-96
-54,82,-52,-72
-60,88,-66,-102
-40,82,-84,-82
-38,72,-72,-86
-26,94,-60,-110
-44,52,-84,-84
-42,78,-58,-80
-28,64,-52,-88
-46,36,-94,-106
-62,68,-44,-110
-48,68,-74,-106
-48,90,-62,-90
-52,66,-60,-92
-32,46,-64,-90
-34,76,-70,-72
-38,56,-74,-72
-38,86,-74,-92
-40,80,-68,-78
-56,68,-68,-82
-54,88,-60,-66
-66,62,-58,-80
-44,52,-88,-106
-38,84,-64,-96
-34,94,-66,-74
-56,54,-76,-104
-18,74,-86,-92
-48,60,-42,-98
-46,64,-62,-106
-40,68,-72,-80
-34,86,-56,-102
-28,64,-82,-90
-34,74,-58,-92
-44,54,-64,-96
-42,78,-44,-100
-40,78,-66,-118
-38,72,-82,-96
-48,74,-74,-94
-82,78,-74,-98
-40,66,-58,-92
-36,80,-70,-90
-28,62,-56,-106
-54,64,-72,-104
-68,58,-62,-100
-18,72,-60,-72
-68,70,-64,-88
-54,84,-68,-100
-34,70,-64,-112
-46,54,-60,-96
-34,64,-78,-104
-50,62,-62,-92
-52,56,-64,-70
-28,68,-56,-78
-26,58,-78,-100
-30,80,-68,-106
-44,76,-84,-66
-38,80,-80,-70
-46,78,-62,-88
-52,74,-90,-106
-56,80,-64,-88
-48,64,-62,-98
-38,64,-76,-110
-54,78,-78,-108
-26,70,-68,-110
-24,64,-64,-78
-32,50,-50,-78
-60,70,-62,-94
-58,74,-80,-90
-38,56,-90,-72
-30,66,-80,-94
-62,86,-58,-90
-54,70,-58,-90
-16,76,-82,-108
-56,56,-70,-112
-40,74,-72,-92
-36,78,-76,-82
-56,74,-60,-74
-20,62,-90,-102
-50,60,-70,-78
-34,62,-76,-76
-38,72,-80,-84
-32,78,-72,-88
-48,62,-64,-94
-34,68,-56,-104
-38,86,-58,-94
-66,74,-62,-98
-34,70,-84,-100
-36,54,-84,-110
-16,70,-86,-92
-36,72,-80,-100
-40,56,-96,-80
-50,68,-88,-90
-46,80,-72,-98
-38,60,-52,-96
-44,72,-82,-82
-58,50,-84,-108
-62,60,-90,-78
-60,36,-92,-118
-44,64,-90,-118
-36,64,-86,-126
-44,66,-52,-94
-20,42,-68,-130
-12,76,-86,-96
-38,74,-78,-94
-44,62,-78,-114
-48,68,-78,-82
-50,64,-82,-92
-32,82,-58,-106
-34,70,-64,-102
-46,78,-62,-96
-32,66,-76,-86
-48,58,-68,-92
-42,70,-60,-98
-26,54,-62,-116
-38,80,-52,-98
-54,72,-70,-108
-44,76,-64,-100
-36,74,-84,-94
-40,56,-98,-88
-28,64,-38,-102
-48,64,-66,-100
-30,54,-58,-100
-48,48,-62,-94
-56,66,-82,-100
-26,54,-70,-98
-28,62,-72,-92
-40,54,-82,-128
-44,80,-74,-90
-36,48,-46,-86
-30,60,-60,-112
-34,82,-50,-96
-22,86,-48,-96
-44,84,-56,-106
-40,84,-64,-116
-36,86,-68,-72
-20,74,-66,-88
-22,72,-66,-84
-18,82,-54,-68
-22,92,-62,-84
-24,64,-78,-108
-32,84,-82,-90
-48,72,-84,-138
-36,68,-56,-110
-44,62,-76,-90
-30,76,-60,-108
-54,72,-54,-84
-26,48,-76,-86
-10,76,-64,-72
-58,76,-62,-84
-40,80,-66,-96
-34,80,-70,-96
-28,100,-64,-74
-28,76,-52,-102
-22,90,-66,-90
-42,100,-68,-100
-32,76,-72,-94
-30,78,-66,-100
-16,54,-64,-90
-44,54,-46,-86
-42,78,-66,-108
-22,92,-78,-78
-52,74,-54,-116
-16,60,-64,-74
-26,50,-62,-90
-26,64,-60,-80
-26,74,-64,-78
-26,48,-78,-104
-24,66,-58,-102
-30,80,-54,-98
-24,86,-80,-82
-30,70,-60,-104
-42,68,-58,-94
-38,86,-72,-86
-40,74,-92,-108
-22,88,-48,-88
-28,76,-78,-92
-36,60,-54,-82
-38,80,-46,-96
-38,72,-50,-114
-20,74,-62,-92
-44,64,-52,-106
-18,84,-64,-106
-38,74,-66,-100
-26,72,-44,-106
-30,68,-42,-70
-32,70,-80,-114
-40,78,-62,-80
-22,54,-62,-110
-38,76,-70,-112
-38,64,-48,-106
-34,76,-58,-94
-48,34,-62,-100
-32,62,-88,-92
-64,54,-58,-114
-54,84,-64,-94
-64,58,-88,-122
-56,68,-64,-110
-28,86,-74,-122
-46,104,-62,-92
-54,52,-78,-114
-46,88,-92,-118
-40,64,-80,-122
-32,66,-74,-70
-34,84,-60,-76
-28,74,-50,-90
-50,74,-56,-102
-42,66,-36,-86
-36,88,-64,-90
-48,86,-56,-108
-70,60,-60,-96
-12,82,-88,-110
-28,78,-74,-80
-68,64,-70,-100
-66,72,-66,-102
-30,82,-72,-94
-38,66,-68,-104
-40,68,-70,-112
-46,64,-82,-116
-24,78,-54,-118
-32,86,-58,-96
-56,82,-46,-102
-20,68,-54,-110
-30,76,-84,-102
-58,68,-46,-84
-44,60,-46,-116
-48,78,-56,-118
-34,62,-70,-100
-28,64,-46,-82
-30,68,-62,-116
-30,62,-80,-104
-56,68,-68,-108
-40,78,-64,-88
-44,70,-56,-102
-70,62,-58,-102
-60,80,-48,-104
-32,68,-62,-100
-26,90,-54,-108
-38,74,-74,-104
-36,54,-60,-74
-16,82,-52,-102
-48,76,-68,-82
-20,72,-76,-106
-38,76,-54,-94
-40,68,-74,-96
-40,76,-64,-96
-50,76,-92,-110
-50,84,-78,-114
-30,76,-66,-120
-52,80,-76,-88
-44,86,-70,-104
-42,80,-62,-106
-38,86,-86,-82
-40,80,-54,-112
-50,80,-74,-106
-46,74,-80,-72
-26,76,-68,-108
-38,56,-80,-124
-48,56,-66,-102
-16,48,-70,-120
-62,74,-74,-108
-44,56,-68,-102
-30,78,-52,-78
-48,68,-78,-74
-48,106,-80,-100
-46,100,-74,-104
-38,76,-58,-96
-48,60,-58,-90
-22,68,-50,-98
-48,80,-66,-116
-16,68,-84,-94
-34,76,-68,-84
-38,94,-86,-104
-40,74,-52,-80
-46,70,-58,-70
-70,96,-72,-84
-22,68,-22,-80
-30,66,-50,-92
-36,88,-50,-102
-40,90,-76,-96
-18,78,-68,-88
-34,86,-72,-106
-40,62,-48,-88
-12,72,-64,-74
-38,82,-42,-96
-30,78,-70,-86
-38,56,-72,-104
-52,72,-70,-116
-26,88,-50,-84
-54,74,-76,-72
-32,82,-78,-88
-32,90,-52,-98
-40,62,-68,-98
-46,70,-72,-70
-34,80,-56,-98
-22,92,-64,-96
-40,78,-40,-88
-30,74,-80,-92
-10,76,-64,-78
-28,60,-64,-76
-36,94,-70,-70
-50,58,-60,-98
-44,82,-64,-90
-22,92,-60,-94
-38,70,-62,-100
-36,98,-66,-104
-28,74,-60,-80
-34,78,-78,-102
-44,84,-72,-104
-44,76,-50,-122
-4,84,-72,-90
-10,82,-52,-96
-32,70,-76,-112
-24,70,-48,-94
-32,78,-86,-88
-52,60,-84,-90
-16,72,-82,-72
-44,74,-60,-106
-32,88,-80,-106
-38,72,-58,-108
-34,98,-58,-84
-32,80,-68,-70
-14,78,-80,-96
-30,76,-60,-90
-36,72,-80,-86
-16,72,-90,-86
-28,78,-62,-96
-42,68,-44,-64
-34,78,-74,-70
-54,70,-52,-72
-30,68,-78,-86
-28,56,-94,-94
-56,52,-56,-104
-38,86,-76,-88
-30,74,-90,-96
-46,88,-52,-86
-54,56,-56,-110
-32,58,-52,-98
-20,58,-78,-84
-36,70,-70,-106
-32,90,-74,-82
-26,70,-62,-84
-44,98,-66,-72
-20,44,-64,-94
-38,60,-72,-88
-46,60,-64,-94
-28,78,-80,-100
-40,68,-66,-82
-44,72,-66,-94
-30,88,-50,-100
-38,90,-60,-100
-18,90,-54,-88
-28,82,-62,-104
-34,92,-82,-108
-48,66,-66,-90
-24,70,-64,-96
-50,70,-60,-100
-40,64,-76,-104
-46,68,-54,-120
-16,50,-62,-116
-30,80,-68,-100
-36,62,-50,-98
-34,70,-72,-108
-20,68,-86,-116
-42,50,-86,-106
-32,80,-96,-124
-22,50,-74,-102
-44,74,-72,-106
-40,72,-56,-88
-30,64,-78,-118
-64,56,-60,-104
-30,76,-74,-120
-52,70,-66,-84
-36,70,-80,-114
-42,72,-52,-116
-34,54,-74,-102
-22,68,-78,-88
-46,64,-76,-94
-34,88,-46,-110
-38,66,-74,-96
-20,74,-76,-100
-34,72,-74,-100
-10,56,-68,-116
-36,50,-88,-98
-26,78,-70,-90
-20,76,-60,-90
-24,82,-62,-100
-24,58,-52,-70
-40,56,-74,-66
-34,72,-48,-94
-42,76,-90,-100
-38,56,-66,-90
-36,94,-82,-84
-34,64,-48,-94
-52,86,-54,-102
-44,88,-68,-114
-12,70,-68,-94
-30,74,-72,-120
-28,66,-70,-106
-12,76,-68,-100
-40,58,-60,-86
-24,76,-68,-92
-38,74,-56,-100
-30,68,-52,-60
-22,82,-64,-90
-52,80,-74,-98
-18,92,-74,-84
-18,72,-78,-94
-44,92,-54,-78
-28,70,-48,-74
-22,70,-84,-90
-36,58,-56,-98
-24,76,-96,-90
-32,84,-56,-76
-22,68,-62,-82
-50,66,-74,-98
-36,84,-52,-66
-16,90,-62,-70
-28,54,-60,-88
-26,92,-64,-88
-28,86,-50,-88
-18,68,-76,-108
-34,88,-76,-106
-30,82,-68,-90
-22,66,-68,-86
-16,82,-74,-98
-48,80,-68,-82
-32,82,-48,-114
-14,82,-42,-110
-16,46,-64,-96
-10,74,-56,-74
-26,92,-76,-92
-30,98,-58,-80
-26,70,-74,-74
-36,88,-68,-104
-22,70,-58,-82
-8,92,-72,-90
-16,58,-76,-74
-36,50,-94,-66
-20,68,-68,-106
-50,86,-78,-76
-44,82,-78,-72
-50,72,-72,-122
-26,74,-44,-112
-12,66,-64,-96
-14,64,-42,-66
-48,42,-70,-94
-34,78,-68,-114
-26,70,-48,-102
-68,70,-62,-116
-2,62,-68,-94
-32,84,-76,-80
-38,64,-46,-84
-50,82,-98,-102
-26,56,-86,-120
-30,68,-80,-108
-26,58,-92,-86
-30,70,-60,-100
-36,72,-44,-98
-60,76,-68,-118
-50,82,-84,-78
-24,70,-54,-80
-36,74,-66,-112
-50,86,-50,-108
-22,68,-58,-96
-14,74,-70,-72
-20,66,-56,-124
-32,78,-82,-76
-36,76,-66,-70
-50,74,-64,-124
-42,68,-70,-70
-32,70,-74,-94
-50,60,-62,-120
-8,98,-84,-90
-42,88,-68,-86
-36,52,-64,-72
-42,88,-92,-84
-36,70,-68,-86
-20,84,-76,-104
-14,68,-100,-100
-56,64,-82,-72
-10,80,-58,-88
-38,76,-58,-84
-54,84,-66,-98
-20,76,-72,-82
-30,72,-42,-88
-14,80,-42,-80
-30,82,-78,-96
-30,74,-78,-60
-18,88,-78,-90
-40,74,-68,-100
-38,98,-80,-90
-14,62,-84,-118
-16,72,-78,-84
-14,70,-88,-102
-24,84,-60,-76
-28,44,-50,-92
-50,64,-58,-74
-42,70,-52,-86
-32,76,-56,-82
-18,102,-80,-94
-44,68,-36,-106
-8,76,-88,-58
14,84,-92,-78
-30,60,-86,-82
-54,80,-60,-82
-20,74,-64,-90
-52,92,-78,-102
-20,76,-78,-78
-30,80,-64,-78
-24,92,-90,-72
-32,90,-54,-78
-22,82,-72,-58
-22,108,-52,-122
-40,88,-56,-90
-24,110,-58,-114
-6,74,-66,-108
-22,74,-54,-86
-60,76,-68,-102
-44,72,-42,-126
-16,66,-54,-102
-50,60,-72,-130
-20,94,-58,-130
-20,76,-64,-132
-52,68,-56,-120
-52,76,-78,-102
-34,58,-66,-98
-30,68,-82,-94
-68,70,-72,-108
-54,62,-42,-90
-50,62,-84,-116
-28,68,-66,-124
-6,46,-64,-120
-46,42,-84,-102
-20,74,-76,-106
-12,50,-76,-90
-40,58,-76,-96
-48,76,-84,-124
-14,94,-54,-132
-36,74,-62,-86
-36,58,-56,-78
-44,92,-64,-86
-54,84,-80,-104
-30,76,-76,-94
-30,92,-92,-90
-46,72,-68,-106
-38,84,-64,-106
-26,76,-84,-94
-28,62,-72,-96
-18,84,-92,-94
-30,72,-46,-90
-20,98,-72,-94
-62,96,-60,-94
-40,88,-52,-100
-60,78,-58,-90
-38,96,-82,-100
-26,70,-56,-106
-32,42,-68,-84
-46,94,-70,-92
-64,44,-54,-92
-38,78,-72,-94
-52,84,-92,-112
-34,72,-60,-96
-44,74,-68,-110
-40,82,-70,-108
-38,72,-70,-78
-30,70,-78,-78
-62,98,-82,-78
-62,78,-66,-92
-54,92,-84,-68
-46,82,-62,-72
-14,70,-78,-64
-26,92,-68,-114
-44,74,-62,-86
-32,84,-72,-88
-22,64,-96,-84
-34,90,-54,-106
-72,62,-36,-90
-38,68,-60,-80
-36,112,-66,-116
-30,76,-44,-86
-24,80,-64,-68
-28,78,-42,-40
-38,76,-86,-58
-36,78,-70,-56
-50,90,-56,-64
-32,88,-60,-62
-56,108,-50,-62
-36,110,-72,-86
-26,94,-44,-90
-32,74,-38,-50
-18,90,-56,-72
-32,100,-70,-60
-26,76,-66,-48
0,68,-54,-46
-28,90,-64,-48
-32,82,-50,-46
-32,82,-86,-62
-48,92,-52,-60
-12,88,-72,-58
-28,94,-56,-48
-38,70,-54,-50
-38,90,-44,-8
-24,104,-54,24
-44,74,-34,-106
-44,72,-60,76
-40,90,-64,76
-28,90,-64,38
-58,104,-80,32
-12,82,-78,52
-38,100,-64,64
0,112,-74,92
-42,86,-58,56
-20,74,-52,88
-14,104,-60,62
-16,68,-66,12
8,96,-52,68
-10,88,-50,46
18,104,-54,50
-4,100,-32,56
6,94,-44,28
-20,118,-74,44
-36,86,-56,42
-36,98,-40,2
-4,122,-54,20
-4,94,-60,18
-48,104,-42,4
-40,96,-46,12
-52,84,-80,22
-56,72,-56,-28
-30,88,-82,16
-30,90,-80,-40
-20,94,-60,20
-12,90,-72,56
-20,102,-66,0
-48,68,-42,38
-20,84,-60,-10
-26,98,-42,38
16,104,-46,-12
6,86,-56,22
-26,96,-60,40
14,60,-64,2
-34,92,-58,28
-18,90,-72,4
-22,62,-44,-6
-34,92,-44,26
6,102,-68,-28
-14,88,-58,-12
-12,106,-36,-26
-26,78,-30,-40
-14,82,-72,-24
-30,74,-60,-32
-36,92,-60,-20
-32,94,-76,-54
-52,98,-72,-46
-26,72,-56,-4
-18,86,-60,-42
-38,66,-58,-66
-24,78,-74,-44
-38,52,-64,-30
-40,60,-94,-24
-26,86,-48,-32
-38,82,-72,-28
-20,76,-82,-40
-44,70,-60,-52
-38,94,-54,-80
-16,78,-74,-90
-44,78,-80,-2
4,62,-90,-76
-10,110,-74,12
-34,70,-86,-106
-30,66,-60,-158
-14,86,-82,-40
-42,62,-68,-134
-42,52,-64,-128
-26,54,-78,-114
-42,56,-76,-90
-2,54,-66,-114
-24,48,-66,-70
-38,92,-84,-58
-20,82,-74,-136
-38,72,-90,-16
-12,84,-68,-118
-62,66,-72,-140
-30,78,-66,-78
-22,80,-98,-62
-16,78,-44,-74
-28,58,-98,-124
-8,82,-58,-136
0,80,-78,-88
-30,80,-54,-138
-48,80,-44,-120
-12,76,-48,-32
-36,72,-66,-216
-14,64,-90,-116
-28,76,-54,-162
-36,54,-66,-56
-30,80,-50,-74
-30,76,-54,-136
-16,98,-48,-46
-32,60,-40,-60
-38,60,-64,-76
-18,84,-58,-64
-42,64,-46,-136
-32,104,-60,-150
-32,64,-78,-144
12,66,-80,-142
-14,80,-72,-14
0,56,-76,-46
-6,86,-78,-42
-8,70,-66,-146
-32,58,-78,-94
-26,70,-62,-52
-22,60,-74,-220
-50,66,-34,-62
-8,70,-64,-136
-24,66,-60,-236
-12,68,-54,-2
6,72,-66,-106
-20,74,-52,-154
-30,58,-48,-178
-20,90,-46,-36
0,84,-50,-168
-34,72,-86,-182
-2,40,-72,-154
-10,68,-60,-22
-44,52,-70,-180
-34,60,-56,-166
-20,84,-92,-102
-36,74,-40,-126
-28,36,-70,-68
10,84,-48,-104
-36,86,-54,-52
2,52,-94,-252
4,78,-54,-32
0,68,-74,-256
-48,62,-64,-210
-14,68,-76,-84
2,48,-56,-224
-20,74,-54,-154
10,66,-44,-120
-22,60,-78,12
-34,84,-40,-332
-32,60,-44,-260
-14,70,-52,22
16,62,-42,-356
-30,62,-60,-152
0,50,-20,12
-22,98,-72,-274
-28,62,-92,-136
-14,82,-72,-60
-24,98,-70,-222
-56,76,-80,-76
12,46,-82,-136
18,86,-52,-70
-16,58,-56,-110
14,42,-76,-94
16,104,-86,-154
-12,30,-62,-62
-50,94,-46,-318
10,84,-66,-70
8,86,-58,-248
18,86,-64,-270
-40,42,-46,-8
-16,90,-70,-134
46,100,-62,-138
0,76,-62,-194
-18,54,-82,-160
10,28,-76,-72
-40,66,-64,-138
-40,86,-62,-310
36,126,-88,-80
-6,90,-62,-256
20,82,-64,-212
30,52,-56,28
0,80,-56,-416
20,56,-56,-176
48,40,-38,-96
-22,98,-72,-124
20,90,-66,-22
2,6,-42,-246
0,86,-54,-16
50,48,-46,-82
-16,20,-20,-132
10,120,-58,-134
58,86,-60,-326
-40,120,-34,118
62,42,-54,-194
104,34,-44,-28
28,46,-10,-238
18,50,-40,-206
12,160,-40,-430
12,52,-40,-14
92,60,-74,-100
70,102,-28,-290
52,-18,-26,168
36,52,-46,32
70,82,-12,6
24,88,-84,-26
-20,102,-54,-356
28,46,-68,-20
6,22,-30,-44
68,82,-34,-476
124,142,-86,106
70,42,-52,-316
70,120,-52,4
108,78,-12,-284
6,96,-44,-218
106,46,-56,132
86,86,6,-870
88,54,-40,36
166,206,-6,44
204,66,-42,-350
140,134,-22,28
126,-70,-10,-10
34,92,-50,-618
86,20,-12,4
80,160,-34,-296
68,134,-48,-302
178,8,-42,174
-46,28,10,230
210,138,-40,-834
46,92,18,-202
60,134,52,84
214,174,-22,-380
204,82,-6,-778
246,160,50,-352
218,8,30,88
516,168,66,-612
140,74,28,-198
296,170,42,-254
292,30,44,-912
184,172,80,190
222,-124,-16,-316
-10,-2,20,-92
480,46,-48,-376
128,106,56,-124
206,148,4,-114
276,-62,24,-152
394,210,0,-6
282,40,-80,-370
194,118,-8,-282
174,88,106,-512
242,130,-46,-76
182,158,-4,-34
214,92,22,-600
194,226,34,-548
146,122,78,-556
204,150,20,-266
164,118,24,-342
242,52,48,-536
212,182,-16,-238
164,104,32,-680
138,48,10,-318
118,48,-60,-544
210,134,-46,-612
188,104,-44,-396
124,36,8,-582
138,30,-36,-322
102,74,12,-576
96,70,30,-446
132,96,-2,-522
162,138,-44,-654
152,12,4,-428
84,66,-56,-494
148,62,-24,-540
134,92,-24,-466
110,70,-54,-452
144,94,-24,-506
136,86,-28,-456
130,56,12,-476
128,74,-34,-490
124,50,-38,-434
154,60,-40,-560
146,66,-40,-582
126,88,-26,-470
180,76,-68,-582
174,38,-34,-494
172,118,-26,-510
184,82,-24,-516
184,70,20,-558
160,66,-24,-500
176,50,-30,-596
180,110,4,-582
162,76,-12,-512
138,40,-54,-618
172,104,-4,-580
182,72,-52,-592
162,54,-38,-582
144,70,-32,-546
140,52,-62,-628
170,36,-6,-652
146,108,-32,-626
174,52,-36,-582
162,54,-64,-624
176,64,-62,-532
182,64,-34,-522
182,56,-54,-512
164,54,-26,-564
144,68,-24,-534
178,32,-22,-536
190,62,2,-556
172,80,-30,-522
192,72,-16,-590
190,40,-24,-554
190,58,-26,-612
178,74,-4,-588
190,84,-20,-556
154,72,-16,-602
162,84,-48,-532
162,104,-12,-606
172,78,-18,-594
178,102,-16,-476
168,92,-34,-610
156,90,-12,-522
130,54,-54,-574
158,82,-20,-440
130,74,-22,-496
122,56,-16,-472
132,44,-46,-534
102,54,-34,-546
132,68,-52,-568
102,54,-60,-486
106,100,-48,-502
116,86,-30,-594
118,44,-44,-478
122,100,-72,-608
112,100,-22,-416
116,84,-46,-606
140,74,-18,-604
108,72,-26,-590
136,68,-44,-584
116,80,-46,-540
72,48,-60,-502
84,86,-12,-468
68,72,-44,-596
54,82,-44,-528
66,60,-48,-570
56,52,-46,-584
40,82,-76,-504
76,66,-30,-610
56,44,-76,-586
42,62,-56,-592
66,44,-56,-580
20,78,-64,-540
38,42,-62,-480
38,88,-84,-556
16,42,-50,-632
42,80,-52,-682
30,42,-66,-832
24,32,-40,-800
-20,30,-38,-972
-34,28,-44,-1202
-16,36,-80,-1308
-44,-2,-58,-364
-58,42,-90,-550
-36,42,-84,-2572
-118,-32,-80,-26
-120,-2,-110,404
-128,-18,-104,-454
-136,-50,-118,818
-6,-80,-130,-1448
-568,-160,-138,-530
202,-134,-170,-1206
172,-58,-212,-1166
-96,98,-206,-846
-272,256,-138,-3278
-128,56,-52,394
-84,186,-54,792
-82,76,-26,-3598
-2568,-28,62,9924
1002,8,-126,-7174
-2158,-188,-48,6260
-1230,-78,-184,2688
-1214,-94,-192,-1488
-2306,-356,86,-228
1174,60,-840,-6580
2386,-466,-1354,-3642
840,198,-554,-4358
1178,1174,-222,-474
-440,-580,-1410,1238
-1258,1508,-1034,3660
-1678,-188,1064,2694
-1700,1096,2084,3648
-708,-422,418,1498
-58,-1384,1064,-518
2136,-1086,-162,-1162
1726,-1572,-1400,-3460
2040,-722,-882,-2810
874,160,-2328,-1618
1092,1000,-1420,-2136
-1126,1396,-562,964
-1560,1602,278,696
-404,638,1088,3984
-2410,494,1506,1562
-1624,-712,2252,2584
-1516,-128,870,564
-690,-1842,228,168
504,-1148,-720,-962
1048,-726,-1226,-2168
1646,30,-1520,-986
638,612,-1952,-704
150,78,-1872,-154
-222,1800,-1056,-234
-980,380,296,362
-766,612,1006,588
-1238,578,1790,840
-380,-440,1188,1300
-404,128,788,552
-144,-540,458,716
-34,-532,-898,78
286,-444,-1116,-534
214,-228,-1672,-644
408,116,-1090,-994
294,220,-710,-1020
74,192,-288,-528
-372,466,30,-512
-538,534,476,94
-550,326,816,534
-686,48,660,790
-730,-124,278,608
-622,-96,472,456
-430,-292,-228,696
-102,-210,-476,44
-144,-300,-644,-376
162,-48,-878,-270
36,130,-554,-612
242,204,-602,-194
-58,288,-228,-222
-162,392,-48,-140
-314,272,68,-6
-356,250,306,-22
-312,74,492,214
-348,-10,254,104
-218,-60,188,330
-400,-20,-24,84
-218,24,-390,46
-290,-176,-270,266
-118,-434,-570,-86
26,60,-334,-10
-100,252,-512,-126
260,-72,-154,-90
-134,230,62,-84
-128,76,-176,-356
-224,50,238,30
-392,276,98,160
-248,-88,68,62
-316,36,100,452
-276,144,-28,142
-280,314,-208,190
32,-58,-268,322
-44,-6,-240,22
92,88,-348,-34
232,-40,-156,-202
-54,-36,-174,-172
48,88,10,-154
-300,162,48,-112
-372,286,78,76
-352,56,12,52
-476,150,-176,102
-330,166,-140,352
-90,-30,-142,184
0,-144,-102,148
-10,132,-216,98
84,54,-118,38
-50,98,-148,2
14,70,-170,-298
-166,98,-122,-112
-214,70,-166,-184
-136,46,-54,-180
-270,24,-42,4
-250,12,-124,70
-202,0,-66,264
-118,170,-72,112
-144,138,-88,140
-90,112,-178,100
-96,104,-166,-10
-46,74,-164,-146
-42,40,-60,-190
-114,84,-82,-208
-82,32,-76,-202
-206,58,-64,-96
-260,48,-100,10
-224,62,-102,122
-228,84,-134,26
-236,70,-114,152
-138,92,-104,110
-92,112,-150,4
-34,44,-104,-48
20,116,-74,-52
-24,62,-124,-62
-92,68,-138,-102
-158,20,-80,-186
-230,30,-114,-50
-210,34,-88,-48
-242,86,-40,-18
-130,122,-114,32
-84,140,-102,-24
-54,154,-62,28
-22,122,-122,38
-54,148,-82,22
-52,138,-66,-22
-100,48,-100,12
-164,0,-98,-60
-114,8,-66,26
-158,48,-118,-36
-154,84,-56,-60
-108,118,-56,18
-114,82,-100,2
-86,100,-68,28
-94,108,-48,54
-84,122,-88,88
-42,98,-48,-2
-90,96,-16,0
-140,90,-138,-50
-136,84,-82,-84
-170,80,-70,18
-120,72,-148,16
-100,100,-154,46
-112,78,-126,42
-52,64,-86,8
-56,102,-60,-22
-70,82,-4,28
-76,88,12,-46
-62,102,-30,44
-132,96,-62,-26
-116,122,-116,-78
-136,126,-84,12
-148,136,-88,18
-56,144,-106,-46
-74,92,-68,30
-34,22,-110,110
-22,32,-60,66
-34,20,-68,50
-34,42,-40,66
-112,94,-76,-18
-148,92,-60,16
-188,156,-48,-4
-144,158,-80,60
-170,178,-90,-8
-100,152,-104,-40
-68,154,-40,54
-34,88,-58,14
-26,50,-96,70
-10,22,-86,28
-68,50,-104,66
-106,4,-106,32
-86,80,-106,14
-96,168,-106,-26
-142,98,-94,-14
-110,190,-28,114
-92,186,-16,70
-92,182,-38,42
-66,124,6,96
-52,108,-52,72
-60,56,-70,48
-82,42,-104,46
-58,-2,-110,10
-84,36,-126,-14
-42,66,-112,-30
-58,68,-92,96
-78,136,-70,84
-66,162,-24,120
-44,176,-32,90
-64,188,8,72
-104,132,-24,46
-56,122,-22,16
-94,104,-34,60
-70,68,-94,24
-46,50,-88,90
-40,56,-80,24
-38,62,-100,38
-48,94,-78,146
-46,140,-54,66
-122,110,-62,120
-90,158,-68,68
-86,142,-38,74
-62,122,-50,98
-32,146,-60,108
-62,114,-50,44
-84,98,-72,-14
-108,86,-66,74
-60,78,-80,32
-82,76,-68,120
-48,84,-54,102
-54,112,-74,102
-64,120,-72,94
-60,84,-64,78
-46,112,-42,64
-88,134,-46,80
-74,114,-60,150
-80,148,-68,82
-104,116,-62,60
-90,130,-74,122
-74,106,-38,104
-64,76,-56,182
-46,78,-96,42
-54,106,-78,72
-80,60,-66,150
-94,68,-64,38
-76,84,-60,46
-88,104,-44,108
-92,128,-86,164
-88,160,-54,72
-70,130,-70,74
-106,106,-58,84
-98,92,-76,162
-82,104,-56,130
-88,146,-76,50
-94,74,-50,60
-100,62,-78,152
-60,72,-40,108
-74,76,-64,108
-76,136,-80,118
-106,100,-56,146
-122,130,-58,116
-100,146,-72,114
-104,116,-42,100
-100,92,-48,126
-104,98,-94,146
-64,94,-48,108
-80,72,-72,126
-112,86,-74,106
-64,112,-56,106
-50,116,-72,52
-84,98,-70,94
-84,110,-70,112
-82,92,-88,146
-102,80,-68,6
-122,86,-110,64
-138,34,-116,140
-164,120,-68,110
-112,40,-58,76
-136,70,-112,106
-136,104,-46,26
-120,92,-82,170
-32,144,-22,106
-36,110,-82,84
-66,72,-74,120
-68,104,-80,8
-94,60,-68,58
-106,66,-102,62
-112,78,-80,62
-124,28,-88,190
-136,114,-52,92
-78,72,-52,152
-80,114,-20,166
-32,140,-48,134
-22,114,-20,108
12,120,-54,106
-48,112,-54,116
-74,102,-74,124
-76,108,-68,74
-170,102,-68,96
-148,84,-82,130
-126,88,-48,84
-98,130,-60,84
-98,98,-100,84
-68,114,-74,100
-20,68,-104,50
-70,98,-78,80
-58,64,-74,166
-98,64,-82,76
-90,72,-70,84
-130,44,-16,142
-146,74,-74,126
-142,116,-70,158
-88,70,-72,60
-52,40,-44,104
-56,110,-84,144
-68,126,-140,158
-84,110,-68,104
-68,90,-126,108
-116,42,-46,130
-128,104,-108,156
-138,56,-92,72
-148,24,-84,46
-130,36,-32,106
-136,104,-44,82
-120,130,-20,72
-84,120,-30,76
-66,92,-52,64
-88,98,-62,142
-82,130,-118,150
-60,132,-70,116
-62,64,-134,144
-104,74,-138,120
-120,70,-92,88
-108,32,-146,90
-136,56,-84,126
-134,54,-50,82
-138,70,-36,142
-146,82,-44,158
-98,70,-52,114
-126,106,-50,124
-110,86,-30,154
-72,100,-60,112
-100,54,-98,104
-118,96,-120,64
-106,90,-94,72
-126,68,-126,72
-110,88,-84,64
-122,132,-88,66
-124,66,-56,108
-118,112,-56,132
-146,96,-60,158
-128,114,-28,134
-122,138,-38,150
-130,84,-48,72
-80,100,-32,138
-120,114,-84,80
-78,90,-88,104
-120,112,-98,128
-140,86,-126,86
-138,64,-102,92
-124,54,-112,148
-134,98,-86,122
-160,36,-86,46
-140,92,-64,156
-128,66,-78,96
-148,70,-64,136
-130,78,-82,114
-120,104,-72,88
-124,102,-102,146
-110,98,-106,92
-90,104,-108,80
-140,82,-88,88
-126,46,-70,92
-106,76,-86,108
-96,78,-56,96
-128,124,-88,94
-134,106,-48,110
-134,116,-60,136
-158,122,-52,156
-124,106,-100,138
-128,88,-62,128
-120,88,-72,138
-98,88,-86,104
-104,68,-118,102
-94,68,-90,106
-100,78,-138,116
-130,90,-110,134
-120,92,-106,98
-164,94,-58,118
-166,108,-40,138
-146,90,-48,94
-140,102,-58,92
-122,86,-56,114
-110,96,-72,124
-122,94,-114,108
-98,108,-78,106
-138,80,-102,102
-104,84,-86,96
-100,52,-90,106
-132,56,-74,100
-132,60,-64,102
-146,54,-74,80
-160,88,-84,118
-134,106,-70,112
-116,96,-68,116
-144,124,-102,112
-104,124,-92,116
-126,100,-110,98
-104,88,-96,96
-112,84,-88,90
-118,64,-108,96
-132,86,-70,100
-130,78,-76,136
-152,68,-78,110
-124,104,-92,114
-142,98,-96,120
-140,88,-106,82
-102,100,-104,98
-98,128,-116,124
-80,106,-96,140
-90,66,-94,86
-110,54,-76,126
-150,44,-86,134
-156,68,-62,118
-140,96,-52,118
-154,94,-48,140
-126,114,-100,154
-132,150,-60,112
-92,156,-106,128
-88,110,-94,148
-84,140,-96,154
-58,82,-82,94
-104,88,-104,128
-102,68,-96,86
-106,84,-54,122
-108,88,-40,136
-130,110,-50,130
-124,110,-68,150
-136,134,-62,146
-114,98,-74,140
-90,132,-118,154
-96,118,-96,108
-96,62,-80,136
-96,106,-88,116
-96,54,-100,118
-94,32,-64,102
-98,88,-34,106
-112,74,-32,90
-96,84,-44,98
-156,84,-28,112
-116,88,-68,90
-68,138,-88,134
-82,112,-86,116
-62,98,-64,138
-76,114,-76,156
-88,78,-66,120
-86,118,-48,124
-100,72,-72,110
-66,84,-64,118
-100,148,-88,130
-90,122,-106,116
-80,120,-52,118
-78,132,-86,108
-66,134,-70,114
-92,94,-50,120
-96,90,-28,112
-70,54,-34,114
-108,70,-58,172
-104,78,-52,120
-90,90,-60,136
-22,92,-108,120
-58,78,-86,128
-62,142,-90,102
-30,118,-66,86
-72,96,-62,130
-68,114,-42,100
-64,90,-46,154
-106,76,-48,140
-96,94,-52,106
-74,88,-72,126
-64,126,-60,116
-44,128,-84,116
-66,128,-98,122
-56,128,-56,128
-64,138,-70,114
-56,108,-48,124
-60,114,-32,84
-64,118,-32,88
-60,76,-44,104
-68,92,-60,88
-60,94,-66,76
-58,82,-64,122
-50,114,-92,96
-58,108,-82,134
-32,114,-82,112
-52,112,-76,96
-30,104,-58,108
-56,98,-40,106
-60,74,-36,84
-98,68,-28,82
-76,98,-48,80
-62,98,-58,56
-50,56,-76,92
-42,98,-72,76
-42,96,-92,68
-56,102,-82,104
-54,88,-80,100
-64,116,-60,132
-50,90,-54,72
-46,84,-52,84
-62,96,-66,92
-66,88,-74,66
-46,102,-78,86
-72,78,-54,78
-54,88,-94,56
-38,84,-70,74
-42,84,-88,94
-20,82,-72,56
-40,78,-86,76
-40,104,-68,96
-50,106,-56,92
-40,96,-80,86
-46,94,-62,72
-38,96,-62,90
-28,100,-66,84
-28,112,-64,82
-62,96,-54,48
-34,104,-86,90
-30,74,-62,74
-20,82,-64,42
-12,86,-78,76
-8,78,-78,66
-4,66,-76,58
-24,86,-68,46
-14,78,-58,72
-34,100,-52,96
-6,124,-48,62
-22,96,-34,72
-46,116,-42,84
-34,118,-52,60
10,96,-52,80
-14,110,-76,74
-22,80,-52,86
-18,94,-62,60
-30,100,-62,68
-20,62,-44,66
14,82,-84,88
-16,94,-56,88
16,106,-60,92
14,120,-72,70
-2,116,-66,94
-12,94,-70,82
2,126,-60,74
-14,94,-22,54
-8,100,-56,64
4,96,-36,64
-16,84,-20,68
16,62,-34,98
0,76,-46,62
6,122,-76,76
20,100,-78,76
16,120,-66,78
8,120,-70,52
-12,106,-60,66
-10,116,-54,60
-46,100,-44,66
4,108,-38,46
-8,94,-56,82
16,104,-42,50
8,86,-46,90
22,112,-56,52
32,110,-82,46
30,96,-44,82
10,116,-64,68
8,98,-58,54
12,98,-52,34
12,66,-64,56
-10,54,-6,50
16,102,-60,62
38,68,-50,78
40,92,-74,84
6,112,-52,54
32,130,-64,62
24,110,-76,40
14,112,-66,60
-4,92,-74,42
2,64,-62,72
-8,66,-60,74
12,70,-72,114
6,70,-54,72
6,120,-54,50
32,104,-58,54
40,106,-88,50
38,118,-70,36
40,86,-58,36
22,80,-42,30
14,102,-56,62
6,76,-64,86
14,96,-46,50
32,102,-76,80
-10,90,-60,64
30,94,-68,48
42,88,-56,34
14,92,-40,32
50,84,-34,62
34,86,-52,54
0,76,-46,74
10,98,-60,60
24,114,-64,70
24,106,-60,52
34,110,-66,82
40,100,-50,56
40,96,-78,38
38,100,-78,50
30,84,-48,72
20,92,-58,64
-8,80,-48,36
-10,116,-50,56
-22,82,-66,36
18,104,-44,66
18,112,-46,60
48,110,-52,54
48,104,-48,62
46,104,-44,34
44,118,-52,48
46,114,-36,52
4,112,-64,46
40,92,-60,46
20,92,-72,56
6,82,-48,72
18,94,-42,84
32,78,-40,72
12,72,-18,80
38,90,-48,88
32,104,-46,70
24,122,-44,44
26,104,-62,50
38,98,-62,36
12,120,-70,30
42,100,-50,68
26,92,-66,58
40,68,-52,70
28,80,-52,92
58,100,-56,78
32,114,-32,72
54,90,-50,58
38,90,-8,60
24,84,-34,24
56,100,-42,34
28,100,-44,62
10,90,-62,50
24,82,-66,40
46,66,-88,54
32,56,-78,42
72,86,-70,60
40,100,-88,68
0,86,-44,52
14,86,-54,40
42,96,-66,42
28,106,-62,24
20,88,-66,60
4,86,-42,24
34,78,-60,6
28,82,-50,32
50,56,-14,42
44,62,-56,52
44,82,-68,56
42,66,-72,56
50,118,-58,54
24,98,-56,46
40,102,-58,50
12,110,-50,44
16,96,-60,36
18,92,-38,40
8,102,-42,0
48,78,-50,44
12,76,-62,58
32,80,-52,40
54,116,-74,58
38,92,-78,42
34,82,-48,60
26,80,-58,28
14,96,-62,26
6,80,-46,40
0,82,-66,38
32,88,-60,46
18,78,-42,30
28,80,-68,30
44,74,-80,58
54,72,-52,40
28,128,-74,30
34,92,-82,58
32,70,-82,38
32,86,-60,32
40,82,-68,38
12,78,-66,16
38,60,-26,60
10,76,-48,48
24,76,-50,40
28,60,-52,46
26,92,-78,32
48,96,-100,42
20,102,-68,8
38,82,-80,34
20,104,-100,22
-6,68,-96,28
26,110,-56,46
-2,62,-64,36
6,110,-28,18
4,68,-52,18
-4,104,-50,26
32,82,-72,40
32,64,-52,42
20,60,-108,52
44,72,-88,40
28,82,-70,42
54,92,-90,32
30,64,-90,20
18,88,-70,58
10,104,-28,10
20,78,-82,22
8,102,-70,20
24,68,-38,32
22,74,-22,38
16,68,-48,36
12,52,-44,36
16,94,-54,20
26,60,-52,40
30,56,-52,32
54,80,-44,20
50,70,-64,32
74,88,-60,14
54,106,-72,32
38,88,-66,26
16,100,-82,24
24,82,-92,50
24,88,-74,52
14,76,-68,30
18,74,-52,54
14,64,-58,36
40,76,-60,30
40,84,-82,32
22,72,-86,44
2,96,-96,26
8,82,-60,12
22,88,-68,36
-2,80,-90,14
28,90,-52,52
10,84,-62,38
24,74,-68,22
14,68,-62,30
14,84,-56,44
12,76,-66,54
24,72,-56,36
16,66,-68,34
2,66,-70,34
42,74,-68,42
42,84,-70,20
34,92,-66,4
40,108,-70,14
42,86,-78,32
6,98,-60,24
28,76,-38,38
32,88,-64,20
32,82,-72,34
38,64,-68,40
20,70,-56,18
4,66,-62,50
-14,82,-48,20
20,94,-44,48
26,98,-52,10
40,74,-66,-2
24,70,-66,6
0,96,-58,28
0,80,-84,18
16,62,-58,10
16,80,-56,42
14,60,-40,52
16,76,-64,22
10,78,-54,10
4,80,-90,34
18,82,-84,38
-10,112,-64,24
12,96,-74,18
6,86,-70,20
26,100,-78,0
38,102,-78,24
14,82,-70,42
34,84,-46,30
20,74,-82,64
26,80,-72,48
-2,82,-60,62
-2,80,-98,4
6,72,-76,18
2,82,-74,24
28,76,-68,12
0,62,-56,32
-4,74,-64,-2
32,62,-58,16
18,96,-68,36
24,88,-54,2
10,76,-64,58
24,88,-60,42
20,74,-58,38
12,80,-62,18
46,104,-70,28
8,80,-38,32
30,88,-84,34
44,102,-64,28
46,84,-64,28
32,84,-86,20
38,68,-62,28
32,68,-46,2
48,54,-60,16
16,74,-68,16
14,78,-70,34
10,66,-68,24
24,88,-82,36
32,66,-68,32
24,62,-42,8
24,74,-44,36
24,68,-60,12
8,90,-44,12
36,84,-62,16
4,82,-68,36
32,78,-88,22
10,104,-36,32
24,74,-74,20
22,104,-74,22
16,86,-44,28
16,86,-64,26
16,88,-24,26
26,110,-72,42
8,76,-46,30
12,64,-50,62
26,70,-66,30
28,88,-82,18
10,90,-66,16
40,118,-64,24
24,96,-58,14
14,94,-26,28
36,90,-42,44
18,90,-64,28
12,72,-38,46
24,76,-68,32
24,90,-72,48
26,86,-72,62
28,92,-56,26
30,66,-64,44
14,94,-64,28
56,82,-60,44
12,104,-66,12
38,102,-54,14
16,82,-64,0
10,98,-70,6
26,94,-70,24
28,102,-60,18
22,100,-80,4
22,92,-46,42
12,58,-60,22
32,70,-38,30
16,84,-30,38
14,84,-44,32
24,68,-68,26
18,78,-54,36
-4,96,-72,18
-6,74,-52,24
22,106,-80,10
36,88,-58,2
28,84,-70,0
32,96,-58,30
46,56,-68,34
36,92,-58,30
30,82,-58,34
44,84,-68,20
36,78,-56,4
-2,74,-48,34
32,90,-56,20
20,86,-46,2
24,80,-62,16
26,100,-34,10
34,100,-42,16
26,98,-44,26
34,98,-62,18
44,92,-66,18
12,92,-60,26
34,88,-58,22
10,76,-54,2
30,94,-64,22
24,80,-46,34
28,90,-28,34
18,104,-34,0
0,92,-44,2
12,86,-38,-6
22,96,-56,20
28,102,-58,20
-16,100,-80,0
24,92,-66,-14
26,74,-72,8
30,66,-68,-12
16,84,-24,18
24,56,-48,-10
-4,88,-78,-4
-14,74,-48,0
-22,58,-40,-12
8,54,-68,8
16,106,-80,-4
22,96,-68,22
10,68,-92,-10
32,76,-78,12
24,114,-90,-10
18,80,-58,-14
-6,60,-96,6
10,62,-62,-10
8,74,-68,-12
6,68,-56,10
-22,56,-68,-2
-10,80,-94,-4
-4,74,-56,-10
12,80,-74,0
2,80,-80,6
-12,86,-96,-34
18,72,-72,-2
24,88,-86,6
-4,64,-68,-28
18,66,-76,-12
-2,56,-66,6
18,72,-88,18
2,62,-60,28
-6,62,-72,-10
34,68,-76,-14
-24,78,-86,-12
30,80,-86,-2
32,76,-90,-32
-16,72,-88,12
-28,70,-108,8
36,98,-80,0
-48,90,-102,-2
26,78,-80,-10
34,74,-62,-34
6,94,-48,-12
2,66,-72,0
-38,64,-80,16
26,70,-52,-26
-34,68,-56,-20
-4,76,-82,-36
-2,76,-64,-14
26,66,-58,-30
16,60,-88,2
44,68,-88,-40
0,72,-84,-2
-12,66,-58,-28
18,30,-70,12
-22,62,-74,-60
-10,82,-80,-12
-12,56,-56,4
-24,60,-66,-24
-10,56,-72,-8
2,64,-80,-34
-30,72,-86,-10
12,66,-78,-16
8,66,-64,4
-12,62,-92,0
22,60,-84,-20
0,64,-68,10
20,70,-60,6
-6,64,-74,-34
18,74,-78,12
28,78,-92,24
18,58,-84,4
8,80,-82,22
22,76,-80,8
28,70,-66,-2
-8,70,-72,0
-18,62,-64,26
4,106,-70,20
6,74,-42,-8
30,118,-68,16
-12,128,-74,-8
16,130,-40,-18
14,80,-78,-14
10,96,-62,8
12,72,-56,-14
14,68,-78,18
14,72,-64,-6
2,62,-84,-12
24,72,-84,-12
4,66,-56,-4
26,64,-56,-10
-16,104,-58,-16
2,68,-54,-44
10,66,-60,-28
14,96,-74,-44
-28,84,-72,-2
-14,90,-88,-12
-2,66,-74,0
-16,44,-58,2
-12,78,-86,-44
-10,62,-74,-6
24,64,-54,-6
22,60,-68,-24
14,72,-66,-30
22,72,-48,-14
-6,60,-42,6
4,82,-68,-36
8,76,-70,-2
4,62,-76,-8
4,96,-46,-18
20,58,-58,18
8,72,-80,-6
34,102,-64,-40
14,74,-74,28
14,116,-68,-40
4,120,-64,-22
16,88,-22,8
-18,86,-86,-36
-8,46,-76,-26
14,44,-90,26
16,82,-80,-10
10,70,-70,16
18,80,-60,-24
-10,106,-74,-6
20,118,-66,-16
-10,110,-64,4
-2,74,-70,-20
14,52,-64,4
-12,106,-78,-12
-4,72,-64,-22
-14,82,-60,-28
4,68,-76,-10
-10,80,-50,-34
-6,68,-52,-12
-4,82,-58,-4
-10,48,-72,-30
-20,94,-72,-8
8,90,-90,0
6,88,-82,-2
-28,80,-76,-34
-2,64,-64,-22
-12,68,-54,2
0,70,-62,-20
6,54,-78,-38
-10,50,-84,-2
6,42,-46,-24
-2,44,-74,-8
0,74,-52,-12
-2,60,-80,-2
4,74,-90,-2
-14,92,-74,-22
0,102,-74,-8
10,78,-78,-18
-10,64,-68,-10
-10,64,-38,-6
-26,78,-70,-20
-10,70,-84,-2
6,86,-80,-14
-6,78,-70,-4
14,98,-78,-24
2,84,-80,-44
-10,92,-64,-46
-26,80,-50,-28
2,98,-62,-22
10,46,-52,-24
-8,72,-58,-34
-4,86,-74,-6
6,52,-56,-10
-14,58,-76,-32
-10,78,-54,-30
-2,72,-74,-8
22,52,-82,-38
16,84,-86,0
-14,104,-64,-8
-2,96,-76,-34
-2,70,-76,-14
-24,42,-64,-32
2,84,-60,-26
-12,66,-54,-26
-8,84,-72,-34
-10,66,-82,-42
-2,62,-76,-20
-4,66,-76,-36
6,86,-66,-14
18,56,-96,2
8,88,-76,-24
-4,56,-94,-16
-18,90,-82,-30
-10,78,-82,-32
-22,72,-74,-30
-8,88,-72,-52
-6,92,-68,-30
0,68,-50,4
-34,68,-72,-6
-10,82,-78,-16
-8,64,-50,-18
0,66,-74,-20
4,76,-62,-10
-10,78,-60,-18
-20,94,-78,-22
16,74,-62,-10
4,82,-52,-18
-2,88,-48,-30
10,88,-88,-24
-20,84,-60,-32
22,88,-60,-22
4,100,-74,-6
14,92,-44,-16
-24,84,-54,0
-8,82,-56,-22
6,80,-58,10
4,74,-68,-14
-10,46,-66,-30
-2,74,-72,-20
4,90,-58,-18
18,98,-66,-46
16,100,-64,-30
-18,82,-74,-30
8,78,-88,-32
18,60,-92,-22
14,78,-70,-36
18,80,-66,-30
-18,70,-74,-10
-20,78,-80,2
-8,76,-68,-18
-32,78,-66,-36
-18,94,-82,-22
-4,60,-48,-32
0,80,-94,-28
-8,80,-92,-8
-12,60,-70,-46
-26,76,-80,-58
22,58,-58,12
-42,46,-50,-10
-8,62,-90,-54
26,86,-52,-50
-8,78,-42,-40
-80,40,-66,26
-22,66,-108,-12
-10,72,-74,-64
-32,104,-66,-46
-52,82,-68,-38
-2,42,-98,24
-12,78,-86,4
30,76,-70,-98
6,66,-64,-32
-34,80,-80,-26
-26,42,-104,-36
-26,56,-68,-32
6,90,-86,-36
-14,114,-72,-22
-30,60,-110,-10
-42,72,-84,-6
2,60,-74,-24
4,80,-70,-30
-18,90,-80,-4
-16,62,-78,-12
6,66,-90,-34
4,90,-52,-4
-12,48,-98,-34
-22,94,-62,-38
18,70,-82,-4
-16,66,-56,-36
-8,56,-62,-58
2,74,-82,-16
-18,80,-46,-20
-10,70,-66,-22
32,46,-56,-26
-4,88,-58,-16
-10,94,-62,-20
16,44,-44,-22
4,84,-72,-12
-26,106,-62,-40
-30,82,-52,-18
-10,96,-82,-44
0,68,-54,-28
-4,64,-72,-42
-4,72,-74,0
-26,88,-78,-26
4,76,-60,-26
-8,64,-66,-6
-22,72,-80,-24
-10,68,-84,-8
-14,74,-78,-22
2,66,-80,-26
-24,96,-50,-22
-14,80,-80,-28
-12,74,-72,-6
-4,96,-72,0
-26,76,-50,-36
8,78,-80,-40
-18,48,-52,-48
-34,66,-52,-20
-18,86,-70,-4
6,76,-60,-20
-6,102,-68,-44
-2,86,-60,-44
-8,74,-60,-28
-32,100,-76,-28
10,52,-52,-20
4,70,-80,-24
4,82,-48,-14
-4,56,-64,-28
-18,70,-70,-36
-28,42,-78,-16
10,98,-60,-24
-14,92,-78,-30
0,44,-90,-22
-4,78,-84,-8
-12,96,-66,-30
-8,96,-74,-16
-26,88,-82,-12
2,90,-78,-36
-14,88,-74,-32
6,106,-88,-36
-10,66,-64,-4
-40,60,-60,-22
-14,106,-64,-16
-14,72,-82,-34
-10,76,-84,-40
-24,70,-80,-30
-14,58,-54,-2
-2,62,-86,-28
6,40,-82,-32
-4,72,-52,-20
-26,80,-74,-26
-26,94,-84,-12
-12,50,-74,-6
-36,74,-74,-6
-16,96,-76,8
-16,96,-70,-34
-24,56,-60,-30
-20,42,-58,-34
-20,86,-88,-20
-30,68,-84,-42
-10,48,-82,-34
-14,68,-70,-40
-20,76,-80,-26
-38,70,-70,-32
-8,70,-92,-26
-22,48,-90,-28
-36,86,-112,-32
-26,52,-88,-30
-20,68,-86,-18
-26,58,-106,-30
-32,76,-80,-38
-32,60,-78,-38
-22,46,-82,-38
-32,74,-78,-46
-8,52,-56,-32
-2,52,-94,-32
2,64,-66,-38
-26,64,-68,-34
-38,54,-76,-8
-20,68,-66,-72
-12,66,-88,-22
-20,80,-72,-34
-36,86,-86,-18
-22,44,-82,-42
-22,82,-72,-34
-8,50,-62,-28
0,50,-88,-46
-14,96,-66,-16
-10,72,-82,-22
-14,58,-96,-18
-4,66,-76,-22
-30,64,-66,-26
-16,60,-86,-10
-28,74,-74,-16
-24,96,-76,-26
-22,58,-102,-20
-18,82,-98,-24
-24,60,-104,-46
-26,48,-86,-18
-32,68,-76,-12
-26,78,-98,-46
-24,60,-62,-40
-18,68,-70,-46
-24,78,-98,-4
-10,58,-70,-20
-28,64,-84,-18
-14,80,-106,-30
-26,62,-70,-28
-6,80,-78,-18
-60,76,-76,-34
-24,78,-86,-44
-26,60,-68,-46
-10,60,-72,-50
-24,64,-70,-38
-32,46,-72,-30
-30,56,-108,-14
-18,74,-80,-24
-20,36,-72,-32
-44,58,-94,-18
-38,56,-94,-40
0,62,-68,-26
-28,74,-94,-58
-22,64,-92,-34
-22,86,-106,-36
-28,60,-86,-40
-18,64,-84,-50
-12,48,-66,-30
-16,70,-100,-40
-20,70,-74,-38
-16,80,-72,-50
-24,64,-88,-22
-2,44,-88,-32
-10,86,-64,-18
-4,60,-98,-22
-48,82,-76,-44
-24,78,-94,-46
-28,66,-108,-44
-26,52,-86,-64
-12,82,-68,-38
-26,58,-66,-34
-6,54,-70,-36
-32,84,-92,-10
-40,54,-82,-12
-20,74,-82,-26
-22,86,-88,-46
-36,72,-64,-32
-44,62,-100,-44
-30,54,-96,-28
-28,52,-82,-18
-40,74,-82,-38
10,62,-70,-36
-38,72,-74,-12
-32,58,-46,-46
-28,48,-66,-36
-38,60,-64,-60
-22,78,-80,-20
-10,76,-80,-22
-10,64,-88,-16
-10,100,-58,-34
-24,90,-66,-36
-34,72,-84,-40
-14,64,-66,-38
-34,52,-104,-24
-8,94,-98,-24
-20,64,-64,-32
-38,68,-84,-50
-16,78,-82,-56
-20,56,-86,-44
-26,56,-88,-16
-24,70,-74,-12
-26,86,-68,-38
-16,74,-60,4
-36,62,-76,-48
-28,102,-68,-12
-32,90,-80,-30
-16,76,-82,-20
-30,80,-80,-32
-22,80,-96,-38
-20,72,-88,-44
-14,72,-74,-36
-20,44,-92,-54
8,70,-84,-22
-18,70,-84,-40
-30,82,-52,-42
-24,58,-88,-38
-48,52,-72,-42
-30,68,-96,-34
-22,42,-84,-32
-34,58,-92,-38
-40,64,-64,-26
-20,66,-88,-32
-26,86,-90,-16
-6,70,-56,-38
-24,56,-66,-30
-22,40,-68,-26
-26,78,-58,-30
-4,62,-80,-14
-26,78,-44,-34
-24,78,-58,-40
-8,104,-78,-44
-34,86,-74,-28
-44,80,-86,-52
-12,70,-78,-40
10,66,-72,-44
-20,42,-98,-12
0,98,-84,-26
-30,76,-72,-26
-28,70,-82,-30
-30,78,-76,-28
-34,86,-70,-28
-22,78,-72,-22
-20,62,-64,-30
-20,66,-62,-26
-30,62,-70,-36
-2,76,-58,-20
-14,84,-106,-14
-30,48,-78,-46
-16,66,-98,-28
-36,60,-90,-24
-8,40,-90,-26
-32,38,-78,-26
-46,86,-96,-56
-28,62,-86,-12
-24,50,-70,-34
-30,86,-74,-48
-34,46,-68,-24
-6,50,-74,-52
-24,92,-98,-28
-8,52,-72,-28
2,82,-86,-26
-20,76,-84,-26
-18,62,-92,-36
-14,56,-76,-48
-40,64,-74,-60
-26,76,-72,-46
-16,70,-84,-50
-46,36,-66,-40
-34,68,-64,-16
-26,64,-68,-36
-30,64,-72,-32
-12,56,-108,-18
-32,86,-70,-22
-28,66,-68,-24
-28,70,-88,-42
2,64,-84,-32
-26,76,-70,-38
-44,64,-68,-20
8,74,-66,-42
-36,114,-84,-44
-32,78,-64,-24
-18,82,-58,-14
-58,64,-58,-28
-30,78,-88,-22
-10,46,-90,-16
-8,78,-62,-20
-28,76,-80,-36
-40,72,-76,-16
-10,104,-78,-32
-16,58,-82,-30
-16,76,-64,-44
0,62,-92,-44
-4,82,-74,-38
4,80,-78,-14
-2,76,-70,-36
-32,92,-72,-38
-24,72,-84,-52
-36,88,-52,-24
-22,72,-68,-36
-32,68,-78,-22
-26,70,-74,-44
4,72,-70,-22
-24,82,-62,-24
-30,68,-76,-52
-12,80,-64,-32
-22,52,-106,-48
2,66,-92,-36
-52,70,-88,-40
-46,56,-78,-26
-32,60,-76,-68
-32,60,-74,-24
-20,62,-64,-38
-10,64,-66,-24
-20,96,-78,-40
-14,84,-72,-26
-14,76,-72,-26
-8,64,-62,-26
-36,60,-92,-30
-16,68,-96,-58
-20,72,-92,-30
-36,50,-68,-42
-32,62,-68,-18
-26,50,-74,-64
-22,70,-72,-52
-20,68,-72,-58
-26,66,-60,-40
-38,70,-68,-28
-50,86,-86,-32
-18,68,-88,-20
-44,76,-84,-18
-24,52,-68,-42
-28,56,-98,-40
-40,66,-92,-50
-36,64,-64,-50
-54,70,-96,-56
-32,54,-108,-42
-16,46,-78,-42
-12,58,-56,-30
-30,58,-96,-26
-20,82,-82,-28
-26,66,-80,-20
-14,74,-72,-38
-4,36,-82,-14
-24,74,-70,-24
-26,52,-80,-42
-34,46,-84,-52
-20,60,-84,-46
-34,64,-82,-50
-30,52,-74,-38
-32,62,-74,-62
-50,60,-76,-22
-32,60,-68,-52
-36,74,-78,-32
-34,78,-64,-34
-24,90,-72,-34
-24,54,-74,-38
-30,80,-82,-56
-32,88,-74,-30
-56,56,-76,-60
-32,52,-76,-42
-40,62,-88,-50
-16,60,-78,-32
-36,82,-78,-38
-4,84,-88,-54
-26,66,-74,-44
-30,68,-66,-40
-26,78,-66,-38
-22,52,-84,-44
-20,58,-72,-58
14,70,-72,-46
-22,58,-84,-34
0,56,-76,-60
-26,62,-86,-30
-44,54,-78,-48
-14,70,-80,-42
-18,68,-90,-48
-30,54,-72,-32
-18,78,-74,-50
-40,50,-70,-42
-22,76,-80,-40
-30,74,-60,-44
-28,66,-66,-34
-30,58,-106,-54
-36,52,-70,-34
0,62,-82,-48
-40,78,-86,-64
-24,68,-78,-36
-30,56,-80,-40
4,76,-108,-46
-34,82,-62,-38
-6,76,-50,-56
-32,66,-68,-64
-36,76,-62,-46
-26,88,-74,-36
-38,78,-64,-56
-14,72,-74,-48
-8,68,-76,-44
-34,66,-80,-16
-22,98,-96,-44
-48,66,-98,-48
-16,66,-76,-38
-14,78,-80,-30
-10,74,-66,-68
-18,88,-100,-40
-38,56,-72,-52
-4,60,-62,-62
-22,80,-58,-70
-44,78,-82,-50
-34,78,-112,-40
-34,72,-96,-38
-16,90,-94,-58
-36,66,-86,-14
-36,70,-68,-24
-24,52,-84,-38
-30,80,-88,-60
-30,64,-88,-20
-36,74,-80,-50
-32,78,-94,-48
-44,58,-78,-52
-14,86,-76,-42
-36,74,-64,-48
-30,74,-60,-36
-10,74,-72,-36
0,64,-76,-34
-24,64,-70,-36
-48,64,-84,-66
-20,96,-66,-56
-40,70,-86,-58
-36,82,-72,-50
-26,60,-92,-42
-36,78,-86,-48
-28,80,-68,-66
-26,68,-58,-8
-38,62,-50,-94
-34,62,-78,-36
-26,72,-98,-90
-28,66,-64,-72
-20,96,-82,-96
-48,66,-76,-90
-14,68,-78,-40
-30,64,-76,-20
-54,72,-86,-76
-36,74,-82,-56
-54,54,-94,-68
-30,70,-76,-72
-22,88,-82,-102
-12,66,-100,-64
-18,38,-64,-74
-22,72,-76,-58
-30,84,-66,-50
-30,82,-50,-34
-44,70,-80,-50
-58,68,-66,-52
-22,78,-76,-84
-26,46,-66,-68
-16,72,-78,-86
-4,60,-76,-82
-14,68,-102,-60
-30,78,-80,-48
-30,78,-86,-20
-34,80,-56,-38
-40,68,-80,-38
-48,76,-84,-42
-10,62,-80,-62
-14,80,-66,-78
-8,48,-98,-88
-12,84,-78,-58
-22,88,-116,-50
-16,82,-98,-14
-34,68,-76,-42
-28,62,-82,-66
-34,40,-64,-64
-26,64,-62,-62
-20,64,-56,-82
-14,52,-78,-74
-18,60,-86,-72
-22,74,-82,-36
-26,66,-78,-48
-30,66,-84,-70
-34,74,-78,-54
-36,64,-70,-60
-26,48,-70,-96
-42,78,-72,-66
-22,58,-84,-74
-10,66,-58,-68
-14,62,-70,-74
-32,70,-76,-66
-44,78,-58,-56
-42,106,-68,-54
-44,56,-76,-36
-30,58,-64,-56
-38,82,-46,-60
-32,68,-94,-64
-38,48,-92,-64
-10,62,-78,-46
-36,66,-98,-54
-30,62,-102,-90
-44,62,-92,-48
-26,52,-100,-68
-54,76,-74,-66
-28,56,-80,-76
-18,52,-74,-62
-32,84,-82,-48
-44,88,-80,-58
-52,54,-74,-56
-34,70,-96,-64
-62,52,-90,-52
-34,46,-102,-40
-24,60,-102,-90
-42,74,-100,-74
-16,48,-88,-78
-10,66,-56,-62
-8,56,-74,-74
-44,84,-78,-44
-34,74,-78,-76
-40,66,-96,-66
-34,72,-82,-78
-26,74,-90,-72
-24,72,-70,-66
-36,68,-76,-44
-34,60,-102,-44
-24,52,-66,-60
-56,68,-110,-30
-26,76,-80,-28
-44,70,-92,-42
-18,66,-94,-52
-30,62,-62,-76
-16,58,-94,-90
-34,56,-78,-96
-30,78,-86,-68
-32,70,-78,-50
-20,86,-74,-50
-38,98,-92,-40
-34,88,-82,-18
-36,86,-74,-20
-50,62,-62,-76
-30,54,-82,-66
-22,62,-52,-82
4,68,-66,-96
12,74,-76,-46
-32,48,-80,-78
-34,82,-106,-38
-68,92,-94,-58
-44,102,-94,-18
-52,70,-72,-60
-34,68,-62,-88
-22,88,-78,-56
-4,66,-88,-84
-16,72,-68,-28
-22,86,-78,-50
-62,84,-90,-38
-42,68,-96,-72
-48,36,-78,-42
0,76,-58,-70
-28,80,-68,-74
-18,62,-72,-68
-26,72,-72,-76
-16,68,-48,-50
-46,54,-74,-70
-40,76,-96,-58
-16,96,-94,-72
-50,88,-70,-32
-38,110,-74,-58
-20,70,-64,-90
-14,64,-92,-30
-42,66,-70,-70
-52,60,-68,-78
-24,58,-96,-76
-34,50,-88,-72
-24,62,-86,-30
-22,76,-76,-76
-30,74,-66,-52
-40,62,-62,-60
-16,82,-96,-96
-26,42,-72,-68
-36,50,-84,-96
-36,60,-80,-60
-34,78,-84,-72
-52,54,-62,-48
-28,44,-64,-62
-40,68,-62,-86
-12,74,-72,-54
-22,62,-80,-64
-24,74,-80,-78
-44,76,-64,-54
-28,66,-74,-54
-40,90,-98,-58
-42,74,-68,-50
-36,72,-84,-40
-26,62,-90,-44
-38,66,-100,-54
-28,96,-66,-44
-34,64,-52,-70
-36,56,-70,-72
10,74,-70,-70
-24,62,-80,-84
-20,62,-70,-74
-22,74,-64,-60
-46,74,-70,-42
-50,66,-68,-60
-58,98,-80,-64
-48,102,-88,-60
-46,58,-86,-58
-50,68,-86,-84
-26,58,-78,-58
-42,52,-92,-76
-30,68,-98,-46
-58,68,-70,-56
-20,66,-90,-44
-22,72,-82,-60
-28,58,-58,-58
-18,72,-70,-50
-32,68,-98,-66
-34,78,-96,-38
-46,60,-76,-72
-54,72,-70,-80
-36,76,-76,-66
-32,56,-94,-70
-28,70,-50,-68
-14,70,-80,-60
-26,82,-64,-68
-28,64,-72,-70
-22,64,-72,-66
-40,106,-70,-50
-38,104,-60,-78
-42,58,-80,-52
-40,74,-64,-42
-38,102,-102,-60
-32,82,-88,-64
-52,80,-52,-74
-36,66,-76,-58
-28,68,-88,-62
-14,100,-76,-68
-18,52,-96,-70
-24,96,-78,-48
-60,62,-66,-74
-24,84,-72,-34
-38,78,-82,-70
-28,50,-92,-46
-32,60,-58,-68
-8,64,-102,-58
-36,48,-68,-54
-26,80,-68,-56
-18,76,-90,-40
-4,78,-92,-64
-20,70,-72,-74
-26,58,-64,-54
-42,86,-68,-78
-44,94,-66,-72
-34,64,-82,-70
-30,70,-84,-54
-28,72,-86,-40
-24,54,-80,-50
-40,84,-86,-68
-46,70,-78,-52
-14,66,-70,-80
-44,62,-80,-52
-26,52,-76,-84
-44,66,-72,-66
-34,70,-92,-80
-14,76,-82,-76
-40,86,-74,-60
-26,100,-86,-74
-24,60,-94,-66
-20,72,-74,-54
-40,56,-76,-92
-46,48,-72,-72
-10,56,-66,-52
-28,72,-104,-58
-46,90,-104,-58
-44,52,-62,-70
-24,62,-68,-64
-22,106,-68,-62
-28,100,-82,-48
-18,74,-84,-66
-40,72,-82,-78
-4,80,-78,-80
-34,64,-78,-52
-6,80,-90,-52
-28,72,-78,-54
-24,86,-62,-40
-16,66,-82,-46
-20,66,-70,-28
-44,62,-82,-40
-30,78,-82,-62
-10,66,-88,-48
-20,72,-80,-76
-24,86,-64,-34
-28,88,-84,-52
-34,62,-80,-64
-12,60,-42,-58
-36,90,-60,-80
-30,82,-82,-66
-48,78,-80,-70
-18,106,-72,-58
-36,70,-86,-52
-28,48,-90,-76
-28,82,-106,-64
-40,86,-90,-62
-22,64,-74,-48
-42,72,-84,-48
-32,66,-76,-56
-10,72,-64,-66
-22,68,-82,-70
-8,68,-64,-52
-12,80,-66,-54
-40,56,-80,-60
-30,66,-68,-78
-20,82,-92,-50
-30,98,-74,-44
4,70,-100,-80
-30,46,-94,-56
-28,50,-92,-54
-26,66,-72,-54
-36,80,-78,-80
-38,70,-84,-62
-12,90,-90,-64
-20,56,-82,-52
-28,82,-90,-68
-40,80,-88,-48
-6,88,-74,-62
-36,80,-78,-70
-12,90,-66,-58
-30,76,-80,-64
-24,80,-68,-76
-10,76,-58,-56
-36,72,-82,-76
-8,90,-86,-78
-12,78,-78,-64
-20,72,-62,-64
-24,70,-94,-58
-34,90,-82,-76
-14,56,-80,-72
-12,100,-80,-42
-38,54,-72,-74
-28,92,-58,-78
-6,66,-90,-70
-20,66,-72,-72
-16,68,-62,-42
-2,90,-82,-68
-8,68,-74,-66
-8,62,-72,-54
-36,66,-94,-66
-2,74,-68,-54
-14,90,-50,-40
-18,56,-76,-60
-26,62,-82,-58
-30,76,-76,-50
-20,78,-88,-50
-18,68,-50,-76
-20,74,-76,-88
-32,102,-66,-60
-20,78,-70,-78
0,66,-76,-54
-22,60,-64,-82
-14,88,-88,-50
-34,90,-64,-64
-40,64,-94,-54
-36,78,-92,-60
-14,76,-58,-54
-20,68,-78,-70
-14,86,-84,-38
-30,82,-74,-74
-16,80,-72,-24
-22,78,-92,-78
-10,82,-60,-46
-54,72,-86,-56
-20,84,-74,-58
-18,70,-86,-46
-18,76,-68,-50
-22,80,-58,-80
-16,74,-74,-82
-12,70,-84,-72
-4,82,-82,-60
-26,56,-56,-50
-6,70,-72,-78
-16,78,-64,-66
-46,84,-88,-46
-30,78,-76,-62
-12,66,-70,-74
-18,76,-52,-48
-12,78,-68,-40
-22,74,-82,-44
-28,68,-80,-46
-14,72,-64,-62
-22,86,-72,-56
-30,80,-88,-34
-16,72,-72,-52
-26,64,-64,-62
-20,74,-66,-56
-24,62,-76,-48
-32,62,-94,-72
-22,84,-74,-76
0,66,-68,-64
-26,88,-60,-60
-26,104,-92,-78
-4,76,-84,-68
-8,68,-68,-76
-14,96,-74,-74
-12,74,-64,-58
-38,60,-56,-78
-14,82,-94,-74
-26,78,-64,-44
-28,74,-86,-46
-32,94,-62,-74
-18,82,-66,-82
-4,64,-94,-78
-38,74,-84,-58
-26,70,-88,-72
-60,54,-92,-66
-60,58,-72,-80
-28,66,-98,-82
-30,54,-80,-64
-34,72,-58,-84
-12,60,-74,-94
-26,94,-86,-56
-50,62,-94,-94
-4,76,-74,-68
-14,66,-82,-58
-18,40,-82,-56
-8,60,-74,-68
-6,66,-68,-58
-38,70,-80,-86
-44,56,-64,-86
-32,84,-70,-74
-24,78,-76,-70
-24,64,-72,-70
-18,64,-60,-78
-22,90,-88,-78
-32,72,-68,-72
-44,56,-74,-88
-32,70,-58,-70
-18,76,-50,-74
-26,80,-84,-54
-24,76,-88,-78
-44,68,-88,-72
-28,56,-78,-72
-18,82,-78,-60
-30,72,-74,-96
-28,54,-82,-60
-28,80,-96,-78
-20,70,-64,-92
-38,56,-70,-68
-32,46,-72,-68
-10,54,-74,-94
-36,64,-72,-86
-40,68,-72,-74
-24,42,-78,-84
-12,56,-74,-80
-16,52,-74,-66
-12,68,-84,-54
-20,66,-90,-80
-14,64,-96,-46
-16,78,-100,-90
-28,60,-78,-68
-26,50,-72,-66
-16,80,-80,-52
-32,60,-78,-66
-20,78,-86,-62
-38,62,-90,-76
-48,66,-76,-86
-28,66,-78,-62
-28,64,-110,-56
-8,84,-72,-96
-32,48,-82,-76
-8,74,-88,-70
0,88,-82,-64
-14,62,-66,-80
-18,70,-90,-72
-8,56,-82,-50
-26,64,-76,-62
-20,72,-64,-70
2,74,-78,-52
-12,60,-68,-60
-36,64,-76,-68
-32,74,-78,-74
-26,76,-58,-68
-8,78,-86,-62
6,68,-88,-62
-10,86,-98,-68
-6,72,-64,-68
-22,74,-70,-48
-20,80,-78,-82
-22,76,-90,-54
-4,70,-78,-62
-24,74,-82,-68
12,84,-80,-70
-44,62,-86,-70
-28,74,-72,-68
-28,92,-82,-80
-36,72,-82,-64
-30,82,-104,-70
-12,60,-70,-64
-2,78,-88,-60
-10,58,-86,-58
-18,78,-68,-44
-24,70,-92,-64
-24,66,-88,-54
-24,82,-66,-66
-16,82,-74,-76
-24,74,-76,-58
10,82,-68,-78
-18,96,-80,-62
4,58,-86,-64
-20,76,-62,-60
-24,70,-76,-46
-32,76,-66,-56
-32,58,-92,-54
-16,86,-84,-58
-28,70,-80,-74
-38,76,-84,-74
-28,84,-60,-52
-24,86,-66,-64
-34,80,-68,-64
-20,68,-80,-62
16,94,-104,-90
-6,80,-80,-68
-6,74,-78,-76
-4,82,-70,-60
-20,72,-72,-56
-10,48,-78,-64
-30,62,-74,-60
-8,94,-74,-56
-48,72,-78,-60
-24,68,-92,-62
-12,66,-48,-32
-26,78,-70,-64
-12,86,-72,-52
-20,78,-74,-60
-26,66,-68,-58
-42,62,-66,-70
-16,76,-72,-66
-32,82,-76,-66
-8,70,-78,-74
-16,54,-88,-66
-28,78,-72,-62
0,88,-88,-78
-38,84,-88,-50
-26,62,-78,-62
-8,80,-74,-66
-18,68,-72,-62
-10,70,-74,-68
-36,56,-70,-32
-48,90,-90,-58
-22,80,-62,-74
-16,90,-58,-78
-22,94,-74,-60
-22,72,-100,-58
-26,62,-86,-64
-34,92,-76,-70
-18,66,-84,-48
-20,60,-76,-84
-12,80,-68,-64
-24,60,-102,-58
-26,72,-100,-74
-22,76,-74,-36
-14,62,-74,-50
-18,74,-70,-70
-24,68,-88,-60
-16,76,-72,-60
-16,90,-80,-86
-24,78,-70,-40
-12,76,-76,-64
-20,80,-54,-66
-26,60,-86,-40
-8,54,-68,-58
2,66,-84,-64
-26,58,-60,-56
-28,84,-96,-58
-30,82,-70,-82
-16,68,-70,-68
-16,80,-72,-92
-16,50,-92,-68
-10,62,-82,-52
-22,84,-84,-72
-18,74,-76,-72
-24,80,-90,-58
-24,80,-74,-46
-30,88,-86,-52
-10,96,-62,-72
-30,62,-76,-56
-28,42,-68,-36
-22,80,-80,-36
-26,56,-94,-60
-22,66,-84,-72
-26,56,-90,-34
-34,80,-90,-62
-32,46,-92,-56
-30,62,-96,-64
-34,62,-82,-70
-24,92,-92,-54
-20,70,-90,-54
-34,92,-76,-36
-24,58,-82,-28
-32,64,-78,-70
-50,58,-102,-52
-20,60,-90,-56
-56,64,-72,-60
-40,54,-82,-56
-20,66,-66,-62
-12,84,-90,-44
-24,68,-78,-38
-28,68,-90,-46
-22,68,-82,-58
-30,96,-90,-62
-38,58,-74,-70
-48,74,-78,-56
-28,78,-74,-52
-12,78,-62,-58
-32,74,-78,-60
-46,90,-108,-52
-22,62,-56,-62
-42,78,-90,-58
-24,70,-66,-50
-20,90,-74,-56
-8,80,-70,-52
-18,84,-70,-18
-24,78,-48,-24
-32,82,-90,-34
-6,68,-64,-74
-14,96,-66,-48
-26,84,-62,-60
-22,80,-68,-26
-26,68,-66,-68
-16,92,-44,-60
-36,92,-64,-24
-22,76,-102,-54
-14,74,-68,-38
-30,66,-78,-30
-24,72,-72,-40
-26,72,-66,-32
-38,62,-50,-38
-22,66,-84,-40
-20,74,-70,-48
-18,84,-68,-58
-32,54,-60,-36
-28,72,-80,-44
-30,96,-84,-46
-12,72,-72,-40
-24,66,-76,-30
-8,70,-102,-46
-10,66,-78,-52
-14,80,-80,-26
-24,104,-60,-32
-12,56,-82,-30
-24,54,-38,-54
-10,64,-82,-28
-24,82,-82,-58
-22,88,-52,-52
-34,94,-70,-36
-22,66,-74,-38
-40,86,-88,-44
-12,88,-54,-26
-32,80,-58,-18
-34,84,-94,-38
-10,60,-74,-26
-16,62,-76,-34
-22,76,-70,-40
-2,88,-64,-56
-30,88,-64,-44
-26,98,-76,-36
-38,62,-70,-48
-18,76,-54,-40
-24,96,-78,-42
-38,82,-76,-50
-22,82,-92,-20
-10,68,-82,-52
-4,86,-68,-34
10,88,-76,-48
-40,78,-98,-20
-26,70,-78,-50
-30,62,-44,-36
0,84,-68,-26
-42,88,-72,-22
-26,66,-72,-20
-46,72,-54,0
-20,80,-54,-28
-18,74,-84,-38
-4,72,-64,-36
-20,80,-88,-30
-48,88,-66,-42
-10,84,-74,-28
-14,74,-76,-6
-36,66,-50,-18
-14,68,-72,-20
-30,88,-76,-22
-4,60,-100,-10
-26,94,-82,-38
-18,40,-76,-38
-16,100,-76,-8
-16,92,-86,-60
-8,70,-54,-30
-6,84,-76,-16
-26,56,-66,-34
-12,80,-44,-36
-14,102,-80,-18
0,82,-58,-40
0,70,-76,-22
-22,72,-70,-22
-20,76,-66,-42
-16,88,-58,-18
-4,94,-72,-38
-24,82,-56,-28
-42,74,-70,-38
-36,94,-64,-20
-40,86,-94,-22
-26,52,-70,-40
-22,66,-78,-30
-22,66,-88,-34
-22,78,-76,-28
-32,70,-88,-32
-26,66,-78,-32
-40,98,-84,0
-22,52,-80,-18
-44,76,-60,-48
-48,72,-78,-16
-34,72,-72,-34
-24,80,-56,-38
-26,80,-102,-30
-36,76,-76,-24
-20,64,-60,-30
-34,70,-66,-28
-20,96,-82,-40
-30,74,-74,-24
-32,88,-72,-14
-56,68,-62,-22
-28,58,-90,-22
-44,82,-96,-28
-36,58,-66,-32
-38,72,-64,-40
-34,66,-70,-56
-28,92,-72,-26
-30,84,-114,-50
-16,76,-78,-32
-36,96,-76,-24
-34,92,-98,-34
-26,104,-92,-18
-32,82,-82,-44
-44,82,-84,-30
-44,66,-84,-26
-20,62,-72,-10
-56,72,-72,-48
-36,80,-76,-22
-32,72,-68,-28
-24,64,-82,-26
-14,64,-68,-44
-20,94,-56,-6
-48,82,-50,-16
-20,82,-68,-24
-14,94,-70,-34
-32,72,-90,-2
-28,114,-50,-18
-26,60,-62,-20
-30,82,-70,-52
-16,66,-70,-40
-24,82,-72,-8
-34,80,-78,-4
-22,86,-86,-46
2,88,-68,-20
-40,70,-78,-30
-20,64,-66,-16
-36,126,-90,-24
-30,94,-82,-50
-40,72,-54,4
-48,82,-78,-8
-30,78,-64,-34
-52,56,-74,-26
-40,82,-90,-20
-40,94,-82,-50
-26,78,-66,-28
-36,86,-70,-40
-34,94,-80,-8
-38,90,-64,-28
-24,68,-68,-32
-40,90,-58,-30
-36,92,-72,-16
-40,90,-74,-48
-22,82,-80,-30
-12,96,-86,-32
-30,70,-78,-16
-22,96,-88,-10
-38,96,-82,-20
-32,88,-68,-22
-52,114,-88,-22
-48,84,-76,-30
-30,76,-96,-18
-32,92,-72,-12
-30,82,-80,4
-36,58,-78,-18
-28,86,-74,-24
-44,66,-82,-28
-36,92,-94,-64
-28,80,-80,0
-16,76,-72,-4
-10,94,-70,-14
-40,88,-86,-32
-38,86,-84,-14
-42,96,-72,-40
-14,72,-68,-12
-22,108,-66,-18
-22,80,-76,-8
-30,70,-54,-14
-28,76,-76,-50
-22,84,-74,-2
-36,78,-94,-20
-32,92,-74,-20
-34,84,-70,0
-26,80,-64,-4
-54,74,-74,-10
-56,64,-78,-30
-24,70,-70,-16
-36,90,-78,-28
-28,80,-68,-2
-46,62,-88,-34
-30,80,-68,-12
-28,90,-76,-8
-48,84,-56,-4
-24,90,-46,18
-36,92,-74,-4
-6,90,-80,-2
-48,88,-78,-10
-22,78,-44,-40
-22,70,-52,6
-42,104,-62,-16
-50,84,-78,-8
-28,80,-94,16
-56,74,-80,-2
-26,82,-62,-8
-56,56,-66,-2
-32,78,-80,-10
-22,78,-80,-26
-30,62,-78,-24
-30,100,-74,2
2,86,-60,-22
-34,78,-94,-4
-34,90,-62,-20
-40,76,-78,-20
-36,90,-68,6
-22,84,-86,-32
-50,74,-62,-28
-18,74,-60,-30
-26,84,-80,6
-50,78,-66,16
-42,82,-48,-8
-38,80,-68,-4
-18,78,-84,20
-34,76,-64,-20
-24,80,-76,-40
-12,80,-76,-18
-26,62,-88,36
-40,78,-76,16
-26,78,-72,-24
0,86,-76,-24
-18,72,-90,20
-28,76,-52,-12
-32,110,-84,-28
-20,68,-50,-16
-42,76,-78,16
-14,88,-74,0
-36,92,-68,14
-18,74,-94,2
-14,100,-68,18
-16,80,-88,-2
-2,84,-82,-24
-12,82,-80,0
-36,82,-52,-16
-40,72,-104,-4
-20,80,-72,-14
-52,80,-74,-4
-26,72,-60,18
-10,66,-80,-2
-14,72,-80,-2
-6,92,-54,36
-18,82,-72,10
-20,96,-92,16
-38,62,-96,2
-8,66,-72,14
-32,80,-68,20
-24,68,-52,-24
-20,82,-62,-2
-26,86,-64,10
-42,80,-68,-18
-24,104,-82,-14
-52,96,-84,10
-10,72,-94,24
-32,86,-68,10
-32,80,-80,42
-26,84,-76,22
-28,66,-90,-8
-28,112,-80,-32
-40,88,-80,-6
-4,84,-66,24
-16,88,-84,6
-18,68,-60,-52
-4,62,-66,-60
-22,104,-88,-12
-26,90,-68,14
-22,80,-54,-14
-32,76,-60,32
-22,68,-64,30
-18,82,-64,4
-30,94,-70,20
-50,82,-78,26
-12,82,-70,30
-24,92,-66,-2
-12,62,-70,16
-18,104,-68,4
-24,88,-52,42
-38,82,-66,-20
-10,86,-74,-4
-16,92,-56,12
-20,108,-64,40
-22,66,-78,16
-40,84,-76,32
-42,76,-68,18
-40,58,-62,-2
-14,88,-94,-18
-16,68,-54,-6
-24,82,-82,2
-22,102,-66,42
-14,58,-58,-18
-18,76,-66,-16
-16,98,-74,10
-14,72,-68,18
-12,92,-86,36
0,86,-60,14
-22,84,-66,-8
-16,80,-78,-20
-10,66,-80,-50
-18,112,-86,-40
-14,66,-66,8
-24,88,-76,22
-24,80,-56,4
-32,102,-56,-6
8,62,-58,26
-46,94,-64,44
-14,82,-78,4
-8,72,-74,-2
-2,76,-64,-24
20,64,-88,14
-6,92,-68,6
-8,86,-62,34
-4,98,-58,24
-14,64,-56,60
-14,88,-46,74
-8,116,-48,46
-8,76,-84,82
-14,90,-66,74
-44,82,-66,52
-2,78,-54,46
-6,94,-68,20
-20,96,-62,22
-22,84,-54,10
-6,88,-72,16
4,102,-46,46
-6,96,-96,56
0,108,-68,40
-40,98,-74,68
-8,92,-72,0
-12,76,-44,-10
-30,102,-56,34
-24,92,-54,-16
-12,104,-80,2
0,96,-38,-24
-18,100,-58,4
-8,94,-60,12
-6,110,-50,42
-14,120,-56,92
0,104,-34,38
4,86,-82,42
-26,106,-72,44
-10,104,-56,26
-42,98,-54,18
-6,96,-56,-4
-16,100,-62,-6
-22,62,-62,-4
0,90,-66,-32
-4,84,-60,-12
-34,102,-70,44
-4,90,-44,34
-8,92,-52,66
-4,82,-72,26
-26,80,-58,16
-20,88,-78,42
-6,92,-70,22
-38,92,-74,2
-20,66,-54,48
-16,82,-90,52
-16,98,-44,20
-14,74,-78,48
6,88,-62,36
2,114,-56,38
2,106,-46,52
-20,104,-76,-14
0,90,-58,50
-28,80,-84,-32
-30,100,-90,10
-16,68,-66,32
-18,78,-80,8
-2,82,-70,14
-22,88,-78,24
-22,88,-68,16
-18,76,-58,60
-20,92,-74,80
-12,80,-62,30
-24,80,-62,46
-16,110,-60,56
16,86,-70,16
-22,90,-58,2
-12,62,-90,48
12,86,-76,38
-12,98,-84,26
-6,86,-62,14
0,84,-74,8
-4,86,-60,24
-6,92,-60,-2
-42,94,-92,24
-20,112,-42,2
-16,72,-76,-6
-46,106,-70,46
-28,92,-68,70
-12,88,-68,24
12,82,-58,44
-16,88,-68,32
-14,92,-74,12
-22,90,-62,36
0,86,-60,-26
-18,76,-78,-16
-42,88,-64,6
-18,112,-54,-12
-46,100,-66,2
-44,100,-56,16
-32,94,-64,2
4,112,-62,14
-20,84,-72,76
-10,74,-66,14
10,82,-62,54
0,82,-48,14
-10,80,-68,-8
-24,52,-46,2
2,76,-88,2
-8,102,-70,38
-14,84,-42,-18
-32,72,-78,-6
-8,116,-46,-10
-36,86,-70,2
-14,76,-64,58
-14,84,-62,26
22,90,-74,50
0,76,-58,4
-4,74,-80,10
-16,88,-64,24
-10,74,-68,10
-14,66,-74,-20
-24,96,-92,34
-26,94,-96,14
-30,98,-88,-14
-16,66,-58,32
-14,66,-64,48
-20,82,-54,22
-4,106,-80,66
8,60,-52,34
2,82,-80,54
-4,94,-48,62
-4,108,-42,6
-14,116,-78,20
-20,116,-72,6
-24,92,-70,6
-38,72,-76,-6
-28,94,-62,-18
-4,92,-76,44
-28,78,-66,10
-24,86,-60,22
-20,78,-62,58
-6,88,-28,2
10,70,-52,-2
-14,72,-48,10
-4,80,-68,22
8,78,-78,-6
-6,82,-90,60
-6,94,-68,26
-20,92,-72,44
-16,88,-88,42
-2,90,-76,16
-12,112,-88,34
-2,80,-78,-26
-14,96,-72,4
-28,78,-74,14
-20,78,-50,-24
-10,84,-76,-12
8,98,-54,12
-18,78,-92,32
-24,66,-68,-10
-22,78,-80,-2
16,92,-50,46
-22,78,-64,30
-32,78,-84,8
2,88,-88,-2
-26,98,-86,-12
-20,98,-72,-40
-6,78,-82,8
-24,98,-50,16
-12,94,-54,-20
-20,82,-74,0
-2,106,-86,32
-26,80,-66,32
-26,88,-76,-18
-24,76,-68,16
-22,68,-76,-22
-28,50,-86,-20
-6,72,-82,32
-22,96,-72,2
-30,52,-92,16
-12,74,-80,-14
-10,84,-84,0
-30,76,-58,-30
-22,70,-74,12
-24,86,-80,4
-24,64,-58,8
-20,62,-68,36
-18,66,-36,2
-12,102,-66,-14
0,60,-70,12
-6,74,-82,-18
-20,80,-102,-28
22,72,-64,-24
-2,62,-60,-10
-22,78,-80,-32
18,84,-50,-26
-12,58,-60,-40
-16,88,-74,-48
-14,64,-50,-58
-16,88,-66,-40
-32,76,-82,-8
0,72,-60,-22
-22,78,-82,-18
-28,96,-76,-18
-30,76,-104,-22
-8,68,-64,-24
-16,72,-74,-28
-26,84,-64,-16
-42,94,-66,4
-22,84,-76,-38
-8,76,-74,-52
-18,68,-72,22
-18,84,-64,-48
-8,92,-66,-26
8,80,-68,-34
-18,86,-94,-4
-28,70,-52,24
-4,46,-68,18
-28,100,-88,-2
-24,80,-60,-8
-38,78,-84,-8
-6,84,-72,-22
-28,80,-92,-20
-48,70,-64,-30
2,76,-56,4
-22,58,-72,-48
-4,96,-70,-28
-16,88,-90,-22
-32,94,-60,-10
-22,66,-96,-20
-14,66,-74,28
-40,58,-94,2
-24,58,-72,-18
-8,66,-74,26
-20,66,-64,-20
-12,82,-56,-56
-38,82,-64,-6
-4,80,-70,-28
-38,66,-82,-40
-28,78,-84,-20
-30,80,-64,-54
-28,86,-76,-10
-24,82,-86,-2
-26,90,-78,-42
-40,88,-74,-78
-16,66,-84,16
-18,66,-74,-76
-26,72,-94,-48
-22,82,-82,2
16,46,-64,-28
-42,86,-88,-34
-12,60,-72,-4
-18,80,-86,-10
-20,66,-70,-50
-14,98,-88,-54
-42,104,-92,-62
-26,78,-90,-32
-22,86,-84,-48
-22,72,-66,-58
-28,74,-92,-16
-28,60,-64,-36
-44,78,-74,-28
-18,66,-74,-12
-40,76,-62,-36
-26,62,-76,-32
-40,82,-64,-34
-46,78,-84,4
-28,68,-102,-10
-48,60,-92,-38
-34,86,-82,-34
-10,94,-78,-50
-4,58,-84,-56
-12,58,-58,-10
-22,68,-64,-2
-14,64,-76,-22
-14,66,-78,-20
-8,72,-58,-60
-42,62,-76,-44
-36,58,-68,-24
-30,80,-84,-16
-36,68,-84,-40
-20,78,-68,-44
-42,92,-78,-60
-14,70,-86,-20
-14,92,-86,-34
-20,76,-78,-60
-24,70,-78,-32
-20,76,-62,-46
-32,96,-64,-36
-42,60,-72,-50
-18,76,-84,-60
-32,58,-66,-14
-44,86,-58,-44
-28,66,-60,-52
-38,90,-86,-52
-34,90,-106,-44
-22,76,-92,16
-28,68,-78,-78
-26,100,-48,12
-26,86,-60,-76
-28,90,-58,-76
-28,88,-82,-10
-18,62,-76,-62
-18,60,-62,-60
-8,78,-84,-52
0,60,-74,-52
-24,82,-70,-42
-28,116,-78,-46
-34,82,-78,-44
-32,86,-76,-38
-46,68,-92,-34
-26,90,-78,-48
2,84,-70,-64
-28,102,-68,-34
0,108,-66,-30
-26,64,-78,-42
-16,72,-76,-16
-28,66,-86,-34
-18,106,-76,-10
-30,72,-78,-48
-20,60,-74,-52
-18,68,-92,-22
-38,84,-70,-32
-26,68,-94,-42
0,82,-66,-56
-22,88,-74,-54
-30,64,-60,-52
-12,80,-92,-40
-28,86,-88,-6
-18,86,-82,-24
-24,86,-52,-46
-28,92,-66,-96
-42,100,-100,-2
-42,64,-86,-18
-42,80,-92,-28
-28,78,-88,-58
-28,68,-64,-34
-30,84,-50,-54
-22,102,-60,-14
-16,82,-64,-52
-30,90,-66,-70
-22,88,-74,-36
-22,70,-66,-68
-24,76,-76,-78
-12,80,-64,-52
-32,72,-86,-50
-36,80,-62,-54
-42,98,-54,-12
-12,94,-70,-48
-18,88,-74,-62
-24,76,-92,-58
-18,82,-78,-72
-20,78,-74,-46
-28,74,-72,-60
-24,58,-78,-70
-22,82,-90,-34
-24,60,-68,-64
-2,62,-68,-88
-4,76,-88,-36
-22,78,-62,-62
-20,78,-82,-84
-24,70,-74,-102
-22,84,-68,-50
-30,64,-94,-76
-30,62,-88,-30
-26,74,-84,-86
-32,62,-74,-50
-20,86,-88,-78
-16,76,-66,-56
-38,104,-96,-100
-24,80,-62,-18
-4,70,-72,-72
-16,92,-58,-30
-24,78,-72,-40
-18,64,-84,-38
-12,82,-78,-54
-4,90,-88,-104
2,84,-68,-20
-16,52,-74,-44
-26,86,-88,-70
-32,86,-98,-48
-34,78,-42,-96
-12,64,-72,-44
-16,84,-66,-38
-26,68,-78,-100
-10,88,-56,-66
-28,56,-86,-40
-30,78,-74,-40
-6,88,-76,-56
-6,102,-92,-68
-32,90,-66,-64
-24,66,-94,-78
-18,60,-72,-22
-14,84,-70,-82
-20,74,-82,-52
-42,104,-54,-52
-24,78,-60,-74
-14,98,-68,-60
-12,70,-60,-42
-12,92,-72,-42
-28,102,-70,-6
-6,68,-76,-52
-28,86,-80,-48
-10,80,-80,-18
-26,92,-96,-36
-8,74,-86,-46
-44,52,-96,-66
-16,66,-80,-42
-16,84,-64,-42
-30,66,-84,-54
-12,88,-76,-82
12,100,-70,-42
-24,88,-78,-58
-12,88,-56,-76
-36,54,-62,6
-12,78,-90,-66
-22,108,-88,-88
-18,90,-66,-36
-48,92,-74,-52
-34,84,-98,-40
-36,78,-82,-26
-18,76,-56,-108
4,62,-76,-56
-10,88,-78,-66
-6,82,-64,-44
-2,72,-78,-54
-20,90,-64,-36
-20,88,-80,-6
-22,80,-60,-48
-22,106,-84,-58
-16,80,-66,-88
-4,82,-68,-88
-16,102,-90,-32
-26,66,-66,-40
-24,86,-72,-70
-2,82,-52,-16
-2,78,-64,-62
-12,70,-50,-64
-8,82,-40,-88
8,80,-62,-50
0,52,-78,-72
2,80,-94,-64
-26,68,-90,-36
-22,96,-74,-96
-12,120,-60,-66
-18,70,-68,-10
-10,78,-52,-26
-22,76,-68,-56
-22,96,-48,-48
-12,90,-86,-30
-10,84,-78,-36
-30,78,-92,-30
-16,78,-72,-42
-32,88,-56,-28
-10,86,-64,-42
-14,108,-72,-26
-18,98,-92,-20
-18,86,-78,-40
-20,76,-72,-74
-34,64,-62,-52
-20,78,-68,-36
-36,56,-78,-26
-48,94,-82,-86
-12,66,-70,-62
-10,82,-74,-42
-12,82,-82,-10
-14,110,-76,-28
-28,98,-90,-110
-20,84,-88,-54
-30,70,-96,-34
-14,72,-68,-58
-30,72,-74,-64
-16,52,-82,-72
-40,82,-74,-58
-32,70,-52,-42
-4,88,-76,-26
-18,72,-74,-64
-26,92,-104,-102
-36,90,-52,-14
-20,92,-66,-60
4,80,-68,-90
-26,88,-82,-22
-22,90,-64,-84
-24,74,-86,-82
-18,70,-96,-80
-18,88,-82,-80
-24,66,-66,-50
-22,70,-80,-54
0,100,-68,-42
-16,102,-86,-80
-46,82,-72,-58
-16,88,-84,-54
-36,84,-76,-64
-30,84,-64,-24
-22,94,-86,-46
-34,76,-84,-56
0,90,-46,-82
-10,106,-62,-68
-18,80,-60,-56
-24,96,-76,-84
-28,66,-58,-38
-16,90,-68,-54
-24,94,-86,-48
-10,52,-44,-36
-4,100,-80,-52
-8,92,-48,-32
-14,90,-44,-74
-12,98,-72,-82
-26,78,-36,-62
-24,78,-78,-52
-10,90,-72,-48
0,98,-82,-48
6,120,-70,-70
-38,72,-68,-32
-20,104,-66,-40
-14,80,-80,-44
-14,74,-64,-34
-14,98,-64,-56
-18,86,-86,-46
-26,96,-76,-90
-26,94,-72,-6
-24,80,-72,-42
-18,84,-62,-68
-2,72,-62,-42
0,84,-82,-48
-2,94,-66,-34
-14,84,-84,-34
-16,82,-84,-50
-4,72,-82,-44
-14,78,-76,-26
-28,64,-70,-34
-42,96,-62,-44
-22,88,-62,-42
0,92,-60,-46
-6,96,-70,-40
0,124,-84,-34
-20,86,-70,-48
-2,78,-76,-56
-4,56,-62,-34
-14,98,-64,-32
-18,88,-68,-42
-16,72,-66,-34
-24,98,-64,-24
-16,74,-74,-32
-32,88,-68,-22
-8,72,-72,-24
-38,108,-72,-28
-38,70,-50,-12
20,86,-66,-28
4,94,-64,-32
-8,86,-66,-30
-8,78,-50,-38
-46,76,-84,-32
-8,92,-68,-20
-12,106,-64,-4
-48,84,-62,-30
-10,76,-44,-14
-2,72,-70,4
-24,92,-74,-42
-14,86,-74,-16
-28,96,-76,-4
-12,100,-68,-20
10,100,-92,-8
-36,102,-70,-38
6,70,-72,-22
-4,86,-64,-32
-30,86,-60,-14
-18,94,-72,-12
-10,92,-62,-2
16,82,-66,-18
-4,78,-60,-16
18,78,-70,-6
-32,64,-74,6
6,60,-52,-4
2,78,-70,-20
-16,78,-70,4
16,80,-68,-26
-2,88,-72,-24
-2,98,-68,-24
-38,90,-64,-22
-20,90,-56,-8
-12,76,-80,-14
-28,88,-70,-14
-12,80,-74,-20
-20,80,-76,2
-2,64,-82,-20
-6,86,-64,-14
0,82,-64,-16
-16,72,-76,-2
-2,108,-66,-4
-6,82,-84,18
16,100,-74,6
-30,66,-72,-14
-10,98,-56,-10
-6,78,-78,2
-20,58,-82,-8
-26,100,-64,-2
-26,68,-102,-22
-8,90,-72,14
-14,88,-90,16
-4,90,-68,-14
-8,68,-86,-8
-34,66,-54,-12
-12,82,-88,-24
-4,86,-86,-14
-18,80,-88,12
-12,70,-70,-2
-12,64,-90,0
-14,102,-76,2
-16,58,-98,-4
-8,72,-90,-32
-26,80,-64,12
-22,82,-62,-12
-8,90,-70,-8
-14,94,-80,4
-20,76,-86,-8
-18,96,-76,-4
-24,60,-82,-30
-2,92,-78,10
-20,74,-82,12
-16,60,-72,10
-8,76,-72,-8
-22,88,-72,-6
-26,80,-80,-14
-14,90,-64,0
-20,70,-64,8
-4,74,-50,-10
-20,70,-82,-16
-14,78,-66,24
-42,86,-78,-8
-22,76,-86,-14
-20,88,-74,-10
-8,90,-76,-12
-22,78,-78,6
-26,92,-100,-4
-24,76,-108,2
-18,68,-92,-8
-28,58,-72,8
-20,64,-66,-20
-38,60,-74,-22
-18,70,-66,4
-14,78,-62,-16
-24,70,-90,2
-24,92,-68,-2
-24,94,-52,-4
-30,86,-86,6
-26,78,-76,-14
-26,76,-74,-10
-34,70,-74,-16
-28,80,-82,12
-26,74,-82,8
-36,68,-58,26
-38,66,-52,16
-20,78,-58,-4
-18,84,-64,0
-14,46,-72,4
-20,76,-82,-12
-20,80,-74,-4
-14,54,-66,4
-26,78,-52,-6
-12,68,-82,-2
-6,72,-66,-8
-24,88,-108,-12
-22,94,-74,2
-14,62,-62,30
-34,98,-82,-8
-16,90,-62,-12
-22,60,-68,-2
-4,80,-86,4
-40,68,-92,-8
-36,74,-64,2
-40,78,-78,36
-12,84,-72,4
-10,84,-72,-16
-28,68,-104,-10
-12,76,-80,-8
-14,52,-78,-2
-10,66,-72,6
-8,70,-102,22
-20,68,-90,10
-24,78,-74,-2
-24,70,-72,12
-50,76,-78,22
-28,98,-70,-8
-12,92,-66,10
-34,86,-86,16
-24,68,-90,2
-38,74,-88,-6
-30,100,-68,6
-24,82,-98,-2
-22,80,-72,-24
-36,64,-92,16
-16,90,-82,12
-32,80,-80,-14
-26,66,-92,10
-12,66,-58,12
-10,64,-70,-8
-26,52,-54,30
-40,64,-70,20
8,98,-68,6
-12,80,-62,26
-40,88,-76,10
-30,68,-90,-2
-46,82,-90,-4
-18,82,-100,2
-16,100,-96,2
-36,60,-86,10
-20,96,-88,18
-10,72,-88,34
-18,86,-70,14
-26,66,-76,10
-48,94,-88,6
-34,62,-86,4
-24,82,-76,6
-14,98,-68,38
-16,48,-66,22
-22,76,-92,14
-20,66,-86,16
-22,72,-74,16
-20,74,-86,-2
-20,88,-112,-4
4,60,-76,14
-10,72,-68,18
8,62,-74,24
0,78,-66,22
-20,68,-68,-4
-34,72,-72,22
-28,66,-74,16
-2,74,-94,12
-18,82,-72,-2
4,60,-78,10
-6,52,-76,4
-16,64,-98,24
-30,84,-80,-6
-24,100,-72,20
-14,64,-76,20
-16,94,-82,18
-4,86,-68,36
-6,104,-66,24
-28,66,-68,38
-32,74,-74,28
-22,84,-60,20
-30,88,-82,44
-24,74,-76,16
-14,50,-58,30
-26,74,-88,44
-4,82,-74,4
-12,102,-74,18
12,68,-88,32
-16,86,-48,2
-26,80,-70,4
-6,88,-74,42
-18,50,-62,20
-2,88,-54,34
-18,74,-80,14
6,86,-84,14
-14,62,-76,34
-14,72,-70,22
-10,106,-98,10
-2,78,-72,14
-28,66,-58,4
-24,78,-78,-2
-38,66,-76,32
-30,64,-84,16
2,86,-78,10
-26,76,-66,20
-18,90,-70,-6
-4,82,-74,20
2,72,-90,50
-6,80,-86,18
-20,80,-106,18
0,84,-96,4
-12,84,-84,-8
-18,96,-52,32
-24,78,-56,8
-18,64,-68,26
14,70,-66,34
-4,80,-76,8
-22,82,-84,18
-2,70,-86,26
4,82,-96,12
-20,72,-62,12
-12,82,-84,12
2,64,-62,8
-20,72,-56,18
-18,90,-64,-16
-30,98,-68,12
-14,66,-58,20
-8,82,-70,20
-12,74,-62,16
-28,58,-84,18
-22,82,-70,20
2,98,-76,8
-24,76,-80,10
0,74,-64,4
-8,102,-86,26
-28,70,-68,6
-22,74,-76,-16
-24,82,-82,10
-12,56,-70,22
-16,62,-84,2
14,50,-76,-18
4,82,-52,0
-12,66,-66,-18
-12,116,-80,16
0,68,-52,18
-4,92,-68,22
-10,72,-64,0
-24,52,-108,20
-8,82,-80,20
-20,70,-92,16
-8,70,-62,32
-4,74,-72,12
6,106,-64,30
-26,80,-68,16
-16,70,-64,14
-10,80,-52,-6
-16,94,-86,16
8,70,-76,20
-34,84,-58,8
-6,62,-78,36
-6,76,-62,54
-4,78,-64,6
-10,84,-64,16
-8,70,-74,16
-16,88,-66,10
-8,82,-78,24
-10,76,-56,-4
-22,62,-54,14
4,72,-90,2
-14,94,-56,4
-20,76,-72,12
-10,70,-68,2
-6,84,-54,4
-12,98,-80,20
-14,78,-60,12
24,74,-74,8
-14,86,-94,24
-14,78,-76,32
-20,72,-78,16
-6,66,-68,14
-10,66,-78,8
-38,72,-78,-8
-10,88,-90,-14
-12,90,-86,-2
-2,96,-60,20
-10,90,-56,0
-12,82,-64,16
-10,62,-78,8
-2,106,-92,12
-14,80,-74,12
-30,74,-54,-4
0,82,-62,28
-12,78,-62,14
0,74,-62,6
-10,82,-62,-4
-22,86,-44,-10
-26,88,-78,-2
-2,90,-78,8
-2,74,-64,-4
-12,70,-78,0
-22,76,-62,8
-18,92,-64,12
-12,78,-74,-26
-16,64,-76,40
-2,72,-110,2
8,64,-74,16
-38,66,-60,2
12,70,-60,-12
-16,64,-88,-8
-14,82,-50,2
-4,74,-48,14
-16,106,-82,-4
-18,70,-46,4
-4,82,-66,-2
-14,58,-82,-18
12,98,-82,0
-18,84,-76,8
-14,84,-72,6
4,58,-58,-8
-26,94,-62,0
-12,76,-70,4
-18,64,-62,-4
-12,66,-66,-16
-2,96,-72,-8
-34,78,-96,-4
-34,62,-78,0
-14,54,-76,4
-38,96,-78,10
-6,84,-84,4
2,88,-70,-22
-26,78,-100,-12
-18,56,-50,-8
-40,80,-62,-30
-28,72,-76,-8
-12,64,-76,-26
-20,58,-54,-10
-24,74,-96,-24
-26,74,-70,-12
0,56,-52,4
-12,90,-50,0
0,60,-64,0
-16,78,-78,-8
-6,52,-70,2
-16,92,-76,-2
-18,86,-72,-16
-10,78,-60,8
-24,70,-60,-10
-8,76,-86,-24
-24,76,-72,-26
-4,88,-68,-2
0,70,-74,-18
-20,62,-70,-2
-12,98,-48,10
-20,78,-48,2
-2,80,-76,-2
-16,62,-70,16
-14,78,-78,-12
-14,86,-56,10
-6,68,-70,-14
-34,76,-82,-22
-30,52,-72,-16
2,62,-80,-26
-30,74,-86,-30
-14,72,-88,-30
-32,72,-64,-30
-10,66,-88,-6
-22,74,-68,-28
-26,62,-104,-18
-20,82,-88,-18
-18,74,-78,-44
-34,74,-100,-28
-12,60,-84,-2
-12,70,-82,-14
-28,76,-104,-12
-8,78,-94,-28
-6,90,-70,-26
-24,54,-96,-14
-42,70,-62,6
-14,92,-54,-20
-4,76,-58,-20
-20,58,-88,-22
-4,92,-70,-20
-14,82,-74,-30
-22,80,-92,-32
-26,64,-100,-26
-28,84,-84,-20
-44,56,-80,-28
-26,84,-82,-20
-8,88,-88,-26
-18,86,-102,-34
-28,86,-104,-34
-10,64,-92,-32
-40,90,-96,-22
-4,70,-78,-6
-24,64,-96,-30
-34,54,-74,-34
-32,60,-80,-50
-20,54,-68,-12
-30,54,-76,-16
-32,60,-90,-26
-22,68,-88,-22
-4,68,-70,-34
-12,52,-88,-28
-20,58,-86,-30
-24,70,-96,-26
-34,78,-68,-16
-20,54,-64,-14
-14,68,-84,-34
-28,62,-80,-4
-14,76,-74,-54
-34,98,-64,-30
-24,74,-52,-40
-24,48,-80,-44
-20,76,-78,-26
-28,68,-76,-42
-40,62,-74,-46
-42,56,-84,-42
-32,60,-82,-24
-4,68,-88,-18
-24,46,-70,-18
-36,84,-84,-36
-20,52,-100,-30
-52,80,-74,-40
-38,64,-78,-32
-12,78,-76,-22
-18,46,-78,-58
-22,66,-70,-34
-40,84,-66,-32
-22,76,-84,-16
-16,68,-60,-32
-46,72,-84,-38
-30,72,-82,-30
-26,44,-74,-38
-20,76,-76,-26
-24,64,-86,-10
-18,78,-80,-20
-16,78,-82,-32
-32,74,-78,-16
-12,84,-66,-28
-28,76,-110,-36
-40,64,-94,-42
-22,50,-72,-24
-14,90,-66,-50
-22,60,-82,-30
-10,62,-86,-14
-28,56,-60,-54
-44,62,-108,-40
-28,60,-96,-34
-12,66,-62,-10
-6,78,-68,4
-26,62,-72,-34
-32,62,-78,-32
-4,66,-76,-24
-10,76,-72,-10
-32,60,-58,-28
0,80,-74,-44
-38,72,-98,-24
-18,72,-78,-24
-2,76,-80,-44
-32,56,-76,-14
-40,48,-74,-20
-36,66,-82,-42
-32,64,-84,-46
-48,80,-70,-34
-36,60,-92,-32
-24,62,-74,-22
0,74,-84,-32
-10,80,-102,-60
-28,84,-68,-42
-48,76,-106,-18
-6,78,-74,-12
-16,84,-96,-28
-32,70,-96,-32
16,40,-98,-32
-22,74,-98,-10
-52,66,-74,-52
-20,94,-94,-50
-24,74,-72,-44
-38,86,-56,-60
-20,64,-84,-46
-38,80,-76,-32
-40,74,-68,-38
-30,82,-70,-26
-16,80,-66,-38
-22,80,-74,-36
-26,82,-80,-58
-28,54,-68,-32
-18,86,-70,-32
-12,78,-70,-14
-22,60,-70,-22
-2,70,-92,-36
-36,80,-82,-58
-14,56,-54,-44
-34,92,-76,-48
-20,84,-96,-24
-52,78,-58,-42
-26,78,-72,-34
-40,82,-46,-46
-32,108,-86,-46
-44,74,-72,-46
-16,84,-78,-34
-16,80,-72,-32
-40,76,-54,-38
-10,64,-68,-10
-38,80,-84,-32
-14,86,-100,-36
-28,80,-54,-54
-44,68,-84,-36
-30,68,-96,-42
-26,72,-86,-38
-6,64,-86,-32
-28,90,-76,-24
-16,74,-72,-64
-20,92,-80,-34
-12,60,-64,-30
-16,58,-82,-16
-36,82,-74,-42
-28,80,-76,-34
-30,102,-78,-34
-52,78,-62,-24
-32,70,-90,-30
-18,66,-60,-46
-12,102,-82,-42
-26,96,-74,-52
-14,76,-68,-46
-26,62,-78,-36
-18,82,-56,-44
-26,92,-60,-38
-22,80,-68,-36
-24,78,-68,-18
-34,74,-92,-28
-14,78,-62,-40
-30,62,-78,-28
-36,68,-66,-26
-42,80,-70,-30
-2,64,-68,-36
-16,100,-96,-30
-8,90,-68,-28
-38,100,-84,-42
-22,94,-60,-60
-14,76,-80,-36
-28,76,-62,-58
-36,78,-70,-34
-16,72,-102,-50
-22,72,-58,-32
-32,66,-74,-34
-38,72,-82,-32
-18,64,-72,-18
-44,74,-68,-24
-28,60,-78,-34
-20,76,-64,-22
-42,78,-68,-34
-42,70,-70,-36
-26,82,-66,-44
-28,88,-76,-24
-22,84,-66,-44
-26,70,-58,-46
-36,88,-96,-48
-46,80,-56,-20
-16,68,-84,-16
-52,70,-94,-24
-24,78,-78,-18
-24,68,-58,-30
-38,86,-76,-40
-34,98,-72,-44
-40,62,-52,-26
-28,60,-76,-22
-34,92,-60,-46
-10,82,-80,-52
-34,74,-92,-52
-26,92,-64,-46
-26,72,-74,-48
-26,78,-76,-40
-24,70,-74,-42
-42,82,-98,-32
-48,60,-58,-10
-42,68,-84,-44
-42,60,-84,-22
-38,56,-84,-44
-40,86,-76,-4
-18,66,-60,-18
-30,100,-100,-48
-24,98,-86,-46
-16,82,-82,-44
-48,84,-60,-32
-58,82,-76,-32
-22,70,-82,-24
-30,48,-82,-48
-24,84,-68,-48
-32,68,-66,-24
-32,74,-68,-34
-40,68,-76,-20
-26,80,-106,-36
-28,64,-50,-48
-26,76,-90,-32
-50,70,-78,-46
-54,76,-80,-42
-32,96,-60,-20
-22,72,-76,-40
-22,98,-102,-18
-52,66,-86,-28
-32,68,-90,-34
-44,66,-80,-60
-30,82,-86,-58
-10,58,-76,-4
-14,88,-66,-22
-26,66,-80,-30
-34,88,-72,-42
-28,84,-72,-28
-12,100,-90,-16
-26,76,-94,-28
-54,92,-86,-26
-38,66,-76,-40
-54,62,-74,-34
-46,72,-78,-44
-38,88,-84,-36
-34,56,-72,-36
-30,86,-70,-28
-30,100,-76,-38
-42,96,-74,-32
-42,96,-74,-52
-28,86,-86,-14
-48,78,-86,-32
-54,66,-88,-30
-48,80,-84,-40
-38,82,-60,-22
8,80,-76,-20
-12,78,-78,-30
-20,80,-72,-48
-26,88,-102,-40
-28,84,-88,-18
-38,100,-78,-24
-38,74,-70,-44
-32,92,-68,-40
-46,94,-78,-34
-22,76,-80,-24
-14,76,-54,-28
-20,88,-84,-4
-30,60,-82,-34
-24,94,-90,-34
-24,82,-78,2
-46,64,-98,-12
-22,76,-80,-18
-44,78,-62,-30
-24,70,-70,-32
-46,90,-86,-38
-58,62,-80,-46
-48,68,-94,-34
-36,72,-74,-22
-42,76,-82,-30
-34,80,-70,-34
-14,80,-68,-42
-20,90,-62,-36
-34,104,-50,-20
-42,64,-74,-38
-34,94,-86,-54
-50,86,-72,-20
-12,72,-64,-16
-50,88,-74,-26
-30,86,-62,-28
-24,70,-78,-8
-40,86,-82,-16
-34,74,-62,-4
-44,84,-80,-38
-18,72,-72,-26
-42,62,-60,-34
-46,50,-74,-24
-30,112,-90,-56
-34,90,-96,-20
-50,80,-66,-32
-22,84,-96,-40
-30,86,-72,-36
-40,84,-64,-32
-38,68,-84,-20
-48,68,-58,-10
-32,88,-80,-28
-36,100,-60,-6
-44,64,-60,-50
-14,82,-84,-2
-16,76,-68,-22
-26,78,-82,-36
-34,86,-98,-28
-28,76,-72,-42
-40,72,-86,-34
-24,62,-88,-28
-6,66,-68,-38
-32,78,-54,-40
-20,92,-92,-14
-18,66,-74,-38
-44,70,-76,-54
-46,66,-64,-32
-30,70,-70,-36
-38,74,-90,-28
-56,82,-74,-16
-20,96,-98,-22
-14,88,-82,-56
-16,94,-90,-56
-30,90,-78,-38
-26,58,-92,-38
-42,78,-68,-46
-34,60,-42,-22
-26,90,-90,-44
-36,64,-66,-32
-32,86,-84,-18
-54,80,-106,-30
-42,68,-88,-26
-68,60,-76,-44
-16,86,-76,-38
-48,78,-94,-22
-28,96,-94,-32
-26,64,-70,-42
-34,88,-72,-38
-50,78,-88,-46
-40,60,-74,-42
-62,82,-80,-38
-50,76,-76,-44
-54,84,-98,-32
-18,78,-80,-32
-40,82,-86,-46
-36,50,-74,-40
-28,68,-70,-44
-22,60,-86,-52
-42,58,-90,-54
-42,84,-70,-64
-46,84,-74,-22
-52,64,-98,-50
-34,74,-84,-32
-56,72,-76,-26
-52,74,-78,-44
-46,76,-88,-56
-62,80,-82,-56
-72,72,-66,-64
-42,76,-72,-60
-66,66,-100,-42
-56,66,-82,-66
-36,76,-84,-50
-60,48,-106,-56
-22,70,-82,-54
-58,58,-70,-32
-40,50,-96,-52
-38,84,-72,-34
-50,92,-90,-42
-38,70,-98,-50
-42,72,-108,-32
-38,82,-94,-64
-40,76,-84,-28
-50,60,-70,-70
-30,76,-84,-60
-48,62,-86,-78
-32,66,-72,-48
-54,80,-78,-52
-44,54,-88,-52
-38,60,-84,-50
-4,64,-78,-56
-46,58,-86,-48
-18,94,-94,-20
-40,76,-102,-56
-30,68,-84,-72
-52,70,-110,-28
-64,66,-76,-68
-46,54,-84,-68
-36,66,-74,-68
-40,58,-78,-74
-48,64,-80,-72
-42,60,-90,-58
-50,62,-94,-62
-42,80,-66,-48
-56,58,-70,-64
-40,76,-76,-54
-62,68,-82,-68
-42,58,-90,-52
-48,60,-82,-56
-58,70,-78,-46
-70,56,-86,-40
-34,62,-102,-48
-32,60,-86,-66
-70,62,-108,-68
-40,72,-102,-52
-58,66,-112,-72
-54,72,-64,-66
-58,56,-82,-38
-42,72,-92,-56
-34,76,-88,-50
-36,80,-72,-68
-30,54,-82,-68
-38,80,-90,-84
-30,60,-126,-42
-46,60,-84,-76
-38,82,-104,-64
-44,58,-90,-68
-76,54,-90,-46
-38,58,-96,-58
-44,80,-92,-60
-34,44,-66,-54
-46,76,-90,-62
-36,60,-74,-70
-44,48,-82,-36
-34,64,-84,-64
-46,54,-102,-46
-10,72,-88,-60
-54,86,-90,-42
-46,56,-98,-26
-44,58,-90,-98
-54,50,-84,-44
-38,58,-86,-52
-46,66,-80,-72
-56,72,-88,-86
-70,80,-66,-54
-48,56,-66,-82
-66,92,-76,-80
-60,72,-88,-60
-30,56,-90,-84
-56,68,-88,-46
-34,66,-114,-58
-28,72,-78,-56
-50,54,-96,-72
-42,40,-96,-68
-24,48,-94,-48
-44,60,-98,-60
-60,46,-86,-54
-50,64,-98,-76
-16,68,-94,-66
-58,64,-78,-74
-48,74,-90,-68
-32,56,-82,-56
-42,82,-86,-52
-30,70,-94,-56
-50,66,-92,-72
-26,76,-70,-94
-36,48,-84,-72
-42,58,-90,-54
-2,72,-96,-66
-40,66,-88,-44
-62,62,-70,-60
-30,50,-102,-56
-30,66,-70,-84
-54,70,-100,-58
-64,62,-80,-82
-42,58,-98,-68
-4,78,-88,-66
-18,64,-106,-72
-28,62,-72,-76
-34,78,-64,-62
-32,68,-92,-70
-54,80,-78,-46
-38,62,-80,-72
-62,62,-72,-58
-42,86,-76,-78
-48,64,-70,-66
-50,60,-76,-56
-52,62,-84,-72
-36,56,-86,-82
-42,66,-84,-66
-46,80,-82,-80
-62,64,-84,-64
-40,42,-86,-60
-32,70,-82,-52
-50,58,-88,-64
-40,48,-106,-70
-42,80,-88,-102
-48,80,-88,-96
-34,60,-88,-78
-42,62,-88,-54
-34,70,-118,-82
-46,88,-88,-76
-36,58,-80,-72
-60,76,-100,-68
-34,52,-108,-78
-30,84,-94,-74
-48,74,-66,-86
-44,70,-98,-74
-40,88,-100,-90
-36,48,-100,-64
-38,72,-94,-82
-40,56,-76,-86
-50,54,-102,-78
-30,66,-98,-84
-56,92,-74,-90
-36,58,-100,-66
-32,68,-92,-46
-66,56,-106,-72
-32,62,-84,-90
-48,92,-88,-76
-46,62,-94,-54
-46,36,-110,-56
-42,60,-88,-86
-56,52,-94,-74
-40,72,-82,-74
-36,72,-94,-76
-44,70,-78,-58
-44,64,-76,-80
-56,78,-98,-80
-36,70,-88,-92
-26,76,-116,-90
-46,70,-92,-86
-30,78,-94,-86
-20,72,-86,-68
-42,60,-84,-76
-32,48,-82,-84
-44,60,-88,-80
-34,62,-86,-62
-66,40,-88,-72
-20,62,-96,-64
-58,66,-68,-70
-42,80,-72,-40
-46,66,-86,-84
-34,82,-80,-64
-12,80,-102,-66
-18,62,-86,-68
-36,72,-86,-58
-24,66,-66,-76
-42,62,-88,-98
-56,72,-96,-58
-62,54,-86,-62
-36,64,-102,-48
-46,72,-80,-78
-32,62,-94,-74
-38,62,-90,-64
-38,62,-94,-58
-22,76,-88,-68
-44,74,-92,-62
-16,82,-80,-54
-54,90,-92,-78
-28,68,-108,-54
-48,78,-84,-50
-54,76,-104,-64
-42,54,-104,-62
-48,48,-86,-46
-44,80,-90,-68
-42,58,-90,-60
-42,80,-80,-76
-26,74,-86,-78
-4,82,-92,-50
-46,78,-84,-62
-44,68,-76,-86
-38,50,-72,-86
-26,68,-84,-74
-54,94,-84,-76
-28,50,-98,-54
-28,70,-86,-46
-64,44,-102,-60
-34,72,-110,-42
-50,44,-88,-72
-30,40,-88,-84
-34,72,-88,-88
-46,52,-88,-58
-24,74,-68,-56
-46,90,-78,-70
-46,70,-80,-64
-58,72,-98,-62
-34,88,-96,-94
-20,86,-76,-70
-40,64,-106,-78
-34,40,-72,-78
-8,46,-82,-88
-22,50,-98,-94
-12,64,-82,-82
-18,62,-66,-74
-62,66,-86,-54
-30,68,-88,-66
-42,68,-72,-66
-20,62,-90,-56
-48,82,-80,-68
-30,70,-96,-66
-46,86,-92,-54
-48,40,-90,-58
-22,68,-98,-56
-30,74,-86,-82
-44,58,-74,-48
0,64,-84,-74
-22,60,-108,-80
-38,76,-72,-72
-32,66,-62,-62
-22,60,-70,-48
-20,72,-90,-50
-26,80,-68,-42
-36,72,-62,-66
-38,54,-90,-76
-24,76,-96,-72
-36,74,-78,-52
-44,84,-102,-52
-38,74,-80,-52
-36,62,-70,-66
-24,72,-86,-54
-36,78,-100,-80
-44,72,-80,-74
-34,60,-76,-56
-42,78,-90,-56
-48,76,-88,-54
-44,78,-96,-48
-24,78,-74,-70
-36,72,-86,-38
-42,88,-86,-44
-40,70,-86,-28
-34,72,-80,-66
-26,78,-72,-60
-20,96,-102,-64
-58,60,-72,-62
-26,84,-68,-48
-28,66,-70,-66
-8,64,-70,-58
-18,74,-88,-70
-30,66,-82,-56
-18,70,-86,-38
-38,90,-74,-34
-22,48,-70,-62
-28,84,-90,-70
-32,82,-94,-46
-36,74,-86,-66
-30,78,-88,-44
-28,96,-86,-76
-30,64,-70,-50
-26,82,-74,-58
-36,56,-80,-74
-20,82,-66,-52
-32,88,-84,-50
-34,86,-66,-50
-26,84,-96,-52
-18,74,-96,-52
-24,68,-90,-66
-46,98,-96,-28
-38,100,-84,-90
-28,48,-78,-52
-46,74,-82,-50
-24,70,-96,-58
-22,70,-72,-60
-42,56,-82,-66
-20,96,-80,-58
-34,70,-90,-88
-26,76,-54,-62
-50,70,-86,-56
-18,68,-68,-66
-40,58,-76,-40
-46,74,-96,-62
-18,72,-78,-70
-20,50,-82,-50
-42,54,-76,-54
-20,56,-72,-76
-44,78,-90,-58
-38,34,-64,-66
-58,54,-90,-72
-24,72,-80,-54
-36,66,-72,-60
-24,58,-68,-56
-22,84,-86,-42
-14,68,-84,-50
-44,66,-90,-70
-42,92,-108,-54
-34,72,-104,-52
-44,78,-102,-80
-40,70,-74,-56
-50,84,-82,-56
-58,80,-78,-48
-22,74,-80,-54
-50,64,-92,-68
-28,60,-78,-58
-34,56,-94,-42
-32,56,-92,-44
-36,84,-60,-54
-38,64,-86,-54
-44,72,-88,-70
-32,66,-58,-70
-32,88,-98,-72
-24,54,-92,-60
-42,40,-74,-76
-22,98,-94,-62
-54,56,-88,-74
-20,68,-98,-62
-80,62,-80,-72
-32,84,-102,-44
-32,90,-84,-82
-12,76,-66,-70
-28,68,-82,-44
-18,72,-100,-86
-16,80,-72,-70
-20,86,-88,-54
-42,90,-60,-50
-18,66,-74,-74
-10,64,-100,-64
-30,64,-94,-74
-36,72,-88,-66
-36,74,-78,-58
-26,70,-56,-58
-14,76,-84,-50
-26,62,-84,-50
-32,66,-78,-84
-24,100,-98,-54
-42,58,-80,-50
-42,56,-96,-54
-42,82,-102,-76
-34,88,-70,-46
-18,62,-94,-46
-22,74,-90,-44
-18,72,-78,-84
-40,46,-70,-56
-40,66,-96,-56
-62,56,-86,-64
-40,82,-96,-74
-46,74,-76,-60
-30,98,-92,-52
-30,68,-58,-44
-20,74,-94,-66
-16,66,-88,-58
-20,86,-82,-74
-22,68,-72,-60
-46,56,-80,-66
-18,76,-70,-62
-28,68,-60,-50
-28,78,-66,-62
-46,76,-86,-60
-10,70,-102,-64
-26,78,-74,-46
-30,80,-68,-60
-30,70,-82,-60
-18,58,-100,-58
-26,50,-80,-72
-26,70,-82,-56
-38,84,-78,-56
-44,78,-84,-42
-34,94,-74,-46
-26,64,-58,-62
-24,64,-60,-62
-4,92,-74,-50
-28,76,-58,-60
-18,56,-88,-30
-22,68,-74,-42
-20,62,-92,-58
-36,80,-62,-60
-14,104,-76,-58
-44,68,-98,-56
-16,82,-66,-50
-24,68,-74,-58
-18,104,-78,-52
-34,64,-68,-52
-18,80,-72,-58
-30,70,-78,-52
-30,104,-78,-58
-12,80,-48,-38
-16,96,-84,-34
-6,58,-80,-50
-6,88,-78,-54
-16,104,-86,-42
-10,88,-70,-64
-12,76,-74,-38
-12,64,-92,-58
-26,68,-86,-46
-18,56,-64,-68
-10,68,-98,-64
-44,66,-74,-54
-44,76,-66,-64
-44,80,-74,-38
-8,84,-78,-46
-8,98,-78,-40
0,54,-64,-70
-20,86,-78,-62
-26,84,-72,-50
-26,98,-70,-72
-46,94,-66,-62
-26,80,-76,-78
-22,84,-82,-56
-12,86,-52,-54
-22,92,-82,-38
-30,96,-74,-58
-32,88,-62,-56
-8,64,-84,-70
-20,66,-100,-28
-30,76,-72,-38
-40,74,-64,-46
-36,74,-78,-60
-20,66,-84,-46
-48,94,-90,-58
-44,78,-74,-50
-8,82,-60,-70
-28,82,-82,-34
-18,74,-62,-66
-20,96,-74,-54
-22,80,-80,-50
-8,94,-88,-50
-10,78,-74,-62
-44,80,-78,-44
-14,78,-72,-70
-8,62,-104,-54
-32,90,-80,-58
-20,98,-72,-36
-32,88,-74,-62
-24,88,-86,-64
-6,78,-96,-56
-10,90,-90,-60
-22,70,-92,-42
-2,86,-86,-52
-14,78,-56,-52
-10,78,-70,-40
-6,90,-76,-58
-30,90,-86,-44
-18,102,-88,-62
-18,72,-98,-72
2,92,-82,-58
8,76,-74,-64
-20,72,-70,-66
-20,68,-104,-70
-30,78,-68,-58
-12,88,-68,-66
-18,100,-72,-52
-10,86,-68,-44
-8,90,-76,-46
-40,72,-74,-64
-16,86,-94,-20
-26,96,-62,-48
0,80,-88,-38
-22,84,-78,-68
-22,62,-82,-48
-14,62,-80,-50
-22,62,-76,-54
-10,96,-74,-52
-16,72,-72,-40
-2,84,-78,-48
-24,94,-76,-46
-4,68,-60,-62
-6,122,-68,-46
-24,92,-96,-70
-22,68,-64,-68
-30,100,-84,-32
-14,110,-48,-68
-14,98,-76,-54
-12,76,-58,-58
-26,104,-84,-50
-4,98,-64,-30
-4,70,-66,-44
-12,102,-52,-68
-22,86,-60,-36
-6,84,-76,-42
-10,100,-68,-34
-24,82,-68,-44
-6,78,-92,-48
-20,72,-38,-74
-30,92,-72,-42
-10,90,-86,-50
-8,70,-82,-58
14,72,-64,-60
-2,56,-88,-34
-32,72,-76,-50
-20,94,-76,-52
-28,78,-62,-58
-20,84,-62,-36
-36,80,-46,-50
-30,98,-68,-56
-18,102,-74,-36
-16,88,-90,-56
-10,70,-88,-42
-26,94,-108,-32
-32,90,-68,-54
-18,82,-90,-64
-16,68,-100,-42
-16,70,-64,-80
-4,68,-70,-74
4,74,-60,-82
-4,90,-74,-74
6,66,-64,-44
-8,78,-54,-48
-12,62,-60,-32
-2,94,-78,-56
-22,76,-78,-66
-4,68,-46,-56
-16,72,-72,-58
0,88,-70,-54
-30,82,-68,-72
-20,102,-66,-86
-16,62,-72,-52
-8,68,-66,-74
-18,70,-58,-58
0,82,-58,-82
-4,82,-58,-70
2,72,-58,-54
2,90,-52,-46
-6,114,-50,-60
-24,98,-68,-44
-8,80,-66,-20
-12,76,-70,-66
-4,94,-66,-38
-34,106,-60,-72
-10,96,-92,-58
12,96,-80,-74
-30,94,-64,-42
-2,98,-50,-48
-26,60,-74,-24
12,96,-46,-52
12,102,-56,-44
-24,96,-52,-36
-16,70,-42,-50
8,114,-70,-48
-22,94,-54,-72
-18,104,-78,-54
-18,72,-70,-64
-14,84,-102,-64
-18,86,-48,-54
-12,80,-50,-38
-12,88,-80,-70
-12,86,-78,-44
8,84,-64,-46
-10,68,-64,-48
-12,86,-52,-52
-2,80,-58,-54
-18,102,-52,-40
-14,96,-68,-34
-8,90,-86,-36
-4,92,-72,-50
-6,84,-82,-26
0,78,-74,-62
-12,88,-52,-44
-18,86,-64,-44
-4,68,-58,-46
-22,64,-38,-46
-16,106,-70,-50
28,98,-60,-46
6,86,-52,-66
-6,70,-74,-50
-12,90,-60,-58
18,94,-40,-42
6,74,-50,-58
6,92,-46,-66
-18,96,-54,-42
0,102,-74,-56
-24,96,-70,-64
-8,76,-58,-50
-18,88,-74,-54
-4,94,-82,-42
-4,100,-56,-60
-18,112,-66,-36
-16,72,-56,-44
8,98,-76,-58
-40,84,-66,-50
-20,90,-68,-50
8,94,-94,-46
-22,68,-82,-44
-12,82,-76,-44
8,90,-70,-52
-16,78,-64,-54
-8,78,-36,-98
-2,70,-64,-74
-12,60,-62,-62
12,62,-42,-68
-10,80,-82,-48
0,82,-74,-46
-16,80,-66,-24
-24,80,-60,-74
-36,84,-74,-44
-32,92,-62,-52
-10,64,-58,-52
-22,100,-74,-44
-18,100,-56,-74
-14,74,-62,-64
6,68,-76,-38
10,84,-84,-34
18,108,-80,-42
-22,98,-66,-62
-12,108,-72,-58
0,88,-52,-46
-2,76,-56,-54
-22,86,-86,-46
2,88,-82,-60
-28,54,-60,-42
-6,84,-78,-34
-18,80,-64,-64
-2,78,-66,-60
-16,62,-56,-64
-32,94,-44,-46
2,76,-58,-62
-10,96,-64,-56
-2,72,-68,-58
-30,94,-62,-32
12,90,-70,-58
6,70,-104,-56
-20,82,-84,-50
-30,76,-100,-62
-14,74,-74,-36
-26,98,-62,-50
-28,96,-94,-52
-4,88,-66,-44
-24,76,-80,-46
-28,84,-68,-42
-26,76,-84,-54
-10,62,-62,-36
0,82,-68,-62
-26,72,-64,-48
-4,84,-88,-54
-6,92,-68,-34
2,112,-96,-68
-2,70,-68,-54
-20,100,-48,-38
-26,80,-84,-56
-16,84,-90,-54
-6,100,-36,-28
-6,88,-72,-54
-8,80,-74,-48
10,82,-58,-56
-12,60,-86,-50
-18,94,-52,-52
-22,86,-74,-52
-16,96,-66,-50
-18,104,-78,-68
-20,86,-70,-58
0,94,-80,-46
-16,78,-66,-56
-32,70,-70,-78
-46,86,-54,-54
-10,106,-52,-38
-34,80,-40,-42
-18,98,-52,-38
-14,94,-74,-34
10,90,-68,-44
-2,98,-42,-38
-16,64,-36,-60
-12,94,-76,-58
4,76,-66,-72
-12,102,-80,-52
-18,102,-34,-36
-2,88,-48,-50
-18,100,-60,-64
-10,94,-68,-30
-8,104,-42,-58
2,100,-48,-34
6,82,-58,-28
-8,104,-72,-40
-4,108,-84,-56
-8,82,-84,-20
-2,88,-56,-60
-24,82,-76,-68
-6,90,-68,-38
-12,100,-70,-48
-4,106,-60,-36
-30,88,-56,-38
-18,106,-54,-30
-12,92,-72,-44
-18,72,-42,-66
-26,76,-62,-42
-18,88,-56,-56
-38,64,-60,-54
-20,58,-62,-42
-22,84,-62,-36
-14,92,-68,-34
4,76,-94,-42
-14,60,-68,-40
-22,88,-80,-44
-28,62,-68,-50
-14,112,-64,-60
-26,108,-82,-48
-10,86,-62,-44
-6,102,-66,-64
-28,64,-60,-54
-6,90,-66,-38
-10,100,-42,-50
-16,104,-68,-44
-22,64,-64,-62
-6,78,-60,-34
-18,82,-68,-38
-12,90,-66,-38
-24,80,-62,-46
-44,92,-46,-26
4,94,-68,-76
12,86,-58,-56
-28,84,-88,-28
-12,86,-80,-54
-26,72,-90,-72
-10,80,-76,-44
-10,86,-36,-48
-6,84,-76,-52
-30,56,-58,-44
0,104,-76,-42
-16,80,-54,-54
-28,78,-84,-48
-22,66,-66,-54
-24,86,-50,-36
-22,74,-62,-60
-18,84,-60,-40
-20,92,-62,-58
-32,92,-78,-62
-20,76,-66,-56
-18,68,-60,-72
-26,58,-60,-60
-22,106,-50,-54
-22,82,-76,-34
-16,98,-72,-58
-22,80,-66,-44
-4,92,-78,-54
-22,78,-66,-50
-34,70,-80,-34
-14,74,-50,-44
-10,92,-52,-52
-20,82,-56,-38
-18,72,-70,-54
-22,54,-66,-48
-10,74,-68,-76
-28,84,-58,-46
-6,84,-68,-56
-20,100,-66,-46
-26,88,-56,-30
-8,96,-78,-40
-28,96,-80,-54
-24,64,-66,-72
-26,74,-70,-30
-22,94,-86,-58
-22,68,-96,-44
-10,90,-58,-40
-20,94,-62,-42
-20,88,-74,-48
4,90,-74,-64
-24,78,-86,-44
-8,74,-72,-52
-22,84,-70,-44
-34,88,-66,-74
12,78,-60,-56
-10,68,-54,-36
-28,72,-54,-38
-38,82,-54,-58
-32,92,-58,-44
-4,84,-60,-46
-40,96,-60,-46
-28,88,-58,-54
-22,88,-52,-54
-20,80,-60,-48
-12,84,-60,-50
4,90,-96,-58
-24,92,-70,-48
-28,106,-66,-72
-20,88,-52,-40
-12,82,-56,-44
-36,96,-68,-42
-16,78,-62,-30
-24,80,-78,-20
-24,82,-62,-64
-24,76,-78,-50
-36,88,-66,-60
2,84,-74,-36
-34,88,-40,-40
-24,62,-74,-56
-28,94,-56,-56
-6,80,-72,-58
-14,76,-68,-52
-30,104,-60,-60
-8,90,-62,-40
-12,118,-90,-54
-32,92,-70,-22
-36,86,-38,-38
-38,84,-54,-42
-50,86,-84,-40
-50,82,-54,-48
-20,90,-56,-44
-24,86,-62,-50
-14,82,-54,-30
-14,90,-80,-60
-28,88,-76,-54
-26,80,-66,-58
-26,86,-70,-36
-40,66,-70,-58
-28,90,-62,-56
-12,82,-74,-62
-16,104,-74,-30
-44,100,-38,-42
-28,94,-76,-56
-34,84,-62,-44
-18,98,-64,-48
-40,90,-76,-50
-22,66,-68,-56
-26,110,-74,-74
-18,78,-56,-50
-40,92,-70,-30
-10,84,-86,-56
-26,84,-94,-60
-6,92,-78,-20
-16,76,-52,-44
-20,78,-58,-46
-32,76,-66,-54
-58,66,-62,-58
-30,84,-74,-52
-34,68,-62,-52
-40,74,-68,-52
-30,86,-86,-44
-22,68,-74,-56
-22,98,-48,-42
-16,64,-72,-48
-8,88,-76,-54
-48,72,-56,-30
-4,90,-72,-46
-12,66,-82,-64
-40,70,-52,-40
-16,54,-54,-56
-32,76,-60,-40
-30,70,-56,-44
-34,68,-62,-50
-28,82,-80,-34
-46,76,-80,-42
-44,88,-80,-44
-28,60,-80,-42
-32,76,-70,-50
-28,76,-72,-20
-32,64,-60,-60
-20,84,-46,-38
-24,78,-62,-54
-28,94,-54,-46
-24,86,-44,-58
-14,96,-62,-56
-32,108,-80,-42
-16,108,-42,-28
-30,82,-86,-52
-28,96,-72,-38
-22,94,-72,-30
-28,94,-48,-40
-18,92,-82,-22
-12,62,-58,-26
-14,84,-54,-34
-26,98,-72,-34
-14,90,-74,-40
-34,76,-62,-44
-34,90,-66,-34
-26,106,-56,-40
-42,74,-56,-34
-20,88,-54,-38
-20,80,-56,-32
-20,114,-52,-32
4,82,-56,-52
-16,102,-104,-48
-32,82,-62,-34
-16,82,-58,-46
-26,94,-62,-52
-50,108,-68,-58
-30,72,-58,-16
-20,94,-58,-30
-28,82,-56,-44
-26,92,-44,-6
-22,76,-90,-26
-20,88,-70,-58
-2,106,-66,-52
-40,102,-56,-50
-6,90,-70,-46
-26,74,-60,-52
-8,100,-72,-30
-6,100,-56,-44
-20,98,-70,-54
-22,118,-58,-60
-6,68,-74,-30
-26,96,-74,-50
-4,90,-60,-30
8,92,-56,-40
-20,92,-74,-24
-8,68,-84,-54
-4,86,-60,-22
-18,88,-68,-32
-18,106,-52,-24
-38,102,-62,-50
-6,94,-50,-50
-28,78,-54,-44
-18,120,-44,-36
2,104,-46,-38
-22,86,-76,-68
-18,84,-56,-30
-26,122,-56,-26
-44,80,-72,-18
-6,90,-74,-72
-24,82,-56,-44
-24,78,-62,-44
-26,90,-64,-40
-6,98,-70,-40
-22,104,-46,-40
-8,100,-56,-50
-20,86,-66,-38
-24,90,-64,-26
-2,96,-68,-50
-10,74,-54,-36
-20,84,-52,-56
-28,114,-60,-48
-30,88,-70,-34
-34,90,-84,-56
-50,86,-78,-28
-12,82,-68,-72
-28,76,-68,-32
-46,96,-54,-34
-20,96,-74,-60
-2,100,-68,-36
2,66,-62,-54
-12,70,-68,-38
-22,102,-86,-36
-24,84,-82,-42
-18,92,-40,-56
-26,80,-58,-58
-12,94,-68,-34
-28,62,-72,-60
-28,76,-54,-66
-14,76,-62,-40
-30,68,-64,-48
-16,92,-76,-52
-28,94,-66,-40
-14,94,-78,-28
-28,80,-72,-56
-8,90,-54,-36
-26,78,-44,-56
-22,90,-68,-58
-32,82,-72,-44
-28,76,-52,-76
-40,72,-80,-54
-8,86,-68,-48
-36,84,-68,-48
-36,86,-84,-62
-12,90,-70,-36
-30,74,-68,-52
-16,76,-84,-36
-30,82,-76,-56
-24,90,-68,-42
-34,70,-84,-64
-44,76,-70,-56
-34,84,-70,-26
-14,78,-58,-44
-26,84,-54,-54
-26,78,-76,-58
-30,68,-70,-70
-18,88,-104,-64
-38,40,-66,-54
-14,84,-78,-44
-28,72,-80,-50
-18,100,-84,-44
-42,68,-70,-50
-16,78,-80,-38
-18,96,-80,-60
-22,86,-78,-54
-38,96,-74,-68
6,88,-66,-56
-18,84,-70,-62
-14,82,-74,-72
-12,68,-74,-34
-46,96,-88,-70
-30,72,-62,-50
-24,92,-68,-58
-14,92,-56,-56
-10,78,-52,-70
-12,70,-84,-66
-36,84,-84,-58
-30,82,-66,-54
-28,96,-48,-34
-2,60,-78,-68
-16,72,-74,-52
-4,86,-66,-54
-38,96,-64,-50
-20,94,-72,-52
-40,82,-60,-46
-16,78,-70,-42
-20,82,-78,-56
-38,88,-64,-42
-18,86,-68,-42
-8,92,-76,-36
-26,86,-68,-44
-40,90,-72,-50
-24,74,-76,-60
-44,92,-84,-44
-20,80,-60,-42
-20,88,-60,-32
-14,108,-56,-38
-42,112,-48,-48
-16,108,-58,-40
-20,90,-58,-50
-28,98,-68,-54
-14,92,-62,-54
-20,78,-60,-36
-6,74,-60,-38
-16,88,-62,-34
-20,76,-76,-54
-38,102,-70,-52
-42,60,-68,-36
-30,84,-68,-58
-20,94,-72,-44
-16,80,-66,-52
-30,90,-62,-50
4,104,-72,-54
0,76,-74,-58
6,90,-90,-48
-12,80,-84,-64
-14,104,-50,-70
-18,96,-82,-64
-32,128,-74,-52
-18,88,-82,-52
-12,70,-78,-30
-32,90,-66,-38
-28,72,-74,-46
-18,68,-82,-62
-24,66,-72,-62
-26,96,-58,-58
-24,84,-100,-46
-18,74,-84,-66
-20,92,-70,-52
-32,84,-80,-50
-16,84,-84,-46
-20,82,-84,-58
0,84,-76,-50
-4,72,-58,-80
-16,96,-66,-64
-16,80,-56,-52
-8,90,-70,-44
-28,104,-70,-40
-24,84,-76,-46
-26,80,-76,-48
2,86,-80,-54
-38,86,-74,-56
-12,68,-94,-50
-12,98,-78,-44
-2,88,-82,-40
-38,78,-86,-44
-30,80,-86,-46
-2,80,-80,-72
-30,68,-88,-74
-16,78,-64,-54
-20,86,-86,-42
-48,62,-66,-44
-34,74,-54,-62
-34,104,-84,-66
-28,80,-80,-50
-4,84,-78,-70
-22,114,-76,-48
-10,80,-78,-62
-14,74,-96,-74
-30,90,-80,-54
-26,104,-66,-58
8,88,-82,-56
-2,66,-46,-56
-8,82,-62,-66
-28,60,-76,-38
-30,84,-56,-56
-14,80,-64,-36
-24,86,-66,-48
-16,80,-88,-34
2,70,-82,-60
8,96,-82,-56
-40,80,-68,-38
-28,70,-72,-42
-30,82,-62,-44
-26,68,-64,-70
-26,80,-58,-46
-26,102,-60,-30
-26,84,-82,-78
-20,80,-68,-50
-28,76,-90,-48
-46,94,-64,-28
-24,68,-82,-68
-32,76,-42,-36
-32,104,-66,-64
-20,94,-54,-36
-14,80,-78,-44
-10,80,-78,-44
-28,102,-80,-32
4,60,-66,-62
-10,80,-52,-58
-8,90,-44,-42
-28,106,-78,-64
-22,104,-58,-48
-10,92,-58,-48
-6,106,-70,-68
-18,98,-74,-46
-20,86,-88,-58
-22,88,-86,-46
-24,90,-60,-38
-16,72,-72,-44
-20,64,-56,-58
-24,76,-72,-68
-22,74,-50,-64
-26,80,-60,-32
-18,94,-72,-64
-24,80,-60,-56
-10,68,-54,-36
-12,96,-68,-70
-18,66,-72,-78
-4,98,-66,-56
6,90,-70,-56
-24,74,-64,-46
-22,86,-70,-26
-8,108,-92,-50
-8,96,-50,-46
-32,76,-50,-50
-12,96,-76,-52
-16,84,-66,-50
-8,96,-74,-56
-30,112,-74,-50
4,98,-58,-38
2,90,-82,-68
0,96,-36,-40
-4,70,-46,-28
-30,94,-48,-40
-30,110,-66,-50
-2,84,-60,-54
-4,100,-54,-50
2,84,-82,-28
-22,84,-66,-34
-4,96,-76,-50
-12,82,-78,-52
-14,94,-72,-50
6,74,-68,-50
-18,88,-76,-54
-26,118,-48,-66
-14,78,-40,-46
-10,74,-66,-50
-16,82,-76,-48
-8,96,-80,-42
4,94,-70,-68
-28,110,-70,-62
-8,90,-58,-50
-2,72,-52,-58
-12,98,-62,-46
-18,74,-52,-40
-12,104,-82,-72
-2,94,-52,-66
2,84,-44,-58
0,106,-26,-32
-10,92,-56,-34
-8,68,-56,-52
-18,92,-52,-46
-22,102,-70,-22
-22,92,-68,-34
-32,86,-80,-48
-12,110,-58,-42
-6,106,-78,-72
8,102,-44,-52
-2,102,-50,-54
4,90,-70,-44
-20,76,-62,-30
6,82,-62,-58
-14,74,-60,-56
-2,90,-58,-44
-4,94,-62,-44
-6,62,-58,-52
-8,102,-72,-64
16,92,-64,-30
-4,84,-56,-64
-2,106,-48,-32
-4,88,-84,-32
-16,108,-62,-40
-22,96,-50,-50
4,84,-64,-48
-10,82,-58,-60
-6,86,-54,-56
-8,96,-60,-54
-2,80,-68,-40
-4,114,-42,-48
-14,92,-74,-52
0,92,-70,-26
-4,84,-74,-34
-4,108,-80,-60
-10,110,-30,-66
-10,100,-70,-34
-18,92,-52,-50
10,100,-42,-32
-14,80,-60,-46
-38,84,-60,-52
-20,96,-72,-66
16,92,-50,-24
-24,80,-66,-34
-4,84,-40,-44
12,108,-58,-60
-8,84,-56,-44
16,80,-48,-32
10,92,-62,-42
8,68,-64,-36
0,108,-74,-46
-32,82,-72,-46
-12,90,-56,-56
24,100,-38,-58
16,84,-58,-40
0,102,-60,-48
-24,104,-60,-54
-6,90,-32,-26
-4,100,-84,-70
-14,100,-52,-72
-8,74,-64,-40
-26,78,-86,-58
-18,82,-74,-50
-16,76,-56,-42
-22,80,-68,-44
0,104,-70,-48
-20,88,-56,-72
-20,88,-50,-42
2,78,-50,-60
4,86,-58,-42
-18,106,-70,-42
-6,76,-64,-58
-20,64,-76,-42
-18,116,-72,-66
-30,72,-86,-54
6,100,-48,-74
-12,90,-74,-60
-32,76,-76,-30
-6,92,-72,-46
-36,84,-66,-56
-6,84,-34,-52
-22,98,-76,-76
-4,94,-64,-54
-20,86,-76,-46
14,110,-56,-58
-10,92,-58,-76
-6,76,-70,-50
-4,64,-70,-52
-10,92,-66,-42
-12,96,-96,-40
-10,94,-56,-42
2,76,-66,-80
-8,92,-66,-40
-4,80,-58,-58
-16,90,-70,-42
-14,100,-60,-86
4,78,-70,-46
-16,86,-70,-38
-8,100,-52,-52
-14,68,-60,-28
10,108,-64,-58
-24,66,-68,-36
-22,80,-58,-52
-8,94,-76,-72
-16,92,-66,-46
-8,80,-74,-48
-10,88,-74,-70
-14,86,-74,-38
6,82,-58,-72
0,90,-52,-48
-4,76,-42,-54
12,86,-58,-38
-6,92,-76,-50
-4,106,-72,-48
-14,78,-66,-84
-26,86,-74,-48
8,66,-56,-46
-40,66,-80,-36
8,76,-60,-44
-16,94,-80,-42
-44,98,-74,-32
-16,98,-66,-56
-8,106,-82,-46
-14,82,-54,-66
8,88,-64,-68
-12,82,-48,-82
-28,94,-78,-60
-24,48,-78,-50
-34,98,-64,-56
-8,76,-80,-52
-24,86,-76,-56
-30,76,-68,-54
-6,88,-62,-60
-28,84,-72,-38
-24,64,-70,-50
-14,90,-62,-84
-12,66,-84,-46
-22,120,-74,-62
-8,74,-68,-56
-32,72,-100,-70
-2,94,-80,-52
-24,90,-66,-60
-36,70,-78,-62
-12,76,-74,-40
-18,84,-60,-66
-28,64,-74,-74
-10,78,-86,-44
-32,110,-60,-44
0,92,-88,-68
-20,90,-76,-62
-26,100,-66,-54
-28,96,-82,-66
-24,98,-64,-80
-16,98,-80,-88
-14,94,-90,-54
-30,56,-46,-64
-26,62,-74,-76
-20,74,-34,-36
-20,68,-68,-58
-32,84,-60,-54
-36,60,-102,-46
-10,68,-46,-50
-14,90,-54,-64
-24,78,-68,-54
-10,96,-80,-74
-16,106,-88,-70
-16,82,-72,-72
-8,82,-76,-62
-12,106,-76,-58
-4,58,-58,-46
-14,70,-74,-48
-12,72,-76,-58
-20,70,-62,-74
6,86,-44,-68
-26,94,-72,-72
-10,62,-66,-62
-6,82,-76,-48
-14,102,-76,-50
-32,86,-70,-58
-16,92,-76,-70
-14,104,-80,-60
-12,100,-106,-22
-38,66,-72,-56
-2,88,-86,-52
-28,72,-88,-66
-20,76,-66,-46
-18,86,-80,-74
-12,90,-44,-44
-22,46,-46,-48
-4,92,-90,-42
-16,78,-54,-44
-4,92,-58,-72
-10,84,-70,-54
-20,88,-66,-56
-24,96,-72,-54
-18,84,-50,-66
-18,96,-84,-84
-16,84,-62,-74
4,86,-56,-76
0,70,-76,-52
-16,90,-46,-70
-44,64,-58,-42
-22,86,-88,-48
-32,74,-66,-48
-22,72,-54,-46
-12,70,-88,-36
-22,86,-58,-58
-14,74,-88,-78
-34,70,-68,-66
-24,82,-76,-46
-26,90,-108,-68
-22,86,-78,-82
-34,76,-58,-58
-16,86,-64,-56
-44,96,-76,-70
-44,60,-62,-58
-30,76,-74,-64
-12,108,-80,-72
-12,92,-90,-78
-28,64,-94,-56
-40,76,-90,-54
-26,88,-66,-72
-22,64,-84,-60
-6,96,-68,-72
-20,84,-82,-62
-10,98,-54,-66
-26,74,-64,-72
2,76,-68,-72
-18,64,-58,-64
-44,98,-78,-64
-8,62,-84,-52
-24,74,-62,-54
-20,52,-72,-66
-24,86,-82,-66
-6,60,-68,-60
-32,80,-92,-84
-8,70,-84,-64
-6,94,-88,-52
-16,70,-76,-60
-8,88,-96,-54
-22,66,-64,-66
-10,80,-68,-74
-36,82,-74,-56
-14,96,-74,-68
-8,98,-60,-40
-14,76,-74,-54
-16,64,-80,-58
-20,74,-72,-44
-18,72,-74,-54
0,96,-92,-56
-10,76,-78,-58
-10,84,-52,-66
-8,74,-80,-82
-2,64,-62,-50
-6,90,-62,-68
-22,74,-68,-50
-16,78,-72,-78
-14,80,-60,-56
-8,104,-40,-52
0,76,-74,-48
2,72,-66,-48
-28,102,-66,-44
-12,68,-66,-38
4,88,-72,-62
6,72,-68,-50
-4,82,-70,-64
-16,84,-70,-58
4,78,-72,-48
2,60,-56,-78
-12,84,-58,-58
-22,74,-60,-52
-22,80,-56,-52
-28,86,-68,-26
-12,92,-88,-38
-24,90,-68,-58
0,96,-68,-36
-16,88,-72,-54
-20,64,-78,-62
-6,68,-82,-70
-10,72,-72,-38
-32,88,-68,-66
-26,78,-66,-70
-12,76,-62,-68
-28,72,-60,-60
-28,92,-72,-50
-6,92,-74,-52
-28,74,-80,-34
-18,78,-94,-38
-10,100,-68,-36
-20,74,-78,-54
2,68,-80,-64
-14,90,-76,-70
-18,76,-68,-70
-22,88,-80,-54
-28,72,-70,-56
-18,106,-42,-54
-24,92,-74,-74
-26,90,-60,-70
2,80,-64,-66
-14,86,-76,-52
-18,66,-74,-72
-30,70,-78,-70
-12,76,-92,-80
-22,84,-72,-62
-22,84,-66,-54
-24,82,-102,-58
4,78,-80,-48
-4,82,-72,-40
-10,78,-70,-66
-24,82,-66,-52
-30,70,-66,-54
-10,66,-94,-62
-2,78,-86,-54
-20,48,-84,-76
-18,88,-86,-54
-24,90,-84,-74
-14,64,-70,-60
-2,100,-88,-78
-6,84,-82,-64
-10,68,-60,-70
-22,86,-70,-54
16,76,-58,-64
-24,62,-92,-62
-44,80,-72,-56
-34,74,-52,-40
-20,72,-60,-56
-10,86,-82,-58
-24,64,-92,-48
-30,86,-84,-68
-38,66,-62,-60
-18,58,-82,-78
-32,80,-62,-70
-8,68,-58,-50
-32,78,-82,-86
-36,90,-56,-66
-24,72,-66,-54
-14,80,-62,-56
-12,82,-40,-40
-12,80,-86,-58
-14,78,-82,-40
-18,88,-84,-52
-40,46,-82,-58
-6,74,-86,-40
-18,98,-92,-68
-10,68,-60,-46
-14,98,-84,-80
2,80,-50,-56
-30,68,-74,-38
-6,88,-84,-48
-22,78,-62,-72
-38,76,-74,-64
-12,66,-68,-46
-32,70,-84,-52
-20,76,-62,-18
-20,78,-66,-34
-12,64,-90,-42
-18,90,-90,-44
-34,76,-78,-46
-4,80,-40,-60
-18,84,-70,-86
-20,106,-62,-58
-32,78,-80,-56
8,76,-68,-70
14,66,-54,-58
2,86,-58,-74
-18,74,-76,-52
-10,86,-72,-80
-24,88,-82,-40
-26,82,-84,-54
-12,90,-90,-46
-14,86,-82,-60
-14,92,-54,-42
-16,92,-72,-56
-22,72,-88,-44
-34,86,-78,-64
-4,90,-80,-66
-6,74,-66,-44
0,80,-54,-60
-12,70,-62,-72
4,90,-68,-44
-18,76,-66,-60
6,100,-90,-34
-4,80,-78,-56
-18,72,-86,-64
-10,96,-60,-54
-14,70,-76,-34
-16,76,-78,-50
-28,86,-74,-66
-16,86,-72,-50
-14,64,-72,-66
-40,96,-78,-48
-26,94,-48,-74
-14,84,-80,-40
-22,70,-54,-54
-12,76,-56,-50
12,66,-68,-38
-22,98,-76,-26
-20,92,-68,-32
-10,82,-80,-44
-16,76,-84,-40
-32,80,-70,-80
-26,82,-64,-70
-10,56,-70,-26
-38,86,-72,-54
-10,88,-86,-50
2,74,-64,-66
-14,72,-90,-78
-18,78,-68,-70
-18,64,-74,-48
-22,100,-58,-24
-24,88,-60,-40
-20,78,-70,-54
-56,48,-80,-38
-32,82,-62,-44
0,90,-74,-78
-6,90,-88,-44
-24,84,-100,-74
-30,84,-80,-56
-24,92,-68,-54
-10,72,-70,-34
-22,64,-62,-60
-26,80,-74,-40
-22,78,-64,-74
-12,72,-88,-68
-18,76,-86,-62
-30,64,-52,-48
-22,82,-108,-34
-20,82,-86,-68
-32,60,-82,-54
-28,80,-64,-82
-22,78,-76,-70
-26,64,-80,-72
-44,40,-74,-48
-18,54,-62,-52
-22,60,-90,-58
-6,64,-68,-54
-28,80,-82,-42
-14,82,-80,-40
-30,64,-76,-26
-42,94,-74,-60
-12,50,-74,-48
-34,82,-74,-54
-22,78,-96,-64
-46,50,-104,-30
-30,70,-78,-50
-24,40,-80,-66
-44,76,-94,-48
-18,100,-54,-52
-28,76,-70,-66
-10,66,-78,-88
-40,58,-50,-50
-18,80,-58,-52
-18,78,-74,-50
-40,72,-76,-54
-14,76,-64,-68
-42,60,-90,-40
-42,78,-64,-58
-16,92,-88,-60
-22,60,-82,-64
-10,76,-80,-56
-74,70,-100,-52
-16,64,-72,-62
-36,86,-76,-48
-18,54,-82,-66
-12,64,-72,-68
-30,74,-96,-54
-20,70,-60,-34
-44,60,-106,-60
-36,70,-92,-96
-38,84,-108,-56
-28,86,-72,-52
-26,84,-86,-66
-16,86,-74,-40
-20,70,-72,-86
-34,72,-70,-70
-28,60,-86,-52
-12,84,-96,-58
0,104,-58,-36
-10,76,-82,-38
-20,78,-84,-70
-38,70,-70,-50
-20,66,-98,-78
-50,80,-80,-78
-38,68,-82,-78
-12,56,-76,-46
-46,56,-64,-74
-38,84,-82,-68
-56,60,-62,-54
-36,68,-42,-70
-30,56,-56,-56
-12,92,-86,-54
-16,84,-64,-50
-18,78,-84,-68
-34,76,-78,-56
-40,76,-76,-44
-38,82,-86,-50
-12,82,-88,-60
-20,88,-92,-52
-40,50,-80,-92
-24,88,-70,-64
-22,70,-78,-72
-22,74,-88,-72
-42,66,-80,-64
-10,56,-58,-60
-30,64,-84,-62
-4,84,-70,-38
-32,72,-90,-66
-28,76,-96,-52
-38,70,-112,-52
-30,94,-102,-56
-18,78,-102,-42
-34,68,-78,-64
-30,64,-88,-62
-8,78,-86,-46
-22,80,-50,-68
-36,70,-80,-94
-6,70,-74,-68
-30,96,-88,-42
-24,88,-74,-56
-28,72,-68,-56
-28,74,-94,-54
-52,66,-96,-54
-24,94,-90,-66
-44,86,-88,-56
-24,98,-84,-48
-34,72,-106,-62
-40,86,-76,-48
-32,66,-58,-72
-40,90,-64,-36
-28,76,-76,-56
-36,72,-82,-76
-38,80,-80,-50
-4,68,-64,-64
-34,86,-76,-38
-28,52,-86,-72
-62,86,-94,-74
-40,70,-78,-48
-38,72,-100,-70
-34,74,-62,-68
-20,70,-66,-62
-28,88,-76,-56
-28,82,-70,-52
-26,78,-64,-68
-34,58,-64,-52
-40,72,-88,-40
-46,68,-78,-74
-14,76,-50,-72
-30,94,-70,-50
-44,70,-94,-80
-16,90,-82,-38
-30,58,-96,-62
-18,68,-88,-62
-32,88,-74,-62
-24,70,-82,-54
0,92,-62,-40
-34,54,-64,-40
-20,74,-86,-60
-24,92,-80,-54
-4,70,-78,-58
-48,68,-92,-54
-24,68,-56,-62
-12,70,-88,-106
-54,62,-68,-58
-32,70,-66,-42
-36,84,-94,-74
-16,68,-72,-60
-32,62,-62,-54
-6,66,-102,-62
-24,66,-84,-42
-16,72,-90,-50
-38,72,-76,-62
-28,66,-80,-60
-10,86,-98,-64
-14,88,-76,-64
-24,74,-68,-38
-42,32,-74,-78
-26,76,-74,-78
-12,54,-76,-72
-36,96,-82,-46
-34,58,-54,-64
-4,52,-72,-76
-12,66,-60,-36
-24,70,-80,-46
-26,64,-78,-66
-22,76,-84,-52
-38,82,-80,-50
-40,66,-96,-74
-26,88,-98,-76
-26,76,-88,-54
-54,64,-92,-64
-26,70,-80,-52
-2,74,-92,-50
-16,86,-64,-76
-32,66,-80,-40
-24,78,-74,-66
-14,70,-82,-58
-50,82,-64,-44
-20,72,-74,-60
0,88,-66,-52
-20,80,-72,-50
-38,68,-70,-60
-30,58,-68,-48
-28,78,-80,-62
-18,86,-108,-66
-30,76,-60,-50
-4,80,-72,-70
-8,52,-90,-60
0,72,-48,-50
-24,78,-60,-40
-46,68,-72,-40
-22,84,-90,-68
-28,74,-80,-62
-38,66,-82,-50
-18,88,-90,-68
-26,88,-110,-64
-16,74,-108,-56
-16,54,-94,-66
-8,80,-84,-50
-10,92,-66,-52
-24,72,-74,-70
-12,84,-88,-50
-58,74,-64,-64
-32,90,-48,-48
-24,102,-66,-52
-22,88,-78,-34
-14,66,-62,-62
-6,92,-70,-70
-14,90,-42,-40
-24,66,-86,-54
-32,92,-74,-58
-24,88,-102,-46
-6,74,-64,-44
-8,90,-102,-56
-30,88,-72,-52
-8,84,-46,-66
-22,76,-80,-56
-34,74,-72,-56
-40,76,-68,-30
-6,74,-88,-62
-24,70,-72,-44
-16,90,-92,-70
-34,78,-46,-54
-34,66,-50,-62
-24,86,-92,-52
-20,92,-58,-40
-20,56,-66,-32
-32,88,-98,-62
-32,92,-78,-46
-22,84,-72,-46
-22,74,-80,-48
-26,74,-58,-16
-12,78,-50,-34
-12,68,-52,-66
-8,86,-70,-66
-22,72,-66,-72
-16,92,-64,-70
-28,74,-72,-52
-12,70,-64,-68
-28,96,-52,-52
-32,82,-104,-42
-22,100,-92,-46
-20,76,-80,-38
-26,54,-64,-48
-16,92,-76,-74
-38,78,-66,-40
-24,78,-56,-38
-30,66,-62,-52
-16,76,-60,-50
-22,74,-86,-58
-20,78,-68,-40
-18,90,-90,-16
-28,82,-74,-74
-16,88,-56,-54
-32,78,-72,-44
-10,70,-78,-58
-34,92,-56,-60
4,82,-78,-48
-32,76,-58,-44
-22,76,-60,-54
6,78,-90,-62
-28,98,-76,-56
-20,80,-72,-50
-16,90,-64,-68
-32,78,-76,-60
-24,80,-50,-52
-26,106,-54,-46
-24,80,-76,-40
0,84,-82,-44
-24,78,-74,-72
-24,62,-72,-46
-28,70,-84,-58
-42,100,-60,-42
-12,110,-76,-60
12,70,-76,-64
-10,76,-86,-72
-32,92,-70,-54
-4,92,-74,-46
-38,76,-56,-52
-30,70,-72,-44
-20,72,-80,-62
-18,72,-46,-56
-26,82,-66,-58
-4,86,-76,-48
-24,80,-66,-64
-10,84,-100,-34
4,90,-72,-42
-20,86,-86,-60
-26,92,-68,-64
-16,82,-80,-70
-12,88,-54,-66
-18,98,-66,-56
-30,86,-74,-58
-32,90,-68,-60
-22,86,-68,-60
-60,68,-86,-64
-28,78,-50,-102
-6,76,-60,-62
-32,70,-54,-46
-16,94,-82,-58
-18,98,-72,-38
-24,88,-70,-66
-8,84,-80,-54
-26,100,-84,-50
0,86,-58,-70
-22,62,-80,-46
-10,82,-44,-82
-42,76,-50,-70
8,96,-68,-40
-18,84,-78,-50
-14,90,-82,-56
-6,72,-94,-46
-26,90,-82,-56
-12,56,-74,-58
-10,72,-68,-60
-14,82,-74,-40
-16,72,-82,-66
-16,76,-68,-60
-22,82,-74,-58
-20,76,-78,-54
2,80,-44,-82
-24,80,-90,-64
-14,70,-68,-50
-14,82,-66,-64
-44,58,-80,-36
-10,92,-70,-46
-24,78,-78,-54
-30,68,-82,-54
-10,68,-82,-70
-8,106,-70,-64
-42,84,-62,-80
-26,94,-48,-76
-22,92,-88,-62
-16,86,-84,-54
-40,86,-86,-56
-30,80,-68,-58
-32,72,-94,-50
-36,72,-86,-66
6,80,-64,-66
-6,82,-66,-70
-14,66,-62,-62
-20,86,-82,-60
-30,72,-70,-88
-20,80,-56,-64
-8,72,-70,-40
-16,82,-62,-66
-8,88,-80,-54
-24,76,-88,-86
-12,68,-92,-72
-50,64,-78,-90
-40,70,-76,-52
-18,78,-98,-52
-14,78,-70,-80
-26,68,-72,-42
-28,70,-78,-72
-22,70,-108,-56
-32,60,-84,-80
-6,80,-60,-52
-20,74,-62,-44
-12,64,-68,-78
-20,64,-86,-54
-32,58,-100,-74
-44,80,-84,-60
-16,78,-68,-56
-24,62,-84,-74
-36,86,-86,-44
0,70,-64,-66
-38,80,-64,-54
-28,78,-56,-76
-38,52,-86,-66
-34,76,-64,-68
-30,82,-60,-70
-38,52,-86,-66
-14,84,-78,-82
-20,54,-60,-46
-22,84,-76,-70
-28,68,-82,-64
-20,86,-62,-72
-38,64,-86,-68
-58,80,-94,-40
-30,60,-64,-74
-38,74,-70,-90
-10,56,-102,-72
-28,72,-62,-94
-34,72,-80,-44
-28,76,-72,-82
-24,66,-82,-92
-48,88,-80,-62
-40,56,-82,-68
-46,66,-88,-82
-36,74,-86,-56
-46,70,-84,-66
-32,56,-92,-84
-24,66,-80,-44
-48,56,-74,-64
-38,78,-76,-78
-24,60,-76,-82
-20,84,-66,-76
-36,84,-84,-80
-26,72,-84,-68
-42,64,-86,-76
-48,78,-82,-70
-42,74,-94,-64
-34,60,-92,-40
-32,58,-68,-74
-38,82,-94,-58
-34,62,-68,-56
-16,66,-76,-86
-32,66,-64,-72
-50,82,-64,-96
-24,82,-86,-58
-44,58,-90,-70
-40,62,-74,-70
-22,86,-82,-76
-20,66,-56,-76
-42,72,-62,-88
-26,52,-98,-80
-28,88,-94,-76
-20,64,-80,-70
-56,50,-86,-86
-26,80,-76,-66
-10,72,-98,-94
-52,62,-70,-76
-4,82,-70,-70
-24,74,-92,-72
-12,90,-72,-70
-32,88,-82,-84
-28,98,-84,-102
-26,74,-96,-90
-48,74,-62,-100
-36,64,-74,-76
-10,70,-82,-88
-46,70,-84,-56
-24,76,-50,-64
-40,72,-60,-92
-32,58,-82,-90
-26,56,-98,-72
-32,90,-72,-74
-34,80,-98,-100
-28,84,-102,-70
-36,68,-98,-98
-24,82,-82,-72
-8,82,-78,-66
-36,70,-92,-96
-24,60,-88,-76
-40,82,-80,-70
-36,72,-82,-68
-32,60,-76,-94
-20,56,-78,-66
-30,82,-80,-78
-14,84,-92,-60
-24,74,-88,-80
-20,84,-98,-76
0,86,-70,-92
-24,78,-78,-68
-28,80,-78,-96
-24,74,-100,-82
-30,52,-94,-68
-26,70,-72,-78
-30,84,-80,-70
-10,68,-96,-72
-26,84,-84,-70
-48,44,-60,-78
-44,64,-102,-90
-24,74,-66,-70
-36,42,-98,-76
-50,92,-102,-78
-30,90,-86,-76
-34,70,-96,-66
-42,68,-72,-48
-48,94,-82,-80
-42,70,-96,-98
-36,86,-86,-80
-60,66,-68,-70
-30,62,-74,-70
-40,76,-116,-90
-36,76,-88,-106
-30,68,-98,-78
-32,62,-86,-78
-54,60,-102,-74
-38,60,-68,-106
-62,74,-82,-88
-32,98,-84,-88
-42,68,-106,-82
-38,66,-80,-74
-56,68,-70,-94
-38,50,-98,-74
-32,70,-86,-92
-32,78,-82,-100
-48,70,-78,-72
-62,74,-88,-74
-44,72,-68,-70
-64,70,-98,-66
-28,66,-106,-86
-34,76,-74,-110
-28,62,-104,-112
-36,56,-86,-102
-24,70,-80,-66
-42,60,-70,-70
-30,52,-68,-82
-32,80,-68,-94
-10,76,-80,-66
-28,68,-92,-80
-22,60,-80,-74
-30,72,-84,-78
-52,82,-76,-66
-38,86,-80,-70
-56,78,-104,-72
-36,68,-60,-76
-8,100,-80,-88
-44,58,-90,-84
-22,58,-76,-72
-34,58,-64,-74
-34,88,-78,-80
-38,78,-74,-74
-40,72,-76,-90
-24,74,-52,-74
-28,76,-76,-74
-16,76,-72,-76
-20,84,-82,-76
-32,100,-76,-68
-32,74,-88,-80
-30,72,-74,-68
-22,62,-74,-92
-36,70,-90,-60
-14,52,-96,-82
-38,76,-64,-70
-38,78,-84,-78
-28,56,-62,-64
-36,64,-60,-58
-40,98,-78,-86
-26,98,-62,-64
-38,74,-86,-72
-54,74,-76,-84
-14,88,-58,-46
-28,68,-74,-72
-24,80,-96,-88
-24,66,-68,-58
-42,96,-62,-58
-48,90,-56,-76
-50,68,-88,-76
-36,104,-46,-80
-8,88,-68,-52
-8,84,-66,-92
-8,104,-78,-54
-14,74,-58,-74
-10,82,-82,-50
-50,80,-82,-40
-18,98,-62,-88
-10,66,-84,-68
-32,90,-60,-62
-22,94,-50,-72
-22,62,-66,-64
-6,84,-58,-76
-24,122,-84,-54
-32,114,-76,-72
-34,94,-72,-54
-26,78,-44,-74
-34,100,-88,-90
-46,104,-74,-78
-22,74,-98,-82
-20,86,-72,-68
-16,86,-72,-86
-58,62,-76,-82
-14,92,-74,-68
-24,70,-76,-62
-22,84,-68,-80
-26,86,-72,-86
-40,60,-76,-82
-22,88,-82,-88
-34,72,-72,-60
-6,92,-68,-54
-36,104,-58,-74
-16,90,-52,-66
-44,74,-48,-72
-50,90,-72,-64
-12,74,-60,-96
-10,86,-76,-70
-22,94,-76,-88
-34,70,-82,-86
-50,90,-94,-74
-26,96,-76,-94
-18,80,-70,-80
-54,82,-68,-46
-38,78,-76,-72
-36,80,-78,-54
-20,112,-68,-58
-46,94,-92,-78
-52,86,-94,-94
-32,108,-80,-64
-24,78,-86,-82
-30,94,-90,-68
-42,100,-72,-86
-42,86,-90,-80
-42,96,-76,-60
-46,86,-90,-92
-12,100,-76,-62
-20,86,-96,-56
-2,74,-84,-78
-28,92,-88,-70
-26,78,-76,-82
-38,106,-72,-76
-4,88,-80,-60
-34,84,-58,-70
-8,70,-64,-56
-26,86,-70,-62
-38,84,-90,-62
-18,90,-60,-56
-16,94,-84,-66
-16,90,-66,-48
-24,66,-70,-50
-10,96,-48,-56
-24,82,-78,-70
-32,92,-54,-50
-16,104,-74,-72
-34,106,-66,-46
-30,88,-90,-76
-18,102,-92,-56
-14,98,-50,-36
-24,82,-78,-72
-34,82,-58,-68
-30,88,-68,-68
-24,94,-92,-74
-22,74,-60,-60
-24,106,-52,-52
-10,98,-66,-60
-30,98,-58,-68
-16,90,-62,-84
-38,92,-56,-56
-28,118,-58,-42
-14,80,-78,-66
-26,106,-62,-76
-20,76,-76,-60
-44,88,-64,-66
-38,86,-64,-48
-16,66,-60,-70
-36,100,-60,-72
-6,78,-72,-60
-16,98,-68,-64
4,96,-72,-56
-14,82,-60,-46
-32,88,-90,-38
-20,88,-62,-46
-18,88,-70,-60
-18,58,-86,-60
-6,72,-82,-68
-34,108,-62,-54
-28,98,-90,-64
-8,92,-74,-42
-20,118,-54,-54
-32,84,-72,-62
-16,106,-62,-70
-20,72,-54,-86
-12,106,-62,-58
-20,102,-60,-70
-24,106,-64,-44
-8,94,-62,-42
-14,86,-78,-52
-2,86,-70,-42
-36,98,-66,-80
-28,96,-70,-50
-8,96,-68,-52
-20,124,-46,-30
-10,80,-44,-50
-28,112,-48,-48
-32,74,-54,-74
-38,92,-66,-62
-28,106,-66,-60
-18,108,-62,-38
-30,96,-50,-38
-14,90,-52,-60
-8,112,-64,-44
-28,96,-54,-58
-10,88,-66,-66
-28,82,-78,-60
-24,106,-62,-50
-4,96,-60,-46
-22,114,-70,-70
-2,84,-48,-62
0,86,-46,-48
-10,110,-72,-50
-26,108,-62,-48
-24,78,-64,-58
-22,108,-52,-58
-16,92,-42,-48
-32,108,-68,-46
-10,94,-70,-50
-28,98,-68,-62
-24,82,-76,-48
-26,90,-84,-44
-12,78,-68,-62
16,106,-90,-54
-14,86,-70,-40
-14,110,-42,-50
-16,94,-48,-52
-18,98,-46,-52
-16,80,-82,-36
-8,84,-60,-66
-22,114,-54,-64
-10,102,-68,-50
-4,90,-66,-62
-22,100,-52,-76
-26,78,-62,-66
-16,84,-70,-64
-22,100,-52,-58
-16,66,-72,-32
4,92,-62,-40
-22,76,-74,-78
-10,100,-74,-46
-28,88,-80,-68
-20,100,-68,-58
-30,84,-72,-42
-8,98,-94,-72
-34,78,-90,-64
0,86,-74,-62
-24,76,-86,-74
-14,102,-70,-66
-14,100,-78,-38
-28,96,-82,-56
-26,86,-66,-66
-32,90,-62,-50
-4,100,-74,-48
-10,88,-78,-56
-12,68,-58,-70
-28,86,-78,-62
-18,98,-84,-34
-20,96,-62,-44
-30,80,-78,-56
-32,110,-68,-58
-12,84,-70,-40
-28,66,-58,-56
-34,82,-76,-56
-14,86,-62,-54
-10,104,-68,-40
-18,82,-72,-40
12,102,-64,-64
-16,106,-66,-48
-34,80,-98,-74
-30,102,-64,-42
-16,92,-66,-46
-26,116,-58,-52
-22,92,-66,-42
-10,82,-68,-78
-28,104,-64,-60
-4,76,-84,-54
-16,84,-64,-38
-16,76,-38,-46
14,100,-58,-46
-4,76,-74,-52
-32,106,-64,-52
2,94,-68,-68
-36,84,-62,-50
-32,86,-68,-24
-2,116,-78,-62
-30,104,-74,-52
-12,102,-46,-34
-4,98,-66,-48
-20,80,-72,-60
-12,96,-74,-60
-26,82,-60,-70
-24,84,-56,-56
-18,96,-62,-62
-38,96,-64,-34
-22,104,-62,-42
-4,92,-56,-50
-18,100,-80,-66
-6,84,-44,-40
28,104,-78,-48
-22,102,-60,-56
-28,104,-80,-54
-16,82,-76,-44
-20,102,-36,-56
-44,100,-52,-52
-26,92,-46,-26
-6,86,-44,-64
-2,70,-44,-46
-10,122,-80,-48
-22,94,-68,-68
-26,84,-56,-30
-16,104,-70,-50
-18,92,-62,-50
-30,112,-76,-54
-10,98,-94,-40
-30,108,-82,-44
-8,96,-68,-42
-46,80,-74,-68
-28,92,-66,-50
-22,96,-58,-50
-28,104,-50,-44
-6,100,-72,-58
-20,64,-38,-38
6,84,-54,-46
-20,114,-66,-50
-26,96,-56,-46
-20,90,-76,-42
-20,104,-64,-36
2,114,-88,-54
-24,102,-60,-64
-26,84,-76,-30
-16,116,-62,-42
-28,94,-46,-62
10,102,-64,-62
-8,118,-72,-48
-34,88,-44,-46
-22,88,-64,-38
-20,84,-70,-68
4,86,-82,-46
-10,104,-74,-52
-18,98,-82,-46
-14,88,-68,-60
-22,100,-78,-36
-6,88,-70,-52
-4,108,-80,-54
-22,102,-68,-52
-22,96,-62,-48
-32,82,-64,-40
-14,76,-64,-76
-12,84,-82,-56
-16,78,-58,-62
-26,100,-60,-58
-20,92,-46,-58
-12,94,-56,-30
-30,84,-58,-32
0,106,-74,-44
-8,90,-78,-34
-24,98,-68,-50
4,82,-48,-46
-2,86,-76,-78
4,94,-72,-78
-12,94,-58,-54
0,98,-52,-62
-18,104,-60,-40
-30,100,-54,-58
-16,76,-44,-52
-10,66,-76,-50
-18,104,-70,-40
-10,80,-76,-54
-20,70,-70,-72
-12,86,-80,-46
-2,98,-62,-50
-14,98,-64,-54
-2,78,-74,-68
6,116,-78,-60
-4,94,-76,-42
12,104,-58,-76
-2,114,-54,-50
-20,84,-66,-36
-26,102,-56,-24
-30,94,-48,-66
-14,94,-50,-36
-12,82,-68,-48
-18,84,-62,-28
12,94,-58,-32
6,124,-72,-24
6,74,-68,-66
-26,94,-60,-70
-4,96,-60,-66
-16,102,-58,-66
16,92,-60,-26
-6,86,-56,-34
-20,96,-44,-44
0,92,-60,-46
-24,94,-56,-52
-28,88,-56,-38
-6,84,-60,-56
-8,114,-48,-44
-8,78,-78,-40
-24,88,-58,-40
-8,118,-72,-38
-6,102,-52,-24
-16,100,-62,-60
-14,100,-62,-52
-16,82,-64,-44
10,92,-40,-34
0,88,-54,-54
-26,82,-36,-36
-16,74,-54,-58
6,90,-46,-54
-6,102,-34,-40
2,104,-44,-64
-22,100,-50,-32
-8,98,-38,-56
-32,94,-62,-50
-2,84,-48,-34
-4,90,-48,-50
2,72,-52,-42
14,90,-62,-44
10,90,-50,-56
2,102,-76,-36
0,118,-40,-42
-2,76,-70,-54
10,110,-74,-36
-2,102,-74,-52
-8,106,-60,-34
-4,102,-38,-52
-6,100,-48,-56
2,102,-60,-46
-10,114,-68,-48
-24,110,-70,-48
-8,84,-66,-34
-10,102,-38,-48
-2,84,-54,-40
2,82,-34,-70
8,104,-74,-68
-26,106,-56,-38
-28,96,-38,-40
10,88,-70,-50
-8,100,-46,-42
-6,72,-62,-42
-16,88,-42,-42
-12,88,-54,-56
6,100,-50,-52
10,88,-84,-34
0,108,-52,-54
-10,112,-58,-56
0,78,-50,-20
-8,100,-48,-42
8,122,-32,-38
12,92,-62,-66
-16,100,-72,-48
-10,92,-32,-66
-22,130,-54,-54
-6,102,-62,-56
-24,98,-64,-24
-18,108,-72,-44
6,86,-58,-54
12,94,-38,-42
-26,84,-28,-26
14,92,-58,-38
-14,108,-64,-64
-28,104,-56,-44
24,112,-56,-54
-50,98,-34,-50
-14,110,-42,-34
-14,98,-60,-42
12,112,-56,-64
-12,106,-68,-78
-4,110,-74,-60
-20,116,-50,-24
-14,100,-48,-34
-18,114,-44,-38
-28,88,-50,-40
2,102,-58,-44
-28,70,-46,-40
-22,102,-62,-52
-6,82,-76,-64
-12,100,-68,-38
2,72,-40,-64
-4,112,-60,-44
22,96,-62,-54
16,84,-70,-68
-22,78,-58,-46
-14,118,-68,-42
-18,82,-54,-44
2,84,-52,-62
-6,94,-62,-50
-2,106,-56,-42
-18,94,-70,-34
-16,92,-34,-56
-8,92,-58,-30
-8,128,-62,-42
14,96,-52,-54
6,76,-56,-28
6,108,-42,-50
2,112,-62,-52
6,70,-52,-26
4,98,-68,-22
4,104,-70,-70
-14,96,-72,-18
-14,96,-24,-28
12,94,-70,-52
-14,74,-56,-44
22,102,-58,-28
-8,102,-62,-38
-10,112,-70,-38
-8,88,-44,-38
14,92,-62,-52
14,110,-62,-46
0,98,-58,-54
14,96,-60,-30
-22,98,-42,-64
-6,118,-56,-68
2,118,-50,-30
-18,90,-36,-58
0,82,-44,-68
6,104,-66,-32
8,104,-38,-48
10,94,-52,-56
-20,92,-58,-50
-4,98,-56,-46
-16,104,-48,-26
-16,120,-56,-56
-4,88,-26,-62
0,104,-62,-12
22,110,-48,-46
-6,88,-66,-48
-16,106,-54,-36
12,84,-48,-30
-2,108,-60,-52
24,86,-48,-50
2,118,-28,-58
8,108,-6,-48
-10,100,-42,-34
-2,100,-62,-62
2,76,-50,-40
-8,102,-58,-28
-2,106,-60,-40
-14,64,-68,-42
4,94,-82,-32
-2,112,-48,-44
-2,80,-52,-48
-6,74,-44,-48
14,80,-64,-44
-10,96,-34,-26
4,124,-68,-52
2,100,-56,-46
-6,86,-44,-54
0,74,-46,-66
-6,98,-58,-48
-8,98,-64,-38
-6,102,-66,-38
4,86,-50,-52
10,96,-42,-18
-12,114,-66,-28
2,112,-54,-28
-12,96,-44,-54
6,106,-66,-8
-10,94,-62,-46
2,92,-74,-38
-20,92,-54,-38
8,100,-64,-66
10,104,-72,-64
8,98,-66,-66
-12,80,-48,-54
-8,86,-60,-44
-34,88,-60,-64
4,106,-62,-56
-6,108,-66,-56
4,80,-74,-60
10,82,-48,-60
-12,100,-58,-58
4,108,-80,-64
16,94,-52,-72
-16,78,-60,-36
-18,106,-56,-56
0,72,-56,-56
-4,90,-48,-36
-20,88,-72,-44
18,82,-54,-64
0,94,-58,-62
-2,100,-58,-56
-16,92,-66,-50
-6,102,-48,-56
18,106,-56,-56
-12,86,-70,-54
-18,90,-58,-50
-16,98,-76,-50
-2,80,-56,-34
-16,102,-56,-36
-26,110,-56,-56
-12,100,-42,-56
20,114,-60,-44
-2,96,-76,-56
-14,88,-58,-60
-20,106,-64,-44
-14,80,-62,-70
-24,94,-50,-60
-8,68,-44,-62
-18,102,-64,-64
-16,96,-66,-48
-10,76,-70,-54
-2,92,-58,-34
-6,84,-54,-32
-34,102,-48,-52
-24,94,-54,-40
-14,84,-52,-44
12,110,-46,-40
-14,112,-42,-62
-12,96,-60,-34
2,96,-68,-38
10,90,-48,-42
4,70,-58,-60
-14,100,-62,-44
2,104,-32,-20
4,78,-52,-62
-8,100,-54,-48
-16,96,-66,-50
-6,88,-72,-62
2,108,-68,-46
2,84,-58,-46
18,98,-56,-36
-16,112,-70,-36
-4,94,-56,-68
-12,104,-72,-38
-4,96,-50,-40
-16,104,-42,-62
0,80,-60,-50
8,106,-84,-52
-12,90,-48,-34
-4,90,-56,-38
14,104,-62,-42
6,84,-58,-46
-2,100,-36,-48
-12,104,-62,-32
8,74,-46,-46
-10,94,-46,-68
-18,102,-56,-42
-10,110,-58,-48
-2,86,-66,-38
8,90,-58,-40
-10,98,-48,-56
0,108,-52,-62
24,98,-58,-50
-30,88,-68,-42
-12,106,-44,-66
-2,64,-58,-60
-14,100,-72,-52
-14,116,-50,-38
4,114,-50,-50
-26,98,-34,-34
-10,108,-64,-64
-6,104,-34,-32
-2,84,-82,-26
20,90,-62,-38
14,88,-48,-48
6,96,-54,-20
-8,80,-58,-48
2,104,-42,-46
4,98,-58,-42
-8,94,-46,-52
-26,102,-50,-48
0,90,-58,-56
-8,120,-56,-52
-12,100,-60,-60
0,94,-44,-50
-34,84,-62,-40
6,82,-56,-50
4,96,-50,-6
-6,108,-62,-50
-8,72,-60,-48
16,82,-40,-32
10,92,-76,-14
-2,110,-68,-32
8,76,-64,-36
-6,90,-54,-36
28,88,-52,-54
18,114,-72,-12
-8,94,-40,-30
0,108,-54,-4
6,98,-38,-46
20,104,-56,-30
0,90,-44,-46
-4,88,-40,-52
20,100,-38,-46
-4,102,-52,-26
26,112,-32,-36
22,100,-52,-42
28,84,-42,-42
-4,118,-42,-32
-2,104,-60,-44
-2,104,-50,-52
0,72,-66,-44
-4,80,-76,-42
-16,76,-32,-54
18,96,-68,-36
-2,94,-46,-30
20,104,-68,-66
32,84,-56,-56
14,96,-66,-28
4,108,-54,-44
-12,108,-58,-20
-4,110,-50,-42
2,94,-52,-30
-8,82,-36,-36
-6,82,-60,-38
-26,74,-38,-28
-16,94,-42,-46
-14,94,-54,-50
-2,98,-52,-34
10,82,-50,-40
8,76,-48,-54
-14,82,-74,-62
-10,100,-50,-48
0,90,-44,-34
16,64,-56,-62
12,100,-62,-42
-4,88,-72,-38
-10,96,-58,-56
-4,92,-60,-34
-8,98,-66,-20
20,84,-42,-60
6,98,-46,-42
8,100,-56,-70
20,80,-70,-36
-14,98,-60,-42
-16,80,-60,-36
-8,110,-66,-22
-6,88,-76,-26
24,86,-66,-42
2,94,-60,-34
-18,98,-60,-60
26,106,-72,-22
16,76,-84,-54
-16,96,-74,-46
12,108,-62,-26
-10,92,-44,-56
0,86,-66,-72
-14,88,-42,-38
6,90,-58,-54
20,92,-36,-26
2,94,-46,-62
-4,96,-60,-36
-16,94,-78,-38
-12,102,-36,-38
-4,88,-54,-40
-16,92,-72,-40
4,102,-68,-40
-16,92,-52,-46
0,98,-44,-52
-12,94,-58,-48
12,100,-56,-40
-2,122,-56,-52
-12,116,-50,-26
8,104,-60,-38
-24,80,-58,-44
-10,96,-70,-42
12,90,-74,-36
8,76,-52,-58
12,92,-62,-26
-24,100,-62,-46
-4,80,-66,-40
-10,96,-60,-34
2,98,-54,-24
0,108,-66,-42
0,94,-50,-48
-10,112,-64,-56
-10,94,-36,-60
-18,122,-66,-52
6,106,-60,-22
-8,76,-62,-26
-4,100,-44,-58
-8,96,-46,-40
-6,88,-26,-42
10,98,-38,-50
-4,80,-78,-52
14,92,-30,-62
8,96,-70,-54
-6,88,-50,-40
-8,88,-28,-50
12,104,-36,-14
-8,92,-58,-48
-18,108,-36,-48
20,90,-60,-38
10,118,-46,-52
4,78,-66,-44
12,100,-58,-34
8,112,-58,-40
8,86,-50,-26
8,92,-44,-36
-24,110,-38,-26
12,108,-52,-14
-2,96,-52,-50
4,102,-48,-38
-8,122,-60,-50
0,102,-52,-36
8,104,-64,-26
-8,88,-66,-44
16,96,-60,-56
8,122,-64,-30
16,110,-58,-50
4,102,-46,-12
-8,120,-44,-12
20,94,-48,-26
-4,106,-40,-26
-4,100,-28,-64
2,92,-58,-24
-8,98,-40,-40
0,90,-44,-10
10,92,-54,-40
10,102,-48,-38
16,104,-58,-56
-4,108,-30,-52
4,100,-36,-74
22,102,-52,-24
4,106,-70,-48
-6,98,-52,-30
-8,102,-56,-50
6,116,-72,-52
-8,116,-56,-50
0,106,-66,-42
0,118,-52,-48
6,116,-38,-30
14,106,-36,-32
12,108,-62,-42
-8,90,-50,-54
6,112,-50,-54
8,92,-60,-40
30,90,-58,-12
6,74,-50,-44
14,104,-48,-66
4,100,-54,-42
10,112,-64,-30
12,114,-36,-54
-4,116,-44,-68
20,92,-68,-38
-8,104,-60,-38
10,108,-36,-38
2,100,-44,-60
0,112,-42,-20
8,114,-40,-44
-4,110,-62,-56
-4,84,-26,-58
-8,122,-40,-46
22,78,-56,-42
18,108,-58,-40
10,100,-56,-56
2,96,-40,-78
-24,96,-46,-42
10,110,-52,-54
-12,98,-42,-50
0,112,-48,-56
-28,96,-62,-68
8,110,-64,-54
-10,78,-48,-44
8,102,-68,-32
10,94,-56,-38
-2,100,-48,-52
-24,102,-34,-32
0,96,-48,-60
26,88,-36,-22
8,116,-68,-54
-14,102,-66,-36
-16,104,-46,-28
2,88,-68,-46
12,106,-58,-42
2,96,-66,-32
8,110,-46,-60
0,106,-48,-52
6,94,-34,-56
4,94,-78,-32
30,118,-32,-50
-4,88,-66,-46
2,68,-60,-26
4,120,-54,-44
4,104,-34,-40
24,84,-74,-32
-16,108,-72,-32
6,118,-56,-44
-6,90,-58,-36
4,80,-60,-14
24,102,-58,-40
14,94,-50,-68
-24,108,-62,-42
-30,90,-60,-48
-12,92,-58,-22
-4,102,-56,-32
24,124,-50,-58
-12,118,-44,-44
22,102,-58,-64
-2,116,-56,-64
-4,104,-52,-22
-4,114,-58,-38
6,104,-60,-48
-16,98,-58,-34
-10,112,-48,-20
-2,108,-28,-16
4,94,-32,-46
18,114,-44,-44
-12,102,-64,-32
-4,90,-74,-42
24,100,-56,-64
20,90,-68,-46
-4,116,-62,-40
0,102,-68,-26
2,110,-38,-26
8,98,-36,-28
-24,88,-26,-24
8,108,-68,-32
0,102,-64,-30
4,114,-56,-24
0,112,-58,-48
2,118,-60,-38
10,110,-48,-48
6,90,-46,-10
8,88,-36,-30
-2,110,-46,-34
0,110,-28,-48
-2,102,-36,-48
14,76,-42,-28
-26,94,-46,-8
6,116,-62,-18
-14,92,-60,-46
8,98,-40,-38
-2,124,-46,-20
-18,100,-50,-48
14,144,-58,-48
-2,98,-34,-38
-2,108,-52,-60
6,92,-44,-28
-16,120,-68,-34
8,96,-62,-32
8,108,-50,-40
6,124,-64,-40
12,112,-44,-26
4,112,-42,-40
12,106,-54,-24
-4,98,-56,-24
4,96,-52,-26
8,112,-52,-20
6,128,-20,-16
-14,90,-60,-28
14,114,-56,-42
-16,108,-50,-26
12,118,-74,-52
-12,120,-52,-32
-12,116,-54,-44
8,102,-64,-42
-6,98,-48,-32
6,112,-44,-40
4,98,-54,-52
-2,106,-56,-56
-2,94,-52,-54
-4,106,-74,-38
-2,100,-72,-32
-12,92,-48,-14
0,114,-42,-46
14,92,-52,-32
-24,104,-78,-30
-6,90,-50,-24
4,104,-54,-20
24,118,-66,-44
-4,96,-56,-48
-2,90,-60,-48
4,104,-58,-40
6,118,-70,-46
0,100,-60,-42
6,100,-52,-42
12,96,-52,-44
-12,112,-44,-40
10,108,-58,-30
2,102,-72,-50
0,102,-36,-18
0,114,-68,-30
-4,112,-72,-30
4,78,-66,-48
-4,106,-54,-50
-6,102,-56,-30
2,110,-66,-56
-24,92,-62,-62
-22,94,-38,-54
22,90,-52,-48
-12,88,-70,-36
-24,98,-58,-38
-10,118,-58,-32
-10,92,-60,-46
2,84,-60,-48
-6,86,-66,-50
2,108,-58,-36
-6,96,-76,-44
-6,94,-72,-32
-12,98,-64,-48
0,92,-84,-50
-4,76,-70,-46
2,98,-86,-54
-8,104,-70,-36
-16,100,-60,-60
-8,98,-52,-50
-12,82,-46,-32
-22,60,-66,-70
-2,98,-92,-42
6,92,-60,-56
-20,110,-52,-44
-10,88,-62,-56
-18,82,-36,-60
-22,66,-66,-40
-26,88,-68,-48
-8,106,-56,-20
4,84,-54,-58
-20,88,-54,-26
-8,104,-48,-38
-6,80,-60,-56
-18,90,-56,-54
4,82,-68,-44
0,94,-46,-42
-12,88,-54,-52
6,108,-76,-46
-2,58,-58,-52
-20,68,-52,-28
-16,116,-58,-48
-4,84,-68,-34
-14,96,-70,-56
-16,92,-72,-70
18,98,-62,-34
26,98,-44,-62
-18,106,-84,-30
-14,78,-86,-52
-16,96,-60,-42
-24,98,-72,-60
12,102,-58,-36
-18,90,-68,-40
-2,114,-50,-38
-8,116,-58,-42
-28,96,-58,-52
-16,76,-78,-32
-8,110,-60,-16
-8,116,-40,-22
-18,106,-66,-58
-14,114,-76,-44
4,104,-78,-36
-12,74,-48,-52
-14,118,-68,-34
-8,98,-74,-42
20,86,-52,-44
-22,96,-44,-42
4,90,-62,-26
-4,92,-72,-32
-16,100,-62,-62
-24,86,-54,-34
-14,90,-52,-38
2,106,-44,-26
-24,108,-66,-32
-16,100,-58,-44
2,108,-60,-12
-2,104,-52,-32
-12,106,-32,-30
4,104,-66,-20
0,96,-58,-28
0,100,-54,-2
8,82,-54,-24
24,98,-50,-18
-10,106,-72,-34
-4,114,-50,-2
-4,96,-62,-40
16,130,-40,-8
-8,100,-44,-20
0,108,-50,-24
2,106,-54,-22
-12,104,-64,-6
-8,116,-56,-24
0,86,-68,-20
-6,100,-44,-24
6,110,-82,-24
4,96,-48,-18
-14,98,-46,10
0,96,-48,-24
-10,116,-38,2
-8,74,-54,-38
-8,104,-68,-8
-14,124,-54,-16
-4,82,-62,0
-14,86,-50,-2
-8,94,-60,-20
8,108,-52,8
-2,76,-56,-12
-30,86,-60,18
-18,76,-64,10
-10,116,-62,-2
-14,94,-50,10
16,104,-50,28
-10,94,-50,-2
10,122,-56,38
12,114,-74,42
-10,112,-54,-50
-22,92,-60,98
16,104,-68,82
-6,98,-48,42
18,108,-50,100
-2,96,-54,108
4,118,-30,112
-32,98,-40,124
4,110,-50,118
14,108,-40,70
-8,102,-36,126
-10,106,-48,104
12,108,-64,114
10,74,-54,74
8,100,-46,60
-8,88,-36,72
18,104,-54,98
0,100,-68,62
-2,106,-52,66
-4,104,-56,76
-24,70,-62,60
-6,102,-50,56
2,118,-50,70
2,106,-32,66
-12,110,-48,76
-16,78,-72,70
-2,102,-54,50
-4,100,-68,38
-6,82,-58,20
4,72,-84,72
-14,106,-64,56
2,88,-86,48
-4,76,-54,58
4,108,-30,24
4,110,-74,48
0,98,-54,64
-6,94,-42,52
-4,106,-60,0
-28,94,-52,46
-28,98,-50,28
-44,90,-38,18
10,104,-68,26
-20,100,-72,36
-14,72,-58,34
-22,82,-58,12
-26,112,-68,20
-36,86,-84,4
-10,84,-88,-2
-16,102,-78,16
2,96,-96,-6
-14,112,-74,12
4,90,-52,20
-8,118,-56,-10
-24,110,-72,-2
-42,106,-50,-36
-8,100,-66,-24
-4,92,-34,32
-16,98,-82,-16
-14,90,-52,-18
-4,84,-62,-18
-20,98,-74,-42
-16,78,-62,-16
-30,88,-58,-4
-26,84,-66,-20
-26,86,-58,0
-10,102,-76,-22
-8,90,-64,20
-18,84,-56,-24
-32,88,-58,4
-18,80,-92,10
-22,96,-58,8
-30,104,-72,-2
-26,92,-72,28
-16,84,-66,-12
-38,100,-64,-2
-16,88,-54,-38
-4,96,-62,-8
-32,100,-48,-46
-24,82,-48,2
-14,112,-90,16
-12,104,-70,-10
-12,88,-100,-16
-10,84,-102,36
-58,98,-72,-32
-24,84,-54,22
-24,80,-66,14
-26,84,-58,-46
-4,68,-48,-18
-32,96,-44,-6
-22,68,-48,-2
2,60,-52,-10
-30,90,-36,18
-18,96,-46,-10
-10,102,-50,14
-10,98,-56,-62
-36,100,-64,-14
-36,84,-60,56
6,72,-74,-32
-18,84,-56,-8
-8,102,-58,0
-28,76,-50,46
4,70,-36,2
-20,94,-30,18
0,78,-46,18
-18,102,-66,8
-14,88,-60,20
-14,80,-34,-20
-6,76,-64,-18
-18,84,-52,-38
-12,92,-42,12
-2,72,-56,-30
14,96,-68,26
-4,94,-54,-60
-16,100,-38,-8
2,112,-46,64
-8,88,-48,-8
-6,90,-36,20
-10,104,-42,4
6,72,-78,26
-18,102,-66,20
-4,110,-70,46
-10,104,-68,66
2,112,-80,-36
-10,96,-62,58
-12,94,-50,26
8,82,-72,-10
-4,82,-56,22
-2,98,-66,60
0,92,-40,34
-6,102,-66,14
-8,86,-44,92
-10,94,-34,10
-18,78,-54,-18
-2,64,-62,44
8,90,-54,130
0,96,-54,-36
-2,120,-86,96
2,96,-52,22
4,88,-80,0
-8,106,-42,144
-8,106,-66,-38
-14,64,-64,26
-2,86,-60,56
-10,84,-58,96
22,92,-46,24
-10,76,-60,58
8,82,-54,70
12,104,-38,-32
4,98,-32,156
-16,78,-74,28
12,88,-42,56
14,100,-68,68
26,98,-74,108
12,100,-48,2
10,118,-76,32
-8,96,-36,68
-4,118,-26,-12
-8,98,-58,88
-16,78,-32,-44
-6,72,-48,138
-12,80,-66,-68
32,90,-68,194
24,92,-40,-28
-4,96,-66,-66
8,106,-74,140
-2,122,-28,142
0,96,-50,4
2,106,-70,-4
2,98,-68,62
38,116,-32,122
-4,124,-24,26
38,100,-50,64
-30,120,-56,106
36,108,-38,82
16,110,-72,102
18,86,-46,0
4,88,-46,94
8,102,-62,-104
8,106,-38,78
-22,102,-50,126
20,96,-44,22
20,74,-32,40
18,116,-46,186
26,70,-54,26
14,100,-44,180
4,52,-72,230
52,116,-56,-72
-10,80,-46,356
46,102,-72,-40
14,76,-34,80
42,92,-66,-40
34,96,-32,156
12,106,-50,58
70,160,-28,166
22,52,-64,-146
52,48,-44,174
36,62,-56,62
28,66,-48,344
8,102,-60,456
40,126,-28,-10
38,86,-60,318
6,92,-36,-132
62,78,-18,132
46,116,-26,88
56,126,-50,-14
46,136,-60,284
80,114,-44,132
72,50,-36,-294
12,62,-36,354
-12,90,-6,474
16,134,-18,-4
66,138,-44,798
62,86,-44,-10
98,88,-48,432
44,100,-66,-206
74,64,-30,98
114,90,-48,410
92,198,-22,302
72,106,-30,-334
82,80,-6,758
42,90,-30,-256
78,70,-46,602
96,58,-4,-310
84,68,-26,604
98,114,-68,276
84,154,-54,32
118,82,-12,268
120,38,-18,-32
178,166,0,602
22,100,-24,300
190,78,40,298
118,-90,-50,452
116,120,12,-594
138,-38,-12,892
224,222,16,-148
50,54,-36,962
330,366,-48,-204
12,-18,-18,1076
280,328,-6,-490
-10,-210,-2,608
340,208,36,-774
88,-212,8,846
316,446,-48,160
18,-176,6,104
312,384,20,444
306,-50,0,456
232,320,-14,-344
338,-32,36,860
224,234,22,-494
364,70,18,60
336,152,-16,608
240,124,14,-386
282,-2,-32,170
324,146,98,92
190,22,16,-328
388,84,84,-10
272,54,48,-456
244,150,54,-80
252,202,38,-202
356,120,52,-410
268,160,-2,-224
236,78,-8,-310
246,118,24,-240
240,12,58,-348
186,24,54,-694
316,118,-4,-254
266,170,20,-576
288,120,2,-354
162,162,66,-652
258,94,22,-394
184,90,52,-350
150,142,-10,-486
276,62,46,-420
214,156,-60,-572
192,50,-52,-500
266,172,28,-574
224,88,-36,-538
238,94,30,-506
226,104,20,-402
178,76,34,-508
206,132,-24,-468
224,106,6,-598
204,120,-20,-510
278,124,26,-590
248,148,-10,-526
182,100,30,-430
214,144,-36,-586
198,136,-32,-634
230,80,-10,-544
176,76,-6,-536
266,110,0,-590
186,132,-36,-554
218,76,24,-604
206,116,-52,-684
238,72,22,-636
232,62,4,-624
226,102,14,-680
214,92,-12,-540
200,136,-12,-684
244,84,-18,-596
238,150,0,-664
236,110,6,-722
226,70,6,-646
282,106,28,-712
246,130,-20,-548
232,80,6,-644
240,96,-14,-640
262,92,-8,-700
218,124,6,-830
266,106,4,-708
228,126,-4,-708
258,78,2,-744
238,106,-12,-610
280,100,-12,-642
218,100,18,-644
268,100,0,-602
268,94,-8,-758
242,110,26,-724
274,122,14,-674
242,100,34,-722
254,88,22,-738
266,98,4,-664
260,74,14,-638
250,134,12,-734
264,82,0,-722
256,94,12,-764
238,70,-36,-666
242,96,10,-660
232,106,-12,-748
270,80,20,-722
230,90,-16,-718
286,66,-2,-750
254,92,-10,-806
216,92,8,-700
240,90,-4,-764
234,94,6,-798
250,92,20,-698
226,80,-4,-748
276,76,-12,-690
216,72,14,-752
250,76,0,-804
238,96,-24,-758
214,78,-2,-632
188,96,-36,-696
212,60,8,-674
232,84,-4,-706
222,68,-18,-698
212,102,-24,-646
214,76,-30,-672
202,108,-24,-718
182,88,-12,-658
210,90,-8,-762
180,68,-50,-736
162,58,-42,-598
170,90,-40,-654
176,112,-26,-586
172,88,-36,-664
172,68,-36,-640
180,72,-22,-584
176,56,-40,-656
170,94,-18,-534
164,90,-34,-588
142,92,-26,-624
132,98,-32,-606
142,52,-18,-572
160,96,-44,-638
142,60,-38,-562
144,74,-64,-578
154,64,-62,-584
134,92,-50,-590
90,58,-66,-558
62,70,-52,-634
118,56,-36,-662
102,62,-34,-640
116,78,-36,-562
116,100,-46,-470
98,54,-44,-542
102,84,-44,-552
66,84,-60,-606
86,94,-76,-562
58,74,-50,-608
74,44,-76,-586
54,86,-98,-602
50,56,-50,-516
88,72,-66,-602
50,74,-80,-604
50,88,-98,-614
60,62,-66,-618
56,64,-76,-536
38,86,-58,-552
40,24,-96,-656
42,72,-68,-822
40,48,-64,-400
66,66,-80,-544
66,18,-78,-304
108,42,-84,144
80,44,-64,-922
84,68,-90,228
44,58,-88,-258
68,50,-72,-2640
200,78,-72,580
592,26,-16,1598
90,64,-40,-9056
-472,156,-68,3584
-576,200,-64,-1686
-642,394,42,-8336
-810,258,170,-1312
1520,148,-224,5282
-528,40,-462,6516
-1084,-64,-152,-3414
-1286,-410,-48,5258
-582,-312,-1046,-2912
-476,-842,-638,-1382
-1662,-228,-580,-62
-164,790,-202,-4668
780,-1002,-510,196
-114,-680,98,3570
2032,1862,-1388,2582
-320,-278,-42,2528
-746,-206,518,-1686
306,572,40,150
-194,-494,1172,-1196
-752,268,-496,-590
832,150,544,-134
286,-698,-590,-1866
1012,-856,-320,-1412
182,156,-336,-2730
-180,708,-1368,-924
-512,-738,266,-994
-1850,258,244,136
-1176,906,454,1878
-918,-340,1018,1044
-538,-46,668,440
-332,-380,178,80
-238,-252,-616,-1442
-350,-724,-940,-1686
-38,-368,-1574,-1748
198,450,-880,-950
-176,246,-514,-1018
-140,678,-176,-756
-200,300,-144,70
-1026,488,164,294
-768,134,722,454
-482,-252,294,-386
-186,284,402,-318
-192,-488,110,-580
180,24,-86,-1138
26,-238,-608,-824
-58,60,-964,-666
-228,218,-610,-570
-366,266,-558,-382
-432,460,-202,-172
-456,126,316,208
-578,82,214,-216
-658,204,280,38
-384,104,-42,-94
-96,-168,-210,-80
-342,-170,26,-60
-48,-230,-604,-496
-296,-454,-398,-618
-164,34,-450,-456
-62,114,-446,-518
-260,276,-76,-382
-246,282,-300,-138
-392,248,120,-144
-96,222,84,-60
-444,60,4,122
-290,38,-42,-94
-96,-126,-88,-10
-314,-32,-248,-346
-146,-92,-92,-140
-104,-40,-396,-352
-116,-100,-498,-284
-224,-16,-348,-194
-190,-56,-346,-446
-214,-248,70,-92
-244,516,-22,-10
-102,30,150,34
-142,-32,-84,88
-152,76,-30,-52
-248,180,0,-386
-296,18,-256,-182
-312,-346,40,-214
-162,290,-302,-334
-30,-54,-172,-146
-138,32,-294,-422
-218,214,-220,-164
-186,288,-136,-108
-8,112,-88,-18
-150,-2,198,-44
-290,76,-118,-130
-292,258,-12,-120
-140,-96,-78,84
-188,-118,-58,-374
-258,204,-174,-136
-202,-58,-258,-212
-230,-8,-228,-330
-116,146,-370,-134
-248,80,-180,-130
-58,-26,-184,-2
-156,70,-94,-96
-198,156,-48,-84
-194,32,-28,-156
-218,96,-4,-64
-216,108,-76,-220
-272,64,-94,-44
-106,44,-152,-164
-214,38,-200,-310
-136,104,-282,-116
-170,-54,-190,-202
-136,118,-126,-220
-122,178,-162,-214
-198,124,-80,-58
-140,112,-66,-118
-168,104,-80,-122
-178,86,-50,-156
-160,46,-58,-154
-142,38,-48,-114
-214,66,-144,-222
-238,28,-218,-74
-134,-8,-168,-54
-144,90,-186,-72
-208,116,-156,8
-152,108,-132,-32
-128,172,-106,-64
-136,70,-134,-96
-152,112,-18,-152
-124,92,-84,-102
-128,-8,-104,-64
-204,58,-158,-124
-174,82,-176,-180
-186,54,-144,-110
-210,54,-116,-70
-128,86,-112,-110
-104,142,-140,-56
-60,12,-116,-124
-62,120,-74,-74
-96,132,-86,-92
-124,108,-80,-60
-130,90,-102,-164
-176,60,-104,-52
-170,-8,-138,-164
-146,18,-94,-152
-134,90,-150,-68
-116,92,-94,-70
-120,146,-104,-138
-64,90,-114,-134
-92,134,-100,-120
-124,66,-80,-80
-116,110,-104,-104
-132,108,-98,-80
-170,32,-132,2
-156,40,-104,-46
-130,64,-110,-68
-104,64,-104,-62
-120,64,-114,-70
-54,100,-114,-78
-42,136,-160,8
-90,102,-134,70
-88,40,-104,-62
-84,106,-42,-44
-74,76,-64,-46
-122,78,-86,-12
-128,90,-54,44
-154,72,-62,-42
-90,106,-76,4
-122,116,-94,-36
-88,134,-146,-24
-50,90,-94,38
-52,56,-102,-42
-68,84,-90,46
-84,78,-80,36
-82,118,-64,-2
-76,114,-88,84
-158,114,-56,-12
-132,86,-84,12
-112,128,-78,42
-102,92,-112,0
-92,68,-118,30
-80,88,-130,-18
-66,94,-120,26
-96,120,-98,96
-104,112,-124,42
-120,104,-86,20
-130,100,-112,-46
-148,90,-96,-18
-104,108,-64,-68
-112,90,-70,-24
-104,152,-66,90
-98,120,-74,98
-88,126,-74,22
-74,92,-96,34
-102,78,-100,100
-114,76,-86,-34
-66,62,-96,134
-118,84,-66,-6
-96,94,-90,-26
-116,118,-76,52
-78,88,-88,100
-108,80,-60,44
-90,126,-90,58
-112,128,-110,80
-104,102,-98,150
-108,70,-112,136
-100,54,-88,66
-102,72,-100,234
-108,66,-126,130
-94,112,-108,194
-108,96,-96,86
-110,110,-58,92
-92,132,-92,226
-88,130,-50,106
-120,130,-80,154
-72,82,-98,112
-102,80,-120,94
-56,94,-100,144
-66,110,-100,114
-98,98,-94,204
-78,112,-92,138
-90,120,-84,136
-92,116,-66,124
-106,114,-74,190
-82,106,-76,168
-58,102,-88,168
-82,114,-66,92
-76,94,-76,102
-94,80,-82,120
-74,90,-82,186
-86,98,-70,162
-66,100,-58,156
-60,102,-76,200
-68,92,-62,142
-44,96,-60,116
-64,116,-56,188
-70,96,-82,214
-56,116,-106,142
-50,92,-74,172
-60,74,-56,178
-94,108,-90,102
-60,126,-66,186
-58,96,-82,168
-64,108,-54,116
-58,104,-78,200
-52,110,-56,160
-60,104,-52,166
-80,102,-56,154
-72,92,-80,240
-40,128,-100,124
-62,92,-68,176
-64,102,-60,234
-60,94,-78,136
-52,88,-62,130
-82,126,-58,148
-46,106,-62,224
-92,98,-64,256
-64,80,-64,212
-58,92,-36,184
-60,100,-80,186
-62,104,-82,236
-72,88,-76,188
-48,112,-58,170
-68,98,-64,184
-96,128,-66,212
-48,128,-78,156
-74,68,-100,184
-68,76,-62,256
-76,72,-74,198
-68,80,-70,200
-10,44,-94,182
-74,96,-68,274
-72,94,-40,216
-52,84,-154,276
-70,84,-66,190
-84,92,-98,198
-64,88,-72,206
-12,104,-84,188
-66,66,-112,254
-78,128,-104,224
-42,66,-74,256
-54,106,-102,218
-86,82,-62,198
-100,86,-38,174
-76,120,-102,244
-48,114,-58,200
-32,90,-62,276
-54,96,-68,190
-58,102,-106,204
-84,62,-80,234
-70,78,-68,158
-90,94,-74,252
-80,110,-94,200
-104,86,-72,226
-64,72,-78,200
-64,62,-90,188
-100,126,-76,210
-34,120,-92,214
-46,104,-60,212
-62,122,-116,254
-106,68,-98,194
-78,62,-88,216
-78,80,-86,224
-78,72,-86,228
-86,74,-122,226
-78,86,-108,200
-100,50,-84,242
-68,114,-104,160
-82,68,-50,216
-88,36,-82,174
-58,74,-126,192
-96,54,-104,184
-98,74,-78,216
-118,60,-32,186
-114,74,-78,178
-80,62,-38,146
-88,12,-120,216
-40,88,-44,200
-64,82,-130,202
-58,116,-82,194
-74,86,-90,188
-70,64,-106,170
-64,132,-134,180
-102,80,-146,198
-76,96,-70,190
-92,106,-52,200
-104,90,-130,232
-124,48,-114,192
-102,46,-112,150
-76,72,-104,166
-76,82,-96,164
-84,96,-90,144
-80,72,-52,190
-96,70,-106,208
-104,78,-64,172
-74,80,-46,156
-112,40,-90,170
-114,78,-144,154
-104,62,-104,142
-100,64,-60,164
-78,44,-96,192
-94,84,-80,182
-62,110,-120,226
-76,74,-84,206
-102,98,-88,174
-104,64,-66,140
-98,40,-76,152
-100,70,-114,188
-106,66,-92,154
-78,92,-98,138
-88,64,-110,142
-96,82,-106,142
-94,106,-82,158
-98,92,-102,164
-94,46,-94,164
-104,92,-102,160
-100,72,-86,166
-92,92,-108,172
-70,92,-90,154
-110,80,-96,154
-100,84,-94,150
-112,92,-70,134
-118,104,-96,142
-78,76,-92,168
-82,76,-86,172
-108,112,-84,146
-114,74,-80,158
-60,96,-112,140
-92,62,-90,170
-82,84,-82,160
-84,86,-92,146
-80,86,-82,172
-106,70,-106,160
-118,88,-92,174
-102,90,-80,164
-98,82,-86,150
-86,68,-106,142
-98,82,-92,144
-74,72,-106,174
-92,80,-80,134
-90,80,-102,170
-96,90,-94,158
-106,74,-70,160
-118,72,-68,146
-120,84,-60,158
-98,78,-90,148
-112,84,-92,138
-102,76,-80,150
-102,86,-100,150
-74,90,-102,150
-94,74,-84,140
-104,112,-92,138
-118,98,-92,152
-116,66,-68,152
-96,68,-64,144
-102,50,-72,136
-112,82,-96,144
-130,70,-84,174
-106,70,-82,142
-62,102,-84,144
-82,112,-112,138
-100,84,-116,146
-104,86,-134,148
-76,78,-82,144
-96,68,-88,138
-110,90,-84,160
-124,44,-96,150
-108,76,-76,152
-114,94,-94,136
-102,80,-104,132
-104,86,-102,142
-96,94,-112,134
-108,84,-94,154
-76,88,-80,118
-92,90,-88,158
-108,68,-84,120
-86,60,-76,142
-130,88,-106,116
-130,66,-78,116
-130,92,-74,148
-118,114,-78,142
-90,100,-90,128
-100,96,-110,124
-114,72,-72,142
-94,86,-100,154
-76,74,-88,154
-84,94,-92,148
-118,72,-86,146
-90,74,-120,130
-110,72,-72,124
-106,104,-82,126
-110,68,-76,146
-100,94,-82,134
-88,56,-100,158
-106,84,-90,126
-122,68,-92,130
-86,66,-76,120
-104,66,-146,140
-94,56,-100,156
-80,94,-92,146
-132,66,-66,146
-110,52,-66,138
-114,74,-102,128
-116,98,-72,164
-98,96,-124,114
-122,148,-118,102
-100,118,-112,142
-100,104,-98,126
-84,70,-92,134
-76,76,-104,154
-86,92,-102,146
-84,76,-96,162
-114,68,-76,162
-102,112,-84,170
-94,118,-114,124
-108,88,-116,130
-94,100,-114,148
-114,66,-116,126
-74,82,-80,170
-118,36,-68,122
-100,74,-78,146
-118,58,-94,152
-118,74,-98,148
-110,70,-70,132
-72,84,-136,146
-84,84,-124,164
-92,72,-128,136
-92,76,-96,150
-88,88,-88,152
-110,62,-72,142
-102,82,-88,156
-108,90,-94,132
-86,88,-54,140
-114,70,-112,144
-104,96,-100,130
-80,86,-70,128
-96,96,-74,154
-80,88,-86,150
-102,100,-82,148
-96,96,-80,182
-84,76,-64,184
-62,80,-82,140
-66,70,-66,158
-78,46,-122,136
-96,72,-96,178
-92,54,-112,176
-102,102,-112,178
-62,84,-90,188
-86,56,-96,172
-72,80,-108,152
-94,74,-90,184
-60,64,-52,128
-94,74,-60,154
-96,70,-66,162
-92,88,-104,134
-94,72,-98,174
-86,46,-78,168
-96,94,-122,170
-60,80,-120,190
-80,104,-98,148
-48,72,-84,172
-78,80,-92,144
-48,78,-80,174
-74,94,-70,178
-52,92,-102,158
-42,88,-100,180
-72,88,-108,168
-76,96,-88,172
-50,98,-80,170
-54,86,-82,170
-60,78,-98,176
-46,88,-96,164
-52,104,-70,154
-56,90,-68,182
-48,72,-80,188
-64,96,-62,164
-60,72,-80,192
-36,80,-86,206
-58,70,-80,184
-74,110,-80,208
-30,72,-62,208
-42,108,-86,192
-52,104,-70,194
-68,76,-72,198
-40,80,-94,194
-56,86,-70,188
-40,92,-58,178
-46,94,-64,214
-30,72,-52,162
-30,106,-62,204
-20,96,-78,206
-20,120,-70,190
-40,118,-90,196
-38,108,-90,166
-38,138,-72,196
-24,104,-68,214
-32,106,-58,210
-8,104,-62,202
-12,64,-74,210
-34,90,-52,198
-22,80,-72,190
-24,88,-58,196
-22,84,-58,218
-16,94,-68,236
-28,116,-62,202
-4,78,-82,214
-26,96,-82,224
-28,80,-58,220
-20,94,-64,198
4,118,-46,216
-18,84,-74,224
-28,90,-82,202
-26,112,-46,180
2,110,-38,216
-12,124,-62,220
2,120,-62,210
-8,132,-86,210
-36,112,-88,210
-20,132,-58,210
0,92,-64,210
16,84,-66,232
34,100,-110,248
10,76,-44,210
2,92,-78,220
12,112,-54,214
32,92,-66,222
42,108,-66,220
14,90,-54,228
-4,110,-64,234
4,108,-56,236
2,82,-58,228
-8,72,-56,232
14,78,-42,232
8,110,-70,228
2,98,-84,244
-2,94,-60,260
38,108,-82,236
30,106,-78,210
16,96,-82,216
20,102,-56,220
10,78,-36,218
-6,88,-40,230
14,106,-60,228
-10,108,-84,238
2,116,-64,214
-2,100,-66,228
24,94,-42,210
6,124,-70,200
0,86,-66,226
8,92,-66,206
16,70,-98,212
22,94,-64,226
16,82,-66,220
4,90,-72,222
10,96,-48,254
46,86,-62,214
38,120,-62,238
26,104,-60,210
22,98,-64,236
26,78,-62,228
12,104,-50,248
34,92,-60,258
-6,62,-80,246
16,94,-80,254
38,82,-50,250
26,100,-50,194
36,118,-66,200
36,96,-62,210
34,88,-58,228
48,74,-62,210
4,82,-78,232
10,66,-66,214
10,62,-78,222
18,88,-64,232
26,120,-64,234
34,98,-44,226
44,92,-62,198
48,98,-46,244
42,96,-58,216
44,112,-78,192
10,92,-52,218
8,108,-48,216
46,92,-52,234
20,104,-76,220
36,94,-58,234
16,92,-76,220
58,108,-58,214
70,102,-78,234
50,86,-60,216
50,100,-72,224
20,82,-70,214
38,112,-54,214
28,94,-44,218
26,82,-60,212
12,78,-46,218
50,98,-80,222
50,76,-72,218
40,100,-48,244
50,90,-80,222
52,122,-62,186
26,92,-50,212
42,102,-74,206
54,86,-56,198
78,84,-74,208
40,64,-62,222
52,84,-60,214
54,80,-50,224
42,84,-66,244
56,76,-70,218
50,120,-46,220
46,84,-64,236
66,136,-66,210
52,86,-52,194
42,114,-50,214
26,102,-54,204
38,90,-34,192
54,78,-48,210
62,84,-70,210
48,112,-52,240
56,94,-48,216
60,112,-54,210
70,108,-46,238
62,116,-76,244
54,120,-54,220
58,116,-54,226
58,120,-46,228
38,104,-60,200
34,96,-70,220
44,106,-50,208
74,100,-30,198
70,110,-50,222
60,94,-46,216
82,112,-60,208
60,98,-46,194
62,108,-58,226
72,124,-44,222
64,116,-60,182
42,102,-60,226
96,88,-54,206
68,114,-56,202
58,94,-48,208
84,90,-24,194
70,100,-62,216
70,106,-50,230
66,108,-64,204
66,114,-72,228
52,104,-58,202
80,58,-56,210
70,122,-46,194
72,94,-26,192
60,88,-46,216
60,106,-20,200
70,84,-48,218
78,118,-26,190
60,78,-22,212
56,96,-64,206
74,112,-62,166
92,122,-48,198
64,128,-54,188
68,90,-34,210
70,116,-42,208
78,124,-46,198
78,116,-56,224
52,126,-62,216
90,88,-66,206
60,82,-50,230
60,132,-68,200
82,88,-54,228
56,92,-36,218
56,114,-36,178
88,78,-60,172
72,108,-40,188
56,126,-26,178
88,106,-42,194
86,110,-16,200
76,102,-36,202
70,102,-20,214
68,122,-42,214
76,132,-28,214
68,122,-44,188
82,106,-46,200
74,96,-38,204
68,106,-60,186
106,70,-38,198
48,114,-60,186
84,80,-54,200
94,112,-50,210
76,134,-64,178
70,106,-48,206
82,118,-44,184
90,122,-62,178
60,102,-38,190
74,102,-40,182
80,88,-46,166
50,94,-38,154
78,90,-42,196
58,94,-46,184
76,108,-26,182
74,90,-58,188
68,106,-46,164
72,108,-34,168
72,122,-60,164
72,100,-42,180
42,102,-62,202
62,120,-20,186
60,110,-42,194
86,116,-22,174
56,110,-58,182
78,118,-38,192
58,120,-76,186
70,98,-62,190
58,110,-20,192
80,90,-48,148
62,104,-54,172
74,76,-42,194
54,88,-58,170
44,102,-62,180
58,114,-50,170
72,90,-30,170
54,80,-82,186
56,94,-50,160
68,110,-40,152
64,92,-74,150
52,62,-46,144
52,86,-62,150
62,98,-50,176
66,90,-50,148
56,78,-82,162
18,110,-54,132
52,86,-56,150
64,114,-38,148
52,96,-44,140
36,94,-52,166
48,62,-48,152
62,104,-76,154
64,86,-52,162
52,108,-64,142
46,102,-66,150
32,108,-52,164
52,96,-66,144
68,94,-38,162
76,102,-38,152
60,88,-36,166
68,86,-50,146
54,100,-60,144
36,120,-68,138
50,90,-64,162
50,104,-52,148
30,100,-56,130
66,104,-40,142
44,100,-52,148
24,92,-44,140
56,114,-58,146
30,76,-72,150
60,102,-56,154
58,82,-60,180
56,110,-54,138
38,104,-74,150
36,100,-40,148
40,94,-64,148
54,102,-50,132
50,104,-34,162
88,96,-62,130
68,96,-66,140
50,94,-30,148
38,112,-56,160
36,78,-60,128
34,90,-54,134
34,96,-68,142
48,112,-64,132
36,104,-54,134
64,102,-52,126
28,104,-48,134
68,100,-38,140
48,88,-56,120
40,90,-74,112
46,134,-54,142
38,90,-66,142
38,128,-64,130
28,78,-56,136
40,132,-88,126
20,110,-74,146
42,94,-54,150
40,100,-54,130
30,94,-56,124
32,102,-68,126
38,94,-34,118
42,82,-46,128
12,102,-36,128
64,78,-44,114
40,104,-58,142
44,84,-64,116
24,106,-60,128
44,106,-58,118
44,104,-64,124
32,94,-66,158
40,100,-54,122
42,76,-64,136
38,104,-66,116
40,86,-68,114
40,98,-76,146
26,92,-56,136
52,112,-54,142
14,100,-64,144
28,100,-58,102
20,90,-54,128
18,92,-64,108
10,88,-68,116
44,106,-62,106
14,104,-68,130
24,110,-58,142
10,96,-68,120
36,100,-70,134
30,90,-48,118
28,90,-52,108
54,76,-80,132
4,78,-68,126
50,96,-52,120
16,72,-42,120
26,96,-60,118
16,100,-56,122
44,88,-60,124
40,90,-48,124
60,104,-84,146
40,122,-42,98
58,84,-54,124
36,108,-52,114
48,94,-54,100
32,90,-78,140
36,90,-44,120
26,84,-36,114
32,112,-42,132
32,116,-72,130
30,114,-56,122
30,110,-80,144
38,80,-66,120
34,128,-68,114
22,92,-66,124
20,94,-56,132
36,94,-62,116
20,96,-72,120
46,82,-72,110
50,118,-44,136
30,104,-42,118
16,112,-24,106
18,86,-28,114
12,126,-40,114
20,96,-50,128
12,88,-56,108
18,62,-84,106
44,86,-50,104
50,82,-84,126
62,102,-58,108
34,96,-70,108
18,86,-52,124
10,108,-38,104
-12,110,-70,122
18,106,-66,98
20,116,-40,112
-4,110,-56,114
4,114,-84,114
12,100,-76,112
26,100,-62,114
16,124,-72,124
22,112,-62,126
6,96,-66,112
18,94,-46,110
-4,92,-56,104
2,102,-46,106
20,92,-58,110
28,84,-60,132
-2,100,-80,90
-2,90,-64,100
24,86,-74,94
10,88,-60,100
16,94,-72,86
16,90,-40,106
12,94,-54,98
22,112,-76,110
20,86,-36,130
12,58,-80,114
-2,112,-64,108
24,84,-70,104
12,114,-66,156
14,88,-58,122
8,106,-64,110
16,80,-60,86
36,94,-68,112
12,106,-70,112
16,90,-62,110
14,98,-52,96
6,94,-50,120
40,116,-74,122
8,94,-72,106
-14,92,-42,112
8,86,-68,120
-12,76,-62,116
-4,126,-64,102
0,86,-76,116
12,82,-66,108
2,86,-70,106
4,96,-70,124
18,110,-100,126
22,84,-70,110
36,118,-50,100
26,94,-74,106
24,92,-52,102
-6,88,-60,112
2,108,-76,108
12,88,-54,124
-2,70,-86,124
8,78,-62,100
-4,68,-86,106
8,96,-90,128
-8,90,-64,118
26,116,-80,110
12,84,-74,106
14,116,-56,110
6,90,-60,106
26,84,-52,120
18,90,-36,92
4,106,-70,90
0,86,-56,128
12,86,-52,106
0,96,-68,106
-2,90,-70,112
4,88,-52,100
-4,68,-48,98
-12,84,-70,98
10,80,-66,132
22,106,-70,100
4,94,-60,78
20,98,-82,104
-10,98,-68,110
40,92,-92,100
12,94,-66,114
-10,92,-68,138
8,90,-52,98
-10,72,-84,102
4,104,-56,110
-8,86,-80,102
0,106,-68,104
-16,104,-50,106
12,94,-46,98
0,100,-66,104
-10,80,-74,102
0,108,-56,102
10,86,-82,104
2,82,-52,102
-4,94,-78,122
10,88,-54,126
-14,80,-78,110
12,106,-64,94
6,90,-50,108
20,86,-68,120
-6,92,-68,106
6,94,-42,104
-18,94,-70,114
-6,76,-90,110
22,98,-62,116
8,108,-64,122
28,64,-80,76
12,68,-80,86
-6,96,-54,114
16,90,-68,102
6,108,-30,94
-14,106,-60,96
38,84,-72,76
2,80,-58,98
18,90,-104,108
-16,88,-42,106
-8,96,-82,96
2,84,-72,80
0,114,-76,108
0,104,-62,108
6,82,-72,106
8,100,-54,108
-14,100,-78,114
-16,80,-38,114
6,80,-62,96
8,104,-46,94
-14,80,-64,100
6,90,-70,96
4,118,-78,68
20,90,-52,94
4,96,-74,106
-22,100,-58,88
20,90,-68,104
-18,92,-68,100
0,96,-54,104
-8,94,-78,102
0,124,-52,70
-12,116,-50,88
-16,94,-60,78
-4,96,-68,62
-2,80,-58,104
-14,84,-58,52
-2,68,-78,92
-6,88,-62,82
2,96,-64,84
10,80,-54,118
-10,100,-58,112
-4,78,-58,126
-8,72,-66,114
-6,90,-100,84
8,90,-74,108
-18,84,-62,80
0,94,-78,74
14,100,-78,120
12,102,-60,70
-10,94,-72,106
18,98,-62,90
4,96,-56,98
-2,96,-54,84
10,100,-66,104
-16,90,-52,78
-4,84,-48,80
0,90,-78,98
-20,92,-50,62
6,84,-56,86
14,108,-64,88
-24,96,-74,102
-2,102,-50,102
2,94,-66,102
-4,100,-62,114
-14,92,-80,92
-10,102,-66,72
4,92,-74,90
14,104,-70,90
10,82,-64,76
10,76,-60,136
4,96,-76,130
-2,108,-56,110
16,126,-80,122
-8,94,-68,94
0,96,-52,102
0,90,-58,84
-2,90,-78,114
-10,106,-72,90
-6,96,-60,94
10,110,-76,102
-8,86,-86,100
-16,96,-70,108
10,100,-76,126
10,70,-64,104
6,106,-76,78
38,98,-84,106
-2,104,-54,84
-26,92,-68,84
2,102,-60,86
-14,80,-50,76
-4,104,-72,110
-12,108,-64,84
-2,102,-62,78
-4,106,-44,74
10,96,-48,70
-8,76,-60,106
18,82,-76,94
-2,100,-64,108
-8,100,-58,84
-16,100,-70,86
-18,82,-68,88
8,78,-70,94
-8,114,-48,108
-4,90,-66,78
-12,90,-56,50
-8,102,-86,68
12,94,-68,74
-28,110,-44,76
4,118,-74,112
-22,82,-72,100
-22,104,-50,98
-4,94,-50,86
-2,76,-66,96
-4,100,-48,84
4,98,-78,90
18,88,-72,82
-2,108,-54,94
-26,84,-76,96
-10,106,-94,88
-14,98,-68,72
14,102,-76,54
20,108,-58,104
-10,110,-70,76
12,108,-64,80
-20,82,-50,90
-40,104,-66,100
-28,80,-56,90
-30,78,-64,112
2,102,-78,100
-10,88,-66,80
-12,84,-64,78
-12,108,-90,98
-2,112,-56,100
-6,102,-78,110
10,90,-60,116
0,88,-58,86
-18,92,-84,82
-46,82,-68,100
4,92,-98,88
-4,90,-70,76
-2,78,-72,108
4,90,-80,56
-6,88,-84,88
-10,96,-72,64
4,62,-60,62
-10,88,-66,88
8,84,-76,96
-24,76,-78,56
-16,118,-82,90
-12,58,-80,82
-12,114,-66,64
-16,92,-78,112
-12,90,-44,84
-10,86,-78,88
-6,88,-64,66
12,102,-54,98
-14,78,-62,80
-8,102,-60,70
-2,84,-82,72
-32,92,-82,86
8,72,-50,50
-16,84,-70,94
-8,82,-54,94
-20,104,-82,52
-14,92,-86,90
-4,72,-64,92
8,86,-68,88
0,82,-72,84
-18,90,-52,90
-44,70,-66,88
24,80,-102,106
-24,94,-66,74
-18,90,-68,68
-32,96,-102,64
6,94,-74,84
-16,102,-92,82
0,110,-58,70
-10,90,-68,72
-8,116,-80,80
-26,102,-80,92
-12,80,-64,78
-18,90,-66,122
0,80,-52,74
-26,82,-70,58
-12,82,-64,96
4,100,-62,94
-14,84,-52,68
0,84,-72,94
-6,108,-64,92
10,100,-64,82
-10,96,-66,96
-8,78,-54,78
20,88,-58,96
18,98,-52,106
-4,98,-30,88
-2,98,-70,92
-8,80,-62,84
-14,100,-46,100
-14,98,-60,98
8,86,-78,66
2,88,-62,80
0,74,-68,100
0,118,-56,62
-14,98,-68,94
8,88,-66,66
0,86,-68,96
-10,96,-58,90
-6,114,-48,94
0,90,-60,118
-26,96,-54,112
-14,108,-78,94
-16,82,-60,102
-8,120,-64,70
-2,112,-82,104
-14,110,-62,90
-16,76,-72,84
-2,112,-58,100
12,104,-70,100
-26,106,-76,88
-2,90,-72,54
-32,74,-42,70
12,98,-38,86
-10,118,-58,76
-10,90,-58,98
-2,88,-74,114
10,104,-62,86
-14,98,-72,112
6,104,-72,100
16,86,-62,122
-30,96,-64,102
-6,90,-62,80
0,110,-60,88
-12,104,-68,114
16,120,-60,100
0,94,-72,68
0,94,-64,100
4,112,-34,78
10,88,-42,76
-2,96,-56,84
-18,88,-58,96
6,90,-66,96
14,102,-76,92
-6,92,-62,90
-16,100,-74,78
-8,94,-72,76
18,102,-60,76
12,94,-78,80
-6,106,-40,118
4,84,-54,68
-20,98,-74,90
-34,94,-60,74
-22,98,-56,90
6,86,-78,104
-10,112,-62,94
20,92,-52,94
4,110,-80,82
0,104,-50,90
8,120,-46,76
10,108,-58,104
14,120,-42,72
12,98,-62,108
-4,104,-48,82
-4,114,-66,112
0,118,-62,90
0,134,-66,88
6,102,-64,94
-16,100,-68,82
6,104,-74,96
-6,86,-74,72
-10,72,-56,90
10,94,-62,64
2,102,-60,70
-6,96,-68,72
-2,84,-62,96
6,98,-52,76
-22,100,-78,48
-24,92,-34,58
-4,90,-68,72
8,112,-54,58
-18,98,-64,68
-12,106,-62,90
-16,70,-64,84
0,90,-40,80
20,86,-46,76
8,90,-72,92
-14,80,-68,66
14,98,-60,54
22,90,-64,52
-24,110,-62,56
0,86,-64,60
-8,98,-52,76
-4,76,-60,70
-16,82,-80,92
-2,100,-42,56
12,96,-50,60
-24,100,-52,98
-2,84,-90,74
-38,110,-70,68
-6,98,-66,52
-6,106,-58,90
-2,112,-68,78
-18,88,-76,74
-4,86,-56,66
4,86,-78,62
-10,106,-62,46
4,104,-70,50
-4,98,-76,52
2,84,-40,58
-4,96,-66,74
-10,92,-74,78
-20,94,-62,62
-10,96,-66,72
4,108,-80,72
-24,92,-86,70
16,76,-56,64
-18,78,-78,100
26,122,-60,56
8,102,-56,52
-4,102,-48,64
-8,102,-34,50
8,86,-52,74
-12,94,-38,60
8,100,-58,62
-10,82,-46,78
0,102,-56,68
-2,100,-46,86
-16,110,-46,64
-4,108,-58,70
-16,72,-50,62
-14,106,-38,54
-2,100,-66,58
2,102,-82,78
8,106,-52,74
-10,98,-86,64
-14,94,-66,48
10,88,-54,66
8,84,-56,56
-10,86,-64,60
-16,112,-50,56
-14,90,-56,56
8,88,-62,70
-4,114,-66,68
0,78,-74,70
-16,94,-84,80
-26,84,-56,80
6,94,-54,70
6,98,-68,48
6,90,-66,60
16,110,-70,68
-2,108,-74,44
2,88,-78,60
0,116,-68,76
-6,96,-68,42
-14,84,-50,96
-16,110,-42,74
6,88,-70,76
0,128,-60,100
-10,98,-36,80
6,88,-54,90
4,92,-44,76
8,108,-54,72
-18,88,-68,62
-10,98,-22,80
-22,118,-42,42
2,110,-46,42
8,112,-62,62
20,110,-58,98
14,90,-60,50
-4,98,-58,50
-8,104,-68,64
6,94,-70,72
8,94,-50,64
-8,116,-48,50
-2,94,-74,60
-12,104,-46,48
8,96,-56,76
-4,96,-66,54
-2,74,-70,34
-24,84,-60,74
2,96,-60,84
-6,100,-44,62
-2,82,-60,70
-24,96,-58,58
-4,84,-66,74
14,74,-62,70
30,76,-72,50
-18,90,-64,70
14,86,-70,50
-8,106,-80,68
-20,114,-48,70
-4,102,-72,64
-2,102,-58,68
-4,102,-82,36
2,86,-62,74
0,100,-46,60
-10,84,-38,72
0,84,-52,52
18,90,-44,44
-22,104,-66,66
-6,102,-32,66
4,90,-66,86
6,94,-70,76
-8,104,-34,54
-6,102,-40,68
-14,108,-76,34
-6,108,-58,36
20,102,-42,68
-4,100,-62,54
0,114,-46,60
6,98,-38,46
-6,92,-76,76
-14,96,-60,60
-12,100,-50,42
-22,106,-68,82
18,104,-80,42
-8,104,-74,56
-18,112,-44,72
12,94,-64,64
10,118,-64,54
-6,70,-60,52
12,100,-56,46
-10,80,-60,44
-2,110,-74,72
2,108,-54,48
-2,98,-42,74
16,108,-70,74
30,94,-70,66
12,92,-64,80
10,98,-60,84
6,90,-70,84
8,82,-62,80
-10,98,-56,70
8,86,-60,62
8,76,-76,42
2,78,-64,72
14,84,-32,68
6,78,-46,84
-2,96,-58,62
-10,118,-56,52
-8,100,-62,46
14,90,-60,50
-2,114,-46,66
4,90,-44,66
4,118,-90,74
-8,94,-44,64
28,76,-86,56
-14,76,-46,64
-6,92,-60,66
10,112,-68,56
-14,108,-74,62
28,86,-54,70
4,90,-88,72
-14,110,-60,54
-14,90,-88,54
-12,80,-70,32
6,100,-50,46
2,86,-50,42
-2,96,-60,54
-10,98,-46,44
2,96,-34,64
-18,98,-52,60
10,112,-62,48
16,106,-52,78
10,102,-66,78
12,86,-66,42
-4,98,-64,60
6,88,-48,22
12,108,-52,58
10,98,-64,56
-2,102,-72,56
22,92,-78,42
10,90,-56,62
-8,112,-66,62
20,90,-56,58
6,96,-64,72
20,102,-58,68
2,106,-70,76
20,96,-44,66
0,98,-60,60
-2,94,-62,48
-16,98,-58,48
-12,102,-64,30
-16,86,-60,64
16,96,-64,58
14,104,-54,40
-14,94,-66,62
6,108,-50,40
22,108,-64,72
-10,86,-60,44
-6,100,-58,52
-24,114,-56,82
4,90,-72,50
8,120,-56,52
-18,98,-52,72
16,96,-64,54
18,96,-78,52
22,102,-66,48
-12,98,-62,54
0,80,-52,66
30,100,-56,44
2,94,-50,66
4,88,-78,52
18,92,-42,52
-2,98,-42,52
14,106,-42,52
-16,94,-46,62
-6,90,-42,52
-4,92,-54,68
12,100,-70,48
0,94,-64,52
-2,80,-72,72
-4,120,-58,42
-6,116,-40,70
18,124,-62,70
42,112,-54,40
18,90,-52,58
8,120,-56,50
10,102,-34,66
8,110,-46,68
10,108,-48,72
-2,102,-56,70
14,102,-46,56
-12,118,-40,64
10,136,-62,70
8,96,-64,62
-10,118,-72,72
20,114,-64,54
-8,102,-50,54
-6,118,-58,70
2,110,-68,70
36,82,-68,74
22,108,-34,76
18,104,-42,52
2,122,-50,80
-12,90,-28,50
6,98,-56,64
10,112,-44,52
-6,112,-32,84
2,82,-56,54
-6,102,-44,42
16,92,-56,48
16,100,-80,80
18,96,-38,64
18,116,-36,78
4,106,-46,86
2,100,-68,74
-10,98,-40,56
12,108,-40,78
18,118,-72,48
12,106,-34,74
28,98,-64,60
2,114,-52,58
18,92,-46,44
2,100,-46,60
12,90,-42,50
22,106,-26,68
12,90,-46,28
24,112,-54,48
24,90,-50,72
18,136,-52,66
26,110,-38,60
8,116,-50,82
0,116,-38,58
12,96,-54,42
-12,104,-48,62
12,92,-56,50
2,90,-48,58
0,104,-62,74
32,118,-52,62
-4,128,-32,52
16,104,-48,56
38,102,-46,38
22,124,-42,72
14,114,-34,68
18,86,-58,42
2,114,-50,74
30,112,-42,50
-4,98,-52,62
10,110,-54,68
32,118,-48,52
2,116,-52,38
-4,82,-30,68
30,114,-50,72
-4,98,-46,68
28,116,-42,56
26,128,-46,32
12,116,-50,38
28,120,-74,64
2,116,-28,46
14,114,-60,56
-6,118,-36,38
0,106,-48,84
2,108,-28,68
-2,106,-46,70
-2,104,-40,44
38,92,-54,44
-6,92,-60,38
4,110,-42,46
28,122,-52,66
12,118,-72,34
12,102,-50,54
14,120,-46,60
10,130,-56,58
10,110,-74,62
-12,106,-70,70
-16,104,-44,62
-4,118,-40,78
36,104,-86,54
14,84,-78,52
18,110,-66,52
12,106,-56,48
28,116,-56,62
26,110,-52,46
10,102,-60,50
18,136,-36,70
22,120,-60,60
0,96,-38,46
0,126,-36,40
0,88,-58,38
18,74,-40,22
-2,112,-44,36
14,102,-38,22
30,94,-62,68
32,98,-58,28
-6,90,-44,44
12,88,-70,44
16,88,-48,60
16,114,-44,48
-4,88,-70,64
14,86,-48,52
-6,104,-60,36
16,118,-40,44
-8,82,-28,48
32,102,-48,48
6,110,-64,50
8,86,-70,44
-26,78,-60,48
14,96,-50,42
22,88,-66,52
-12,110,-54,24
14,80,-64,52
4,98,-48,70
4,94,-46,68
-2,106,-74,60
-14,104,-68,38
28,128,-46,64
10,98,-70,38
-4,110,-72,54
6,92,-48,56
8,88,-56,36
-2,98,-60,50
12,78,-76,56
6,90,-78,58
22,98,-60,58
2,86,-52,42
4,114,-44,66
8,100,-62,54
28,96,-60,28
-10,96,-60,46
-12,94,-68,46
-12,100,-60,46
-14,78,-56,14
26,82,-70,52
-2,106,-66,32
4,94,-30,38
20,88,-70,52
12,90,-58,56
-16,76,-60,44
-10,88,-22,58
24,108,-56,40
-4,96,-60,42
4,92,-36,48
-12,82,-68,38
10,118,-40,26
-20,96,-54,42
-20,86,-68,40
4,118,-70,40
10,98,-80,38
-18,90,-54,26
18,92,-64,44
-18,78,-68,56
2,64,-54,36
10,70,-54,40
-16,102,-68,50
0,70,-86,32
16,98,-76,36
2,102,-78,60
2,110,-54,46
26,100,-62,52
2,98,-70,40
30,104,-42,54
6,100,-52,42
14,104,-32,38
-4,84,-48,46
-4,100,-46,40
2,82,-60,34
-10,86,-64,56
10,70,-50,46
8,94,-62,52
-4,78,-52,54
-6,84,-80,46
24,104,-72,48
8,90,-72,66
30,98,-70,32
-16,96,-44,60
4,96,-50,60
2,98,-50,64
4,92,-42,50
-14,108,-52,30
22,92,-36,62
-8,106,-72,50
-22,78,-50,78
2,78,-42,32
18,86,-54,32
24,92,-74,68
-6,122,-54,36
24,102,-70,56
8,88,-56,70
6,98,-40,62
18,106,-44,42
14,124,-42,58
18,84,-38,64
22,82,-80,42
30,108,-68,32
16,94,-62,48
2,112,-44,34
6,94,-52,44
10,88,-72,48
22,94,-64,34
8,98,-46,68
18,98,-36,44
-4,118,-44,62
6,112,-64,32
0,84,-50,28
10,104,-56,62
8,100,-44,52
18,102,-68,20
22,90,-76,52
8,94,-66,66
28,96,-48,50
-8,110,-40,40
28,84,-68,36
8,70,-52,34
16,126,-58,46
-6,96,-56,50
-2,114,-66,62
6,106,-76,40
2,106,-46,68
24,108,-60,70
-10,104,-60,50
28,102,-38,56
16,110,-64,50
2,100,-58,64
22,126,-62,76
26,110,-56,48
16,68,-34,48
26,124,-36,48
10,118,-48,76
-2,72,-56,40
6,106,-64,48
16,118,-62,56
10,122,-46,54
12,104,-52,80
0,88,-60,58
18,94,-44,38
8,96,-80,56
-14,76,-38,70
26,94,-52,62
-6,80,-56,72
0,86,-50,72
18,92,-58,38
20,90,-58,32
12,94,-52,60
24,96,-42,56
14,96,-58,54
2,84,-56,50
32,110,-52,68
2,76,-60,72
2,104,-66,56
18,100,-64,60
24,126,-40,50
4,100,-42,56
-8,96,-76,52
12,112,-56,52
6,100,-68,40
16,92,-56,40
10,74,-44,54
12,100,-52,34
16,112,-38,66
4,98,-48,58
-6,86,-58,62
0,100,-40,44
6,90,-72,56
8,90,-52,44
-2,106,-62,72
8,92,-88,36
18,102,-68,42
14,110,-70,54
-8,74,-70,54
2,84,-54,34
14,72,-44,34
8,92,-50,40
18,84,-40,44
10,98,-42,54
-8,102,-50,48
14,92,-52,4
14,108,-42,66
4,104,-64,44
10,80,-64,44
6,76,-48,64
14,92,-68,40
12,90,-64,66
26,80,-74,68
2,100,-78,52
-14,94,-50,38
-8,86,-54,68
0,120,-70,42
-10,96,-52,50
22,94,-66,32
-2,118,-62,60
6,90,-52,34
-30,86,-62,60
6,106,-50,40
10,86,-52,24
-2,100,-52,38
-10,74,-56,34
32,74,-42,46
4,96,-58,54
-2,104,-64,56
-10,108,-70,46
6,90,-56,46
4,96,-66,34
8,72,-76,36
12,110,-62,40
0,76,-78,44
20,104,-78,38
12,108,-48,42
6,110,-46,60
18,94,-70,40
0,86,-52,48
-14,88,-56,42
12,96,-40,64
10,106,-76,46
2,100,-60,78
12,94,-48,52
10,90,-54,28
-6,114,-54,42
0,88,-60,56
-12,96,-32,32
10,90,-56,16
-4,104,-58,16
10,86,-40,40
28,120,-44,36
8,92,-42,62
22,84,-58,56
6,100,-60,36
24,114,-58,62
10,100,-60,66
-8,106,-72,32
10,82,-84,52
2,114,-72,52
6,98,-54,50
6,104,-68,46
16,98,-54,54
-22,92,-64,26
20,100,-48,34
-16,96,-50,20
12,82,-56,46
-14,84,-88,28
28,102,-48,42
14,102,-68,44
6,98,-54,40
-6,92,-62,50
2,100,-56,50
-2,92,-46,56
26,124,-64,20
-4,98,-58,38
20,76,-50,46
-10,88,-40,52
0,86,-52,56
-2,98,-60,30
4,120,-18,18
20,98,-50,54
16,90,-38,22
12,110,-62,56
10,88,-36,54
24,114,-54,50
10,72,-64,58
4,106,-52,40
14,92,-66,36
0,92,-60,18
6,106,-52,50
0,80,-66,46
-6,86,-70,44
-8,104,-58,48
22,90,-44,58
-12,94,-64,24
12,98,-36,50
-6,94,-50,50
18,104,-40,46
-4,96,-78,34
-4,82,-72,32
-2,88,-50,24
32,98,-58,4
6,72,-40,24
-2,102,-52,46
0,84,-60,48
6,100,-42,40
0,102,-60,46
6,98,-44,44
0,96,-56,38
-10,76,-62,40
14,104,-54,32
12,114,-46,42
4,106,-80,30
-6,96,-72,58
12,86,-72,26
0,84,-40,18
8,114,-48,32
4,98,-60,42
10,84,-48,42
4,102,-22,20
22,94,-34,20
10,94,-48,22
-4,110,-44,66
-16,82,-48,46
2,110,-78,32
-12,106,-60,38
-12,64,-60,28
18,88,-66,20
6,98,-78,20
-4,80,-74,14
-2,90,-70,34
8,116,-44,40
-18,88,-64,42
-8,126,-70,40
4,86,-26,30
6,94,-76,44
-6,86,-38,14
6,118,-86,30
2,96,-62,28
-4,84,-60,-18
-6,74,-70,26
20,80,-74,20
20,96,-48,30
6,104,-56,18
0,122,-90,44
0,90,-46,22
8,114,-84,14
4,94,-42,-12
16,94,-70,8
-14,108,-68,12
20,86,-48,24
4,100,-86,30
0,90,-74,20
-10,92,-54,38
-8,100,-26,-18
-4,74,-72,2
8,74,-66,8
6,90,-42,8
2,64,-64,8
-6,88,-66,8
8,98,-80,16
-10,86,-80,22
-12,100,-102,20
-10,94,-58,6
-10,90,-70,4
8,94,-78,16
2,102,-42,6
-2,90,-88,8
-12,80,-60,18
6,96,-74,-2
-10,86,-72,6
12,78,-42,16
4,102,-64,26
6,104,-80,-12
-6,122,-36,18
4,96,-82,-10
6,88,-64,4
4,98,-84,22
-10,80,-56,-8
-6,108,-94,-10
4,84,-90,12
-4,90,-76,10
-2,82,-68,0
8,78,-58,18
-14,74,-46,10
-12,88,-62,14
-6,84,-50,26
4,90,-62,-14
-6,124,-48,-10
-22,94,-66,-12
-16,100,-64,0
-8,90,-40,-18
-16,104,-64,6
4,62,-64,-10
-14,76,-54,-2
-6,80,-52,-6
0,92,-40,-28
10,94,-66,-14
-22,86,-54,26
14,90,-80,-2
-2,106,-70,-6
-8,114,-46,0
-20,94,-58,10
-14,92,-64,-18
4,78,-76,-12
-8,104,-64,10
-24,116,-68,-4
-12,82,-60,-6
-4,86,-76,12
-24,94,-58,-32
-16,104,-64,-16
18,92,-52,-30
2,92,-60,-6
-8,94,-56,-22
-12,84,-80,4
-38,72,-72,26
-22,88,-88,0
-4,92,-66,-6
-20,98,-46,-30
-36,104,-58,4
-18,86,-74,0
12,92,-76,-14
-8,98,-70,-20
-12,62,-80,-10
4,106,-64,-22
-8,72,-46,-8
-20,78,-60,-22
-24,66,-64,-22
-10,100,-70,-10
-14,90,-76,-24
-6,104,-72,4
-20,106,-72,-16
-16,82,-100,-10
-14,96,-80,2
2,82,-62,-10
-12,92,-68,-12
-18,82,-64,4
-28,90,-62,-8
2,94,-74,-6
-20,78,-46,-6
-24,54,-74,8
-4,82,-48,-18
-20,90,-52,-8
-12,86,-74,-10
0,80,-44,-14
20,98,-56,6
-18,104,-42,-12
-6,80,-66,-34
-14,88,-50,-4
0,94,-48,0
0,100,-78,4
-12,100,-46,18
-4,106,-54,-14
-2,98,-66,-4
-18,80,-60,16
12,92,-62,10
8,106,-48,26
-26,114,-88,26
-28,100,-52,-14
2,94,-88,2
2,104,-74,-12
0,86,-66,-16
-12,102,-54,28
4,106,-68,20
-8,92,-38,6
-10,86,-22,10
-22,98,-62,-8
4,86,-60,26
14,78,-60,-30
-10,124,-46,36
-4,92,-62,4
6,104,-66,-8
-6,102,-66,-20
-16,88,-60,16
6,94,-68,20
6,92,-56,8
18,98,-46,6
-2,80,-66,-2
-14,82,-50,2
0,84,-40,-6
-2,66,-58,-14
-4,108,-64,-8
4,102,-56,-4
-20,96,-82,4
-14,94,-56,2
-10,114,-50,-6
8,66,-54,20
-2,90,-70,8
-4,90,-60,6
4,86,-66,-6
14,84,-64,20
6,98,-54,10
16,94,-60,10
8,90,-42,-8
10,88,-48,10
16,100,-48,10
4,92,-42,0
18,90,-70,4
0,90,-72,6
0,72,-58,14
4,88,-62,-2
0,92,-84,18
8,108,-60,-8
2,94,-60,16
0,86,-58,40
4,92,-34,-4
20,116,-70,-6
-12,84,-62,10
-6,108,-72,16
0,96,-50,16
4,84,-68,26
10,78,-62,16
6,96,-46,22
-22,88,-54,-4
8,92,-42,2
4,90,-48,40
12,92,-42,30
0,88,-62,-16
12,102,-50,0
8,94,-68,-6
10,98,-78,-6
6,94,-28,12
-12,114,-76,18
10,96,-66,6
18,62,-50,10
0,86,-62,-2
16,102,-52,14
-14,92,-56,24
30,100,-58,12
8,94,-74,10
22,108,-52,4
8,82,-78,36
2,84,-58,34
14,86,-42,28
0,78,-76,28
12,100,-62,22
-2,90,-70,24
-4,88,-54,4
12,78,-74,28
-2,82,-64,4
22,98,-50,6
-4,86,-56,8
2,90,-50,28
30,98,-34,16
0,64,-46,24
6,106,-66,20
0,96,-66,32
8,108,-50,-4
14,76,-40,22
4,116,-54,28
16,88,-72,16
-4,110,-52,32
6,102,-76,16
26,88,-74,0
22,80,-50,18
22,96,-74,32
12,82,-42,44
24,80,-64,4
10,100,-36,32
4,102,-68,66
2,96,-60,34
14,80,-60,56
12,106,-70,38
52,86,-76,46
12,68,-70,24
0,94,-36,34
32,90,-70,32
18,106,-42,58
26,70,-76,38
22,94,-64,54
22,70,-42,46
2,96,-68,48
34,80,-42,40
14,102,-42,48
28,98,-54,58
18,78,-58,46
26,70,-60,48
16,96,-78,54
12,94,-44,50
4,96,-60,66
30,92,-60,54
28,78,-54,58
34,98,-40,68
26,118,-62,86
44,102,-88,66
10,84,-68,32
36,72,-38,58
42,76,-50,52
22,110,-56,74
32,100,-54,72
22,94,-58,84
44,100,-46,66
10,104,-42,68
22,96,-38,50
40,100,-40,78
28,86,-44,54
36,84,-26,96
30,116,-42,62
34,86,-36,80
18,92,-44,76
44,118,-44,84
20,80,-54,108
44,94,-52,90
44,84,-52,64
26,98,-36,60
14,112,-56,80
24,82,-36,92
42,94,-44,74
44,100,-52,74
46,104,-62,66
28,104,-46,76
12,98,-60,50
28,102,-44,98
38,100,-66,106
48,112,-42,72
26,116,-44,88
40,84,-50,82
14,106,-54,98
18,120,-84,76
32,108,-50,66
24,90,-50,100
40,80,-56,54
26,98,-4,88
26,88,-54,78
36,106,-38,70
6,80,-60,34
18,86,-62,68
22,80,-52,76
10,92,-58,90
16,82,-58,48
30,110,-72,64
24,106,-48,54
6,92,-62,66
28,100,-72,38
-10,86,-56,56
28,98,-50,56
18,68,-62,58
14,90,-54,94
10,68,-74,96
22,86,-46,62
20,86,-62,84
54,94,-26,76
-2,98,-58,52
12,74,-68,56
16,108,-46,76
2,98,-46,64
16,90,-64,76
12,96,-58,88
24,88,-44,46
20,60,-48,42
-2,60,-70,46
18,74,-76,58
6,76,-62,40
8,56,-64,54
6,68,-68,54
22,70,-78,60
16,102,-76,50
18,86,-62,70
20,88,-70,68
4,90,-72,58
10,78,-50,42
-14,106,-66,74
0,84,-58,54
12,82,-80,34
24,78,-76,52
-2,80,-50,54
14,90,-64,70
12,68,-82,48
-6,86,-62,44
-4,82,-82,62
-4,80,-84,52
10,68,-42,48
38,74,-60,50
8,80,-72,30
6,70,-70,52
12,78,-74,18
-2,68,-64,40
10,90,-84,56
4,82,-78,36
-6,66,-66,38
20,50,-56,40
-2,78,-72,44
18,88,-58,52
-6,90,-58,14
-18,88,-56,24
-14,64,-66,34
-10,70,-58,54
-4,76,-76,30
4,84,-66,68
18,88,-74,54
4,96,-82,18
-18,74,-74,42
8,66,-62,28
4,84,-66,64
4,76,-80,24
0,102,-68,24
-6,66,-80,52
0,82,-74,30
-2,90,-90,46
28,58,-66,72
-8,62,-70,30
-18,80,-68,58
10,72,-88,36
6,100,-68,60
-4,102,-74,58
12,92,-72,22
0,80,-68,42
-8,106,-52,22
-6,84,-64,50
4,80,-68,38
6,96,-58,58
0,100,-46,48
4,104,-68,46
-12,74,-56,48
8,122,-56,42
16,86,-74,36
2,98,-90,44
12,94,-70,38
0,78,-62,50
30,84,-80,42
-18,100,-62,32
0,94,-56,58
-2,74,-54,76
-8,96,-68,38
2,78,-48,54
8,90,-70,56
-2,106,-50,66
4,88,-42,46
24,80,-50,66
-10,78,-44,60
4,70,-62,48
18,72,-80,56
-28,72,-62,40
8,80,-68,86
10,72,-52,76
-14,88,-64,34
8,74,-56,42
22,82,-64,46
18,114,-56,46
16,98,-48,40
2,102,-56,52
-2,90,-46,56
14,72,-52,44
16,90,-58,66
18,96,-68,46
30,78,-58,50
-18,92,-68,60
24,102,-66,48
4,78,-78,40
6,96,-60,66
-14,88,-64,46
6,96,-62,66
20,82,-56,60
12,68,-56,58
2,80,-64,92
10,94,-64,66
16,78,-70,84
8,92,-58,80
8,96,-68,44
2,84,-82,76
-16,68,-34,64
18,78,-50,74
20,84,-58,66
2,86,-74,44
4,84,-60,76
12,102,-60,66
4,86,-44,82
18,104,-56,72
14,92,-74,62
16,98,-58,68
16,96,-66,64
10,76,-88,52
-18,92,-62,82
6,80,-80,82
18,70,-38,78
22,96,-72,70
12,92,-70,44
8,90,-48,52
0,68,-46,72
20,90,-84,88
2,108,-68,86
2,92,-72,82
2,86,-64,76
0,72,-78,58
-4,108,-92,46
4,78,-66,60
10,66,-82,62
6,70,-50,54
-26,74,-104,64
-6,64,-70,68
0,82,-82,92
-4,94,-76,78
14,100,-64,72
8,102,-76,90
6,96,-82,70
4,98,-66,76
-16,94,-72,64
-16,94,-78,60
-12,90,-88,72
-6,78,-80,72
-12,82,-62,64
12,72,-60,36
12,62,-74,68
2,72,-64,74
6,86,-64,80
2,78,-78,74
18,78,-52,62
6,68,-46,82
-12,78,-96,80
-10,88,-78,46
-12,90,-62,74
-12,72,-82,80
-36,74,-68,88
-12,80,-60,48
-8,72,-88,58
14,70,-66,74
18,74,-70,74
12,80,-76,78
10,70,-70,80
18,92,-76,80
-4,62,-84,50
-20,62,-98,70
-30,84,-102,94
-6,74,-98,94
-6,82,-84,94
-14,74,-68,62
-10,66,-86,78
2,62,-86,70
0,92,-56,62
-18,74,-66,78
4,82,-78,62
16,80,-70,94
8,80,-42,90
18,70,-80,78
0,100,-74,88
-4,90,-72,90
-8,70,-62,66
6,84,-54,86
-16,64,-60,102
-4,82,-72,102
6,88,-70,94
4,82,-70,96
0,74,-70,88
-8,68,-76,64
26,94,-66,90
-2,94,-70,76
6,88,-54,80
16,68,-58,88
-26,96,-70,80
-2,92,-88,76
-4,88,-66,90
-10,94,-82,90
-14,86,-74,74
-24,68,-82,90
-18,92,-72,96
-8,82,-64,90
-14,88,-78,68
2,68,-66,92
12,90,-60,86
-6,74,-62,86
0,78,-58,94
0,80,-46,84
-6,66,-66,88
-6,110,-66,96
-2,74,-76,70
0,86,-64,98
22,74,-64,52
-4,102,-88,72
12,86,-60,92
12,72,-72,72
-8,92,-80,74
-22,76,-86,106
14,80,-50,86
-26,68,-78,84
0,90,-76,88
-2,104,-80,94
6,74,-58,68
20,84,-52,90
4,88,-54,62
0,90,-70,106
20,98,-70,102
-8,66,-80,90
0,82,-78,74
-26,96,-56,74
10,66,-82,82
-18,84,-42,102
6,82,-90,88
-4,76,-72,84
18,84,-46,94
-2,74,-66,94
-8,106,-60,104
16,94,-78,86
4,92,-80,92
-14,88,-94,80
2,86,-78,98
-4,80,-60,92
6,74,-60,92
16,80,-66,74
-2,80,-58,74
0,88,-62,82
-4,66,-84,98
-4,84,-80,86
20,74,-64,84
-2,92,-62,122
0,100,-74,98
8,98,-66,92
8,70,-74,80
-10,94,-62,90
14,76,-66,82
-4,82,-60,86
-6,90,-80,100
14,86,-40,90
4,84,-78,86
8,72,-70,94
-2,88,-60,102
-28,104,-52,80
4,92,-52,88
6,96,-76,98
20,86,-68,94
-10,86,-52,98
4,102,-84,88
-12,112,-72,88
8,74,-78,88
-10,90,-70,112
18,84,-70,96
2,76,-76,98
-6,100,-62,74
-12,96,-64,106
-2,102,-72,90
2,106,-54,96
20,98,-72,118
2,100,-76,88
-16,86,-78,106
-16,88,-70,70
-2,60,-62,98
-20,58,-62,102
-12,90,-54,104
0,74,-76,92
4,90,-54,72
2,90,-68,104
-6,82,-60,80
-12,92,-60,98
-24,86,-68,84
20,74,-64,124
-20,94,-62,92
-10,90,-64,110
-12,78,-66,80
6,84,-68,90
-6,92,-74,84
12,70,-74,90
-30,78,-78,114
-10,84,-66,112
-12,88,-70,104
-10,86,-58,92
4,92,-84,110
-12,82,-76,108
0,86,-84,100
-12,96,-64,98
-6,90,-72,102
-6,90,-60,114
-26,100,-62,80
2,94,-72,88
12,94,-72,96
-18,74,-70,94
-10,60,-58,126
-8,80,-72,106
-10,72,-58,102
0,90,-66,96
-4,98,-60,86
4,98,-66,90
-26,102,-66,94
6,94,-76,96
10,90,-62,98
-24,94,-74,94
-12,104,-68,94
-6,114,-60,112
8,72,-72,102
0,82,-68,90
-4,86,-60,92
-14,112,-62,96
2,88,-56,104
-12,84,-70,102
-28,68,-58,88
12,108,-78,120
-18,86,-68,88
4,80,-48,110
-16,92,-80,114
10,90,-50,92
-2,60,-62,108
-24,74,-68,96
10,82,-72,110
0,98,-72,112
-18,76,-54,90
-4,76,-62,102
10,72,-72,88
8,90,-80,90
-6,108,-58,86
28,70,-84,116
18,102,-60,90
0,80,-64,116
4,86,-50,98
6,84,-56,92
-8,92,-52,118
-16,92,-64,104
-2,100,-74,96
8,92,-68,72
-8,86,-82,66
-12,106,-70,54
-2,72,-42,28
-16,96,-54,38
-24,120,-64,18
-62,76,-48,46
-54,74,-48,42
-38,72,-66,60
-66,68,-66,70
-66,56,-48,78
-46,64,-110,92
-58,48,-102,104
-44,64,-118,94
-2,54,-124,90
8,46,-140,90
16,70,-134,100
50,90,-116,118
48,62,-132,118
54,92,-100,138
62,56,-64,158
90,98,-58,184
92,66,-76,144
74,120,-34,136
86,106,-44,144
82,130,-12,124
74,104,-14,106
58,132,0,96
48,164,24,64
10,154,8,60
4,176,-14,50
-28,152,4,44
-26,122,-8,26
-22,154,-6,24
-92,116,-36,6
-108,76,-48,2
-108,86,-52,-4
-128,68,-74,8
-138,52,-90,34
-156,48,-112,50
-106,36,-140,56
-100,26,-122,82
-78,0,-150,74
-52,14,-152,80
-42,32,-134,80
-26,56,-126,94
26,50,-106,106
42,76,-114,94
56,94,-80,130
70,88,-78,146
60,104,-84,170
80,110,-70,122
50,96,-100,140
74,128,-60,128
70,134,-52,118
56,120,-50,122
32,102,-48,120
10,106,-48,102
6,132,-48,88
10,110,-38,80
-32,108,-54,44
-18,118,-34,42
-24,82,-76,40
-16,100,-42,36
-36,102,-52,18
-32,114,-54,24
-30,92,-44,44
-24,86,-48,22
-4,76,-58,52
24,104,-38,68
14,68,-54,94
8,88,-20,84
16,104,-24,118
20,84,-34,102
30,98,-32,88
16,102,-20,116
14,102,-40,96
-10,106,-38,102
0,104,-64,104
-16,86,-82,114
-14,102,-100,110
-20,72,-106,82
-14,94,-96,66
-12,60,-98,68
-16,64,-106,88
-34,88,-82,58
-6,76,-78,72
4,90,-84,80
-16,94,-62,84
6,60,-80,54
18,94,-52,86
26,108,-38,68
10,116,-60,80
10,154,-34,74
18,144,-30,50
4,128,-36,60
14,130,-32,62
-28,162,-28,38
10,138,-6,42
-18,130,-30,26
-20,136,-36,16
-46,98,-32,16
-52,68,-38,14
-2,92,-64,28
-58,48,-86,54
-56,74,-84,50
-32,42,-94,64
-24,20,-104,80
-2,28,-106,74
-8,22,-112,104
-16,26,-102,84
8,44,-118,84
26,32,-100,90
36,64,-96,100
58,50,-58,146
54,80,-66,106
44,84,-64,148
68,80,-70,144
82,102,-52,126
64,136,-36,114
54,138,-52,132
52,136,-40,142
52,132,-34,120
34,150,-52,130
28,140,-48,88
18,130,-68,80
-24,146,-62,64
-24,126,-52,18
-34,112,-72,26
-14,112,-66,24
-60,102,-74,-16
-58,86,-66,12
-64,100,-72,6
-54,106,-64,14
-64,66,-72,28
-74,90,-82,8
-60,74,-84,42
-52,86,-68,18
-36,90,-58,60
-12,54,-60,90
-18,62,-56,60
34,70,-50,90
16,80,-34,102
42,62,-48,100
40,94,-54,100
56,96,-56,94
42,76,-44,70
60,118,-40,84
46,90,-60,102
56,102,-56,100
46,100,-76,108
54,98,-82,98
28,120,-88,94
48,112,-72,76
-2,120,-56,110
4,104,-90,68
-28,112,-80,88
-16,108,-54,74
-26,114,-76,88
-10,126,-56,80
-10,122,-30,92
-28,138,-48,78
-28,108,-54,60
-18,104,-52,44
-26,118,-42,42
-24,86,-46,32
-32,108,-54,24
-22,102,-52,48
8,80,-44,36
0,90,-76,22
0,68,-68,34
26,100,-84,48
10,78,-58,36
6,90,-94,16
20,72,-94,38
34,60,-74,28
32,88,-78,-14
-24,62,-68,-8
8,94,-72,-32
26,70,-46,12
24,84,-68,-16
-42,116,-78,186
-52,102,-48,8
-26,86,-54,12
-74,34,-60,26
-30,68,-94,-20
-48,78,-98,-44
-28,46,-82,-16
-78,48,-112,24
-96,82,-148,6
-84,86,-114,-10
-56,76,-126,-62
-72,72,-88,-112
-22,36,-102,-52
-16,88,-138,-44
-26,68,-162,18
-60,78,-154,24
-66,40,-138,94
-56,24,-130,74
-56,24,-118,30
-48,0,-128,86
18,12,-74,66
68,32,-102,72
68,14,-96,58
78,68,-64,88
66,118,-82,116
60,118,-60,132
96,80,-6,132
62,82,16,94
86,122,-34,138
90,90,8,104
84,92,-30,108
86,112,-20,112
78,112,-66,92
42,158,-50,106
48,140,-32,130
44,142,-28,144
4,148,-18,126
16,146,-12,134
18,154,0,136
62,166,-8,110
58,132,4,130
16,154,-4,110
-14,162,0,92
-18,170,-40,132
-18,158,-30,108
-12,156,-44,92
-26,198,-34,96
2,162,-20,66
12,178,-8,98
-36,146,-12,102
-34,112,-10,98
-40,114,-10,74
-24,126,-22,90
-16,114,-48,94
4,138,-24,102
16,124,-46,108
32,118,-40,96
28,112,-50,92
24,144,-52,82
38,108,-40,90
20,96,-68,58
22,116,-44,78
22,98,-44,86
10,102,-58,58
4,98,-68,64
-16,92,-32,98
14,106,-38,62
14,100,-52,102
2,96,-36,92
2,100,-64,88
-6,92,-72,30
-6,70,-68,62
20,74,-70,58
2,80,-62,48
8,74,-94,54
22,68,-76,50
24,70,-64,62
-4,38,-72,36
4,92,-88,54
-10,66,-88,48
-26,72,-70,56
-8,88,-84,50
4,92,-98,50
-26,88,-48,52
-4,84,-72,68
-34,82,-60,60
-6,144,-78,66
-20,104,-62,74
-12,122,-42,62
-30,84,-54,80
-34,106,-66,92
-44,86,-62,82
-26,86,-52,64
-30,114,-74,72
0,132,-54,60
-20,136,-46,82
-26,134,-76,66
-2,132,-70,52
-8,104,-70,64
-20,112,-60,76
10,136,-20,88
2,124,-52,84
-4,134,-52,54
6,142,-22,78
6,118,-32,80
4,150,-38,62
-14,128,-42,74
-28,120,-56,90
-10,150,-18,78
-24,136,-30,102
-30,154,-30,90
-4,118,-20,118
0,104,-22,138
18,106,-34,126
14,110,-30,132
28,100,-34,116
42,78,-34,112
70,104,-48,142
66,116,-74,138
94,106,-54,130
96,104,-80,154
94,106,-48,146
118,120,-52,160
96,104,-52,164
100,116,-30,180
100,124,-10,160
88,100,-10,174
72,126,-4,146
60,144,2,126
52,132,2,98
24,158,4,90
16,152,-18,56
-6,144,-30,34
-46,142,-50,26
-54,144,-26,28
-78,152,-56,-4
-84,120,-44,4
-78,102,-84,-34
-88,94,-82,-54
-90,62,-82,-32
-96,46,-110,-42
-110,46,-118,14
-96,52,-110,0
-110,70,-130,-6
-106,70,-122,0
-112,28,-136,32
-90,66,-126,26
-74,56,-112,86
-68,44,-104,68
-56,60,-118,66
-32,62,-128,80
-12,82,-106,74
-26,88,-110,100
26,78,-124,68
34,84,-114,96
14,70,-86,72
24,74,-82,122
28,90,-106,108
30,90,-104,130
34,78,-72,114
50,98,-86,144
16,92,-80,110
28,88,-66,118
32,78,-76,134
46,114,-66,110
56,106,-42,104
48,134,-42,116
36,128,-32,70
34,104,-22,68
66,124,-20,84
20,116,-6,88
10,118,-20,78
26,108,2,96
4,120,6,68
4,104,4,92
12,90,-14,82
10,100,-42,54
-10,108,-64,52
-24,90,-54,54
-14,108,-64,36
-6,72,-60,68
-6,82,-72,48
-10,92,-58,42
-40,72,-78,46
-26,92,-100,46
-44,90,-82,34
-26,80,-92,54
-38,84,-44,42
-44,72,-80,84
-20,68,-80,64
-4,90,-78,76
-24,88,-64,98
14,124,-70,96
16,102,-74,100
30,108,-46,100
16,110,-52,82
36,130,-40,98
32,138,-60,98
42,134,-28,76
30,96,-32,72
70,84,-42,88
26,130,-60,62
22,92,-64,50
40,116,-68,56
-4,110,-72,58
-4,86,-76,52
-26,88,-74,36
-44,90,-66,38
-40,66,-66,40
-36,46,-102,14
-34,62,-66,8
-46,50,-74,24
-42,68,-54,30
-60,66,-74,28
-72,72,-78,8
-56,46,-88,16
-40,44,-84,50
-28,54,-102,36
-26,62,-108,42
-18,46,-98,54
-36,66,-110,42
-26,94,-108,58
-14,76,-110,54
-16,78,-100,84
-8,88,-122,88
-20,82,-96,88
-36,70,-98,80
-14,90,-102,96
-22,76,-86,122
-16,124,-110,106
-24,104,-84,88
-10,96,-70,104
-6,102,-72,108
0,118,-96,126
2,112,-66,96
28,130,-64,108
-2,116,-50,84
20,118,-64,84
10,122,-32,110
16,114,-22,104
36,100,-32,86
22,126,-20,90
38,104,-24,86
22,120,-30,88
32,116,-28,68
8,120,-18,58
30,98,-26,52
18,108,-26,58
38,82,-30,46
0,98,-32,14
20,106,-52,66
-8,100,-20,44
-24,92,-68,42
2,96,-42,78
-20,86,-64,50
0,106,-58,60
-12,98,-54,80
-30,80,-62,82
2,88,-68,66
-26,90,-58,88
-14,92,-52,94
4,66,-62,70
12,78,-50,76
-4,90,-82,70
16,52,-94,82
8,86,-84,64
2,44,-102,54
-2,60,-74,88
-4,82,-90,84
2,82,-88,86
-2,82,-76,74
-4,62,-102,84
20,68,-120,92
4,60,-86,70
-12,96,-70,62
-12,70,-122,56
-24,74,-100,56
-10,56,-70,60
-16,78,-78,48
-28,80,-76,46
-20,80,-76,22
4,106,-52,18
-18,64,-98,26
-12,78,-68,52
-24,110,-80,42
-20,64,-60,40
-24,100,-66,46
-34,100,-70,64
-46,104,-78,38
-18,120,-100,54
6,114,-78,76
-24,108,-76,72
-38,70,-84,46
-26,94,-82,78
-22,78,-62,66
-22,90,-66,70
-22,98,-96,84
-34,100,-92,72
-26,114,-66,92
-18,104,-86,92
-12,96,-76,98
-16,90,-104,90
-20,114,-92,100
-4,104,-80,86
-24,104,-92,96
18,122,-64,98
2,114,-30,106
-16,116,-64,106
12,90,-70,108
22,110,-80,112
24,128,-52,118
52,114,-80,128
42,92,-32,106
56,116,-44,116
36,108,-38,102
74,106,-24,92
60,102,-28,90
50,102,-30,98
66,110,-12,100
50,128,-10,86
54,118,-10,92
40,94,-6,62
30,142,18,72
40,132,10,82
32,138,-20,56
6,150,8,84
10,132,-4,74
6,116,-4,60
-2,118,-20,60
6,122,-38,46
6,132,-42,34
-6,134,-48,50
-44,110,-44,28
-18,104,-52,12
-52,100,-80,28
-48,110,-68,40
-46,94,-68,30
-38,102,-86,28
-72,112,-78,40
-70,94,-76,36
-52,92,-98,30
-70,76,-90,80
-46,102,-94,70
-28,88,-100,46
-20,58,-126,38
-28,46,-94,66
-32,92,-116,76
-10,68,-86,76
-10,72,-96,70
-4,78,-80,56
12,50,-62,78
-12,70,-78,76
32,66,-82,40
6,74,-106,58
4,62,-56,68
22,86,-72,68
22,74,-76,40
6,80,-54,52
26,76,-82,64
-2,106,-78,68
18,92,-64,64
44,100,-56,72
26,86,-48,60
-6,88,-68,68
2,110,-46,50
4,100,-56,42
-8,90,-50,32
0,68,-100,28
12,102,-66,12
-20,86,-76,16
-24,72,-78,24
-38,68,-78,32
-52,58,-76,72
-60,92,-90,68
-36,80,-78,36
-56,86,-82,52
-44,96,-96,12
-38,66,-92,52
-24,70,-92,50
-12,80,-56,68
-2,88,-96,30
22,88,-88,60
-18,72,-102,70
-28,90,-80,98
2,78,-68,126
12,98,-62,62
2,116,-72,128
24,106,-64,86
32,130,-76,98
18,118,-48,54
30,106,-52,66
22,110,-38,92
30,106,-12,50
26,124,-34,102
14,130,-46,52
12,110,-34,58
6,148,-40,34
10,82,-42,46
-16,92,-66,56
20,116,-46,52
-28,90,-30,42
-10,86,-42,18
-16,94,-42,16
-8,90,-84,26
-4,96,-66,32
-32,104,-54,34
-12,84,-80,2
-38,84,-74,14
-40,76,-86,28
-40,88,-92,40
-40,96,-76,58
-8,76,-100,32
-18,76,-90,44
-38,70,-98,42
-16,80,-90,46
-20,76,-72,50
-18,80,-94,58
-6,76,-90,22
-16,100,-88,62
-28,108,-82,36
-24,114,-82,50
-12,92,-88,52
-6,88,-78,54
-18,90,-100,44
-34,74,-86,46
-16,102,-82,72
2,100,-78,62
-20,100,-86,52
-6,96,-64,40
-6,84,-90,52
-2,114,-72,52
0,110,-58,32
2,118,-74,64
-16,96,-76,58
8,128,-40,50
-16,132,-52,38
-16,106,-42,42
-4,114,-50,30
-16,118,-50,56
-8,94,-32,42
8,112,-48,32
-4,110,-38,20
-6,104,-80,42
-24,108,-80,40
-8,70,-68,48
-44,96,-42,58
-32,120,-60,38
-28,70,-56,54
-34,94,-68,36
-38,80,-78,34
-22,82,-98,10
-22,74,-86,42
-20,66,-100,52
-36,70,-88,74
-26,66,-104,72
-12,72,-82,82
-36,82,-86,42
-32,90,-96,64
-26,88,-84,84
-22,100,-74,54
-10,108,-92,94
-16,80,-90,74
-18,90,-88,86
6,96,-70,80
-4,94,-88,96
-18,86,-76,80
6,116,-100,74
-4,86,-64,88
-22,106,-52,88
10,96,-72,84
16,92,-58,86
-2,112,-70,78
-12,94,-76,110
20,106,-40,98
16,122,-52,98
-4,124,-68,62
16,110,-86,70
-4,114,-58,94
6,90,-66,84
-12,100,-60,110
0,104,-48,96
-4,114,-82,74
-22,90,-68,84
-8,106,-60,86
0,100,-68,84
-16,114,-76,80
2,104,-52,74
-2,126,-80,84
-34,118,-68,82
-34,108,-72,86
-8,112,-84,68
-22,88,-92,70
-30,110,-94,68
-32,102,-76,86
0,82,-84,70
-10,72,-86,86
-10,112,-86,76
-34,86,-86,74
-20,80,-90,48
-14,80,-88,66
0,92,-70,58
20,96,-64,64
0,84,-72,54
8,86,-76,54
6,68,-72,56
-10,96,-52,70
0,106,-74,46
-16,98,-58,74
28,86,-56,60
14,94,-52,50
14,108,-42,30
8,92,-46,62
0,98,-18,76
6,94,-62,82
-14,104,-34,68
18,108,-42,102
26,108,-32,76
2,104,-48,96
42,112,-42,68
16,108,-62,78
22,114,-58,74
6,116,-38,74
12,94,-50,58
26,122,-42,82
2,110,-42,84
6,104,-62,94
18,106,-52,66
-12,108,-38,68
-10,108,-72,80
28,96,-68,80
10,112,-70,68
6,106,-56,76
22,96,-66,80
-6,118,-64,76
-20,66,-84,66
-14,88,-54,50
2,110,-80,70
4,104,-66,66
2,112,-68,64
12,108,-64,64
-14,88,-72,40
12,106,-64,58
-12,100,-62,90
6,98,-88,48
22,110,-66,94
22,92,-62,74
-2,86,-62,68
14,104,-72,74
2,88,-66,66
-6,88,-60,68
34,94,-74,68
-10,108,-58,80
-8,90,-50,58
6,88,-38,78
24,94,-62,58
-8,86,-50,68
22,92,-76,68
-8,80,-74,82
20,96,-38,98
6,106,-48,94
12,126,-66,80
4,122,-52,112
6,102,-58,82
14,106,-68,72
12,88,-70,74
12,94,-66,84
16,104,-66,78
40,104,-52,96
16,92,-66,84
28,96,-60,64
10,98,-64,74
20,124,-46,70
40,96,-66,52
32,92,-66,60
-4,90,-82,64
12,86,-70,60
8,102,-66,60
14,80,-52,56
14,110,-70,38
12,90,-46,60
-2,86,-60,54
-20,90,-44,44
-4,70,-50,30
6,110,-60,60
16,88,-56,70
18,86,-56,56
18,100,-88,50
-8,112,-82,62
0,96,-80,64
-2,90,-64,46
14,100,-44,56
-8,102,-66,54
-20,88,-78,64
-20,76,-60,50
6,76,-64,54
-2,78,-84,52
0,112,-64,60
12,92,-58,52
-18,110,-72,28
-24,98,-80,38
-14,84,-82,34
-26,86,-82,44
10,102,-78,38
-16,94,-70,44
-12,90,-64,40
-28,78,-78,58
-30,84,-70,30
-12,94,-74,28
-34,84,-70,46
-4,82,-76,26
-4,100,-76,36
-16,70,-82,32
-4,116,-72,38
-2,104,-50,54
-4,84,-42,44
24,118,-56,56
32,114,-28,62
-12,124,-44,72
4,94,-36,88
22,106,-30,68
30,100,-64,84
28,100,-50,78
28,106,-42,80
32,110,-62,92
26,112,-50,88
42,118,-66,70
22,92,-72,70
12,98,-76,82
8,90,-76,80
24,98,-64,86
30,72,-52,74
34,74,-68,82
8,100,-54,56
14,100,-60,50
40,122,-42,80
28,94,-66,56
-10,114,-44,72
20,90,-70,56
20,100,-78,56
26,104,-68,76
10,106,-80,50
6,106,-74,72
16,106,-48,62
-4,94,-76,82
8,112,-58,44
2,104,-56,36
6,108,-50,44
6,116,-82,40
12,116,-66,64
0,106,-68,46
10,126,-82,48
-14,110,-60,64
-4,98,-68,26
-16,120,-78,26
-6,88,-58,56
-10,106,-44,58
-2,86,-62,42
-28,124,-42,48
6,90,-54,20
8,106,-72,58
-2,104,-58,54
18,118,-42,58
0,102,-48,56
6,106,-62,48
16,86,-82,58
8,104,-52,32
32,102,-84,50
18,80,-74,62
-10,78,-74,48
10,112,-70,60
2,84,-58,26
26,104,-80,44
-6,104,-54,40
8,88,-50,48
12,90,-54,36
36,106,-48,56
16,116,-68,44
28,98,-44,32
-8,94,-52,48
-4,112,-44,50
18,108,-58,60
16,96,-46,58
16,92,-62,54
8,102,-72,60
6,98,-52,46
30,114,-66,42
6,102,-54,54
28,120,-50,44
18,104,-52,54
6,130,-42,44
28,94,-40,80
20,122,-40,66
12,98,-72,64
14,108,-34,62
20,120,-32,58
8,110,-58,80
22,122,-36,56
42,112,-66,48
38,102,-28,70
42,118,-36,78
50,112,-16,84
42,104,-54,50
20,130,-38,72
30,112,-30,48
28,132,-30,48
8,140,-10,76
50,130,-36,68
46,92,-22,50
36,132,-36,52
54,122,-44,64
34,102,-38,44
40,110,-46,66
42,124,-26,46
12,114,-32,34
50,120,-34,48
46,134,-40,56
36,108,-36,38
34,154,-32,32
34,106,-38,38
22,126,-26,58
44,116,-26,44
16,118,-30,38
14,128,-54,48
8,116,-54,42
26,112,-48,38
30,106,-40,16
16,104,-54,26
30,114,-52,36
2,108,-46,50
32,108,-74,26
28,116,-66,16
34,92,-74,34
8,132,-94,22
38,112,-68,-6
2,106,-50,42
2,104,-58,20
4,76,-76,2
6,106,-72,16
-14,100,-68,32
-20,104,-64,30
-18,92,-66,24
-6,88,-60,-8
-8,78,-76,10
-4,92,-78,4
-4,116,-80,14
-16,106,-84,4
4,96,-92,38
4,110,-82,8
-14,104,-66,4
-8,118,-68,22
-6,102,-56,6
16,84,-68,0
0,76,-74,-4
8,90,-58,6
-12,110,-64,8
-4,86,-84,20
-14,80,-66,8
-38,98,-64,12
-16,132,-46,10
6,86,-68,20
2,80,-98,30
-6,110,-74,34
-4,102,-74,32
18,74,-62,34
-16,88,-98,40
22,70,-72,16
36,100,-64,44
28,80,-82,40
32,80,-84,52
54,80,-82,70
40,84,-32,46
50,124,-72,78
64,118,-72,76
68,120,-30,70
86,98,-64,60
92,102,-36,42
58,134,-36,48
40,114,-28,46
58,126,-24,58
38,142,-36,42
10,122,-10,14
30,134,-12,16
-4,120,-34,-4
-2,150,-4,-22
-28,122,-44,-34
-20,118,-26,-30
-54,126,-72,-34
-52,110,-50,-28
-58,98,-84,-56
-40,96,-72,-4
-68,90,-116,-40
-50,66,-122,-34
-48,58,-100,-12
-46,38,-94,-20
-34,50,-94,-10
-58,58,-102,-10
-42,44,-94,14
-20,50,-104,38
8,44,-110,22
-2,64,-108,52
-14,62,-112,60
16,50,-126,62
40,68,-108,70
16,66,-116,56
28,48,-100,64
38,68,-94,64
42,82,-102,58
52,80,-102,68
46,78,-84,60
52,98,-64,68
74,86,-64,74
54,94,-36,94
36,120,-48,68
70,98,-34,86
44,114,-64,44
26,118,-50,36
18,138,-46,32
36,124,-40,28
-6,132,-22,30
-12,126,-40,22
-18,132,-34,12
-30,148,-46,-8
-20,120,-26,16
-40,100,-54,4
-54,108,-56,-2
-38,126,-60,12
-48,90,-90,12
-32,88,-86,10
-26,80,-100,0
-32,58,-94,6
-56,58,-96,42
-38,70,-120,-2
-28,74,-108,12
-24,68,-108,56
-12,90,-100,38
-6,74,-104,8
16,70,-98,32
12,82,-94,68
-6,92,-78,70
22,88,-76,74
28,108,-62,82
16,88,-64,98
44,116,-60,96
48,130,-56,72
40,120,-64,68
22,120,-28,72
48,126,-40,82
50,118,-24,60
6,124,-48,68
32,110,-12,22
42,114,-22,48
38,120,-42,26
50,96,-28,42
38,106,-26,56
24,124,-32,30
22,126,-30,36
-8,104,-48,18
10,82,-50,22
-16,92,-32,-2
2,88,-62,2
-2,66,-60,36
0,92,-60,50
2,78,-70,36
6,54,-62,34
-22,64,-70,54
-18,38,-90,54
-26,60,-100,52
26,58,-86,74
22,84,-96,86
22,76,-114,70
18,90,-112,66
18,90,-100,56
18,88,-96,84
2,90,-90,100
30,114,-86,94
40,108,-88,92
32,114,-90,86
24,108,-70,78
34,134,-42,94
48,116,-68,92
28,118,-54,74
26,144,-36,84
8,156,-32,52
34,152,-54,64
20,144,-26,46
-6,154,-40,46
16,124,-26,16
-24,136,-26,8
-36,132,-34,12
-10,122,-48,-10
-24,142,-4,8
-12,124,-38,-16
-24,94,-60,2
-6,90,-46,-2
-42,120,-42,-14
-8,84,-40,-8
-40,76,-68,8
-6,62,-66,20
-8,60,-76,16
-16,66,-96,34
-14,62,-68,28
-10,64,-74,24
-8,62,-94,32
8,82,-104,52
18,74,-90,70
14,70,-94,56
32,80,-88,82
24,66,-98,52
18,84,-90,92
20,64,-68,56
36,82,-102,102
38,100,-110,72
18,88,-94,70
12,94,-92,78
24,56,-88,56
16,98,-80,48
24,82,-78,70
32,96,-66,58
16,92,-40,78
14,122,-44,56
22,108,-54,50
10,94,-64,48
10,104,-42,44
20,108,-30,60
0,106,-16,40
16,114,-34,36
18,122,-42,40
16,98,-62,20
-4,108,-46,34
-2,94,-48,32
22,104,-30,16
-8,96,-44,46
6,130,-56,14
-4,114,-46,38
-30,116,-56,40
-18,110,-58,46
-24,90,-80,66
4,100,-74,44
-30,100,-84,54
-36,118,-98,58
-14,98,-80,68
4,114,-86,42
-14,136,-74,76
-24,120,-92,88
-20,110,-92,74
-12,130,-68,78
6,100,-86,62
-16,106,-66,66
-6,118,-92,78
14,110,-34,78
8,108,-60,84
44,94,-68,80
22,114,-72,74
10,88,-66,48
38,98,-44,46
34,92,-74,54
28,94,-38,28
40,96,-44,56
34,88,-42,34
44,96,-44,52
42,94,-38,40
38,90,-48,36
56,84,-30,24
26,92,-44,26
48,56,-46,16
24,106,-32,42
26,92,-34,20
16,76,-62,46
28,84,-70,32
34,92,-58,50
20,72,-64,72
22,104,-66,38
-20,76,-50,28
-8,88,-76,52
-12,80,-80,42
2,84,-62,28
-20,110,-100,64
-8,112,-98,54
8,90,-80,50
10,102,-112,42
-16,70,-100,36
-24,116,-88,64
-24,84,-72,46
-8,100,-86,50
6,84,-104,46
-12,98,-78,50
-12,106,-88,58
0,106,-88,58
8,96,-80,46
6,118,-98,56
6,138,-78,54
16,106,-46,46
14,110,-60,48
12,108,-70,54
16,84,-62,28
20,76,-68,56
2,90,-34,32
24,100,-50,44
4,118,-52,36
14,100,-34,10
4,92,-64,18
20,92,-54,56
14,90,-54,46
14,106,-64,54
28,124,-42,32
24,90,-70,44
0,80,-50,30
32,76,-54,38
28,92,-66,28
24,72,-60,44
8,86,-50,38
-6,90,-76,32
20,80,-68,26
26,90,-96,44
2,106,-68,54
-16,94,-56,52
14,102,-76,66
12,98,-70,42
24,104,-70,58
6,80,-66,36
14,90,-100,4
-4,108,-70,30
-2,74,-84,4
14,86,-74,26
4,90,-72,-12
-12,58,-82,10
-6,102,-106,16
-2,62,-70,12
8,90,-78,10
-6,84,-74,12
-18,80,-66,18
-26,88,-70,4
10,70,-42,10
4,92,-80,0
14,72,-74,0
-10,70,-82,6
-4,86,-80,-4
-22,74,-86,18
2,78,-64,-4
-2,92,-86,10
0,102,-58,16
28,98,-64,2
-10,74,-48,14
-8,98,-56,0
-8,96,-88,22
-10,94,-74,22
-2,86,-96,32
-4,94,-92,8
-36,104,-86,28
-20,94,-74,32
-30,90,-82,6
-14,78,-102,18
24,90,-70,12
8,90,-64,22
-30,94,-84,18
-2,94,-96,26
-18,94,-80,28
0,78,-66,34
4,84,-62,38
4,80,-72,34
8,90,-92,4
4,94,-90,22
10,90,-78,26
14,88,-88,32
-4,96,-86,24
6,80,-62,42
24,94,-42,42
16,102,-42,22
14,108,-58,16
28,100,-52,6
36,106,-60,26
14,120,-34,26
30,114,-54,18
18,88,-68,24
40,116,-54,14
34,122,-32,14
32,104,-50,34
30,106,-38,20
16,94,-30,36
26,122,-64,32
30,108,-66,14
22,114,-62,38
22,110,-70,36
-2,104,-44,52
20,92,-42,32
32,124,-50,18
20,112,-50,42
10,96,-62,6
18,114,-74,48
4,88,-70,14
8,92,-58,24
22,92,-84,30
2,96,-86,42
6,114,-78,32
-22,80,-38,12
0,94,-42,32
0,68,-52,18
4,102,-68,14
-4,120,-60,26
18,90,-80,28
10,112,-76,20
-2,84,-52,26
4,100,-60,12
16,72,-90,14
22,90,-70,4
-4,98,-70,18
34,98,-66,2
20,68,-84,38
34,80,-74,8
14,98,-52,26
18,96,-90,16
32,104,-84,44
12,78,-62,34
14,102,-82,6
2,72,-68,12
28,118,-82,14
0,96,-66,4
8,94,-60,24
16,84,-72,-10
18,98,-66,24
22,94,-60,26
0,100,-62,14
8,90,-66,10
16,86,-34,20
14,78,-72,12
16,96,-88,34
20,80,-78,2
-14,116,-80,34
24,104,-58,14
14,104,-64,10
10,106,-88,20
28,96,-92,14
-10,72,-84,26
-14,78,-68,20
-8,90,-66,18
-16,90,-82,10
10,106,-76,18
22,72,-86,38
12,102,-76,32
20,86,-78,44
-8,102,-74,-8
32,98,-80,10
20,84,-88,12
16,84,-82,34
32,84,-80,28
24,104,-78,18
12,68,-72,12
-10,82,-102,28
16,86,-78,24
10,94,-82,8
2,98,-42,30
-6,94,-84,18
6,104,-42,16
14,98,-58,14
4,98,-60,34
14,100,-60,10
6,94,-58,4
8,74,-58,12
32,100,-72,24
18,84,-64,30
12,90,-60,16
38,86,-48,24
-4,72,-68,18
10,78,-54,26
2,64,-74,14
-4,86,-58,42
16,88,-52,20
36,94,-80,0
16,106,-96,38
12,82,-66,24
2,98,-42,42
34,84,-50,42
14,86,-74,38
22,102,-72,34
8,72,-70,24
26,94,-94,66
8,66,-86,34
4,92,-84,22
10,70,-72,40
-14,84,-88,38
18,114,-78,32
-2,84,-62,8
-8,84,-84,38
6,96,-72,18
10,74,-70,20
12,82,-50,32
10,88,-56,2
18,82,-70,16
-4,96,-70,44
8,94,-68,40
-4,86,-70,22
-6,92,-70,40
-16,98,-80,30
-2,110,-72,28
12,112,-66,10
8,102,-52,22
-10,102,-68,32
2,88,-66,30
-4,110,-68,36
4,108,-60,14
-10,78,-68,38
-4,80,-78,54
16,84,-80,34
32,86,-68,24
-2,98,-88,26
2,94,-60,24
-2,102,-70,28
6,82,-66,2
10,82,-74,28
-4,90,-78,0
2,82,-80,6
14,92,-72,30
18,86,-94,30
12,106,-78,20
20,84,-68,8
26,76,-80,48
20,82,-68,38
30,92,-52,26
0,94,-40,36
18,122,-40,20
12,104,-52,20
0,102,-56,12
26,122,-40,28
-4,122,-34,20
36,100,-34,32
30,104,-34,38
18,100,-36,36
32,96,-36,8
20,122,-48,50
16,118,-44,42
6,92,-56,54
32,120,-58,50
14,116,-40,34
12,90,-48,56
14,122,-44,56
16,106,-64,46
10,94,-72,48
4,104,-76,24
12,92,-66,52
22,88,-62,46
10,126,-62,32
4,92,-68,30
20,96,-64,42
12,102,-52,64
0,94,-84,32
20,104,-82,38
0,98,-72,50
4,110,-58,18
2,92,-70,30
30,100,-60,28
8,110,-64,22
10,86,-78,20
-4,90,-78,26
0,112,-72,8
-12,98,-48,16
8,98,-54,12
-2,88,-60,26
0,108,-64,20
8,114,-48,16
8,116,-50,22
8,118,-50,46
10,122,-60,20
22,106,-54,34
2,142,-60,52
36,120,-52,34
-10,108,-42,46
14,128,-60,14
34,118,-56,42
12,110,-52,58
22,122,-34,32
16,126,-36,36
30,88,-50,48
30,84,-36,70
20,96,-52,54
22,126,-60,48
34,126,-38,66
26,106,-76,52
16,110,-58,50
34,112,-70,44
24,102,-48,28
16,94,-52,36
36,110,-54,28
14,118,-64,6
12,126,-56,40
24,128,-48,28
32,104,-24,54
14,110,-34,18
14,126,-44,30
18,106,-50,38
10,108,-48,26
-4,92,-48,46
-4,114,-36,24
6,112,-48,48
-10,142,-50,20
12,104,-52,54
-16,112,-60,30
0,118,-50,4
12,120,-78,28
2,128,-58,44
-6,104,-40,18
16,110,-28,48
-10,114,-32,22
6,112,-56,58
24,94,-42,24
20,102,-74,36
-14,112,-48,36
-4,102,-58,16
8,90,-92,60
16,94,-60,44
4,92,-48,52
6,84,-78,36
38,100,-68,34
28,112,-72,-6
-6,94,-68,40
22,94,-64,16
12,102,-64,46
10,136,-34,34
14,110,-50,58
30,64,-68,40
38,100,-48,44
6,94,-22,26
0,114,-58,6
10,110,-50,48
8,108,-58,32
18,110,-74,30
12,128,-64,30
2,110,-50,12
30,112,-44,36
14,114,-24,22
8,96,-56,34
12,108,-40,36
10,110,-46,32
4,102,-62,26
2,112,-74,46
4,114,-56,32
-16,104,-58,40
-16,92,-38,36
-2,88,-64,40
2,106,-54,34
10,120,-60,42
4,120,-72,6
4,104,-50,40
4,90,-54,44
8,126,-64,40
2,110,-40,42
16,112,-64,20
4,102,-70,24
-4,126,-66,26
8,110,-60,38
-16,88,-60,28
12,76,-56,34
-4,100,-62,34
6,124,-70,32
6,110,-56,-2
6,98,-50,12
0,122,-48,28
-2,94,-66,44
8,74,-38,34
4,98,-78,-6
6,106,-46,36
-8,112,-58,20
-16,92,-54,26
12,84,-46,24
0,106,-46,26
-6,108,-52,24
-6,116,-64,42
4,92,-60,4
20,80,-66,8
0,104,-38,18
8,104,-62,24
8,92,-30,26
-24,90,-40,38
2,106,-68,12
-36,100,-74,36
6,102,-60,32
-6,114,-46,26
28,74,-60,26
-4,98,-36,30
10,70,-54,48
14,98,-60,56
-12,108,-50,46
10,112,-66,38
22,110,-38,44
-12,96,-72,38
12,98,-48,14
16,106,-56,30
-2,104,-86,28
12,118,-68,14
10,96,-64,8
-2,82,-64,26
-12,72,-72,34
-8,76,-46,10
-6,98,-76,2
-26,82,-60,52
14,98,-52,20
-6,82,-70,4
10,98,-82,24
18,98,-72,44
-2,86,-56,38
-2,126,-82,4
-10,130,-78,40
-2,120,-62,38
-12,104,-60,40
-2,82,-64,22
2,114,-62,42
-8,104,-68,40
6,66,-46,22
-2,84,-52,36
8,96,-28,26
16,98,-66,62
34,98,-66,38
12,84,-56,26
2,108,-58,24
10,88,-70,36
-6,98,-54,30
0,96,-48,44
8,98,-50,26
20,102,-60,14
18,90,-58,40
8,98,-50,28
-8,100,-48,28
0,122,-70,54
-4,84,-58,38
-34,92,-56,36
-2,90,-58,44
-16,84,-74,38
2,94,-92,34
10,88,-78,8
-12,108,-82,42
-18,58,-76,28
-10,102,-90,40
-12,86,-72,32
-18,92,-62,-16
-14,92,-90,-8
-12,76,-66,28
-30,94,-80,-8
-30,78,-74,2
2,102,-56,22
-14,94,-72,16
-32,86,-88,28
-26,62,-66,6
-20,94,-46,-18
0,72,-82,14
-24,100,-72,-4
-20,84,-88,-2
-10,74,-78,2
-26,70,-34,10
-10,98,-102,8
-40,88,-50,12
-28,86,-48,14
-12,94,-66,-10
-22,88,-64,34
-28,112,-60,20
4,118,-84,22
-46,92,-64,28
-22,86,-88,36
-22,76,-52,20
-8,90,-64,34
-2,84,-72,22
-16,96,-76,32
16,106,-38,26
0,84,-50,26
-10,76,-54,32
-4,104,-64,30
0,92,-64,36
-2,110,-52,40
18,104,-72,32
-2,80,-68,14
8,90,-60,20
-8,76,-88,32
-8,86,-74,34
2,88,-50,12
-6,114,-60,34
-24,98,-76,4
-8,106,-68,32
-16,90,-50,14
-6,80,-64,44
-4,108,-52,28
-2,82,-68,6
2,86,-74,24
10,100,-86,-6
-24,94,-82,54
-12,116,-66,34
-8,78,-64,36
-8,82,-62,16
-10,68,-66,24
14,74,-72,38
-18,76,-80,2
-24,98,-96,16
2,100,-32,20
-14,78,-100,14
-34,92,-64,24
-6,80,-60,28
-16,94,-68,32
-14,96,-76,30
8,82,-68,-6
-28,84,-64,22
-16,82,-74,10
-18,102,-68,36
-8,110,-62,26
-6,94,-76,16
-12,100,-64,22
-18,102,-76,26
4,80,-26,48
0,84,-72,36
-4,82,-44,22
-8,94,-70,28
-22,96,-48,38
-8,60,-64,20
-12,92,-62,34
18,82,-66,36
-18,84,-74,36
22,94,-74,52
-2,86,-56,20
0,94,-58,42
-10,106,-64,32
-4,102,-52,20
2,94,-56,32
-10,96,-80,40
-12,80,-70,24
-8,94,-72,6
4,102,-68,26
-8,90,-48,30
-2,120,-42,10
-16,104,-78,32
8,118,-66,42
-8,80,-76,46
-4,112,-74,34
6,110,-58,52
0,118,-88,22
8,100,-56,38
4,120,-72,36
12,100,-86,22
14,108,-58,32
8,92,-52,24
6,108,-68,16
4,108,-54,36
0,78,-56,60
14,82,-80,14
2,80,-64,22
10,98,-66,46
14,92,-60,14
-4,78,-40,44
-16,102,-56,24
12,96,-68,-4
-16,96,-78,52
-4,116,-78,24
26,118,-48,22
4,102,-48,46
0,118,-100,26
-18,70,-38,30
-22,100,-46,34
12,92,-40,28
10,80,-74,32
2,82,-52,42
-10,100,-56,36
-32,84,-78,26
0,88,-70,40
-14,76,-58,24
22,98,-68,18
16,86,-58,18
-8,86,-76,46
16,94,-72,58
10,80,-82,22
6,84,-50,28
2,82,-60,34
-16,94,-46,34
0,92,-64,36
-6,100,-58,24
-18,86,-80,44
-6,76,-64,44
10,96,-70,34
18,82,-78,26
6,92,-74,12
-20,86,-76,26
12,94,-66,20
14,92,-88,22
8,78,-70,10
2,74,-58,4
2,88,-50,24
-12,72,-70,10
-10,114,-62,42
-4,96,-38,32
4,90,-68,46
-12,106,-76,34
-28,84,-94,24
4,74,-58,42
-6,76,-58,40
-26,100,-70,26
8,90,-62,10
-12,78,-72,22
12,88,-88,24
2,86,-74,14
-6,94,-68,34
-2,88,-58,10
-14,92,-86,12
2,102,-84,34
-16,72,-70,34
-20,98,-48,34
0,76,-38,40
-2,108,-62,48
-4,80,-64,28
-8,80,-54,22
16,84,-70,32
12,88,-80,34
0,110,-70,24
-6,102,-72,20
-2,78,-54,16
0,94,-40,20
2,110,-76,48
16,96,-64,50
10,96,-38,28
-2,84,-56,34
-8,98,-72,40
-2,84,-50,28
0,72,-70,26
14,98,-68,22
-14,74,-56,16
-8,72,-64,12
2,112,-58,6
-8,98,-76,34
-14,112,-50,30
0,94,-78,16
0,92,-84,20
-32,106,-58,12
-20,94,-68,4
6,80,-78,34
-8,78,-48,36
-26,84,-64,34
-2,98,-58,34
-8,102,-70,34
-10,88,-78,28
-6,84,-48,30
-16,72,-80,16
18,84,-66,26
-4,94,-74,28
-10,94,-68,-4
-24,104,-60,22
-12,92,-82,10
-12,62,-66,4
-14,98,-66,28
-20,84,-82,20
-16,90,-64,8
10,72,-52,36
-2,78,-66,12
-4,80,-60,20
-28,88,-82,20
4,90,-60,24
-8,90,-76,12
-22,86,-76,58
-12,82,-82,24
6,90,-82,2
-18,96,-88,26
-8,86,-80,32
0,112,-50,-8
-8,100,-60,48
-18,88,-60,16
6,102,-56,36
-10,94,-54,24
4,84,-74,46
8,86,-68,24
8,92,-72,28
0,90,-78,54
-20,96,-64,26
-20,84,-78,24
8,96,-78,26
-6,90,-74,46
-6,80,-68,40
2,96,-54,10
2,90,-60,26
-24,74,-70,36
-28,78,-56,42
-18,70,-48,14
2,90,-80,12
14,76,-64,24
-24,80,-78,10
-32,84,-56,10
-20,76,-106,58
-8,96,-76,22
2,74,-82,38
-12,102,-72,86
-8,80,-64,42
8,98,-90,74
6,90,-76,66
-22,70,-70,112
-2,98,-58,74
-4,68,-84,122
2,92,-72,124
-4,100,-80,94
-2,76,-62,126
-8,74,-64,136
2,92,-48,116
14,88,-52,116
4,82,-62,100
-16,110,-56,82
14,84,-66,120
-4,84,-62,122
0,126,-58,124
14,112,-72,130
-10,94,-76,96
6,76,-66,122
-14,84,-72,134
-22,118,-76,94
4,98,-80,152
10,76,-64,102
8,58,-72,108
-20,96,-60,140
-12,80,-80,110
-24,100,-64,130
-20,80,-60,112
2,82,-60,116
0,86,-80,100
10,86,-64,82
4,78,-70,72
-10,92,-88,94
2,94,-80,120
-8,76,-66,82
-6,82,-76,80
-16,82,-78,76
-8,50,-68,66
12,88,-70,112
-8,78,-86,56
-6,76,-82,78
-12,96,-78,76
2,100,-70,86
-16,76,-48,98
-4,74,-84,80
-2,66,-86,76
-2,74,-78,70
-24,82,-76,90
-24,78,-82,80
-28,76,-68,78
-2,98,-76,108
-12,82,-78,54
-10,88,-80,62
18,74,-70,54
2,82,-60,30
8,84,-98,58
-10,108,-82,22
-8,92,-86,46
-24,82,-94,62
-28,84,-76,70
-12,106,-50,40
-16,80,-54,28
-18,96,-82,60
0,78,-44,44
-36,80,-78,44
-10,94,-86,52
-36,84,-64,26
-24,84,-98,34
-26,90,-78,14
-16,90,-82,58
-28,70,-72,62
-32,90,-74,62
-24,78,-86,24
-12,78,-64,34
-14,44,-102,6
-32,62,-70,28
-22,78,-72,70
-10,88,-98,12
-30,72,-90,24
2,80,-76,36
-36,84,-76,42
-30,74,-82,18
-22,80,-82,22
-18,68,-90,8
-32,68,-92,16
-32,74,-70,-6
-34,74,-94,44
-10,82,-80,16
-32,88,-100,4
-26,88,-64,26
-30,92,-92,0
-12,74,-82,16
-10,94,-70,26
-20,78,-94,4
-28,82,-76,16
-16,76,-70,8
0,88,-86,42
-14,70,-80,16
-24,84,-82,24
-18,66,-108,0
-24,84,-78,36
-40,82,-62,22
-16,90,-104,-12
-14,100,-102,72
-16,94,-80,2
-26,88,-80,40
-40,52,-64,8
-20,92,-80,28
-50,68,-78,58
-42,86,-114,16
-8,74,-78,72
-38,70,-74,-26
-14,72,-78,42
-10,90,-94,42
-30,96,-78,20
-18,78,-90,-26
-32,76,-68,10
-32,94,-84,12
-24,108,-70,22
-38,92,-82,2
-12,94,-72,-6
-20,74,-68,0
-28,82,-84,0
-34,64,-82,50
-12,96,-88,10
-26,80,-72,44
4,98,-84,14
-34,82,-76,32
-18,92,-96,34
-36,96,-84,18
-48,72,-82,30
-6,98,-68,28
-44,98,-44,-4
-14,84,-66,40
-10,94,-62,-16
-16,70,-72,-18
-24,84,-66,-14
-22,76,-84,2
-20,86,-82,10
-38,70,-82,24
-32,76,-64,20
0,64,-72,20
-28,84,-64,6
-10,104,-58,8
-42,96,-74,16
-24,82,-52,18
-22,98,-70,16
-16,76,-74,14
-18,74,-80,0
-42,86,-94,20
-24,70,-88,14
-16,88,-62,70
-18,88,-68,-32
-16,76,-80,74
-6,74,-60,-14
-36,88,-86,16
-12,78,-84,4
-30,98,-54,24
-24,98,-62,-20
-14,96,-84,64
-18,74,-72,-54
-18,108,-68,34
-6,100,-76,84
-24,80,-72,-20
-10,104,-90,44
-56,102,-96,-2
-30,72,-84,-6
-40,82,-92,-12
-14,112,-58,-10
-24,72,-58,34
-34,48,-78,-2
-34,80,-104,-28
-20,68,-92,46
-14,88,-80,-48
-34,68,-86,-6
-22,64,-64,-30
-38,86,-82,34
-44,82,-84,4
-36,94,-80,-6
-32,70,-86,26
-36,64,-88,-18
-26,62,-80,-6
-14,76,-60,-38
-28,90,-66,32
-26,62,-90,-28
-12,74,-82,40
-22,80,-82,14
-52,66,-88,-20
-32,88,-90,58
-18,72,-90,-44
-20,66,-82,76
-38,76,-92,58
2,68,-80,-12
-34,82,-62,16
-24,82,-64,30
-18,92,-80,34
-44,56,-72,50
-20,80,-72,-8
-26,80,-80,38
-6,66,-84,22
-10,86,-70,28
-26,110,-92,-2
-28,58,-112,20
-40,76,-108,0
-18,104,-78,72
-22,78,-80,32
-36,80,-84,12
-8,66,-82,18
-6,94,-72,38
-14,90,-94,74
-34,76,-84,-46
-54,78,-78,60
-30,78,-78,-24
-24,72,-82,30
-44,76,-104,-32
-38,86,-68,50
-22,68,-72,58
-34,70,-88,-20
-14,74,-68,58
-38,58,-68,-28
-46,56,-72,40
-18,78,-82,4
-26,78,-58,70
-26,74,-94,6
-16,104,-80,24
-10,76,-70,12
-26,56,-78,2
-20,94,-96,32
-22,68,-86,6
-16,90,-104,-32
-16,58,-96,58
6,98,-74,50
-18,70,-88,32
-2,106,-78,82
-18,72,-60,4
0,62,-62,62
-22,60,-40,-6
-10,90,-74,66
-22,66,-86,34
-2,72,-86,62
0,54,-62,90
10,88,-86,-6
-16,86,-84,66
4,82,-88,-24
-10,74,-60,118
-20,100,-54,20
-2,106,-78,40
-4,84,-72,38
-24,70,-50,50
-14,80,-78,14
4,68,-64,102
-16,82,-74,68
-4,64,-58,64
8,100,-76,120
-2,94,-60,8
-24,88,-56,78
-14,72,-70,104
-22,78,-70,64
-8,106,-62,72
-28,96,-80,102
-32,100,-72,12
0,86,-82,90
-16,84,-52,10
-2,86,-70,130
14,96,-62,4
10,66,-66,98
-4,96,-62,140
-20,84,-56,-30
-20,92,-70,76
-26,86,-78,140
14,88,-60,68
14,74,-54,56
0,76,-68,118
6,74,-56,-12
14,84,-74,140
10,82,-60,88
14,100,-66,70
-10,86,-60,130
14,112,-66,100
-28,94,-48,54
-8,100,-54,96
-2,92,-92,144
-4,68,-74,62
18,88,-64,130
24,106,-88,142
-2,100,-64,44
22,98,-62,166
-26,98,-72,26
10,102,-36,172
0,124,-56,114
14,128,-64,78
2,92,-50,110
10,112,-60,200
4,118,-60,38
-6,64,-68,204
24,82,-64,114
8,94,-48,88
10,88,-78,128
36,104,-58,136
24,108,-68,148
18,114,-84,96
8,94,-66,228
-12,94,-48,-14
26,94,-38,160
12,122,-60,124
14,78,-36,212
22,126,-58,202
32,90,-30,152
42,106,-58,92
36,56,-36,24
10,110,-52,352
10,70,-62,252
36,52,-56,44
18,110,-64,146
50,76,-56,168
10,128,-36,178
26,88,-60,168
18,96,-44,194
20,112,-34,124
48,98,-76,380
52,108,-66,-74
34,62,-16,240
2,98,-36,294
14,102,-34,76
50,80,-40,290
30,128,-62,172
58,104,-54,222
68,104,-54,168
44,98,-50,190
44,96,-56,86
12,72,-48,276
34,94,-30,196
18,92,-58,276
28,106,-52,290
38,56,-38,410
36,168,-66,-78
58,114,-60,302
56,128,-54,216
42,114,-52,276
72,60,-38,280
56,122,-46,296
50,56,-54,36
84,100,-46,366
32,102,-44,122
68,60,-36,260
72,106,-40,92
106,136,-60,80
16,88,-32,356
114,88,-48,370
50,116,-24,220
132,72,-50,560
70,118,-22,36
80,162,-32,250
72,60,-48,118
112,116,-34,412
88,70,-40,314
158,120,-34,364
98,90,-42,574
128,132,-26,144
104,128,-36,582
130,126,-30,286
126,98,-44,538
168,156,-38,390
106,164,-18,-6
152,134,6,212
152,152,2,514
138,120,-38,580
232,72,-42,-382
142,82,46,536
168,44,10,-256
186,104,-38,-90
222,180,-14,544
176,146,-30,270
96,70,-26,534
260,92,8,278
112,76,-16,298
222,130,0,426
198,164,-14,814
252,136,-42,184
222,96,52,468
232,48,-34,642
144,156,24,-112
292,144,-6,676
266,184,-24,316
162,56,-4,238
214,62,-24,276
110,164,42,-76
308,48,30,-276
206,110,-18,140
224,94,-30,222
256,180,-14,254
128,154,-62,14
250,96,-20,460
148,60,-68,-520
244,98,46,262
368,178,-18,98
228,74,-42,-72
260,120,2,-78
140,174,2,-300
294,80,12,322
194,74,78,68
248,32,32,-196
260,168,-34,-124
246,124,-26,46
258,92,28,-226
176,46,-20,22
230,128,-20,-288
206,80,-72,-78
190,130,-74,-94
148,74,0,-154
168,132,-62,-270
312,92,-70,-288
146,88,-58,-166
220,88,12,-250
178,96,-36,-318
180,92,-16,-154
190,70,-30,-224
184,52,-30,-248
184,118,4,-360
200,114,-24,-326
186,110,14,-328
146,80,-14,-196
178,86,-28,-338
208,140,0,-330
154,42,-24,-352
204,72,14,-380
164,42,-14,-318
174,124,-48,-418
158,98,14,-382
178,54,-30,-270
174,126,-32,-368
186,66,-40,-330
182,76,-40,-320
170,122,-18,-324
182,80,-38,-312
204,82,-16,-380
178,96,-26,-326
176,76,-14,-358
152,106,-10,-326
224,72,-24,-414
198,84,-16,-360
184,102,-44,-390
208,114,-30,-340
224,68,-52,-356
216,104,-6,-354
160,88,0,-392
188,56,-18,-358
182,96,-20,-370
202,74,-6,-368
216,94,-56,-402
180,92,2,-362
200,94,-18,-368
192,104,-24,-344
200,64,-4,-396
200,114,-16,-374
194,108,-16,-332
200,72,-50,-394
198,100,-30,-428
178,62,-30,-438
194,68,-24,-470
210,84,-44,-406
212,76,-46,-486
220,76,-36,-472
216,106,-32,-480
198,84,-34,-470
202,88,-36,-446
214,120,-26,-486
210,72,-36,-460
222,62,-32,-468
206,86,-18,-502
228,90,-24,-462
180,82,-16,-500
224,90,4,-524
222,68,-22,-454
200,66,-26,-550
196,76,-10,-546
216,56,-38,-510
244,94,-36,-520
206,114,-10,-542
206,78,-22,-512
190,68,-14,-504
218,82,-2,-546
164,72,-16,-592
190,74,-12,-540
188,76,-28,-548
202,70,-26,-540
202,68,-28,-526
188,70,-56,-584
186,60,-30,-630
178,72,-38,-646
164,84,-4,-572
206,64,-44,-574
192,72,-60,-574
188,78,-40,-546
168,86,-38,-602
178,98,-24,-562
138,72,-24,-550
144,78,-38,-548
180,76,-16,-556
160,82,-42,-586
170,106,-38,-624
186,48,-20,-596
140,90,-60,-688
178,58,-42,-538
178,72,-32,-656
160,50,-44,-564
148,68,-44,-680
138,92,-44,-534
142,56,-26,-530
120,70,-46,-656
104,58,-8,-500
172,52,-54,-864
144,64,-64,-646
136,68,-86,-730
106,64,-64,-514
130,72,-90,-734
122,46,-60,-574
114,36,-54,-356
110,76,-60,-928
78,86,-40,-542
114,6,-46,-414
52,18,-98,-538
-104,32,-76,-772
-16,68,-70,-774
-96,28,-70,-972
-48,100,-84,-416
86,98,-110,-434
120,38,-102,-524
-8,56,-106,-756
38,2,-26,-964
76,64,-12,-600
80,86,-64,-1002
70,22,-74,-940
82,-24,-84,-664
4,54,-74,-1310
86,94,-54,-1668
126,26,-48,1588
228,40,-148,-2256
264,32,-108,1552
-90,24,-78,-2016
-44,28,-132,1518
-680,96,-66,1372
-658,-8,22,834
-1746,114,-98,-2868
-642,28,148,1346
-20,-524,-630,1582
-232,16,-920,-3660
1402,410,-124,-3878
-294,-620,-478,-1786
210,540,-908,2160
158,6,172,814
-1376,622,-74,2254
-1312,168,248,338
-1922,198,936,1984
-1132,-838,56,798
216,-36,6,-62
1188,-346,28,-2466
2236,-1152,-882,-2354
1556,354,-1870,-2762
1382,-256,-1360,-2634
322,612,-1060,-938
-838,1222,-114,668
-1588,1154,602,1394
-1294,640,1616,1992
-1646,832,1718,3338
-1112,-242,1538,1402
-226,-882,466,1412
-264,-718,-478,-1350
612,-460,-502,-1526
568,-770,-1526,-2436
656,-406,-1712,-2220
538,378,-1246,-1096
202,878,-876,-666
-184,1026,-92,236
-1194,1114,496,1004
-1282,214,966,1496
-1226,184,1200,992
-1258,-374,1422,970
-394,-694,684,342
-70,-682,44,-86
212,-386,-1110,-776
220,-460,-1556,-860
424,186,-1632,-1316
130,242,-1336,-1070
-96,352,-564,-1046
-22,442,-78,-174
-544,664,600,242
-514,448,874,370
-544,210,714,536
-636,140,400,494
-500,-200,234,154
-490,-358,-256,66
-164,-316,-380,-280
12,-396,-626,-358
44,-142,-846,-742
-90,108,-730,-672
106,218,-674,-584
-66,262,-348,-428
-204,378,-20,-58
-260,260,288,50
-380,164,310,320
-364,38,404,348
-402,-128,148,280
-208,-198,-46,216
-264,-52,-234,-136
-144,-128,-398,-214
-2,-80,-468,-226
-60,-72,-436,-236
-14,142,-330,-276
-20,138,-360,-130
28,168,50,94
-30,284,-34,-18
-110,270,56,328
-172,66,242,252
-294,52,116,230
-268,48,76,266
-302,-152,4,136
-214,-80,-162,100
-82,18,-406,-114
-4,44,-372,-20
10,140,-336,-110
126,118,-340,-138
-26,220,-168,-132
-30,222,12,244
-94,122,16,100
-208,150,126,146
-298,92,154,302
-352,46,52,222
-266,88,-20,86
-242,14,-186,142
-132,-28,-236,50
-62,-38,-302,-78
6,64,-348,-2
16,198,-240,-62
4,110,-114,-56
-52,186,-82,20
-160,180,-10,52
-230,146,68,28
-224,146,74,120
-236,-36,6,20
-210,-38,-22,36
-184,-40,-164,-14
-126,-30,-180,-80
-22,42,-246,-88
-68,122,-276,-52
-48,140,-198,-40
-52,230,-180,56
-132,146,-10,-68
-170,148,12,-26
-148,154,40,-56
-196,60,46,-88
-196,0,-20,-92
-150,22,-66,-98
-160,6,-178,-106
-136,20,-206,-78
-78,76,-214,-64
-50,96,-224,-80
-84,148,-176,-2
-94,188,-124,8
-104,134,-46,-50
-170,124,16,-46
-202,76,46,-24
-206,46,-24,-72
-220,-6,-80,-124
-216,20,-78,-130
-158,54,-194,-206
-100,74,-222,-150
-56,144,-200,-144
-44,154,-216,-52
-108,176,-120,18
-122,156,-66,32
-152,150,-62,66
-178,110,0,24
-212,-24,34,-28
-212,4,-40,-66
-206,22,-52,-68
-138,22,-142,-142
-124,64,-172,-156
-104,152,-202,-64
-90,148,-178,-32
-102,178,-154,48
-90,138,-72,118
-142,166,-64,2
-152,124,2,26
-182,50,-30,36
-208,60,-34,20
-184,32,-106,4
-142,20,-108,-38
-128,50,-172,-70
-80,68,-178,10
-80,70,-186,64
-70,148,-134,-24
-106,170,-116,166
-114,112,-84,116
-162,128,-50,42
-192,90,-38,134
-184,94,-56,22
-188,88,-64,6
-138,108,-108,-24
-142,90,-130,-2
-64,114,-144,-30
-22,82,-98,26
-32,82,-144,-18
-66,86,-94,72
-108,98,-58,118
-110,112,-34,202
-150,116,-22,58
-156,138,-32,34
-162,130,-44,28
-118,140,-90,-18
-86,148,-76,50
-60,98,-118,-30
-14,100,-94,10
-6,72,-146,22
-96,84,-112,110
-76,74,-74,20
-108,104,-84,66
-162,106,-78,144
-132,106,-48,52
-96,146,-30,66
-116,134,-28,40
-78,150,-42,-2
-52,140,-48,62
-46,120,-76,-30
-40,96,-76,8
-76,76,-112,66
-58,74,-96,12
-72,88,-90,60
-64,114,-62,0
-56,96,-68,6
-78,126,-50,34
-60,150,-36,66
-62,174,-38,32
-88,160,-38,102
-60,128,-52,64
-60,114,-34,104
-66,84,-56,84
-52,52,-86,6
-50,92,-86,98
-50,72,-86,26
-36,82,-126,58
-42,106,-82,12
-74,122,-72,98
-70,116,-28,30
-52,166,-62,-18
-74,148,-38,94
-66,106,-68,8
-80,116,-56,-26
-70,82,-88,44
-42,68,-78,0
-34,74,-90,46
-48,104,-94,-56
-50,82,-84,70
-30,104,-78,26
-32,110,-44,-42
-2,108,-64,16
-16,88,-68,-58
-32,110,-30,-12
-30,110,-72,-22
-34,106,-82,36
-62,118,-76,-30
-58,96,-84,20
-32,84,-74,26
-16,90,-72,-10
-8,102,-70,76
-16,88,-66,-94
-36,76,-66,46
-38,92,-50,14
-52,88,-62,-28
-20,86,-76,-12
-44,96,-60,-46
-26,112,-58,-10
-46,114,-70,-62
-32,114,-58,-24
-6,74,-50,-48
-4,94,-64,-2
-18,100,-58,-26
-44,96,-66,6
-44,86,-68,-22
-22,82,-54,-50
-32,100,-62,-6
-52,88,-34,-8
-2,114,-74,-24
-32,98,-48,-30
-26,98,-68,-20
-16,98,-90,0
-22,122,-40,-40
-54,86,-26,34
-36,78,-60,-12
-26,94,-68,16
-14,72,-62,8
-8,112,-64,-26
-18,82,-86,32
-8,102,-18,-12
-36,116,-32,4
-38,130,-56,8
-40,106,-26,56
-20,90,-60,32
-16,82,-46,38
-30,70,-82,14
-32,70,-48,-20
-28,80,-72,68
-34,84,-50,-20
-12,94,-72,-4
-28,66,-48,28
-32,132,-56,16
-30,128,-40,12
-44,102,-76,4
-22,116,-68,46
-34,80,-90,22
-18,92,-64,16
-40,80,-48,40
-64,102,-72,78
-68,76,-64,46
-54,100,-40,32
-44,118,-82,66
-18,114,-38,8
34,124,-66,22
26,116,-28,24
8,68,-86,52
-16,86,-72,20
-28,64,-68,-10
-52,68,-48,70
-34,72,-36,-26
-58,96,-60,46
-40,96,-48,34
-18,114,-26,50
-14,116,-58,-18
10,102,-64,-28
8,70,-62,-6
0,110,-78,8
-32,92,-86,-26
-38,74,-78,6
-46,66,-100,-18
-60,64,-42,18
-34,60,-66,26
-44,92,-52,24
-22,64,-64,-14
-2,90,-70,-12
-30,108,-76,-16
-18,84,-94,6
-16,92,-84,2
-46,64,-96,-2
-62,88,-62,-36
-30,62,-36,4
-64,82,-68,-2
-56,66,-48,-24
-52,74,-38,-4
-48,108,-48,-58
-24,76,-28,-46
-14,116,-48,10
6,110,-76,0
10,98,-60,-2
-32,120,-84,8
-20,88,-60,10
-10,116,-124,4
-56,58,-100,60
-48,96,-96,-20
-62,84,-68,-62
-66,52,-84,56
-64,64,-52,-4
-60,64,-64,-36
-22,92,-38,38
-52,100,-24,-6
-22,112,-86,16
-52,98,-76,28
-34,48,-98,10
-16,54,-92,-32
-88,76,-104,-10
-76,80,-114,-6
-72,70,-110,26
-84,78,-60,40
-30,88,-56,36
-62,80,-52,8
-64,102,-74,28
-18,102,-56,32
-20,100,-54,12
-30,90,-42,34
-28,104,-74,2
-22,82,-86,18
-44,100,-76,-6
-52,108,-102,38
-62,92,-114,14
-58,94,-88,12
-42,82,-68,26
-44,86,-54,16
-54,84,-68,-12
-58,88,-58,16
-64,76,-62,16
-20,100,-72,28
-24,92,-64,46
-38,104,-84,32
-66,100,-60,12
-34,62,-76,4
-60,72,-80,26
-64,60,-86,0
-50,76,-76,18
-68,88,-66,6
-42,112,-88,34
-62,94,-62,40
-46,124,-64,-12
-34,104,-62,28
-64,122,-48,34
-44,86,-80,44
-60,100,-86,30
-44,94,-86,2
-54,96,-84,24
-46,94,-94,12
-54,96,-98,6
-30,80,-90,-6
-66,86,-90,26
-58,96,-74,28
-42,90,-84,4
-68,84,-26,36
-58,86,-44,32
-72,92,-46,30
-30,76,-46,38
-84,70,-60,-12
-56,62,-82,14
-52,78,-76,46
-42,76,-70,58
-46,120,-98,12
-50,104,-86,28
-50,88,-78,20
-66,66,-60,50
-54,82,-68,66
-66,102,-60,32
-74,58,-44,38
-56,88,-72,36
-52,100,-86,8
-72,116,-90,8
-16,88,-90,18
-52,98,-84,60
-30,86,-90,36
-30,74,-86,24
-44,88,-58,34
-48,92,-40,60
-78,102,-42,64
-76,106,-78,48
-68,100,-88,54
-60,104,-112,62
-46,140,-110,62
-24,98,-110,28
-26,100,-88,42
-12,96,-96,56
-26,90,-72,46
-32,84,-86,66
-64,70,-82,90
-96,100,-46,90
-84,54,-52,30
-82,104,-44,106
-62,124,-82,76
-46,122,-66,28
-48,138,-96,54
-26,126,-96,38
-38,90,-98,52
-40,90,-80,68
-10,72,-70,94
-36,76,-56,34
-62,74,-54,86
-26,78,-60,76
-40,110,-28,50
-52,112,-66,82
-36,120,-76,32
-74,134,-120,104
-34,112,-66,116
-22,106,-116,80
-38,92,-76,110
-18,64,-68,74
-28,56,-52,40
-38,74,-64,108
-50,52,-76,74
-40,86,-50,132
-70,96,-68,64
-60,124,-54,98
-64,142,-64,132
-68,150,-108,82
-48,118,-84,124
-32,116,-58,102
-58,90,-72,66
-36,76,-56,108
-6,94,-74,74
-50,90,-48,42
-18,118,-80,120
-26,92,-74,48
-36,122,-88,108
-6,114,-78,160
-42,138,-78,168
-44,116,-74,158
-24,94,-50,122
-28,100,-48,124
-18,74,-54,74
-74,72,-84,84
-34,84,-84,154
-36,96,-94,90
-38,106,-100,84
-16,130,-74,136
-22,114,-60,82
-38,112,-54,164
-50,114,-82,102
-64,90,-66,102
-70,98,-56,176
-68,88,-60,86
-52,84,-88,96
-40,92,-56,120
-44,66,-78,96
-14,106,-88,110
14,124,-78,110
-30,118,-70,102
-38,92,-68,84
-60,122,-50,166
-38,106,-36,116
-42,118,-46,62
-42,100,-70,86
-36,116,-66,116
-26,92,-72,102
-58,100,-84,144
-30,114,-88,126
-34,116,-94,122
-10,138,-106,160
-32,124,-88,202
-38,144,-48,122
-42,122,-76,110
-26,100,-26,72
-38,76,-40,86
-62,80,-72,128
-48,88,-76,96
-16,106,-76,164
-10,116,-110,122
-6,120,-98,202
-30,102,-96,156
-12,82,-58,114
-34,84,-74,140
-36,98,-72,148
-40,104,-42,116
-44,96,-72,102
-44,118,-50,164
-48,86,-72,88
-18,124,-80,146
-28,134,-62,142
-14,102,-90,148
-22,118,-72,108
-16,106,-92,168
-2,106,-72,192
-26,90,-80,40
-34,96,-70,156
-18,108,-48,208
-36,118,-26,154
-16,104,-48,198
-24,100,-52,170
0,96,-52,140
-12,112,-52,120
-26,132,-74,114
-38,124,-78,146
-34,98,-46,58
-16,126,-82,182
-8,82,-76,178
-12,114,-100,168
-18,90,-64,130
2,92,-32,176
-14,98,-54,118
4,90,-56,130
-6,126,-60,124
-20,120,-38,108
-26,116,-64,184
-10,118,-50,162
-12,88,-76,140
-28,82,-70,162
-14,106,-78,192
-2,100,-56,142
-8,116,-62,130
-34,120,-64,158
-4,122,-62,100
-6,124,-78,136
8,100,-86,190
-30,116,-78,186
8,102,-50,134
-2,86,-66,190
-12,94,-64,124
-32,110,-78,94
-4,96,-78,128
2,84,-54,122
8,104,-88,164
8,108,-64,136
4,96,-50,110
18,110,-62,154
8,124,-88,106
-6,98,-72,148
8,112,-64,182
-16,80,-84,116
-2,92,-50,174
-6,104,-58,172
0,66,-48,128
-4,94,-78,154
-12,88,-60,174
0,118,-72,190
-12,112,-84,154
-2,106,-84,144
2,122,-86,184
10,98,-48,206
14,86,-38,182
-6,74,-66,156
-18,92,-60,196
-16,116,-64,110
24,102,-64,114
14,104,-66,162
12,116,-100,192
32,118,-84,176
4,126,-88,138
6,100,-68,170
6,94,-50,142
-10,84,-62,144
10,48,-52,166
-24,98,-46,162
-22,80,-62,154
-6,94,-62,152
-6,118,-70,154
32,104,-74,150
20,98,-70,156
36,96,-64,148
14,124,-90,204
18,82,-42,206
0,92,-50,204
22,76,-70,206
-4,106,-62,164
16,98,-48,166
30,86,-52,188
14,110,-52,168
54,96,-44,180
46,120,-62,212
22,110,-40,196
28,96,-44,166
40,86,-18,154
32,108,-34,198
20,112,-72,206
36,114,-68,186
40,104,-42,188
30,120,-56,182
26,104,-74,190
42,104,-68,152
22,110,-42,228
2,96,-28,236
20,108,-62,182
2,108,-54,164
48,106,-66,190
42,110,-46,224
46,122,-56,192
40,122,-60,190
44,132,-36,204
34,114,-48,212
50,100,-52,182
24,124,-48,190
36,122,-62,198
20,86,-48,176
26,90,-44,246
40,102,-50,230
38,82,-44,218
42,106,-40,194
46,126,-30,228
38,124,-36,184
48,136,-52,220
34,132,-58,174
48,106,-58,184
46,120,-68,192
34,100,-72,216
14,108,-62,234
52,92,-46,254
32,94,-34,220
48,116,-24,210
56,120,-26,236
60,116,-26,230
36,118,-44,194
44,140,-44,210
28,116,-20,188
36,120,-22,178
42,114,-40,202
32,90,-40,184
66,100,-60,232
66,116,-42,242
48,110,-72,224
44,134,-52,238
62,128,-46,226
70,116,-38,220
28,118,-30,250
34,118,-18,200
38,88,-42,220
58,104,-64,208
38,126,-38,212
54,102,-46,226
38,94,-68,206
46,122,-70,224
58,94,-66,236
48,120,-78,238
64,130,-40,248
38,118,-50,232
36,112,-54,218
60,126,-48,204
22,136,-54,220
44,122,-28,210
48,108,-46,216
60,100,-42,232
42,112,-66,228
54,108,-34,230
66,130,-50,218
68,118,-54,228
42,116,-22,246
36,116,-40,230
44,118,-18,222
26,108,-64,222
42,108,-24,208
36,108,-42,230
34,126,-48,220
48,106,-44,188
74,92,-60,232
56,120,-66,212
58,126,-78,242
46,132,-64,238
50,108,-86,228
38,106,-66,242
54,126,-62,240
48,110,-52,254
44,108,-22,220
42,92,-26,220
60,108,-20,230
30,96,-46,210
46,104,-56,228
62,122,-44,188
20,106,-58,220
48,116,-58,200
48,110,-40,216
54,124,-46,230
36,118,-60,238
36,122,-32,242
42,120,-32,228
58,114,-34,224
58,98,-58,246
48,84,-4,216
24,104,-50,238
46,90,-58,244
44,114,-52,234
32,104,-56,236
42,118,-52,204
70,140,-42,224
44,118,-58,222
38,112,-66,224
40,122,-58,216
42,124,-46,230
16,106,-36,226
34,96,-32,232
30,104,-40,236
50,124,-34,210
66,84,-40,218
46,114,-24,244
50,104,-24,246
56,114,-46,230
76,124,-32,230
78,140,-28,202
74,138,-34,202
56,144,-30,208
58,118,-26,206
28,132,-42,238
74,100,-46,246
50,110,-38,230
36,98,-26,218
36,78,-26,230
64,120,-50,226
62,118,-24,216
40,102,-62,198
60,120,-44,204
60,124,-22,208
30,124,-44,186
50,114,-46,226
24,94,-22,198
30,116,-26,240
52,118,-26,220
24,118,-50,216
34,100,-58,220
34,106,-26,240
64,124,-46,210
58,110,-68,186
50,122,-62,224
46,92,-64,230
50,110,-54,204
64,94,-46,216
54,120,-40,214
64,136,-54,228
46,116,-38,212
36,116,-48,212
52,108,-42,216
80,138,-22,218
46,122,-52,218
78,116,-34,250
50,92,-48,226
40,106,-26,216
62,120,-34,202
50,110,-36,218
42,140,-32,214
62,110,-14,234
64,122,-14,202
48,108,-36,230
50,104,-52,202
66,122,-42,214
36,98,-56,228
52,102,-50,222
58,102,-34,218
42,106,-42,202
68,100,-60,214
60,96,-26,206
44,110,-40,196
18,128,-28,206
44,114,-32,206
50,124,-42,204
44,108,-20,192
72,100,-38,176
48,112,-26,214
40,102,-46,194
30,140,-52,196
26,112,-56,204
22,112,-50,184
36,110,-22,218
38,114,-42,186
66,104,-38,194
70,112,-18,186
44,116,-30,188
50,104,-48,204
32,118,-38,210
58,122,-32,196
48,124,-66,216
40,138,-56,206
54,104,-56,212
60,96,-40,204
36,132,-34,214
40,120,-48,182
34,128,-48,188
64,96,-32,190
46,96,-48,192
50,96,-2,192
38,118,-42,180
58,60,-26,196
40,134,-40,192
32,110,-44,212
0,118,-42,206
30,128,-38,212
34,130,-40,200
42,104,-56,190
26,128,-42,202
52,128,-56,196
52,114,-54,186
50,84,-60,184
42,98,-56,202
46,100,-62,206
22,88,-18,184
16,108,-52,194
40,106,-28,198
40,112,-70,198
14,108,-42,184
18,134,-44,190
20,100,-32,170
24,98,-28,200
48,102,-38,210
38,108,-38,212
34,98,-48,222
36,136,-60,180
28,132,-58,192
52,102,-44,172
42,132,-34,192
44,112,-50,198
46,90,-28,214
26,134,-34,204
40,106,-48,204
48,98,-38,188
50,110,-52,184
32,104,-78,194
54,116,-62,160
28,76,-74,184
44,106,-36,158
42,138,-52,172
40,114,-32,204
34,104,-50,164
-14,124,-36,174
22,116,-58,180
16,118,-60,180
12,108,-58,174
16,120,-56,200
38,116,-48,162
22,114,-46,152
30,92,-34,176
30,96,-38,178
4,82,-34,154
32,112,-48,168
20,124,-42,218
24,114,-58,166
30,102,-64,178
24,106,-38,166
12,92,-64,182
32,106,-52,174
30,106,-58,162
26,116,-74,166
42,98,-50,170
52,114,-60,158
22,102,-36,178
36,86,-50,172
18,100,-38,170
12,136,-14,166
44,130,-26,180
26,120,-30,150
18,98,-40,172
10,116,-68,170
22,116,-64,168
30,96,-60,194
36,94,-58,166
24,96,-66,166
32,114,-36,168
24,86,-26,154
20,116,-44,148
10,110,-42,142
18,100,-46,156
-6,112,-50,144
32,110,-48,160
4,110,-58,172
24,114,-58,166
16,98,-44,184
10,112,-48,166
22,76,-74,146
36,106,-56,168
4,112,-48,162
20,104,-24,170
-2,108,-46,168
30,100,-28,152
28,120,-56,144
6,108,-66,164
30,106,-66,154
20,108,-68,162
46,86,-82,134
20,114,-60,164
12,108,-52,178
-8,96,-42,168
2,112,-46,150
-34,94,-30,142
-12,94,-48,180
8,98,-42,150
20,88,-54,172
36,90,-30,146
26,104,-86,162
34,120,-68,154
16,100,-74,136
38,128,-54,130
10,120,-70,142
-10,112,-46,152
14,102,-32,166
8,104,-72,140
-4,84,-50,158
10,84,-36,160
16,102,-42,140
18,118,-60,170
2,86,-52,136
2,114,-42,146
4,96,-38,152
4,98,-72,142
34,110,-64,128
-4,90,-70,142
12,116,-68,152
14,106,-64,140
10,104,-66,148
6,106,-56,144
10,86,-50,160
14,102,-60,146
34,70,-46,148
-2,96,-48,144
16,118,-84,160
4,122,-64,156
-2,104,-82,152
8,108,-70,186
8,84,-58,138
16,86,-58,130
6,104,-68,134
24,116,-40,146
14,112,-54,122
10,116,-50,128
20,96,-80,138
8,86,-58,118
4,94,-44,164
22,88,-76,136
4,86,-84,150
-2,68,-68,128
-4,82,-44,146
14,106,-68,148
28,106,-74,114
2,88,-62,140
18,100,-42,118
26,102,-46,162
22,126,-70,140
2,112,-44,138
4,112,-56,152
-22,98,-78,154
-6,78,-78,154
-2,104,-76,156
16,64,-60,146
18,86,-72,114
-2,106,-60,106
2,98,-66,132
8,108,-44,132
4,104,-56,136
32,94,-64,152
-4,116,-50,148
0,110,-42,152
-22,96,-64,142
12,94,-72,156
-4,100,-44,132
6,106,-78,132
4,92,-44,142
-4,88,-54,146
0,78,-46,130
22,88,-66,142
28,112,-58,160
-6,126,-36,160
26,94,-66,154
12,98,-44,118
18,96,-70,122
2,96,-56,136
10,104,-76,138
24,88,-94,132
-12,90,-88,148
-20,86,-52,134
14,106,-48,146
2,114,-48,142
20,94,-34,128
8,102,-46,112
6,76,-38,124
6,100,-42,152
10,122,-34,134
4,128,-64,124
10,118,-42,136
4,98,-48,126
24,102,-54,130
4,92,-60,134
6,112,-40,142
8,120,-58,136
24,106,-58,152
4,112,-68,148
0,78,-36,140
12,96,-72,148
-4,90,-48,132
4,96,-76,142
32,132,-68,118
6,122,-68,138
0,114,-82,116
10,90,-64,154
12,102,-52,100
16,96,-44,110
8,94,-48,132
-4,96,-66,132
-10,114,-56,138
24,106,-82,134
18,114,-58,146
12,120,-52,150
6,80,-64,152
6,98,-70,138
12,120,-58,134
0,132,-46,122
20,112,-36,116
-10,94,-52,124
30,130,-48,116
-4,88,-46,114
24,96,-28,140
18,96,-64,124
12,84,-64,156
40,114,-54,108
4,84,-84,106
12,68,-64,122
18,104,-62,150
-14,112,-52,134
10,98,-52,128
6,122,-80,122
-10,96,-40,112
8,110,-48,120
8,100,-48,106
-8,92,-70,124
-12,88,-62,122
4,80,-62,106
-2,88,-68,140
24,100,-58,148
24,108,-88,122
16,98,-62,138
-2,124,-56,100
10,114,-42,118
0,102,-50,118
8,106,-74,118
24,84,-50,124
8,106,-58,116
10,92,-72,122
16,96,-48,128
20,130,-62,126
20,100,-56,112
30,100,-64,144
20,110,-50,108
20,98,-56,104
24,94,-52,126
12,92,-48,112
-6,102,-48,114
20,112,-40,130
14,98,-38,120
4,90,-54,128
22,78,-34,142
22,92,-60,100
10,112,-56,128
14,100,-38,138
26,130,-78,136
12,100,-34,138
28,102,-86,116
6,106,-44,124
24,102,-34,118
-12,96,-52,120
26,92,-34,124
12,116,-30,108
16,106,-44,124
40,96,-60,124
36,88,-64,124
6,112,-40,122
-6,92,-46,134
-4,88,-68,150
30,106,-44,106
0,100,-36,110
8,90,-52,116
34,74,-54,102
6,94,-56,126
18,102,-40,130
18,124,-52,102
8,112,-44,130
2,128,-54,138
12,104,-56,136
20,120,-54,136
4,96,-52,150
16,108,-52,140
10,92,-66,116
0,124,-64,100
36,102,-62,114
10,96,-64,96
36,102,-56,114
12,102,-46,130
16,108,-56,88
22,100,-42,130
24,114,-62,114
24,90,-54,146
20,116,-44,142
-10,118,-44,148
4,132,-28,136
20,88,-72,134
4,94,-54,102
28,96,-56,118
38,96,-58,100
34,94,-52,110
24,88,-64,124
32,100,-48,122
28,106,-42,106
8,116,-38,120
18,102,-24,136
26,122,-36,118
34,108,-46,126
16,102,-52,126
18,118,-74,128
16,114,-48,114
56,106,-54,114
6,112,-72,118
12,98,-70,106
2,110,-60,114
12,110,-66,120
14,96,-42,122
20,92,-56,130
4,84,-42,110
2,102,-54,118
-6,122,-50,132
12,112,-68,110
-16,108,-80,110
26,100,-66,122
18,114,-76,154
8,102,-86,112
30,92,-54,116
8,104,-68,122
2,96,-64,108
30,98,-20,126
-2,108,-50,94
0,98,-60,118
12,92,-54,132
42,114,-40,112
12,96,-60,138
18,112,-56,102
24,116,-48,126
6,90,-66,110
16,104,-74,86
0,122,-48,108
6,106,-82,122
8,110,-74,96
6,100,-66,120
-2,86,-48,118
16,90,-66,114
14,84,-48,122
16,116,-56,130
12,92,-58,116
4,80,-64,118
2,124,-58,110
22,102,-70,122
28,86,-58,124
10,100,-50,124
18,130,-48,104
0,88,-74,106
2,98,-76,112
2,104,-52,112
0,84,-76,102
14,94,-50,108
0,110,-54,122
-10,114,-50,106
-4,114,-56,106
6,100,-52,104
18,92,-62,108
18,110,-74,118
20,104,-72,124
10,104,-76,114
4,108,-66,112
20,110,-68,128
2,102,-62,96
2,84,-74,80
22,76,-56,94
6,98,-40,114
14,62,-60,112
22,96,-74,114
12,94,-80,126
14,94,-70,122
16,112,-62,90
-2,108,-46,86
20,120,-82,112
0,128,-60,88
12,90,-70,122
10,74,-60,120
12,90,-64,84
-4,78,-54,94
-8,86,-60,100
4,92,-52,128
4,66,-48,92
0,104,-54,104
8,108,-86,102
18,108,-68,102
18,86,-66,114
2,94,-60,110
18,104,-78,106
-10,108,-62,98
12,94,-84,130
40,78,-54,110
22,108,-76,92
22,80,-44,106
-2,110,-54,124
32,84,-60,86
4,86,-66,98
20,78,-46,124
4,96,-46,108
26,130,-50,104
38,102,-46,92
-6,116,-80,112
16,84,-60,108
12,94,-56,88
22,86,-60,94
16,94,-74,80
0,88,-68,112
28,70,-58,110
18,84,-50,118
-16,92,-56,86
-4,90,-32,92
-12,98,-52,94
0,98,-54,88
10,118,-60,116
20,112,-64,106
30,96,-62,88
24,88,-92,108
16,86,-84,120
14,92,-80,122
20,110,-50,114
8,98,-56,112
-2,108,-58,118
6,108,-52,104
14,132,-58,98
16,96,-74,98
6,102,-58,102
20,98,-72,108
18,96,-82,106
18,104,-74,106
-10,110,-80,116
4,100,-42,102
-4,114,-60,110
14,98,-70,96
-2,102,-28,106
4,96,-58,114
18,98,-64,110
10,66,-64,126
6,108,-44,98
16,82,-50,114
6,106,-64,108
32,80,-44,98
-2,90,-76,112
4,112,-66,104
24,120,-58,122
6,138,-68,120
0,104,-66,114
12,78,-56,114
-24,116,-56,106
6,102,-36,96
20,86,-60,102
10,102,-64,94
6,106,-52,98
22,102,-50,90
12,84,-52,104
8,92,-58,108
22,96,-68,116
6,88,-76,102
-10,98,-52,120
10,92,-58,102
-4,100,-72,84
2,118,-88,102
-24,114,-66,108
-14,90,-64,78
10,104,-58,88
22,98,-52,108
10,100,-40,104
24,86,-44,82
4,78,-42,100
-12,84,-56,90
18,100,-70,90
8,92,-72,78
-2,118,-78,100
0,100,-64,104
10,114,-72,114
10,112,-96,102
-14,114,-64,110
12,106,-60,100
10,98,-52,106
-14,110,-62,94
28,114,-52,102
16,100,-56,126
6,122,-40,120
10,94,-84,110
-6,92,-78,96
-8,88,-62,90
26,98,-58,112
6,98,-70,70
14,114,-74,104
-6,106,-88,82
6,90,-44,104
4,90,-72,92
-22,80,-54,104
8,98,-36,90
-8,72,-54,104
24,116,-66,108
10,112,-52,114
4,88,-64,102
-4,122,-76,98
6,118,-34,96
4,78,-52,94
-4,88,-62,108
-2,92,-60,82
-4,86,-70,106
18,76,-64,114
2,112,-54,78
-6,80,-58,90
6,92,-78,88
8,112,-84,90
2,82,-60,96
-10,100,-76,102
24,104,-84,76
14,106,-54,92
22,94,-90,90
4,94,-64,70
4,96,-78,76
-8,106,-74,88
-6,114,-44,78
20,134,-56,116
0,86,-60,124
20,102,-70,108
-6,92,-68,84
-26,104,-68,96
-4,110,-60,108
12,86,-46,116
-6,82,-44,104
14,96,-54,78
22,114,-62,94
8,68,-60,70
18,84,-62,88
-10,88,-50,94
4,98,-50,106
14,96,-52,98
4,104,-74,92
-4,84,-58,108
18,112,-58,88
22,98,-46,120
22,88,-76,88
18,92,-74,98
8,108,-58,86
36,100,-54,122
2,108,-76,64
6,106,-62,84
8,100,-46,84
8,96,-42,84
12,120,-72,90
20,120,-48,80
12,106,-52,80
8,92,-42,74
8,104,-42,92
26,92,-62,94
12,94,-58,84
26,96,-24,88
-14,90,-58,92
16,86,-64,110
16,106,-40,74
22,80,-60,94
0,90,-60,80
18,114,-58,64
-2,96,-58,62
6,80,-58,88
4,100,-58,68
2,114,-74,104
28,104,-58,96
10,76,-52,108
2,82,-76,82
16,86,-70,88
26,80,-70,86
12,124,-46,90
-8,94,-76,76
-8,104,-54,68
46,104,-62,92
22,106,-70,110
2,114,-80,62
22,98,-70,100
24,126,-52,104
8,120,-54,74
20,90,-46,88
-18,108,-64,100
-4,92,-40,86
16,112,-66,96
30,80,-58,82
24,82,-54,78
2,96,-52,102
18,114,-74,86
4,112,-46,82
0,102,-68,90
-4,102,-66,90
12,82,-58,72
14,94,-68,88
2,104,-68,90
-12,118,-60,108
6,108,-66,90
18,98,-68,84
12,92,-76,90
-4,96,-68,94
-16,84,-64,90
12,88,-84,76
16,92,-70,90
10,92,-46,96
-12,90,-54,92
16,74,-64,90
28,72,-66,80
10,90,-36,84
8,94,-62,100
6,106,-82,90
12,80,-72,92
-6,100,-60,82
34,90,-64,106
-4,102,-62,74
24,64,-76,82
12,86,-70,90
0,102,-66,110
-2,120,-60,82
24,112,-68,80
10,94,-90,98
16,94,-72,96
14,80,-44,82
14,106,-80,76
16,98,-92,74
20,82,-72,114
-16,94,-58,86
0,74,-60,86
-26,92,-70,72
20,74,-68,98
-2,90,-52,76
2,70,-90,74
12,110,-66,56
6,90,-64,46
10,80,-80,72
2,106,-50,60
4,98,-74,70
0,84,-68,84
-14,86,-64,74
4,100,-60,54
28,78,-64,78
-6,92,-70,42
2,84,-92,66
2,86,-40,58
-8,70,-88,88
-6,92,-82,98
-22,88,-70,96
18,82,-66,78
-10,112,-70,64
-6,74,-64,68
12,104,-62,46
0,92,-54,60
2,94,-82,76
10,86,-60,68
-6,96,-72,68
14,96,-80,64
8,88,-84,74
-24,76,-76,58
-8,86,-98,80
16,78,-74,70
-10,72,-68,76
12,74,-46,50
-8,86,-48,32
4,78,-86,64
8,76,-82,46
0,86,-80,56
2,70,-102,72
14,78,-84,48
-18,98,-66,74
-4,86,-72,74
-4,86,-80,66
-2,74,-62,18
-4,88,-52,28
0,88,-64,90
-22,78,-74,36
-22,60,-82,32
12,88,-80,36
6,54,-88,36
-14,78,-56,32
2,84,-102,48
36,90,-72,48
-6,76,-74,66
10,96,-86,66
-18,92,-64,18
-24,72,-90,52
-12,74,-78,26
-16,94,-68,2
34,88,-68,28
8,80,-90,50
18,84,-92,58
-10,70,-68,46
10,78,-80,42
-12,72,-88,58
-8,76,-78,30
6,58,-96,18
18,80,-62,68
34,64,-74,36
20,68,-84,66
-6,80,-92,46
-2,96,-90,58
-14,106,-84,54
-6,70,-50,46
-2,110,-70,22
10,90,-64,26
16,96,-76,32
10,92,-68,42
32,82,-90,30
30,52,-80,78
10,84,-74,92
-8,86,-98,48
6,96,-70,62
0,82,-78,72
-10,94,-74,54
-14,98,-68,52
-6,88,-64,48
-2,80,-70,52
8,60,-56,36
28,92,-70,72
32,74,-72,70
8,92,-62,52
-16,82,-34,72
-12,120,-54,72
0,102,-68,34
36,100,-90,26
18,94,-62,74
4,90,-64,46
14,102,-64,56
26,90,-78,58
12,88,-66,66
0,110,-80,62
-4,98,-60,32
12,68,-66,68
12,74,-62,60
-6,70,-72,18
-2,78,-60,64
0,84,-72,62
-10,88,-104,74
4,92,-56,56
16,96,-58,70
-14,90,-62,68
-14,78,-72,68
22,88,-64,86
0,88,-72,54
-2,96,-36,78
-16,102,-50,58
-6,78,-76,78
24,110,-60,56
6,108,-58,76
16,88,-86,34
26,104,-38,52
-4,112,-66,44
-14,84,-70,60
16,90,-82,80
18,84,-42,26
10,112,-66,74
4,120,-76,56
-22,106,-56,80
-4,96,-78,88
28,86,-62,36
10,100,-60,56
22,102,-66,62
50,112,-82,68
28,104,-90,74
40,86,-88,68
26,100,-94,76
18,72,-94,74
12,106,-62,54
8,110,-56,72
6,96,-64,48
-10,96,-46,50
12,106,-92,22
22,90,-48,88
0,92,-40,94
-14,92,-76,58
-8,106,-64,100
-8,74,-48,44
-14,96,-44,66
18,110,-50,30
0,86,-88,42
24,100,-66,38
-2,122,-64,44
8,100,-86,104
22,102,-64,62
30,86,-36,72
8,94,-56,94
6,88,-48,52
16,106,-48,36
6,108,-56,38
4,74,-92,44
-4,90,-50,62
2,70,-78,76
4,110,-92,54
2,90,-94,66
0,98,-68,64
8,98,-64,74
-4,106,-48,48
22,120,-84,58
36,86,-38,62
8,88,-56,40
22,90,-74,64
-4,88,-64,70
22,116,-82,84
-4,108,-68,88
-10,96,-54,56
-4,80,-78,58
22,104,-56,54
12,112,-58,78
6,112,-44,48
24,106,-56,66
-10,98,-56,78
0,102,-64,62
-2,80,-88,54
0,100,-68,80
10,76,-72,90
4,94,-60,64
-4,92,-80,52
-4,104,-82,78
46,92,-80,62
-6,98,-58,38
-2,122,-76,106
4,84,-62,60
-6,94,-70,52
8,94,-70,80
-8,100,-52,78
8,90,-78,72
18,90,-92,42
-10,72,-44,54
14,112,-58,62
-24,76,-74,78
-36,108,-42,74
2,94,-76,72
-6,102,-82,86
16,78,-62,44
16,116,-64,70
4,86,-104,62
-2,90,-80,70
-16,106,-80,88
0,94,-104,70
8,98,-64,46
-10,100,-48,46
-10,104,-78,66
4,94,-48,52
12,94,-48,54
-6,66,-72,64
8,68,-54,30
4,106,-66,52
16,82,-74,80
12,98,-78,66
10,88,-64,72
-22,82,-76,82
-22,80,-76,52
-10,96,-72,64
-6,98,-80,64
4,48,-70,86
0,104,-56,54
-2,94,-62,56
-6,90,-70,50
-6,82,-74,60
38,72,-64,30
18,88,-78,74
4,64,-100,50
14,100,-70,58
-4,84,-62,50
-2,94,-76,78
22,104,-66,52
-4,78,-74,70
-6,78,-64,52
18,84,-60,62
12,80,-76,52
12,92,-66,62
12,92,-64,80
-8,122,-46,36
4,80,-44,74
12,84,-56,84
-8,98,-44,84
-12,84,-78,48
-22,76,-68,42
-18,74,-60,76
-6,82,-70,54
24,88,-62,54
-10,104,-70,58
-22,114,-70,66
26,84,-78,70
14,128,-56,78
6,70,-82,76
-8,110,-64,38
-6,100,-44,64
22,84,-52,70
12,88,-78,70
12,98,-80,90
-20,94,-58,62
10,96,-62,106
-8,94,-80,78
10,106,-92,44
-16,98,-58,52
14,86,-32,20
-8,92,-72,52
18,104,-58,66
-10,90,-40,88
2,94,-44,58
-14,82,-82,50
-26,110,-80,76
2,112,-72,68
-8,82,-60,56
-2,92,-86,50
8,88,-74,72
10,100,-64,60
-12,104,-64,56
0,100,-48,36
12,92,-82,64
10,110,-70,48
-6,82,-64,92
36,88,-54,44
-4,82,-52,70
-18,102,-68,48
2,104,-64,56
0,118,-62,68
0,92,-58,62
-16,118,-70,44
-16,90,-78,50
8,96,-76,42
22,80,-70,50
8,84,-56,74
4,98,-64,66
24,98,-48,80
-10,98,-54,50
-4,86,-52,56
-4,118,-40,66
14,80,-48,66
2,86,-56,56
2,94,-52,58
-10,66,-80,44
-2,96,-68,82
-2,94,-58,56
6,108,-68,68
-8,92,-60,48
24,80,-46,62
-14,78,-46,36
-12,130,-48,30
6,76,-46,44
-8,98,-52,54
14,100,-46,30
26,100,-44,78
-8,88,-76,48
-12,100,-64,56
8,102,-66,50
-28,86,-76,72
26,94,-82,78
8,92,-56,48
22,106,-54,62
8,94,-52,40
12,96,-50,38
-2,72,-70,20
-6,110,-62,50
6,108,-54,48
10,100,-86,34
-10,112,-66,52
4,96,-90,34
6,94,-68,54
-4,98,-60,30
-28,92,-42,70
12,102,-62,62
-4,90,-68,54
6,90,-48,56
-14,98,-80,38
4,102,-54,50
-2,88,-44,44
10,92,-62,34
6,82,-76,52
0,84,-68,52
-12,94,-78,62
20,102,-68,40
2,100,-78,24
24,76,-62,16
18,92,-62,14
28,112,-58,54
22,92,-64,8
-6,88,-76,28
0,98,-70,44
-10,92,-42,36
0,82,-56,22
16,62,-68,56
-10,82,-94,12
-36,90,-76,14
-14,94,-82,36
-14,68,-82,32
12,98,-68,50
8,98,-72,34
-18,86,-62,46
8,96,-94,20
-14,94,-62,24
-6,54,-54,18
-18,102,-84,28
8,70,-84,22
-22,64,-80,34
4,104,-72,18
8,74,-80,42
0,82,-72,6
22,98,-66,14
2,104,-74,38
-6,96,-58,16
18,88,-90,-8
4,84,-60,12
-2,94,-68,32
16,104,-70,-6
10,80,-94,32
22,86,-82,28
6,96,-104,26
14,86,-48,28
-8,72,-60,18
2,92,-48,20
-14,72,-64,8
14,86,-74,16
-6,102,-58,20
8,84,-76,20
0,112,-102,-2
12,94,-76,8
16,86,-76,10
8,84,-74,6
6,84,-50,8
0,64,-70,24
-6,90,-72,16
-6,60,-82,14
-28,86,-76,24
22,82,-74,2
2,62,-62,-4
8,92,-82,22
-2,100,-88,2
0,78,-80,8
20,78,-42,12
14,90,-62,22
0,86,-90,-14
-2,94,-84,20
0,110,-64,26
-12,86,-66,6
-34,90,-66,0
22,98,-84,0
-14,84,-82,4
26,86,-80,18
0,78,-38,14
-4,110,-76,18
8,68,-80,2
12,100,-64,4
-2,102,-62,8
-4,76,-66,-2
4,78,-60,8
-6,90,-74,8
-4,94,-92,6
0,94,-88,6
2,90,-56,-8
-18,98,-58,2
0,84,-42,16
4,112,-62,16
-2,84,-56,6
4,86,-62,-2
10,96,-60,-2
10,80,-64,10
4,78,-42,4
14,104,-70,6
6,92,-86,30
28,92,-64,4
12,86,-62,16
26,98,-66,20
4,68,-82,4
-4,90,-54,-14
-2,80,-68,14
8,76,-64,10
8,82,-70,0
8,82,-32,0
24,90,-44,12
20,90,-44,18
-12,88,-74,4
8,78,-70,-14
18,90,-76,20
6,88,-70,-20
6,70,-54,22
0,80,-60,2
-4,86,-54,2
-14,86,-50,18
6,82,-56,10
2,86,-72,2
28,110,-54,4
30,72,-64,-8
-6,94,-54,2
18,86,-84,26
24,84,-74,32
20,104,-68,-16
18,100,-64,0
2,82,-80,2
10,102,-54,-2
20,98,-58,-22
6,100,-52,-16
10,116,-40,2
4,82,-64,-20
12,94,-38,2
18,84,-64,-14
18,104,-52,-12
2,112,-36,-2
-2,110,-72,-12
12,104,-60,-16
-8,98,-82,-28
2,92,-74,-16
20,102,-92,-12
6,94,-60,6
18,86,-66,-16
0,76,-32,-4
20,96,-48,-28
28,98,-70,2
-2,84,-72,-8
-10,84,-62,-4
8,98,-68,6
-4,68,-76,-8
18,74,-78,12
8,86,-50,-14
24,80,-84,-14
0,64,-72,-18
8,102,-78,8
-8,74,-78,-26
10,78,-86,-18
-14,78,-70,-32
30,76,-66,-22
6,78,-74,-14
-4,88,-66,-8
38,88,-78,-4
-4,82,-86,-12
8,80,-76,6
-10,78,-110,-16
-2,72,-72,-10
22,110,-78,-18
8,80,-80,-34
12,96,-70,-30
4,80,-74,-22
4,62,-90,-22
8,96,-76,-12
-12,92,-56,-14
0,66,-48,-16
22,88,-62,-20
-10,68,-72,-2
8,66,-74,-22
-12,80,-66,-16
0,80,-74,-16
-6,104,-88,-10
14,92,-80,-24
12,86,-76,-36
10,104,-98,-36
10,80,-72,-16
-12,94,-82,-28
-2,84,-64,-18
-16,78,-60,-24
6,74,-64,-14
0,84,-52,-34
-22,104,-84,-50
-8,98,-44,-28
-10,62,-72,-18
-6,86,-82,-36
8,72,-70,-10
0,84,-74,-14
-2,60,-76,-22
14,76,-60,-30
-6,82,-60,-32
-8,72,-80,-18
-10,96,-76,-32
2,74,-68,-34
-14,70,-78,-30
-12,92,-84,-44
-10,92,-94,-6
-16,90,-82,-22
-2,68,-80,-36
-16,68,-76,-50
-2,88,-92,-34
4,72,-84,-28
14,70,-78,-28
-6,94,-68,-10
-4,80,-78,-24
28,76,-78,-20
-6,70,-70,-20
4,78,-68,-36
-28,72,-82,-34
-2,60,-74,-38
20,98,-70,-36
4,72,-70,-34
0,50,-90,-28
0,68,-60,-58
-4,70,-80,-26
6,72,-86,-26
-10,76,-74,-42
-24,70,-68,-30
6,78,-82,-42
-30,72,-72,-26
0,84,-72,-40
6,86,-48,-20
-8,98,-52,-34
4,78,-84,-26
-6,80,-68,-30
2,104,-72,-20
-4,104,-80,-34
22,76,-80,-24
-20,70,-74,-32
-8,90,-52,-52
2,60,-78,-18
-14,58,-72,-36
-14,78,-76,-14
-10,70,-66,-20
-16,98,-76,-42
14,88,-58,-6
0,102,-58,-40
-30,68,-84,-18
-4,92,-72,-18
-26,94,-74,-26
-10,94,-96,-54
-8,100,-76,-12
6,82,-76,-34
-4,74,-58,-48
2,88,-68,-50
10,102,-64,-58
-14,62,-76,-36
-12,82,-82,-46
-16,84,-60,-48
-10,68,-68,-46
-22,84,-56,-32
22,76,-90,-12
-42,78,-86,-26
-4,66,-72,-30
-6,74,-90,-46
-32,98,-82,-16
-12,74,-74,-32
-10,82,-82,-36
-14,66,-76,-30
-8,70,-58,-44
-18,78,-82,-16
-4,60,-86,-36
-10,62,-72,-32
2,76,-72,6
-8,80,-72,0
-2,80,-84,-36
-6,72,-42,-44
10,88,-92,-18
2,86,-68,-26
10,78,-84,-28
-8,70,-86,-24
-10,74,-64,-34
14,68,-64,-6
4,66,-74,-38
-10,108,-72,-30
-22,64,-78,-34
-8,84,-68,-14
0,82,-76,-32
14,64,-74,-26
-10,74,-78,-32
-10,80,-68,-20
-10,64,-68,-12
-16,94,-66,-28
18,92,-82,-30
-10,88,-92,-42
14,60,-76,-26
-12,74,-68,-22
8,80,-80,-20
-12,86,-66,-14
8,84,-98,-22
-24,72,-76,-20
2,68,-72,-16
-18,90,-68,-18
-8,82,-90,-20
-12,74,-74,2
-24,82,-48,-8
-4,100,-74,-34
-20,74,-66,-24
-4,98,-76,-20
-16,64,-60,-16
0,96,-82,-8
-16,72,-68,-20
-6,80,-86,-14
-2,70,-62,-16
-22,70,-96,-26
2,64,-84,8
-30,82,-78,-30
10,90,-74,-24
10,100,-80,-24
4,78,-86,-36
-38,74,-64,-14
6,82,-64,-12
-8,76,-74,-14
-20,88,-88,-22
-6,76,-80,-8
0,84,-82,-14
-10,104,-70,-12
-32,68,-86,-12
-16,66,-84,-38
-12,90,-88,4
-10,78,-92,-12
-6,80,-72,-34
-24,86,-92,-20
10,82,-84,-18
0,96,-84,6
-24,106,-72,-18
6,84,-78,-20
-4,58,-70,-2
-20,98,-58,-16
-10,74,-74,-42
-26,100,-80,-10
-6,108,-82,-28
-24,90,-80,4
-26,84,-78,-12
-6,74,-58,0
-2,80,-74,0
-6,72,-62,-6
0,92,-98,-18
4,68,-86,-4
10,90,-70,-18
12,106,-86,-12
-30,80,-62,-14
-30,92,-48,-10
-22,54,-58,-20
12,92,-58,-6
-16,72,-92,-8
-10,76,-64,-20
-12,68,-78,-8
-4,80,-74,-2
-12,94,-80,14
-10,92,-70,-18
-4,66,-88,-6
-26,82,-76,0
-14,90,-90,-18
-12,58,-66,-38
-10,90,-84,-6
-12,70,-78,-14
2,106,-80,-20
-14,82,-62,-6
-14,80,-68,0
-4,100,-64,-14
-6,76,-52,-34
-8,102,-74,-26
-8,90,-72,-12
-16,82,-72,8
-14,76,-70,-24
-18,76,-80,-12
-16,72,-88,-20
-10,80,-82,10
0,108,-52,-2
-8,96,-60,6
4,82,-62,-2
-24,88,-70,-24
-22,114,-72,10
4,102,-82,-24
-22,80,-58,-18
18,76,-74,-8
22,86,-66,-12
0,70,-60,4
18,88,-74,10
-14,94,-58,-12
-24,96,-72,-12
-12,92,-86,-22
-12,90,-60,16
-24,100,-60,12
-4,82,-62,-8
-14,112,-58,-10
-8,92,-76,2
-22,92,-82,2
16,100,-78,-10
-16,80,-66,10
-18,98,-50,-14
-26,90,-68,12
-4,86,-74,-12
-6,92,-68,-4
0,78,-84,-12
-18,102,-78,8
-6,68,-50,-22
16,64,-70,30
-2,82,-88,10
-2,98,-62,-2
-6,92,-66,16
-12,78,-92,4
8,94,-80,2
-8,86,-76,4
-14,100,-76,8
26,96,-78,-10
8,86,-82,10
0,74,-78,4
-14,90,-48,6
-10,74,-74,8
-28,60,-88,18
-24,78,-66,-2
-8,78,-58,16
-22,94,-62,14
-16,96,-90,-12
-20,86,-78,14
-12,102,-86,20
-4,66,-80,20
-2,92,-66,4
8,94,-80,12
0,74,-74,4
4,82,-76,-20
-8,86,-64,24
-6,80,-74,22
-10,92,-50,6
-24,70,-80,28
-12,72,-48,2
-20,82,-52,28
-6,100,-58,10
10,82,-70,12
-12,102,-74,28
-8,84,-78,30
10,122,-56,18
-20,104,-80,24
-2,78,-98,0
0,82,-84,6
-20,80,-62,-6
-4,100,-52,6
-16,76,-36,4
10,96,-64,0
-12,92,-60,-4
-8,94,-64,14
-22,86,-88,24
0,88,-78,4
-22,92,-62,12
6,106,-64,16
-10,90,-78,6
-14,98,-66,30
-32,86,-62,22
-10,58,-68,-6
2,80,-72,16
8,74,-60,20
0,62,-60,20
-22,86,-64,16
-4,88,-60,12
-6,82,-74,-6
-6,102,-82,24
-14,88,-68,30
-2,104,-92,4
-14,96,-62,18
-6,96,-54,-2
-24,94,-68,-4
-22,82,-62,6
-12,56,-64,10
4,70,-60,12
-28,70,-60,-20
-10,100,-86,8
-6,104,-66,8
-30,104,-78,10
-22,78,-92,6
-12,104,-80,18
-6,90,-66,-4
-8,94,-102,8
-26,74,-74,4
-6,72,-90,14
-12,44,-96,2
-20,68,-74,4
-10,70,-76,24
-4,88,-84,44
-16,80,-86,4
-24,102,-94,8
8,84,-78,0
-22,102,-76,0
-10,108,-112,24
-16,124,-90,32
-22,76,-58,12
-12,76,-80,-6
-16,62,-70,6
-8,76,-88,6
-12,74,-94,14
-12,66,-72,8
-10,84,-78,-4
-22,84,-64,20
-18,88,-70,18
-14,98,-74,12
-28,102,-50,8
-12,80,-64,8
-28,84,-82,-4
-28,68,-80,12
-14,84,-86,-2
-6,80,-82,24
-20,76,-64,8
-30,76,-84,4
-16,78,-88,0
-20,84,-100,10
-8,72,-78,-8
-28,78,-54,2
-36,82,-54,18
-6,70,-76,12
-36,98,-90,4
-14,74,-84,14
-14,70,-70,2
2,92,-80,32
-10,104,-94,28
-26,86,-96,10
-6,84,-76,6
-20,100,-80,28
0,84,-64,34
0,66,-78,40
-32,86,-78,2
-26,82,-38,16
-22,86,-72,10
-22,86,-72,28
-24,86,-48,36
-4,88,-54,18
-2,90,-76,14
-12,94,-64,16
-8,94,-76,24
-8,84,-64,10
-12,90,-66,24
6,88,-52,20
-24,60,-74,-10
-10,80,-84,22
-34,90,-74,20
-38,90,-86,24
-14,92,-72,38
-28,102,-86,24
-36,78,-68,26
-20,88,-62,26
-28,72,-80,0
-12,98,-86,8
-16,110,-104,-4
-16,70,-72,14
-26,76,-64,42
-16,78,-82,12
-26,92,-76,48
-16,94,-88,14
-34,78,-66,10
-28,76,-78,12
-38,80,-60,26
-28,94,-58,8
-14,80,-56,-18
-8,86,-90,14
-22,86,-68,6
-28,100,-96,30
-24,86,-66,36
-24,58,-80,16
2,90,-72,16
-36,66,-74,32
-24,90,-62,10
-18,92,-84,28
-6,106,-66,26
-18,88,-82,12
-2,102,-52,6
10,72,-88,16
-28,90,-80,4
-14,94,-56,0
10,114,-90,12
0,100,-82,26
-26,88,-74,14
-14,88,-50,30
-8,86,-64,40
-42,86,-62,16
-14,100,-68,8
-18,84,-70,24
-38,78,-82,26
-16,62,-74,28
-28,84,-66,32
-14,88,-80,26
-30,100,-96,16
-28,84,-86,36
12,100,-78,46
-26,72,-74,-6
-28,84,-92,32
-10,92,-66,24
10,86,-66,16
-2,90,-52,8
-22,100,-66,32
-24,80,-44,52
-26,96,-42,38
-18,88,-70,34
-28,84,-90,40
-16,100,-72,22
-10,96,-62,14
-12,114,-72,16
-6,108,-96,34
0,64,-62,30
-8,100,-60,28
-14,88,-82,32
0,80,-44,36
-12,118,-68,20
-28,98,-64,18
-20,100,-76,14
8,98,-60,56
-6,92,-76,30
-4,98,-66,18
-24,94,-72,44
0,106,-56,20
0,68,-72,14
-30,62,-70,48
0,108,-52,46
10,84,-60,30
-22,76,-62,44
-8,116,-62,32
32,90,-70,28
-6,96,-84,8
16,106,-58,26
-14,96,-62,-20
-20,94,-78,62
-20,90,-84,-4
-10,94,-54,74
-14,102,-54,56
-2,88,-72,64
14,120,-74,88
12,104,-54,56
4,106,-78,10
-2,112,-78,52
-6,88,-88,82
-16,96,-76,44
-8,90,-88,34
0,82,-68,50
8,102,-62,20
6,74,-54,18
-6,82,-68,36
-6,78,-40,50
-4,64,-82,36
-16,92,-88,66
-18,80,-34,-6
-26,72,-80,56
-38,84,-70,80
-4,102,-46,6
-2,106,-64,102
2,74,-90,88
-12,96,-82,-10
-10,96,-66,120
-14,104,-88,16
0,92,-74,54
-26,92,-60,110
-30,118,-72,36
-20,108,-80,58
-12,66,-50,52
-2,92,-68,52
-8,80,-56,32
-18,92,-76,54
34,96,-70,60
18,86,-62,76
10,90,-60,78
-16,90,-50,32
-18,106,-74,54
-14,90,-52,-8
8,84,-76,10
10,86,-70,40
-8,104,-60,0
-10,84,-74,30
-6,88,-84,48
-30,84,-62,34
6,104,-70,50
-28,78,-90,20
-24,90,-70,-8
-6,106,-92,66
-6,64,-68,-12
-16,50,-64,78
-22,78,-60,-2
-8,100,-70,34
-16,58,-82,58
-12,76,-48,4
-20,78,-58,82
-20,72,-50,52
-4,92,-72,80
-4,90,-40,16
-30,94,-64,30
-8,94,-56,18
-34,84,-64,-12
-24,78,-70,10
8,110,-74,22
-8,66,-76,36
-6,76,-84,62
12,112,-92,40
-12,92,-80,52
-22,80,-68,30
0,88,-48,64
-12,80,-50,56
-16,78,-52,50
-24,80,-68,46
-42,102,-84,62
-8,106,-70,30
-8,132,-86,-26
-18,66,-62,2
-4,80,-82,44
-16,108,-92,38
-2,90,-42,38
-10,84,-42,22
-12,56,-66,40
-12,88,-72,14
-16,78,-82,8
-18,90,-94,-4
-12,86,-98,38
-28,104,-78,10
-24,96,-76,12
-12,82,-94,4
4,88,-80,20
-6,82,-46,-8
12,100,-70,52
2,80,-84,32
10,54,-64,-6
-18,88,-78,32
-4,88,-74,2
-2,76,-48,26
-18,96,-60,-64
-18,86,-70,0
2,68,-62,14
-18,72,-76,-12
-32,80,-70,48
-2,96,-72,48
-12,80,-86,-34
4,72,-50,-8
-20,88,-66,4
12,94,-52,-12
-20,80,-80,8
-22,96,-64,26
4,94,-44,-2
12,68,-60,22
-2,106,-42,12
-24,84,-82,6
8,88,-76,30
-8,80,-96,22
8,86,-74,20
-2,88,-74,2
-14,118,-60,2
6,58,-52,-38
-24,114,-42,28
-2,80,-74,8
-20,88,-68,22
-20,72,-72,14
4,68,-62,8
-2,92,-48,-38
12,94,-82,-6
6,92,-64,10
8,82,-74,2
-2,96,-58,18
-2,106,-74,42
4,90,-46,-12
-18,82,-100,22
-10,82,-64,2
10,80,-84,18
-32,70,-90,-12
0,108,-70,30
2,86,-60,24
4,92,-56,-20
-14,84,-30,8
-12,98,-90,-6
-4,96,-58,-8
6,108,-82,-2
10,88,-52,14
-10,96,-86,8
-6,96,-62,16
-8,86,-62,6
2,118,-58,-4
12,108,-68,30
8,108,-72,4
-28,98,-58,-14
14,88,-56,12
-4,68,-54,8
6,96,-60,6
-6,80,-50,-20
30,98,-52,4
14,90,-80,32
2,100,-58,8
8,102,-70,-6
20,86,-58,14
-6,74,-64,20
22,92,-72,-18
-24,116,-72,6
18,100,-66,0
10,86,-60,20
8,94,-72,-14
-6,86,-62,14
18,74,-52,14
-8,96,-70,2
-8,74,-48,-2
-10,100,-66,-16
0,100,-98,-14
2,66,-80,-16
10,98,-74,-14
-6,78,-54,4
4,78,-48,-2
10,92,-68,0
10,62,-62,12
4,86,-56,18
-14,104,-68,-4
-4,108,-88,2
16,100,-36,10
12,92,-72,-8
18,94,-70,4
-12,110,-64,2
16,106,-72,8
16,92,-34,14
6,88,-52,8
-10,104,-50,12
12,118,-56,20
-20,88,-64,6
8,72,-46,-4
2,92,-52,4
16,66,-38,12
12,88,-72,16
10,104,-50,12
20,76,-46,-8
8,84,-64,26
10,84,-48,-6
0,92,-58,20
30,90,-84,22
0,76,-52,2
4,104,-58,24
2,110,-56,-2
36,92,-36,4
36,98,-72,16
22,90,-48,20
14,64,-60,18
12,76,-62,-14
10,76,-72,16
6,100,-70,4
16,64,-40,18
20,82,-44,-2
0,86,-76,22
-16,84,-66,28
34,106,-74,10
6,90,-56,18
12,94,-52,-8
-4,72,-72,36
6,102,-52,-6
6,92,-72,14
12,76,-86,20
18,92,-66,18
14,98,-36,4
8,100,-58,12
-4,104,-42,16
2,88,-56,16
18,86,-68,26
2,82,-66,12
-8,94,-64,28
2,106,-42,4
-6,112,-62,8
18,122,-34,38
26,106,-74,12
8,104,-50,16
18,90,-46,-18
14,100,-56,-12
8,90,-40,22
18,108,-44,-6
12,78,-54,22
18,106,-60,34
26,94,-52,12
8,96,-52,38
12,80,-54,24
18,92,-56,22
6,92,-72,20
30,84,-50,26
-8,96,-72,32
22,76,-68,12
2,80,-54,26
10,108,-68,24
32,92,-38,-4
42,82,-82,12
18,102,-64,34
26,86,-72,12
-16,98,-58,52
12,68,-74,12
16,82,-52,8
26,92,-80,32
2,78,-70,12
14,100,-70,24
22,90,-80,18
-4,110,-70,24
18,74,-42,0
32,84,-58,36
28,92,-54,20
36,78,-78,24
26,86,-36,12
6,112,-54,48
12,84,-52,30
22,88,-58,34
20,96,-50,40
14,106,-50,30
14,80,-56,50
0,96,-56,32
36,80,-66,26
36,64,-74,40
28,78,-44,18
24,110,-56,42
24,100,-52,28
4,70,-46,40
14,92,-64,44
16,86,-62,54
4,70,-46,60
12,94,-78,34
16,88,-42,38
18,98,-44,56
8,84,-48,46
28,88,-62,38
14,98,-72,30
28,92,-56,36
34,120,-72,38
16,94,-48,40
34,94,-52,64
16,94,-76,28
36,82,-78,56
22,84,-44,28
22,92,-60,52
34,78,-48,50
12,82,-82,62
6,102,-58,20
18,88,-42,70
36,100,-68,62
20,112,-72,62
48,94,-52,32
6,80,-50,42
8,82,-60,46
34,80,-62,52
26,68,-50,32
38,74,-58,50
2,76,-54,40
6,72,-70,58
2,80,-40,64
12,104,-50,42
32,64,-82,42
34,64,-74,48
6,96,-70,46
24,102,-50,64
24,90,-60,44
28,104,-72,40
6,106,-50,50
20,68,-46,62
10,98,-50,28
32,76,-46,58
14,84,-34,58
32,88,-56,32
18,72,-64,28
10,92,-72,22
26,80,-70,42
12,90,-58,44
34,74,-68,58
18,112,-46,56
14,98,-54,52
24,66,-32,20
14,92,-72,30
4,114,-64,16
8,68,-52,50
0,98,-64,52
4,98,-42,46
0,100,-50,46
24,96,-62,46
26,70,-64,36
-4,88,-60,40
36,88,-72,24
16,110,-42,50
26,102,-54,48
30,90,-80,68
22,86,-60,38
6,100,-62,60
10,114,-52,40
10,72,-66,40
20,92,-58,38
10,76,-58,68
18,102,-94,58
8,94,-40,60
30,94,-50,54
14,100,-54,50
48,102,-52,28
12,90,-40,38
6,92,-46,58
18,98,-38,76
24,88,-50,38
8,76,-42,24
10,94,-68,32
16,100,-76,70
16,94,-44,42
16,86,-62,28
12,96,-46,64
26,108,-64,68
20,106,-66,68
14,104,-76,56
14,84,-38,60
16,116,-78,46
8,116,-56,34
8,88,-64,28
34,90,-68,38
4,70,-46,6
42,106,-60,30
16,100,-58,40
18,80,-54,42
20,98,-64,36
44,104,-52,50
-6,92,-44,52
8,82,-60,40
6,108,-34,42
30,90,-60,40
12,86,-44,52
16,108,-46,38
20,88,-46,40
30,114,-70,36
0,86,-72,58
16,88,-60,52
2,102,-38,36
16,88,-52,36
22,70,-52,40
-4,88,-54,36
18,100,-48,28
6,90,-62,22
8,78,-72,40
16,102,-56,62
12,82,-66,50
18,90,-64,36
22,86,-50,62
26,90,-54,48
2,98,-46,30
20,78,-52,46
28,110,-40,26
18,94,-48,30
22,114,-40,26
30,92,-50,32
34,96,-64,40
18,106,-54,68
22,110,-46,44
10,68,-46,42
24,90,-52,40
14,76,-58,36
4,52,-62,52
-6,82,-68,56
-18,82,-54,50
20,106,-66,48
4,98,-56,44
10,82,-64,44
0,102,-46,40
22,84,-62,52
18,94,-70,42
30,86,-66,36
8,88,-30,38
-6,100,-74,44
24,104,-70,64
2,98,-76,52
24,98,-58,34
20,76,-80,48
-10,62,-56,50
-2,76,-90,46
12,100,-52,20
8,76,-58,38
-6,100,-56,54
0,98,-56,32
16,96,-34,50
-22,92,-42,60
2,80,-72,52
6,104,-64,52
16,102,-68,54
4,74,-54,62
14,82,-70,46
10,106,-44,52
22,106,-58,46
0,112,-46,50
12,86,-54,28
-6,92,-72,50
10,108,-54,52
8,90,-48,60
30,100,-74,44
32,66,-28,50
14,92,-72,56
10,102,-66,38
8,116,-64,56
-2,74,-58,58
24,90,-50,66
-2,80,-76,72
4,104,-70,52
14,96,-56,60
8,92,-32,44
32,88,-54,42
12,90,-76,54
6,90,-40,62
8,100,-38,42
12,104,-40,48
14,94,-44,64
6,96,-38,48
12,70,-66,36
16,84,-66,74
-2,68,-56,54
16,92,-46,54
0,92,-42,50
22,96,-52,52
6,102,-64,42
-2,108,-80,36
-4,80,-64,38
8,88,-68,70
12,78,-62,56
32,84,-62,54
-2,100,-58,68
10,96,-50,72
34,104,-58,60
42,96,-66,48
20,90,-66,44
14,82,-54,52
18,100,-72,62
12,94,-48,38
20,72,-58,56
16,96,-46,64
-2,100,-60,66
8,88,-66,60
12,106,-34,74
8,98,-62,38
6,82,-56,44
4,68,-62,50
-6,90,-76,62
8,100,-56,40
18,96,-66,34
4,78,-56,44
-2,86,-66,48
24,78,-42,68
-2,94,-48,70
4,94,-50,42
20,92,-44,38
18,88,-60,26
12,96,-66,70
-4,88,-66,62
8,102,-66,54
16,82,-64,60
0,66,-78,54
4,90,-68,50
-14,70,-58,54
18,86,-60,60
6,96,-46,40
4,98,-62,44
-12,106,-42,34
8,94,-62,36
-26,78,-92,66
26,76,-58,54
2,74,-72,52
0,70,-72,56
-2,58,-64,36
2,70,-82,54
16,110,-88,46
6,62,-56,32
-28,72,-76,34
-10,78,-76,40
-12,82,-64,42
-10,72,-66,42
-16,58,-66,60
0,82,-58,28
-18,68,-54,24
-22,100,-84,58
12,84,-68,56
-12,92,-58,40
-12,74,-68,50
8,84,-82,42
-12,90,-74,38
6,58,-66,48
-4,76,-88,42
2,84,-60,26
-8,74,-50,28
0,76,-72,14
20,62,-58,60
-12,70,-52,58
12,108,-68,40
0,100,-70,52
4,92,-56,60
-2,102,-66,28
-2,94,-64,46
-16,76,-70,22
-22,70,-68,30
6,82,-66,44
4,72,-80,60
-2,86,-52,38
-4,88,-42,34
14,68,-62,48
10,62,-76,50
14,84,-52,46
26,66,-58,40
6,82,-42,40
-2,80,-50,28
-4,90,-60,46
-32,90,-70,40
12,90,-72,40
-24,62,-56,58
6,72,-64,8
-2,84,-84,44
-12,76,-60,30
12,94,-78,40
12,84,-52,46
12,70,-62,22
-14,86,-72,72
6,100,-64,44
-4,90,-62,38
-4,94,-66,36
4,82,-56,58
-8,96,-74,50
-22,66,-58,34
-12,90,-72,54
-16,72,-74,18
-20,88,-62,68
-12,108,-84,44
2,56,-70,42
10,66,-56,54
10,80,-76,48
-20,98,-92,26
2,78,-64,70
-2,102,-62,30
-8,64,-50,56
14,80,-78,36
-20,76,-52,32
-16,76,-74,34
2,98,-64,34
-10,76,-60,50
4,86,-52,28
-2,98,-46,36
-10,78,-52,72
-4,82,-74,20
18,78,-68,42
-2,78,-70,66
0,102,-70,40
2,86,-52,36
-4,80,-72,48
-10,106,-70,32
6,98,-50,40
-2,92,-50,32
-16,66,-62,56
-6,100,-92,42
-10,68,-42,56
-6,102,-62,46
-18,82,-50,24
-12,110,-70,34
0,78,-50,48
-16,112,-74,40
-10,86,-56,48
-2,130,-86,54
12,102,-66,24
-4,96,-46,64
-2,80,-64,38
8,70,-56,42
-4,88,-74,36
-22,96,-60,44
18,106,-66,36
-14,96,-80,22
2,76,-62,24
-10,70,-62,32
-6,86,-54,60
-6,72,-54,36
4,82,-66,40
-6,84,-82,28
-10,72,-64,78
20,96,-62,52
-4,82,-66,48
-2,94,-48,50
-2,100,-54,48
0,80,-52,34
-10,76,-44,50
-10,84,-76,56
6,74,-46,28
-20,104,-56,48
12,102,-64,26
16,94,-56,2
-2,92,-62,40
-16,94,-50,46
-18,88,-78,34
-22,84,-50,28
0,88,-52,52
-20,90,-72,38
-26,90,-46,40
-24,74,-68,56
-24,84,-60,42
-20,92,-54,56
-20,82,-52,58
-12,106,-50,42
0,84,-82,44
-6,88,-68,42
-4,102,-62,30
28,74,-78,26
-12,72,-48,42
14,82,-60,52
-2,80,-72,42
-4,84,-66,40
24,84,-28,50
-14,116,-76,58
-22,84,-54,46
-12,84,-60,38
0,130,-86,44
-18,88,-76,46
-16,82,-78,42
-38,84,-54,50
6,92,-60,52
2,102,-56,18
-10,94,-54,18
4,90,-58,32
-18,90,-66,48
-30,96,-34,60
10,98,-58,32
0,104,-88,32
8,88,-56,44
2,84,-48,54
6,108,-76,42
-20,94,-74,46
6,86,-58,54
12,96,-64,36
-16,78,-46,50
-16,86,-78,54
-22,96,-54,36
-12,102,-62,52
-10,102,-62,46
0,102,-52,40
18,98,-78,28
-2,92,-40,32
0,92,-56,50
4,72,-44,64
-6,104,-60,42
-6,90,-24,54
-12,106,-52,60
2,82,-64,50
-8,108,-68,60
-8,98,-52,64
4,86,-68,40
-8,120,-66,48
-18,88,-62,64
22,88,-50,54
-22,112,-58,38
0,86,-66,24
-8,106,-66,64
-2,138,-42,60
14,68,-48,20
-2,88,-58,32
6,114,-40,52
-12,96,-64,60
-10,94,-54,30
6,114,-80,60
-10,86,-58,64
4,116,-64,70
-28,96,-60,64
-4,86,-42,60
2,100,-66,42
-10,112,-44,54
-10,106,-62,52
10,100,-38,42
6,118,-56,32
-30,82,-48,50
10,116,-54,44
-10,98,-70,60
-34,102,-62,40
-12,100,-64,48
6,94,-66,50
-14,108,-60,48
-32,124,-72,30
-12,100,-60,54
14,94,-48,60
22,106,-86,56
-18,110,-54,36
-10,110,-58,54
-26,86,-54,68
-2,98,-62,64
-4,94,-50,58
-6,96,-72,38
-8,84,-46,52
-6,100,-50,54
-18,98,-72,48
-4,94,-42,26
10,96,-66,56
2,98,-50,48
4,92,-60,50
10,114,-50,54
-22,110,-70,46
-14,76,-68,48
-20,120,-76,50
-10,110,-54,38
-4,96,-60,46
18,108,-58,38
4,106,-56,30
-24,124,-42,20
-30,94,-52,58
-22,92,-42,48
16,104,-66,56
-2,104,-26,56
0,86,-24,50
-6,80,-42,52
-14,86,-46,58
22,88,-72,48
6,100,-46,46
-2,96,-68,52
24,80,-68,48
-12,118,-66,40
-4,100,-62,64
-14,118,-58,54
6,74,-56,54
-16,116,-42,58
0,90,-72,52
14,98,-46,32
-10,104,-52,40
-12,84,-62,44
-12,90,-42,44
-2,92,-54,40
-8,110,-56,54
4,98,-72,46
-26,82,-68,60
-8,90,-58,40
-6,104,-44,-2
4,84,-68,34
-10,98,-64,36
4,108,-56,44
12,88,-62,22
-8,96,-44,50
6,114,-58,36
-24,86,-54,66
-6,110,-52,36
4,86,-66,70
-2,92,-46,28
-20,108,-82,26
-4,72,-64,72
10,128,-42,50
-8,100,-64,36
-14,76,-70,40
-2,92,-46,26
-2,86,-52,48
-22,96,-62,64
4,110,-44,36
-4,102,-50,36
10,108,-60,60
2,108,-70,30
-12,116,-36,44
32,122,-48,62
20,98,-60,46
6,98,-42,58
6,102,-52,56
-10,104,-56,32
14,118,-54,50
-8,90,-44,42
-8,104,-54,56
16,98,-68,40
-4,116,-56,26
0,88,-64,48
-16,96,-62,56
12,120,-62,66
-4,108,-56,48
-12,94,-46,40
-6,100,-56,50
0,124,-64,32
-16,112,-18,48
0,108,-64,32
16,72,-30,18
12,102,-38,66
38,110,-32,38
8,100,-44,64
2,128,-54,52
10,88,-62,60
-4,116,-38,68
-16,116,-70,36
-2,110,-30,24
-10,98,-58,58
-4,114,-58,60
24,120,-30,72
-16,120,-30,66
-10,100,-52,22
-18,102,-46,50
-12,96,-50,28
-12,104,-70,16
-36,76,-66,46
-12,98,-82,48
-12,126,-62,18
0,86,-26,40
-4,84,-50,58
4,116,-46,70
2,86,-62,22
2,88,-40,54
-4,120,-38,48
0,102,-26,44
-20,104,-34,40
20,94,-62,48
6,102,-52,50
4,102,-56,52
0,108,-68,62
-18,108,-36,66
2,116,-38,78
-6,110,-22,50
-8,122,-32,40
-10,112,-50,40
-8,100,-50,44
0,112,-74,52
2,106,-40,56
-4,138,-30,40
0,100,-94,38
-12,88,-46,42
-8,120,-50,38
-12,92,-52,58
10,116,-60,44
-16,80,-64,50
-6,80,-76,26
-22,80,-76,56
-36,100,-58,48
0,106,-62,74
-18,106,-46,46
4,106,-44,58
6,114,-70,48
4,120,-64,56
0,84,-44,48
-4,104,-14,58
4,118,-62,24
-20,100,-48,52
0,96,-54,58
2,96,-36,46
-4,96,-62,54
-16,98,-30,48
-12,108,-42,30
20,102,-60,44
-16,98,-54,44
-10,102,-42,40
-4,98,-22,44
-6,82,-78,40
2,116,-72,56
-22,90,-46,52
-4,102,-36,56
-12,96,-58,46
-10,76,-60,34
-20,98,-58,32
-22,86,-60,34
-26,80,-58,60
-14,96,-80,56
-8,74,-60,58
-22,86,-54,50
2,92,-70,42
-14,98,-52,48
10,80,-76,54
-2,90,-60,34
-24,100,-66,44
-4,100,-56,22
-22,88,-60,46
-20,96,-52,36
-16,102,-52,46
-2,106,-50,38
-10,80,-48,44
-20,92,-74,46
-34,96,-74,54
-14,88,-68,48
-20,110,-58,62
-12,98,-84,34
-18,82,-56,40
-16,94,-46,44
-16,96,-52,50
-20,112,-70,26
-14,94,-84,22
-4,96,-66,36
-38,100,-72,58
-12,78,-78,52
-10,104,-94,36
-36,104,-56,48
6,102,-56,58
-6,94,-84,48
-26,88,-60,36
-16,100,-70,60
-22,78,-76,42
-20,92,-72,50
-12,74,-80,48
-12,72,-52,50
-2,70,-78,78
-18,80,-64,40
-2,60,-84,30
-8,84,-62,38
-20,96,-82,24
-16,94,-70,42
-54,80,-88,30
-22,76,-76,56
-36,100,-56,34
-34,74,-82,44
-34,102,-70,40
-20,86,-84,62
-12,56,-64,56
-18,84,-98,46
-30,78,-82,48
-22,88,-54,46
-12,72,-96,38
-28,94,-64,38
8,84,-50,58
-30,108,-66,44
-6,58,-82,54
-30,100,-68,30
-28,94,-70,70
-18,104,-64,38
-28,70,-62,58
-4,84,-74,60
-12,98,-78,82
-22,90,-64,36
-14,114,-86,68
-24,92,-78,58
-18,98,-68,44
-20,90,-62,40
-8,84,-80,40
-8,68,-70,54
-22,90,-70,44
0,78,-58,36
-8,86,-76,80
-16,94,-70,70
-20,110,-68,46
6,116,-76,52
-2,102,-60,48
-16,104,-74,42
-6,84,-88,36
-4,98,-62,68
-4,96,-58,56
-16,76,-50,46
-8,78,-58,46
-16,84,-50,56
4,70,-52,78
-8,88,-74,66
2,92,-56,72
16,100,-66,66
-22,78,-60,36
-8,88,-68,68
12,86,-72,44
-26,98,-68,44
2,98,-78,54
-24,100,-66,58
-12,104,-80,70
-26,98,-56,48
-2,84,-72,50
-34,66,-58,54
-8,104,-66,54
-8,84,-42,32
-14,88,-86,70
-12,100,-66,64
-8,108,-46,62
-34,102,-76,64
0,104,-64,48
-8,100,-74,62
-34,80,-66,60
2,110,-60,54
-14,76,-52,56
-14,100,-52,46
10,76,-24,56
-34,98,-64,56
8,106,-72,54
4,102,-64,64
-14,98,-68,72
-12,98,-64,70
-2,92,-72,80
-10,96,-70,62
-12,96,-78,86
-8,94,-66,34
-34,88,-58,66
-12,82,-72,48
-24,76,-52,78
-28,88,-66,34
-2,94,-78,68
4,100,-86,44
-14,96,-56,52
-26,100,-90,32
-10,106,-72,38
-4,80,-60,60
-8,92,-68,58
32,70,-66,60
0,82,-84,68
6,82,-102,68
-4,94,-68,82
-26,96,-60,56
-28,66,-76,66
6,114,-84,46
-14,82,-44,62
-16,96,-84,62
-16,106,-50,56
0,112,-64,50
14,80,-66,68
-6,90,-70,40
0,98,-90,36
-10,80,-64,44
4,90,-62,48
6,66,-56,56
4,82,-64,26
-24,88,-80,62
-24,90,-70,42
-4,86,-64,52
-4,80,-76,54
-28,106,-76,58
-20,66,-86,52
-4,76,-90,64
-16,98,-62,72
-22,76,-62,32
-8,76,-90,44
-6,84,-56,52
-4,86,-72,84
-30,86,-64,46
0,74,-72,68
-6,92,-52,60
4,96,-64,84
-8,100,-66,56
-6,90,-66,48
4,110,-64,68
20,78,-76,66
-2,82,-62,58
4,100,-54,58
-16,78,-84,54
-10,72,-50,66
4,90,-76,48
-16,96,-64,50
-8,98,-80,52
-14,86,-70,62
-30,98,-56,46
-20,80,-58,60
-16,90,-78,58
-28,94,-42,70
4,90,-58,88
2,110,-70,56
-12,86,-66,52
-18,80,-66,58
14,114,-64,84
-2,104,-38,44
-22,88,-58,62
-2,92,-68,52
-10,96,-44,56
-26,92,-54,64
-20,94,-64,38
-32,68,-56,56
-2,106,-82,98
-12,94,-82,74
-6,96,-76,60
2,88,-72,68
-8,94,-64,32
-2,88,-66,56
-4,84,-72,42
-4,90,-72,62
2,94,-66,68
-14,104,-58,62
10,102,-48,64
-10,92,-70,68
-2,96,-88,72
8,90,-58,72
-4,112,-60,68
-6,92,-82,64
-4,98,-56,62
4,94,-56,70
-16,116,-76,52
4,114,-58,70
6,72,-72,54
-4,98,-62,50
-18,110,-54,54
6,92,-72,34
-4,92,-36,66
8,92,-60,80
4,78,-28,70
-8,116,-88,70
2,86,-54,36
20,92,-60,26
10,102,-76,58
-10,84,-66,78
-32,98,-54,62
2,114,-78,78
-8,104,-84,68
-10,66,-62,66
-2,84,-72,72
0,112,-62,58
6,66,-64,82
-12,114,-76,68
2,90,-64,66
-10,100,-70,60
-6,66,-48,72
-16,84,-64,74
-8,76,-56,64
-12,100,-58,44
-6,92,-70,88
-4,86,-72,62
-10,80,-78,56
-2,92,-70,62
14,84,-68,66
10,108,-60,50
4,88,-48,34
-4,108,-62,68
0,90,-64,68
-6,94,-64,92
-32,88,-48,84
-6,86,-70,76
-10,92,-92,78
6,92,-80,72
-10,70,-56,68
0,74,-80,78
2,98,-50,68
0,64,-70,70
-10,90,-74,72
12,98,-42,52
-10,92,-66,74
-4,90,-78,58
-8,96,-62,62
4,74,-58,56
2,100,-46,70
4,104,-60,58
16,82,-76,54
6,94,-64,56
-22,82,-84,56
-4,104,-48,46
-12,78,-70,60
10,94,-80,72
-20,78,-52,52
-2,66,-84,60
8,112,-62,60
-24,82,-82,62
-16,96,-62,58
-8,86,-62,82
-4,96,-86,34
10,96,-74,70
-8,106,-52,64
0,82,-90,78
-20,96,-60,40
-20,78,-98,74
0,88,-62,58
-4,74,-80,72
-20,82,-76,52
-6,62,-80,84
4,90,-60,52
0,92,-70,66
8,102,-56,78
0,84,-52,48
-2,74,-86,60
0,96,-52,38
6,104,-58,64
-14,104,-66,58
-14,92,-44,74
26,104,-56,52
-10,84,-78,50
-2,94,-82,44
0,76,-54,54
18,104,-70,56
-6,100,-78,68
20,114,-68,54
8,106,-76,54
2,88,-64,56
2,96,-84,78
12,102,-72,48
0,98,-76,58
-28,78,-60,46
14,78,-82,54
-40,70,-70,50
-2,84,-52,56
-12,62,-66,66
0,86,-70,48
-14,92,-66,78
-4,62,-72,44
-4,92,-72,56
0,100,-72,72
2,98,-56,74
28,116,-86,68
-8,112,-76,34
6,92,-64,48
8,100,-82,50
-8,76,-62,56
-18,84,-66,50
4,94,-70,42
-6,66,-46,72
0,70,-56,72
-10,76,-72,48
24,94,-46,38
-14,62,-86,34
22,86,-66,60
-20,70,-66,34
-18,96,-50,46
-6,86,-60,60
6,88,-52,46
-4,100,-62,48
10,86,-50,46
-12,80,-60,58
20,96,-62,46
-6,86,-52,46
-14,78,-60,48
-10,60,-76,58
-4,96,-72,52
-14,70,-68,40
-16,98,-70,46
-10,100,-92,34
18,102,-60,52
0,94,-80,54
18,78,-82,32
-2,76,-76,64
-16,92,-58,44
6,90,-76,60
0,74,-86,64
12,62,-78,58
0,76,-64,64
-8,98,-64,38
16,88,-64,62
-4,110,-64,36
-2,104,-56,58
-2,98,-62,48
-10,90,-68,66
12,94,-82,60
4,68,-70,52
6,84,-84,50
10,66,-76,64
6,100,-74,58
-14,104,-62,52
14,78,-76,74
-2,98,-80,60
-8,94,-42,44
-20,78,-36,52
-18,94,-66,50
16,106,-72,50
4,100,-82,40
2,76,-84,52
2,82,-80,40
-18,100,-82,48
8,64,-64,70
0,100,-70,54
2,68,-78,46
-4,76,-76,64
-6,58,-72,64
24,90,-68,82
-14,92,-66,48
6,78,-36,46
-10,76,-74,42
-20,88,-72,48
-6,88,-66,52
-18,108,-86,42
-4,102,-78,32
-2,86,-78,54
-10,100,-80,50
-12,86,-52,44
8,66,-64,50
22,68,-68,46
-4,104,-76,54
0,88,-80,56
20,84,-72,38
-12,84,-62,30
-4,116,-66,36
-6,84,-74,40
-8,102,-76,38
-16,82,-74,36
10,92,-84,32
12,94,-66,24
2,84,-76,50
14,70,-64,56
8,100,-48,42
-2,84,-64,28
0,82,-86,40
8,94,-80,50
0,84,-62,42
-8,100,-68,66
20,60,-60,52
-8,84,-74,48
4,66,-64,54
4,82,-56,50
4,100,-80,46
4,78,-60,38
2,78,-54,26
-4,84,-58,54
10,76,-62,34
-4,86,-68,44
10,74,-56,56
-10,82,-68,52
4,92,-50,32
10,104,-58,46
-10,86,-54,40
10,98,-54,50
4,84,-48,56
8,86,-78,48
0,92,-56,46
2,100,-72,34
22,82,-54,32
24,86,-38,30
4,82,-50,44
-2,90,-66,48
0,84,-76,14
16,104,-80,46
-6,102,-68,36
-24,104,-78,42
12,92,-84,36
-10,72,-76,42
8,76,-58,36
24,92,-76,20
-16,94,-74,26
-4,88,-62,38
28,96,-62,28
-20,56,-46,40
-2,110,-72,24
8,86,-62,46
-16,80,-44,34
12,104,-68,28
16,120,-68,30
-16,84,-62,14
4,88,-46,50
26,114,-74,32
-14,92,-72,18
4,68,-66,18
26,100,-54,34
-24,88,-78,22
6,108,-70,32
-4,80,-74,30
20,90,-62,30
18,86,-54,52
-20,96,-48,24
8,100,-58,36
10,66,-66,6
-6,74,-80,10
6,70,-70,16
18,92,-82,22
-24,88,-84,4
14,86,-60,22
-4,96,-78,4
-24,96,-92,-8
-16,68,-74,18
-8,74,-82,24
4,98,-64,32
6,90,-84,26
20,84,-68,-2
-8,68,-70,18
18,70,-72,32
10,80,-50,12
-22,86,-56,2
-10,100,-92,12
6,72,-66,20
-12,88,-48,-16
-6,90,-64,-12
10,84,-78,12
-12,92,-72,36
2,76,-70,8
0,68,-74,12
2,86,-70,22
-8,94,-74,18
0,86,-60,22
8,78,-70,18
0,82,-76,24
0,88,-76,30
2,72,-80,2
-20,72,-42,0
6,90,-68,22
6,90,-52,16
-6,88,-78,6
28,82,-102,12
-2,72,-64,34
-30,108,-72,32
-6,76,-92,30
-10,76,-78,22
10,90,-78,30
16,88,-74,16
10,90,-64,14
0,86,-70,34
-2,78,-68,14
16,84,-74,10
-24,76,-46,12
20,82,-68,8
2,90,-64,4
0,100,-68,38
2,92,-58,26
-18,72,-74,14
28,88,-60,20
0,56,-68,4
18,86,-78,12
-10,118,-62,0
-6,66,-72,28
-12,98,-64,16
-2,82,-76,2
-2,68,-72,18
4,94,-90,-8
-18,68,-50,16
6,96,-66,16
24,84,-52,0
12,56,-62,28
-10,108,-54,18
-8,82,-58,14
8,94,-54,28
-2,80,-76,12
-16,82,-64,22
8,106,-74,30
12,84,-78,20
0,82,-60,22
14,82,-64,-20
10,90,-88,22
-12,108,-74,8
-2,80,-54,-2
38,90,-74,8
8,80,-72,22
2,74,-88,-12
12,102,-44,20
4,88,-84,12
4,98,-62,18
-2,88,-80,-2
12,88,-64,10
2,100,-72,22
-8,82,-64,-18
4,92,-68,28
18,110,-58,-8
2,106,-70,32
-16,74,-48,26
-12,88,-66,14
10,84,-62,-6
14,86,-58,14
-2,66,-68,2
4,88,-78,-2
20,106,-56,16
28,106,-66,6
8,90,-56,30
16,108,-42,24
-20,92,-34,26
-10,72,-70,-4
-20,106,-64,0
-16,100,-70,20
-8,96,-66,22
28,92,-74,-10
24,90,-60,14
-4,92,-88,-4
-24,84,-68,10
-14,102,-44,14
16,86,-66,10
32,94,-70,10
4,90,-58,-4
-18,84,-48,24
20,102,-72,-10
6,64,-70,6
-6,100,-76,4
-6,82,-46,-4
8,78,-72,-2
12,104,-96,28
-28,88,-88,10
-14,90,-78,10
0,64,-76,-6
-2,82,-76,-10
-18,92,-76,36
-10,72,-70,-4
0,82,-40,-2
-16,90,-60,-10
-2,92,-66,0
-2,64,-68,-30
-18,78,-62,20
-2,78,-68,6
12,78,-52,-12
0,68,-72,14
-2,84,-72,-8
0,90,-68,-2
-2,106,-74,22
10,102,-100,10
-24,92,-68,14
2,76,-82,10
-18,88,-70,-16
-16,78,-74,16
20,80,-76,10
-18,76,-48,2
10,100,-70,14
-16,90,-60,-4
0,96,-48,-2
-20,94,-72,18
18,94,-88,20
14,76,-72,18
-24,66,-90,-8
-10,94,-86,2
2,80,-92,-4
22,88,-78,20
6,68,-70,12
-10,102,-88,-10
10,74,-78,-4
0,90,-58,-4
-4,80,-58,2
2,90,-68,10
2,80,-68,-24
10,86,-60,4
2,68,-94,12
0,72,-90,-34
-16,108,-78,4
20,100,-114,-16
-24,84,-76,12
-20,74,-78,4
12,84,-70,-8
22,76,-106,-14
-20,106,-86,2
0,78,-80,22
-4,74,-56,-14
6,98,-72,4
-2,74,-62,6
16,114,-56,8
-4,94,-88,8
-22,80,-72,12
-12,86,-78,-24
-14,86,-50,-8
-2,74,-68,28
-12,106,-80,-14
18,92,-76,10
-12,78,-84,-8
2,78,-72,30
-8,104,-80,-4
-4,86,-70,-4
4,78,-72,8
0,90,-72,-6
-10,56,-62,-12
-18,100,-52,-2
0,106,-80,-12
8,98,-84,-4
-20,88,-82,-10
0,100,-86,6
-2,58,-68,-16
-12,84,-82,8
20,88,-76,-14
10,82,-62,-6
-4,100,-70,-18
0,96,-76,2
2,90,-78,-12
0,80,-60,-14
8,74,-92,-10
0,80,-66,0
-8,78,-64,-44
-4,80,-92,-18
6,80,-76,-32
10,52,-76,-6
0,86,-70,2
-6,86,-94,-4
8,72,-48,-18
0,78,-76,22
-20,84,-64,-8
6,76,-64,-8
-6,70,-62,-4
-6,98,-72,-8
-8,94,-64,-2
-12,82,-58,10
-14,92,-56,0
-6,106,-60,-12
-12,80,-66,4
-6,92,-66,-18
2,80,-82,8
18,58,-98,4
0,76,-96,-14
18,96,-58,-14
-28,62,-84,6
-14,58,-82,-24
-18,94,-80,-4
2,90,-88,-14
8,72,-58,8
-12,82,-80,-18
-2,94,-68,6
2,66,-58,6
-12,72,-92,0
-6,60,-52,-8
2,80,-60,10
14,88,-56,-28
4,84,-86,-16
4,72,-72,-6
4,98,-68,12
-6,84,-54,-8
24,86,-62,-6
2,70,-74,0
10,84,-48,8
-8,92,-54,0
2,98,-80,-10
16,78,-74,-6
20,74,-60,10
22,90,-72,-10
10,88,-70,0
16,96,-56,10
6,92,-72,2
14,78,-46,-24
-10,72,-70,-4
-2,80,-60,6
2,92,-62,-6
14,66,-64,-8
2,82,-54,2
12,96,-52,18
-2,76,-70,-8
14,80,-82,14
8,76,-64,-30
32,86,-58,4
-4,94,-62,16
0,92,-48,0
-4,84,-50,12
4,100,-56,14
2,98,-60,10
12,84,-50,8
16,86,-74,-2
6,80,-56,-10
6,78,-64,36
8,90,-54,2
20,80,-56,-4
-14,90,-40,-20
-2,88,-52,-8
10,104,-70,-2
10,68,-46,8
24,110,-62,6
18,76,-50,10
6,108,-60,6
-6,94,-62,2
-6,72,-68,10
10,86,-80,14
22,88,-66,-2
12,108,-82,6
18,96,-62,-4
-14,106,-64,-12
-6,80,-68,0
4,88,-60,2
26,108,-92,-2
-6,72,-56,4
20,84,-74,-2
4,74,-68,6
-6,88,-76,-6
30,64,-96,4
-18,92,-62,4
20,76,-84,12
20,88,-56,2
-12,80,-76,-16
-6,68,-64,-8
8,104,-70,0
-16,70,-66,-2
8,86,-74,0
6,90,-54,-8
18,94,-62,6
28,74,-38,-20
6,74,-58,-6
-6,68,-56,-18
26,102,-84,-32
4,72,-68,-12
0,96,-92,-6
6,84,-72,2
-4,86,-86,4
-8,72,-78,-26
-12,92,-66,8
4,90,-70,-18
12,74,-60,8
0,92,-62,2
4,88,-60,-2
-6,92,-56,6
-4,84,-88,-46
4,60,-76,-16
-10,54,-92,-10
12,76,-74,-26
-14,58,-54,-4
12,82,-74,-20
-8,104,-100,-4
4,66,-72,6
-4,88,-70,-6
6,78,-66,-16
-10,88,-72,10
-2,74,-70,-6
0,56,-82,-14
-8,72,-58,0
26,76,-78,-6
2,78,-56,-16
-2,72,-46,14
-6,100,-70,-10
2,76,-74,16
14,88,-70,-10
-6,98,-60,-4
0,88,-82,-8
-2,78,-76,-14
6,94,-60,18
-10,70,-66,8
6,82,-52,-16
-6,84,-54,-12
6,68,-66,-22
-12,88,-68,2
4,70,-66,-8
-8,72,-64,-28
-4,108,-94,-16
-4,76,-76,-4
10,50,-58,-26
-6,80,-54,-18
-6,88,-84,4
-16,98,-70,4
28,86,-70,-8
-6,108,-72,12
18,84,-68,-22
-2,80,-86,0
4,88,-82,6
20,108,-86,-6
26,66,-64,8
8,70,-72,-2
8,94,-78,8
8,76,-54,22
-4,78,-68,-10
14,92,-54,8
18,74,-66,8
24,66,-92,0
28,106,-74,0
0,76,-68,10
4,82,-72,-6
30,76,-70,4
8,78,-46,14
18,82,-68,-16
24,86,-46,-26
26,68,-52,-4
12,96,-66,8
24,108,-58,14
30,88,-40,-16
38,86,-70,-4
16,98,-42,8
6,64,-62,16
16,84,-74,18
8,66,-66,-16
12,88,-46,12
10,90,-54,-8
16,76,-42,-4
2,96,-46,6
14,92,-66,4
-2,80,-72,-22
16,96,-66,-14
6,88,-48,-22
-14,76,-66,0
12,100,-50,-12
0,86,-70,24
24,90,-54,8
18,84,-64,16
4,90,-48,-20
2,108,-36,16
8,78,-50,8
16,100,-60,-14
22,80,-44,8
34,84,-50,26
36,84,-54,20
32,106,-50,26
6,80,-56,0
26,106,-56,18
4,86,-74,-4
14,94,-62,-10
20,78,-34,14
4,110,-38,0
2,104,-46,-8
-6,78,-64,0
20,124,-58,0
28,88,-60,6
10,90,-48,16
6,90,-84,-8
-4,70,-54,20
14,108,-50,12
0,90,-56,18
6,110,-32,-4
-4,100,-86,12
-8,94,-62,6
28,82,-76,18
8,102,-72,-8
6,98,-70,6
-8,86,-56,-8
2,104,-60,0
-16,108,-74,-12
4,88,-58,-2
16,88,-66,-16
-8,82,-38,2
6,100,-68,22
-4,80,-76,-8
20,92,-56,18
6,90,-68,-18
10,100,-56,4
6,80,-88,4
-14,80,-68,-4
14,98,-76,12
20,80,-68,6
18,88,-76,-6
12,94,-56,-14
2,90,-52,12
-2,108,-78,2
2,86,-66,10
16,80,-82,2
12,80,-64,10
12,74,-70,-12
12,80,-54,2
10,96,-50,-2
12,94,-60,-12
-10,74,-76,0
2,92,-62,-20
26,68,-62,14
-8,88,-74,-6
36,82,-86,8
2,96,-76,12
2,94,-90,4
16,96,-58,-12
-10,90,-70,-8
4,86,-74,-20
14,102,-68,2
2,86,-50,-6
4,94,-60,-4
2,96,-54,-28
0,86,-78,-14
2,90,-74,-4
12,82,-64,-14
32,98,-56,-12
-6,76,-74,2
20,88,-48,-4
12,112,-38,4
-14,102,-58,-12
10,66,-68,2
6,94,-48,4
10,74,-66,-6
8,82,-62,-10
16,74,-78,6
6,92,-74,4
8,70,-72,-16
2,94,-60,10
0,76,-88,-12
-16,86,-54,-10
6,84,-76,-8
2,78,-90,-4
-4,90,-66,-4
10,96,-72,6
-8,88,-48,-6
14,68,-56,-4
-2,66,-52,20
-30,86,-62,-8
-12,86,-78,-26
-2,70,-68,-14
8,82,-82,-16
6,94,-66,-20
-2,98,-82,-8
-4,86,-56,6
22,74,-74,-14
4,86,-40,-18
6,66,-64,8
-4,78,-58,-12
10,74,-62,-16
12,100,-46,-20
-6,72,-70,-4
2,68,-70,8
2,78,-84,-14
16,84,-62,-18
-6,88,-88,-14
4,104,-64,-10
4,92,-68,-18
8,98,-62,-10
2,88,-78,-8
10,96,-68,4
-4,80,-74,6
12,74,-66,18
-8,82,-84,-8
-2,86,-46,-10
-12,88,-78,-2
-12,68,-82,-6
-18,90,-80,-4
8,52,-68,8
2,102,-68,-16
-4,96,-82,0
-24,88,-68,-18
-4,98,-82,-10
-10,72,-78,-14
-2,70,-68,-14
-6,78,-56,-14
-2,64,-80,-2
0,86,-36,-32
-12,72,-66,-12
-4,72,-70,-20
4,62,-72,2
-8,90,-72,-30
-14,88,-58,-22
8,92,-60,-18
-32,90,-62,-18
6,74,-62,-8
0,88,-72,-2
-14,86,-76,-18
-20,72,-64,-20
-12,86,-52,-16
-22,70,-56,-8
10,110,-76,-8
-6,96,-40,-6
-24,94,-90,-10
-10,102,-74,2
8,94,-68,-32
8,52,-66,-6
8,92,-78,-6
8,96,-64,6
-8,90,-66,-12
-26,80,-76,-6
-8,76,-46,8
-8,82,-60,-24
-2,82,-46,-2
24,96,-70,-4
0,86,-100,-8
-12,76,-72,8
8,84,-52,-36
20,76,-82,-12
6,92,-64,-24
-10,84,-60,6
40,74,-46,0
-16,78,-70,0
-2,84,-58,-10
8,46,-62,-18
-16,94,-82,-22
-18,94,-72,-20
8,82,-80,-12
0,100,-76,-6
-6,72,-60,-2
-16,88,-72,-18
0,78,-74,-34
-4,92,-84,0
12,72,-60,-10
12,74,-82,8
20,98,-40,4
0,72,-46,-8
-12,54,-58,-18
-20,66,-74,-6
8,96,-64,-10
14,80,-60,-6
16,96,-82,-10
8,94,-46,-26
8,84,-82,-36
10,90,-64,-26
4,96,-56,-8
-2,88,-48,-8
2,100,-68,-26
26,96,-58,-8
2,82,-54,-4
6,76,-56,-6
24,66,-74,6
14,78,-58,-36
0,84,-68,16
8,98,-48,-10
8,86,-66,-26
-2,82,-80,-22
8,94,-70,-10
-26,92,-66,-2
20,76,-62,-4
20,96,-74,-20
-16,92,-52,0
20,72,-56,-10
8,86,-66,-14
12,88,-58,-6
-10,56,-74,-20
4,84,-96,-12
-20,72,-66,14
24,88,-64,-4
18,100,-86,-14
10,84,-70,-28
-14,104,-60,-6
12,94,-80,-24
-2,94,-78,-20
-10,76,-74,10
4,78,-58,-28
22,96,-58,6
-12,78,-66,0
-18,72,-68,-12
6,94,-50,2
18,66,-62,6
10,102,-88,-14
4,64,-58,-22
-18,82,-56,0
0,76,-62,-2
-10,78,-62,-8
-2,72,-52,-30
-4,74,-54,-30
-14,110,-78,-2
0,76,-56,-4
16,84,-62,2
12,84,-68,-6
20,106,-66,-4
-2,92,-58,2
16,76,-84,-34
-2,90,-72,-16
-12,102,-36,-16
0,104,-70,-2
-2,90,-68,-14
28,80,-36,2
2,68,-86,-20
-2,92,-52,-16
-12,80,-74,-24
-8,80,-68,-22
-8,84,-62,-20
22,70,-74,-8
2,82,-80,-36
26,84,-84,-28
-4,68,-90,-48
14,92,-64,10
22,94,-74,4
8,82,-78,-26
26,96,-74,-4
-20,72,-60,-2
0,92,-60,-38
-8,72,-70,-30
-2,70,-64,-16
-6,80,-66,-16
-10,88,-52,-10
6,80,-68,-8
18,60,-80,-4
-2,76,-86,-18
-2,72,-78,-22
4,94,-72,-26
0,90,-56,-4
18,88,-76,2
-8,90,-76,-10
-2,76,-54,-8
18,62,-72,-12
2,88,-34,10
18,90,-30,-16
36,102,-74,-22
4,84,-86,-32
16,76,-60,-16
0,94,-64,-18
14,96,-70,-30
22,78,-38,-18
-4,88,-56,-18
-4,98,-68,-18
4,70,-60,-12
16,98,-56,4
-2,80,-68,-30
-2,88,-52,-22
2,70,-60,-10
20,68,-68,-10
-16,70,-84,-6
2,94,-54,-8
-2,70,-58,-36
-22,88,-58,-4
10,100,-64,-10
4,78,-58,0
8,72,-76,-20
10,66,-50,-24
8,78,-74,-20
10,64,-76,-4
14,54,-70,-26
-14,84,-66,-42
-30,90,-58,-12
2,76,-62,-20
20,92,-62,-32
-12,62,-64,-28
-12,78,-66,-2
16,82,-70,-12
-4,64,-72,-12
-12,92,-70,-22
6,88,-72,-16
2,90,-60,-24
10,72,-98,-44
10,90,-78,-2
-14,60,-86,-38
8,80,-68,-20
28,96,-48,-32
0,82,-68,-10
-12,70,-72,-14
10,72,-60,-4
10,64,-66,-16
-8,102,-70,-32
20,74,-66,-34
-10,82,-82,-24
-14,86,-66,-24
0,76,-72,-36
0,102,-94,-24
-8,76,-80,-16
10,88,-64,-10
16,68,-68,-12
-6,74,-64,-28
-4,86,-48,-24
2,72,-60,-14
6,88,-70,-30
6,74,-70,2
2,98,-72,-10
32,56,-58,-24
10,82,-78,-32
-2,66,-84,-18
12,82,-52,-22
12,64,-80,6
-6,88,-70,-20
12,90,-66,-40
14,72,-60,-28
0,86,-46,-24
8,90,-66,-24
-6,60,-54,-32
0,68,-42,-36
-8,68,-54,-26
8,54,-64,-20
6,80,-72,-36
-6,78,-62,-24
-8,78,-86,-38
10,112,-64,-22
22,84,-62,-18
-6,90,-74,-14
22,82,-68,-14
-4,56,-60,-10
2,78,-88,-16
0,92,-72,-26
-18,72,-72,-6
2,72,-70,-4
4,64,-78,-18
10,94,-92,6
-28,76,-72,-12
-8,74,-80,-18
-10,48,-76,-48
2,76,-72,-36
4,78,-70,-8
-4,82,-66,-22
-14,76,-66,-26
-10,92,-46,-8
-2,82,-64,-24
8,70,-60,-44
2,64,-58,-8
14,60,-54,-8
22,60,-70,-22
2,84,-70,-26
-10,86,-80,-34
-22,100,-78,-40
8,78,-78,-30
8,78,-66,-18
-6,70,-46,-26
2,62,-74,-8
-10,80,-66,-20
10,108,-52,-26
-10,76,-54,2
18,64,-52,-22
22,88,-56,-10
12,82,-52,-36
0,80,-60,-20
8,90,-52,0
12,90,-78,-2
18,84,-66,-12
-4,80,-72,-26
0,78,-80,-28
12,80,-56,-22
2,108,-56,-14
14,88,-42,-14
-10,88,-82,0
12,94,-46,8
-2,84,-90,-28
-4,88,-64,16
0,82,-68,-18
12,94,-60,-24
-8,78,-80,-32
4,94,-58,-12
0,86,-68,-20
-2,70,-72,-18
14,92,-56,-20
26,82,-74,0
-8,84,-66,0
-2,84,-42,-18
24,94,-56,-6
14,86,-52,-36
10,92,-58,-26
26,94,-74,-12
18,82,-48,-14
4,104,-70,-6
4,110,-54,2
24,90,-76,-14
18,68,-44,-14
-22,88,-46,-32
-18,66,-48,-30
14,90,-64,0
-8,102,-68,-8
0,110,-56,-20
-20,118,-64,-8
-4,72,-70,-32
6,96,-56,-18
12,96,-60,-28
-18,80,-72,-38
10,92,-52,4
-2,94,-42,-24
14,78,-52,-18
8,70,-48,-20
2,70,-72,-14
14,102,-60,-10
2,86,-54,-20
22,102,-68,-18
-8,76,-64,-30
22,90,-64,-26
2,80,-86,-12
-20,76,-62,-44
-4,72,-60,-10
-8,114,-80,0
-8,92,-66,-20
6,84,-68,-26
16,70,-60,-18
12,68,-64,2
6,96,-82,-18
-8,84,-82,0
-16,100,-50,2
2,88,-82,-46
-8,92,-72,-12
-2,68,-50,-6
8,92,-64,-24
30,88,-60,-20
12,98,-74,-4
-20,74,-70,-2
-8,82,-44,-16
0,104,-68,6
6,76,-68,-20
6,106,-86,-10
10,92,-78,-28
12,74,-68,-6
-4,100,-56,-14
2,90,-56,-4
-8,110,-84,-20
-6,80,-54,-8
-4,76,-56,4
26,88,-58,-6
-10,96,-50,-14
4,60,-74,-24
8,92,-68,0
12,72,-60,-48
6,70,-70,-28
-2,68,-54,-16
-6,74,-60,-20
4,76,-42,-12
10,86,-82,-28
14,98,-58,-26
-24,78,-60,-22
4,78,-68,-20
-2,76,-72,-42
10,60,-66,-24
-18,68,-88,-30
-4,70,-76,-22
8,76,-66,-32
16,82,-92,-30
-4,70,-82,-12
-4,84,-68,-10
-4,92,-98,-8
-14,76,-58,-24
6,104,-80,-6
6,84,-72,-20
-12,80,-86,8
-8,70,-84,-32
10,86,-66,-22
2,78,-68,-14
-12,72,-50,-20
16,58,-70,-44
-22,82,-74,-36
14,94,-62,-32
2,96,-52,-6
-8,104,-66,-34
-4,80,-50,-20
-4,78,-60,-24
-18,84,-76,-42
-10,72,-76,-20
16,76,-88,-26
-12,72,-72,-20
0,76,-80,-2
2,80,-60,-20
-4,74,-62,-20
-20,74,-98,2
0,90,-76,-14
-16,86,-92,-4
4,78,-64,-12
-8,78,-88,-30
14,74,-70,-6
8,94,-74,-26
4,74,-48,-12
16,82,-62,-24
4,80,-46,-34
6,60,-64,-26
8,90,-66,-38
16,80,-68,-46
26,74,-56,-46
-8,80,-92,-20
2,94,-80,-20
16,74,-52,-24
-12,92,-72,-10
-10,64,-74,-8
-18,80,-58,-4
-2,70,-68,-26
-18,64,-68,-18
8,80,-90,-16
-8,84,-46,-26
-2,84,-46,-16
2,76,-86,-18
-10,88,-58,-14
-2,110,-72,-46
4,66,-64,-26
-10,76,-70,-14
10,76,-52,-40
-26,68,-54,-22
0,96,-74,-22
-2,76,-82,-20
